Feature,Importance
BB_lower,0.07944352
Open,0.069546975
volume_change,0.06839421
MACD,0.067343846
10_day_ma,0.065976396
daily_return,0.06354916
High,0.06274339
RSI_14,0.059363257
Volume,0.05901729
20_day_std,0.0571257
Close,0.05688658
MACD_signal,0.054851133
BB_upper,0.054313026
volatility_10,0.053424962
Low,0.048318505
20_day_ma,0.040189978
5_day_ma,0.039512053
