Feature,Importance
volume_change,0.06870009
Low,0.06615607
20_day_ma,0.06519201
High,0.06514477
BB_lower,0.06467131
10_day_ma,0.06463735
volatility_10,0.061828442
5_day_ma,0.059153646
MACD_signal,0.058135293
BB_upper,0.055835426
20_day_std,0.054127917
Volume,0.053983804
Close,0.053830586
daily_return,0.053780656
Open,0.05217781
RSI_14,0.052071653
MACD,0.050573155
