Feature,Importance
5_day_ma,0.07115572
Open,0.06967522
Low,0.06812942
20_day_std,0.06733156
MACD,0.0662837
volatility_10,0.0653074
volume_change,0.06350328
Close,0.060418017
BB_lower,0.05900354
daily_return,0.05714767
High,0.055022392
MACD_signal,0.054391526
RSI_14,0.052861143
BB_upper,0.05041826
10_day_ma,0.049431186
20_day_ma,0.04688887
Volume,0.043031048
