Feature,Importance
5_day_ma,0.08763887
Open,0.07515832
Low,0.06951818
BB_lower,0.06700643
MACD,0.06474127
MACD_signal,0.06337049
Volume,0.06217677
High,0.060976483
volume_change,0.053999726
BB_upper,0.05392527
20_day_std,0.05291827
volatility_10,0.052252125
daily_return,0.051398322
20_day_ma,0.04864997
RSI_14,0.048007563
10_day_ma,0.044469167
Close,0.043792784
