Feature,Importance
MACD,0.06451587
MACD_signal,0.06390572
High,0.06352188
Low,0.062257126
10_day_ma,0.061765973
BB_upper,0.06130947
volatility_10,0.060623895
20_day_ma,0.059420887
Open,0.05938344
Volume,0.059277017
volume_change,0.05886705
20_day_std,0.055844568
BB_lower,0.055841587
5_day_ma,0.05542256
daily_return,0.05282916
Close,0.052746158
RSI_14,0.052467607
