Feature,Importance
MACD_signal,0.07878787
High,0.076927856
BB_upper,0.07007338
20_day_ma,0.06956119
volume_change,0.069437645
RSI_14,0.067001626
volatility_10,0.064806774
Low,0.06112698
5_day_ma,0.056079376
BB_lower,0.05266774
10_day_ma,0.051846668
20_day_std,0.051455453
Volume,0.050235752
daily_return,0.048832808
Close,0.04771054
MACD,0.04521107
Open,0.03823732
