Feature,Importance
Low,0.071472906
Close,0.06876855
20_day_std,0.064370885
BB_lower,0.062320713
20_day_ma,0.062020484
volume_change,0.061502483
10_day_ma,0.06100097
BB_upper,0.060252186
MACD_signal,0.06006014
MACD,0.059911333
volatility_10,0.05647878
daily_return,0.05577788
5_day_ma,0.053856894
Volume,0.052812245
High,0.051467355
RSI_14,0.050807104
Open,0.047119047
