Feature,Importance
Low,0.075587586
20_day_ma,0.06735414
volatility_10,0.066546164
volume_change,0.06555601
BB_upper,0.06399488
RSI_14,0.06273623
Close,0.062015392
MACD,0.061752576
10_day_ma,0.061444804
BB_lower,0.060326546
Volume,0.060200308
20_day_std,0.059699237
MACD_signal,0.05436645
5_day_ma,0.051104512
daily_return,0.045492742
High,0.043349456
Open,0.03847304
