Feature,Importance
Low,0.08104943
BB_upper,0.07510943
10_day_ma,0.06901953
volume_change,0.06851712
5_day_ma,0.065224715
RSI_14,0.06260749
Open,0.062319003
Close,0.058480974
20_day_std,0.05628568
volatility_10,0.05248818
daily_return,0.05230842
MACD_signal,0.05211448
High,0.052083258
MACD,0.050449274
20_day_ma,0.0499615
Volume,0.048291452
BB_lower,0.043690063
