Feature,Importance
BB_upper,0.07076503
volume_change,0.070602156
20_day_std,0.06775866
BB_lower,0.06699335
daily_return,0.063990325
20_day_ma,0.062385593
5_day_ma,0.06135747
Open,0.060597762
Low,0.059659004
MACD_signal,0.05875246
RSI_14,0.05552481
Volume,0.052380852
volatility_10,0.051896397
MACD,0.051634222
Close,0.04934165
10_day_ma,0.04853672
High,0.047823563
