Feature,Importance
BB_upper,0.067829795
High,0.06750342
20_day_ma,0.06576631
MACD,0.06470437
10_day_ma,0.06419187
5_day_ma,0.062060487
BB_lower,0.06078173
Volume,0.05860474
volume_change,0.057980567
MACD_signal,0.0567711
RSI_14,0.056422226
20_day_std,0.056353617
daily_return,0.054400515
volatility_10,0.053932052
Close,0.053471945
Low,0.050290316
Open,0.048934907
