Feature,Importance
20_day_std,0.065993726
High,0.064145654
volatility_10,0.0631916
BB_lower,0.06195669
Low,0.061615873
MACD_signal,0.060961775
20_day_ma,0.06044014
MACD,0.05928328
5_day_ma,0.05926123
volume_change,0.058279023
BB_upper,0.057451937
Close,0.057382055
10_day_ma,0.055465683
Open,0.055401716
RSI_14,0.05366442
Volume,0.05351174
daily_return,0.051993363
