Feature,Importance
10_day_ma,0.06866017
BB_upper,0.066026345
MACD_signal,0.06310587
20_day_std,0.06299054
daily_return,0.061071448
volatility_10,0.060774054
RSI_14,0.059844002
BB_lower,0.059200205
Volume,0.058926966
5_day_ma,0.058907144
volume_change,0.058113653
Low,0.05728526
20_day_ma,0.054910276
High,0.054024972
MACD,0.053483278
Close,0.053162813
Open,0.049512975
