Feature,Importance
Volume,0.06548622
Open,0.064748146
MACD,0.06459313
BB_upper,0.061095316
BB_lower,0.060795214
High,0.060758065
volume_change,0.059443124
Close,0.058943216
10_day_ma,0.05857391
20_day_ma,0.058572367
MACD_signal,0.05849597
Low,0.05837941
RSI_14,0.055250734
volatility_10,0.05497557
20_day_std,0.05459108
5_day_ma,0.053723305
daily_return,0.051575195
