Feature,Importance
Open,0.08167937
5_day_ma,0.076634176
MACD,0.07424066
MACD_signal,0.06791616
BB_upper,0.06604064
Volume,0.0629344
daily_return,0.06035082
volatility_10,0.05945617
BB_lower,0.05690575
20_day_std,0.0563092
volume_change,0.05492453
10_day_ma,0.053938307
Low,0.05257565
20_day_ma,0.051791843
High,0.045392904
RSI_14,0.043257028
Close,0.03565242
