Feature,Importance
Open,0.07975355
20_day_ma,0.07878157
Low,0.07173963
5_day_ma,0.06423049
MACD,0.063094
BB_upper,0.06296896
Close,0.05678077
20_day_std,0.056051742
Volume,0.055673808
volume_change,0.055119365
daily_return,0.054716278
volatility_10,0.054091007
BB_lower,0.05345506
MACD_signal,0.05273853
RSI_14,0.052007023
10_day_ma,0.04474594
High,0.044052288
