Feature,Importance
10_day_ma,0.06791218
volume_change,0.06762443
Open,0.06642546
BB_upper,0.06584429
Low,0.06580842
High,0.06480605
5_day_ma,0.062054425
RSI_14,0.059827138
BB_lower,0.057993483
MACD,0.057513356
Volume,0.055673536
MACD_signal,0.05562422
Close,0.05484814
daily_return,0.0518302
20_day_std,0.049684357
volatility_10,0.049641006
20_day_ma,0.046889298
