Feature,Importance
BB_upper,0.07622826
BB_lower,0.07276359
Open,0.0712019
20_day_ma,0.068996176
20_day_std,0.06487331
volume_change,0.05802535
High,0.057683833
daily_return,0.05735175
volatility_10,0.056186777
Volume,0.056144666
5_day_ma,0.05511455
MACD_signal,0.05439434
RSI_14,0.053697877
MACD,0.05313808
Close,0.049794957
10_day_ma,0.04747064
Low,0.046933938
