Feature,Importance
High,0.07340702
Close,0.07125119
MACD,0.07023846
daily_return,0.065054
BB_upper,0.06403985
5_day_ma,0.06401087
volume_change,0.06081006
BB_lower,0.05851134
Open,0.057071287
RSI_14,0.056763984
Low,0.05329554
Volume,0.05323863
20_day_std,0.052941065
volatility_10,0.052478764
20_day_ma,0.051730588
MACD_signal,0.050833568
10_day_ma,0.04432379
