Feature,Importance
High,0.071085855
Open,0.06533828
BB_lower,0.06493767
20_day_ma,0.06302552
daily_return,0.061943788
Low,0.0612445
MACD,0.060911067
volatility_10,0.059286624
Volume,0.0590228
volume_change,0.057783972
20_day_std,0.056759443
10_day_ma,0.05668035
RSI_14,0.055374842
BB_upper,0.053741425
MACD_signal,0.05334145
Close,0.0528013
5_day_ma,0.0467212
