Feature,Importance
BB_upper,0.066093124
volatility_10,0.06441937
MACD_signal,0.06396251
Low,0.06394822
volume_change,0.06220253
20_day_ma,0.061191116
Close,0.06064607
Volume,0.060031205
daily_return,0.05954247
20_day_std,0.05935818
RSI_14,0.057431858
High,0.05656903
5_day_ma,0.05572942
Open,0.053483374
BB_lower,0.05330249
10_day_ma,0.052895974
MACD,0.049193036
