Feature,Importance
Low,0.09122308
MACD_signal,0.06948104
High,0.06876656
BB_upper,0.06493314
Close,0.061950967
20_day_std,0.061644718
volatility_10,0.060885716
10_day_ma,0.060027942
BB_lower,0.05595974
volume_change,0.05386163
Open,0.052624732
MACD,0.05212553
5_day_ma,0.051921476
RSI_14,0.051890936
20_day_ma,0.051249024
daily_return,0.047850613
Volume,0.043603137
