Feature,Importance
BB_upper,0.0708161
daily_return,0.06700731
Open,0.06379913
10_day_ma,0.062045723
MACD,0.06167454
High,0.061598506
20_day_std,0.061498147
Low,0.060362373
Volume,0.058568835
Close,0.058207538
5_day_ma,0.058097303
volatility_10,0.05789382
volume_change,0.054687988
20_day_ma,0.054325785
BB_lower,0.051267263
RSI_14,0.050440278
MACD_signal,0.047709268
