Feature,Importance
Low,0.08106853
Open,0.075546086
High,0.06577339
20_day_ma,0.06523679
10_day_ma,0.06400247
MACD,0.06352257
volatility_10,0.06143417
BB_lower,0.059087727
RSI_14,0.059084542
BB_upper,0.057585705
daily_return,0.05393441
Volume,0.053552065
volume_change,0.052839156
5_day_ma,0.05242952
MACD_signal,0.0454817
20_day_std,0.04513198
Close,0.044289146
