Feature,Importance
BB_lower,0.06729392
Low,0.06656133
RSI_14,0.06384197
20_day_ma,0.06370374
Close,0.061787978
volume_change,0.06105493
BB_upper,0.0602138
10_day_ma,0.059210934
MACD,0.05819101
Open,0.057149753
High,0.056660406
daily_return,0.05647157
20_day_std,0.05643758
MACD_signal,0.05635346
5_day_ma,0.05529903
volatility_10,0.050037347
Volume,0.04973126
