Feature,Importance
BB_upper,0.07005859
MACD,0.06376663
Low,0.0626362
Volume,0.061694838
5_day_ma,0.060590953
Open,0.060104985
10_day_ma,0.059750393
RSI_14,0.0586437
daily_return,0.058376
MACD_signal,0.057792168
volatility_10,0.05732165
20_day_std,0.057044692
BB_lower,0.056790024
volume_change,0.05673122
20_day_ma,0.056478042
High,0.051496204
Close,0.05072371
