Feature,Importance
10_day_ma,0.06771998
Open,0.06710009
MACD_signal,0.06478378
MACD,0.06422271
BB_upper,0.06409205
20_day_ma,0.06124775
volatility_10,0.061199874
5_day_ma,0.060817607
High,0.06052228
Volume,0.05986442
volume_change,0.056074817
Low,0.05524277
BB_lower,0.054389305
20_day_std,0.05176904
daily_return,0.05131382
Close,0.050332606
RSI_14,0.04930707
