Feature,Importance
BB_lower,0.069599666
10_day_ma,0.065733194
volume_change,0.06536762
High,0.063609764
RSI_14,0.06332396
20_day_ma,0.061387718
MACD_signal,0.06119772
BB_upper,0.06088653
5_day_ma,0.06028427
MACD,0.059288118
Low,0.058516942
daily_return,0.058159895
20_day_std,0.053768747
Volume,0.053467754
volatility_10,0.05271498
Close,0.050362397
Open,0.042330734
