Feature,Importance
10_day_ma,0.07753007
BB_lower,0.07248045
MACD_signal,0.0653941
High,0.06184757
20_day_std,0.059804663
Low,0.05949897
20_day_ma,0.05882487
volatility_10,0.05715832
Volume,0.056991193
daily_return,0.05689769
RSI_14,0.05687607
volume_change,0.05465669
5_day_ma,0.05383425
Open,0.05356346
BB_upper,0.053112727
Close,0.05222459
MACD,0.0493044
