Feature,Importance
BB_lower,0.070247866
Open,0.06942999
Volume,0.069018215
5_day_ma,0.066018775
Low,0.06350209
20_day_ma,0.061481714
High,0.05970573
Close,0.05912459
MACD,0.05593912
volume_change,0.055178046
MACD_signal,0.055108767
volatility_10,0.0542487
RSI_14,0.053791076
daily_return,0.05349605
BB_upper,0.053051386
10_day_ma,0.052214336
20_day_std,0.04844361
