Feature,Importance
Low,0.06867429
High,0.06751638
5_day_ma,0.06197052
20_day_std,0.06145374
Open,0.06094528
20_day_ma,0.06002583
MACD,0.059857775
Close,0.059762023
MACD_signal,0.05954797
BB_lower,0.059480503
BB_upper,0.057941906
RSI_14,0.057828616
daily_return,0.054905
Volume,0.054635804
10_day_ma,0.053683173
volume_change,0.053639166
volatility_10,0.04813207
