Feature,Importance
10_day_ma,0.0716345
Open,0.06696031
daily_return,0.06606347
MACD,0.06598167
5_day_ma,0.06506666
BB_lower,0.06363608
20_day_std,0.06219332
RSI_14,0.06178706
Low,0.06095437
BB_upper,0.057487294
volume_change,0.057417486
Close,0.05399126
High,0.05270572
20_day_ma,0.052083604
volatility_10,0.048908938
MACD_signal,0.0485746
Volume,0.04455364
