Feature,Importance
MACD,0.07089625
High,0.07063011
Close,0.06839666
Open,0.06826132
BB_lower,0.06606171
5_day_ma,0.065227784
10_day_ma,0.06399232
MACD_signal,0.063941255
volume_change,0.059958044
Low,0.05732103
RSI_14,0.056177467
Volume,0.05441781
20_day_std,0.054278128
daily_return,0.049043868
20_day_ma,0.04810968
BB_upper,0.042553637
volatility_10,0.040732935
