Feature,Importance
10_day_ma,0.07049277
BB_lower,0.06407468
5_day_ma,0.06346051
MACD_signal,0.06135831
Open,0.06120913
20_day_std,0.061024223
20_day_ma,0.05987752
BB_upper,0.059840467
Volume,0.058999263
High,0.05852319
volatility_10,0.05712955
volume_change,0.057126705
MACD,0.056928124
RSI_14,0.055042155
Close,0.052823845
daily_return,0.052177448
Low,0.04991219
