Feature,Importance
Low,0.08163699
BB_upper,0.072467536
Close,0.068895996
MACD,0.06398224
20_day_std,0.061835695
MACD_signal,0.060909867
RSI_14,0.058455177
10_day_ma,0.057363886
Open,0.056107193
Volume,0.055126656
High,0.0549298
daily_return,0.05382121
volume_change,0.053681407
BB_lower,0.053615965
5_day_ma,0.0533485
volatility_10,0.05058048
20_day_ma,0.04324141
