Feature,Importance
BB_upper,0.072314166
20_day_std,0.07077231
MACD_signal,0.06462286
MACD,0.06361285
RSI_14,0.062925555
volume_change,0.061173283
Low,0.058842428
10_day_ma,0.05852121
daily_return,0.05820537
20_day_ma,0.05785491
volatility_10,0.05479956
High,0.054429058
Close,0.054197513
BB_lower,0.054001074
5_day_ma,0.05331914
Volume,0.05202142
Open,0.048387334
