Feature,Importance
BB_lower,0.0726626
20_day_ma,0.06394984
daily_return,0.06285026
20_day_std,0.062143154
volume_change,0.061269265
10_day_ma,0.060675524
5_day_ma,0.05991674
Low,0.059840962
BB_upper,0.05954436
Open,0.057256497
MACD,0.056138255
High,0.05542361
Close,0.05515719
RSI_14,0.054958794
MACD_signal,0.05429299
Volume,0.05286134
volatility_10,0.05105867
