Feature,Importance
MACD_signal,0.06734735
BB_lower,0.06631912
MACD,0.06534056
20_day_std,0.06345328
BB_upper,0.06317845
Volume,0.06256426
Open,0.060061444
High,0.05917729
20_day_ma,0.059104856
volatility_10,0.057435457
volume_change,0.05660118
5_day_ma,0.05631838
RSI_14,0.05611781
daily_return,0.055805065
Low,0.053879824
Close,0.050673123
10_day_ma,0.04662251
