Feature,Importance
volatility_10,0.06657075
Open,0.06425313
Close,0.06296274
20_day_std,0.0623859
daily_return,0.062075965
BB_lower,0.0605642
Volume,0.060257826
5_day_ma,0.060103428
RSI_14,0.059649255
volume_change,0.058153015
20_day_ma,0.057089634
Low,0.0570596
MACD_signal,0.055874042
10_day_ma,0.05564223
MACD,0.05340186
BB_upper,0.053249836
High,0.05070646
