Feature,Importance
Low,0.07030937
BB_lower,0.06668413
5_day_ma,0.06421772
BB_upper,0.06365427
High,0.060173493
MACD,0.059949685
MACD_signal,0.05960224
RSI_14,0.059142176
volatility_10,0.0588023
10_day_ma,0.058620702
20_day_std,0.055107977
volume_change,0.055034105
Volume,0.05448004
20_day_ma,0.05439219
Close,0.05330535
Open,0.053275753
daily_return,0.053248517
