Feature,Importance
BB_lower,0.07163536
Open,0.07098091
Low,0.06845396
MACD,0.065987356
MACD_signal,0.06408053
5_day_ma,0.06334446
10_day_ma,0.060037646
daily_return,0.058856763
volatility_10,0.058505274
volume_change,0.058436062
20_day_ma,0.056300357
Volume,0.056232642
BB_upper,0.054521885
High,0.053952325
Close,0.04739545
20_day_std,0.046871584
RSI_14,0.04440746
