Feature,Importance
MACD,0.06869937
5_day_ma,0.064778835
20_day_ma,0.06424115
Close,0.062196154
Low,0.061866123
RSI_14,0.061823692
daily_return,0.060037788
10_day_ma,0.058637984
20_day_std,0.057811733
Open,0.057299487
BB_upper,0.056983422
MACD_signal,0.056814875
volume_change,0.05529775
Volume,0.05498352
High,0.05396788
BB_lower,0.052894186
volatility_10,0.051666074
