Feature,Importance
BB_lower,0.09872384
Volume,0.07759463
volatility_10,0.07499345
Open,0.07147524
5_day_ma,0.061184905
High,0.05876988
daily_return,0.05822511
volume_change,0.057947077
MACD_signal,0.056294587
BB_upper,0.053500015
20_day_ma,0.053047616
Close,0.052003596
RSI_14,0.049621224
Low,0.048367016
20_day_std,0.045338135
10_day_ma,0.04170442
MACD,0.041209225
