Feature,Importance
High,0.07280635
MACD_signal,0.071220495
MACD,0.06888489
BB_upper,0.06495626
Low,0.063737996
10_day_ma,0.06289572
daily_return,0.061013848
20_day_std,0.059527036
Volume,0.059407458
Open,0.05730896
BB_lower,0.05659318
volatility_10,0.056381557
RSI_14,0.056140672
Close,0.05367633
5_day_ma,0.047950123
volume_change,0.043844197
20_day_ma,0.043654792
