Feature,Importance
BB_upper,0.08453722
10_day_ma,0.079517365
Open,0.073900595
BB_lower,0.069004565
5_day_ma,0.06899515
RSI_14,0.0662364
daily_return,0.066177085
High,0.0637143
MACD,0.06207777
volume_change,0.061676268
volatility_10,0.060793463
Volume,0.055039946
20_day_ma,0.050299417
20_day_std,0.04794895
MACD_signal,0.035667423
Close,0.03327169
Low,0.0211423
