Feature,Importance
Low,0.07501867
BB_upper,0.074691035
High,0.067676194
MACD,0.06679435
MACD_signal,0.06673586
5_day_ma,0.06302734
Close,0.062218003
volatility_10,0.061337084
Open,0.06077504
BB_lower,0.055843618
RSI_14,0.053960107
daily_return,0.053955507
20_day_std,0.05385147
10_day_ma,0.053135
volume_change,0.050917216
Volume,0.04348198
20_day_ma,0.036581542
