Feature,Importance
10_day_ma,0.0710048
volatility_10,0.068768814
20_day_ma,0.06753229
Volume,0.06556402
20_day_std,0.064303935
High,0.062731884
BB_upper,0.062395293
MACD_signal,0.05720561
Close,0.05708267
MACD,0.056740098
daily_return,0.05560394
5_day_ma,0.054239333
BB_lower,0.054181308
Open,0.053001575
volume_change,0.0526951
Low,0.049483243
RSI_14,0.047466014
