Feature,Importance
volatility_10,0.06987958
5_day_ma,0.066565104
volume_change,0.065645136
High,0.06472271
Open,0.06359516
Volume,0.06296347
Low,0.06104341
BB_lower,0.060901865
MACD,0.06022895
BB_upper,0.05786175
daily_return,0.057348225
RSI_14,0.05479704
Close,0.054688014
20_day_std,0.05310257
20_day_ma,0.052330565
MACD_signal,0.047445696
10_day_ma,0.046880726
