Feature,Importance
MACD_signal,0.07885743
daily_return,0.06959068
10_day_ma,0.067788854
Volume,0.065120004
20_day_std,0.06350772
RSI_14,0.06252776
volatility_10,0.060700342
MACD,0.05996174
volume_change,0.056522675
High,0.055315163
Low,0.05531293
Open,0.054752216
BB_upper,0.053683486
BB_lower,0.051840633
5_day_ma,0.049896885
20_day_ma,0.049853522
Close,0.044768013
