Feature,Importance
20_day_std,0.07542894
5_day_ma,0.07056589
volatility_10,0.062055513
BB_upper,0.06099788
MACD,0.060674638
BB_lower,0.060641102
Low,0.060494248
RSI_14,0.060049035
High,0.059535727
20_day_ma,0.058714133
MACD_signal,0.058144577
10_day_ma,0.05798729
daily_return,0.053927716
Volume,0.05370211
Open,0.05054123
Close,0.04877054
volume_change,0.047769368
