Feature,Importance
Low,0.0738977
10_day_ma,0.07010293
RSI_14,0.06775944
volume_change,0.0627051
MACD,0.06169041
High,0.06047263
BB_upper,0.05829985
20_day_std,0.058241908
Open,0.058009475
BB_lower,0.058001876
MACD_signal,0.057928164
daily_return,0.055071283
volatility_10,0.054156885
20_day_ma,0.05205938
5_day_ma,0.051898006
Close,0.050182816
Volume,0.049522188
