Feature,Importance
Low,0.07968406
High,0.07569523
Open,0.069274455
5_day_ma,0.068085276
BB_lower,0.06396127
volume_change,0.058708094
volatility_10,0.05832192
daily_return,0.057409935
MACD_signal,0.05705272
BB_upper,0.05638335
20_day_std,0.05545586
Volume,0.05507456
RSI_14,0.055033833
Close,0.051175285
MACD,0.051118635
20_day_ma,0.04722803
10_day_ma,0.04033749
