Feature,Importance
Close,0.0873194
10_day_ma,0.07722229
BB_upper,0.068859756
20_day_ma,0.06710576
High,0.06047563
5_day_ma,0.059333164
RSI_14,0.0582835
volume_change,0.058149084
Volume,0.056740206
BB_lower,0.054004457
20_day_std,0.053876072
MACD,0.051874958
daily_return,0.05090237
Low,0.05054503
Open,0.050316192
MACD_signal,0.049805827
volatility_10,0.045186315
