Feature,Importance
Low,0.06646471
Open,0.06385463
5_day_ma,0.06341207
20_day_std,0.063213244
RSI_14,0.06288442
Volume,0.061727688
daily_return,0.06155557
BB_upper,0.06072357
MACD,0.059612416
20_day_ma,0.059381276
MACD_signal,0.058916133
volume_change,0.056186102
BB_lower,0.05420228
High,0.05395442
volatility_10,0.053453315
10_day_ma,0.053257547
Close,0.047200695
