Feature,Importance
Low,0.08578098
High,0.07914749
volatility_10,0.0722692
20_day_ma,0.07081659
BB_upper,0.07040473
MACD_signal,0.06611411
RSI_14,0.06042536
10_day_ma,0.060114004
Close,0.059130955
MACD,0.058942858
20_day_std,0.055269923
Volume,0.050850354
volume_change,0.047509804
daily_return,0.045853306
5_day_ma,0.043265004
BB_lower,0.0420667
Open,0.032038637
