Feature,Importance
5_day_ma,0.07245829
Low,0.06574706
MACD,0.065740824
Open,0.06297745
BB_lower,0.06115098
20_day_std,0.060873855
MACD_signal,0.060822483
High,0.06046825
volume_change,0.058401305
BB_upper,0.057903755
volatility_10,0.056239277
20_day_ma,0.055947654
RSI_14,0.05463354
Close,0.052500106
daily_return,0.052134898
10_day_ma,0.051811803
Volume,0.05018847
