Feature,Importance
Low,0.07430548
Open,0.06978298
20_day_ma,0.06936384
10_day_ma,0.065645285
Volume,0.060328525
BB_upper,0.059918996
MACD,0.058621824
High,0.058544945
5_day_ma,0.05722093
volatility_10,0.056740873
daily_return,0.056536153
RSI_14,0.055057406
Close,0.05415721
MACD_signal,0.05326061
20_day_std,0.052712638
BB_lower,0.051441513
volume_change,0.046360742
