Feature,Importance
10_day_ma,0.066519134
BB_upper,0.06578629
volume_change,0.06528596
Low,0.06526486
Open,0.060952924
MACD_signal,0.060655847
20_day_std,0.06055868
volatility_10,0.060508307
Close,0.059890427
5_day_ma,0.059739124
High,0.059540566
RSI_14,0.055773906
BB_lower,0.05438549
20_day_ma,0.05333106
MACD,0.051453922
Volume,0.050833397
daily_return,0.04952012
