Feature,Importance
10_day_ma,0.068727605
volume_change,0.068384215
RSI_14,0.068212084
Low,0.06337355
BB_upper,0.062077012
MACD,0.06182125
20_day_std,0.061461266
5_day_ma,0.06127758
High,0.059788223
BB_lower,0.059340786
Open,0.054678418
daily_return,0.054505575
20_day_ma,0.053325817
Close,0.05261255
Volume,0.052281953
volatility_10,0.051266413
MACD_signal,0.046865676
