Feature,Importance
20_day_std,0.07435891
5_day_ma,0.06862972
MACD,0.06615986
BB_lower,0.06552359
Low,0.064275585
High,0.0628684
Close,0.059716202
RSI_14,0.05851266
Volume,0.057322215
MACD_signal,0.056626234
daily_return,0.056464586
volatility_10,0.05437629
10_day_ma,0.052052945
BB_upper,0.052003674
Open,0.051402558
20_day_ma,0.050613664
volume_change,0.04909287
