Feature,Importance
MACD,0.09650993
5_day_ma,0.08164287
Low,0.075428404
Close,0.06333327
BB_upper,0.0632665
volatility_10,0.06034409
daily_return,0.06000587
10_day_ma,0.0578409
volume_change,0.05756623
20_day_ma,0.05624126
Volume,0.053348184
Open,0.051878754
20_day_std,0.04729152
MACD_signal,0.04599313
BB_lower,0.04429892
High,0.043149084
RSI_14,0.041861076
