Feature,Importance
BB_lower,0.06827137
5_day_ma,0.06640396
BB_upper,0.064974554
MACD_signal,0.062280495
MACD,0.0608418
High,0.06072373
volatility_10,0.058780238
RSI_14,0.058779154
Volume,0.05795105
Low,0.057470042
20_day_std,0.057315834
Open,0.05619385
10_day_ma,0.054826446
Close,0.05463438
daily_return,0.054341998
20_day_ma,0.053507913
volume_change,0.05270324
