Feature,Importance
Low,0.07894646
Close,0.076674886
BB_lower,0.07104335
MACD_signal,0.06796733
BB_upper,0.06298148
High,0.06051281
volatility_10,0.05874657
Volume,0.058626514
RSI_14,0.05616695
daily_return,0.055085074
20_day_std,0.05367758
Open,0.052749075
MACD,0.05214926
20_day_ma,0.05190332
volume_change,0.051182482
10_day_ma,0.047136948
5_day_ma,0.044449918
