Feature,Importance
Open,0.07162265
RSI_14,0.071170315
Volume,0.065455236
20_day_ma,0.06349084
BB_upper,0.062269405
5_day_ma,0.062166926
BB_lower,0.06201919
High,0.061887614
20_day_std,0.06014542
Low,0.056513738
daily_return,0.056268655
volume_change,0.05547276
10_day_ma,0.05384907
volatility_10,0.051649507
MACD_signal,0.0507528
Close,0.048726946
MACD,0.04653896
