Feature,Importance
Open,0.07066041
5_day_ma,0.06629433
RSI_14,0.06604456
Volume,0.061758578
daily_return,0.06089454
BB_lower,0.060503952
20_day_ma,0.060091577
10_day_ma,0.05973275
High,0.0591638
BB_upper,0.05829448
volatility_10,0.057332702
20_day_std,0.056146614
Low,0.054988887
MACD,0.054144643
MACD_signal,0.052407004
Close,0.05100573
volume_change,0.05053545
