Feature,Importance
Low,0.077727206
High,0.077451244
BB_lower,0.06816696
5_day_ma,0.06375902
volume_change,0.061096612
BB_upper,0.05892184
RSI_14,0.058778357
10_day_ma,0.058335427
Open,0.058258202
MACD_signal,0.057962827
20_day_std,0.0559111
daily_return,0.055786014
volatility_10,0.05530128
Volume,0.0547905
20_day_ma,0.05137652
MACD,0.047829125
Close,0.038547754
