Feature,Importance
5_day_ma,0.0695414
MACD,0.067378946
20_day_std,0.061656248
20_day_ma,0.061515674
Low,0.06126807
RSI_14,0.060255673
daily_return,0.06020787
Volume,0.059789985
Close,0.05962476
Open,0.058830373
BB_lower,0.05817482
10_day_ma,0.05756559
volume_change,0.05464216
MACD_signal,0.054586954
High,0.053743523
BB_upper,0.05234462
volatility_10,0.04887335
