Feature,Importance
20_day_ma,0.06937538
MACD_signal,0.06691614
MACD,0.06685278
Volume,0.06601438
5_day_ma,0.06407428
RSI_14,0.06202285
volatility_10,0.059858628
10_day_ma,0.059586532
volume_change,0.05749168
20_day_std,0.055979755
BB_upper,0.055623516
Open,0.05503991
High,0.054468058
Low,0.05426708
daily_return,0.052838217
Close,0.050786965
BB_lower,0.048803754
