Feature,Importance
BB_lower,0.06892737
volume_change,0.06818679
20_day_ma,0.0673731
Open,0.06573594
Volume,0.06425047
volatility_10,0.059652593
Low,0.058971573
High,0.0589457
5_day_ma,0.057649996
MACD,0.057093017
BB_upper,0.056361012
10_day_ma,0.056260597
Close,0.054456543
daily_return,0.054270983
20_day_std,0.051608145
MACD_signal,0.050852675
RSI_14,0.049403388
