Feature,Importance
MACD_signal,0.074601255
5_day_ma,0.0676211
Open,0.06373588
volatility_10,0.06219292
BB_lower,0.060059387
BB_upper,0.05969144
High,0.059281215
Low,0.05804368
MACD,0.05739178
volume_change,0.057224724
20_day_ma,0.05687891
daily_return,0.056662355
Close,0.05547084
10_day_ma,0.054996412
Volume,0.053449616
20_day_std,0.05328252
RSI_14,0.049416
