Feature,Importance
5_day_ma,0.07725288
10_day_ma,0.072734036
Volume,0.06991638
20_day_std,0.06974471
MACD,0.06751149
volatility_10,0.065308765
Close,0.06473703
MACD_signal,0.06426376
Low,0.055425204
daily_return,0.05492843
Open,0.054283034
BB_lower,0.05032934
RSI_14,0.050325446
BB_upper,0.048881385
20_day_ma,0.04828668
volume_change,0.04469357
High,0.041377895
