Feature,Importance
Low,0.08847361
BB_upper,0.07869041
BB_lower,0.06913277
MACD_signal,0.06494384
daily_return,0.06289742
Volume,0.058966108
MACD,0.058418967
High,0.058004607
Close,0.057608556
10_day_ma,0.056933682
RSI_14,0.05400973
volume_change,0.05365519
20_day_ma,0.052956153
20_day_std,0.051630843
Open,0.04903033
volatility_10,0.0486127
5_day_ma,0.036035016
