Feature,Importance
10_day_ma,0.071202956
BB_upper,0.06437535
5_day_ma,0.06297876
High,0.06140725
volatility_10,0.061145827
Open,0.060702637
volume_change,0.06011644
daily_return,0.059879895
Volume,0.059745852
20_day_ma,0.0597152
BB_lower,0.059279356
20_day_std,0.058113657
RSI_14,0.05799922
MACD_signal,0.05714978
MACD,0.052861158
Low,0.048122223
Close,0.04520457
