Feature,Importance
10_day_ma,0.072921045
BB_lower,0.07082687
volume_change,0.06882385
MACD,0.06514804
Low,0.06225799
5_day_ma,0.061945803
Open,0.061050493
High,0.059931938
BB_upper,0.058219273
20_day_ma,0.05773153
daily_return,0.05475068
MACD_signal,0.05402683
20_day_std,0.052160785
RSI_14,0.05204541
Volume,0.05150907
volatility_10,0.051350754
Close,0.04529964
