Feature,Importance
High,0.0893852
Low,0.086312324
Open,0.07064847
BB_upper,0.06261775
Close,0.06089389
BB_lower,0.06001486
10_day_ma,0.059217006
MACD,0.057528887
MACD_signal,0.054800183
daily_return,0.05401044
5_day_ma,0.05382269
Volume,0.0535728
20_day_std,0.050663617
volume_change,0.0505593
RSI_14,0.046806272
volatility_10,0.044974767
20_day_ma,0.04417159
