Feature,Importance
Low,0.06904164
High,0.06809379
20_day_ma,0.06676495
MACD_signal,0.06648497
MACD,0.064771876
volume_change,0.06414987
Open,0.062468562
BB_upper,0.0620646
RSI_14,0.058430362
Close,0.058229726
10_day_ma,0.056742247
Volume,0.053555004
5_day_ma,0.05258054
20_day_std,0.05180304
BB_lower,0.0498248
volatility_10,0.049192987
daily_return,0.04580101
