Feature,Importance
BB_upper,0.081892364
Low,0.06924839
daily_return,0.06768781
volatility_10,0.06647361
Close,0.06366126
Open,0.060758002
BB_lower,0.05956163
volume_change,0.05934513
20_day_ma,0.05714796
20_day_std,0.0571398
5_day_ma,0.056155432
RSI_14,0.054359622
10_day_ma,0.05276733
MACD,0.05248575
MACD_signal,0.050651535
Volume,0.047572788
High,0.043091644
