Feature,Importance
20_day_ma,0.07349911
20_day_std,0.06924401
RSI_14,0.06682771
volatility_10,0.06611026
Low,0.063752316
daily_return,0.063459106
volume_change,0.06053909
High,0.059955265
Close,0.05945762
Volume,0.058246594
BB_upper,0.056446068
BB_lower,0.054275114
MACD_signal,0.05224126
MACD,0.051816273
Open,0.051142946
10_day_ma,0.049441457
5_day_ma,0.04354579
