Feature,Importance
10_day_ma,0.07685105
Low,0.06895933
MACD_signal,0.0640813
Open,0.06407141
High,0.06393843
BB_upper,0.06113846
20_day_std,0.06050133
Volume,0.060425606
5_day_ma,0.058915436
MACD,0.058405086
daily_return,0.057117462
RSI_14,0.056856632
Close,0.05316057
20_day_ma,0.050170448
volatility_10,0.049194336
BB_lower,0.048321355
volume_change,0.0478918
