Feature,Importance
MACD_signal,0.06870472
MACD,0.06621903
volatility_10,0.06557755
5_day_ma,0.06517976
Low,0.06404477
Close,0.061769582
20_day_std,0.060555145
High,0.060272146
BB_lower,0.05905213
BB_upper,0.057887767
volume_change,0.056615897
daily_return,0.05633974
Open,0.054231502
20_day_ma,0.053071566
10_day_ma,0.051348075
Volume,0.051271938
RSI_14,0.04785875
