Feature,Importance
BB_lower,0.0663434
20_day_std,0.06592305
volatility_10,0.0657289
BB_upper,0.062799305
Open,0.06222872
volume_change,0.0610412
MACD_signal,0.06026894
daily_return,0.059810016
MACD,0.057867985
Low,0.057598915
10_day_ma,0.05743259
20_day_ma,0.05637475
RSI_14,0.055382837
High,0.054549765
5_day_ma,0.053553432
Close,0.053075813
Volume,0.050020278
