Feature,Importance
Open,0.07606173
10_day_ma,0.07451416
5_day_ma,0.06911607
MACD,0.067255765
volatility_10,0.066542216
BB_lower,0.06475802
RSI_14,0.06430191
BB_upper,0.060677666
MACD_signal,0.055882268
High,0.05581675
daily_return,0.054872543
Volume,0.05449084
volume_change,0.053600717
Close,0.051068544
20_day_ma,0.05042472
20_day_std,0.046578325
Low,0.03403774
