Feature,Importance
Volume,0.068228595
BB_lower,0.06592609
RSI_14,0.065914124
Close,0.06477374
20_day_std,0.064695634
10_day_ma,0.063329004
5_day_ma,0.06239754
Low,0.0618927
volatility_10,0.06067656
daily_return,0.059149712
volume_change,0.055569734
BB_upper,0.054609474
20_day_ma,0.052458007
Open,0.05240323
High,0.05009283
MACD_signal,0.04943611
MACD,0.04844686
