Feature,Importance
MACD,0.06652895
MACD_signal,0.0643293
BB_upper,0.062905446
High,0.06207496
BB_lower,0.06142436
10_day_ma,0.060722448
Open,0.060375
daily_return,0.060307775
5_day_ma,0.05817329
20_day_ma,0.05770503
volatility_10,0.05765622
20_day_std,0.057460967
volume_change,0.056661878
Close,0.054790188
Volume,0.053499263
Low,0.052938174
RSI_14,0.052446704
