Feature,Importance
Low,0.081134096
5_day_ma,0.07755472
Close,0.06892792
High,0.06367555
MACD,0.06350149
MACD_signal,0.061720803
BB_upper,0.061643075
10_day_ma,0.061378878
20_day_ma,0.05949911
RSI_14,0.05716357
Open,0.055715244
daily_return,0.053514525
volatility_10,0.05318544
Volume,0.050672695
20_day_std,0.04869292
volume_change,0.048190314
BB_lower,0.03382968
