Feature,Importance
MACD,0.064396895
20_day_ma,0.06374107
Low,0.06190692
BB_upper,0.061585587
Close,0.061440054
volume_change,0.061222248
20_day_std,0.060795978
10_day_ma,0.060327053
5_day_ma,0.057160694
Open,0.056779433
RSI_14,0.056728665
MACD_signal,0.05652191
High,0.056391317
Volume,0.056299586
volatility_10,0.055693094
BB_lower,0.055166263
daily_return,0.053843178
