Feature,Importance
BB_lower,0.07117271
volatility_10,0.06936857
5_day_ma,0.06735966
BB_upper,0.06606608
20_day_ma,0.06236154
MACD,0.061920512
Open,0.061800603
daily_return,0.06011035
volume_change,0.059225157
Close,0.058225106
High,0.05748676
Volume,0.05678549
Low,0.052623864
10_day_ma,0.052555673
RSI_14,0.051750455
20_day_std,0.046247497
MACD_signal,0.04494002
