Feature,Importance
volatility_10,0.08025639
Low,0.07139125
MACD,0.0712061
High,0.06756634
Close,0.06391866
MACD_signal,0.06203045
BB_upper,0.060345426
Open,0.059460185
RSI_14,0.05690193
20_day_std,0.05575418
BB_lower,0.05419926
volume_change,0.05412778
daily_return,0.053380877
5_day_ma,0.05254695
10_day_ma,0.051812682
Volume,0.0431007
20_day_ma,0.042000856
