Feature,Importance
BB_lower,0.072275855
Low,0.07147972
volume_change,0.06847684
Open,0.061324496
20_day_ma,0.059549116
MACD_signal,0.05835212
5_day_ma,0.057854082
Volume,0.057592407
High,0.057221167
10_day_ma,0.05718915
20_day_std,0.057140138
BB_upper,0.0567088
daily_return,0.054948147
RSI_14,0.05376242
volatility_10,0.052853856
Close,0.05259574
MACD,0.050675936
