Feature,Importance
BB_upper,0.07934629
BB_lower,0.078900255
High,0.071897246
Close,0.07184006
Open,0.06667083
MACD,0.061594818
daily_return,0.057057094
20_day_ma,0.055729907
5_day_ma,0.05454411
MACD_signal,0.05453987
volatility_10,0.05389482
10_day_ma,0.053064715
20_day_std,0.05256616
volume_change,0.052151475
RSI_14,0.050986115
Volume,0.050498907
Low,0.034717377
