Feature,Importance
MACD,0.074654624
5_day_ma,0.068595536
BB_upper,0.06491924
20_day_std,0.06436772
volume_change,0.062564366
Low,0.061753098
High,0.060826197
Volume,0.06059018
MACD_signal,0.05853701
Close,0.05726182
RSI_14,0.056919347
volatility_10,0.054798976
daily_return,0.053074736
10_day_ma,0.05209787
Open,0.051805317
BB_lower,0.050616622
20_day_ma,0.046617277
