Feature,Importance
Low,0.08466632
High,0.07210273
20_day_ma,0.06975316
volume_change,0.069216564
Close,0.06907086
BB_lower,0.06362218
BB_upper,0.062494706
RSI_14,0.06063864
20_day_std,0.058255658
5_day_ma,0.054429438
volatility_10,0.052355114
MACD_signal,0.051613685
daily_return,0.050552934
Volume,0.05033379
MACD,0.049796697
10_day_ma,0.04389815
Open,0.037199344
