Feature,Importance
20_day_ma,0.08560906
MACD,0.06886049
10_day_ma,0.06870942
volatility_10,0.06588633
Close,0.062925935
20_day_std,0.05958317
RSI_14,0.059109796
Low,0.056748603
Volume,0.056578714
Open,0.05522263
MACD_signal,0.055180978
daily_return,0.053164754
High,0.053097147
BB_lower,0.052226387
BB_upper,0.051301237
volume_change,0.048849635
5_day_ma,0.0469457
