Feature,Importance
Low,0.07454924
BB_lower,0.067594364
High,0.063230224
BB_upper,0.062215958
volatility_10,0.06213752
20_day_std,0.059174094
MACD_signal,0.05908701
10_day_ma,0.058850832
5_day_ma,0.05868224
Open,0.058659337
volume_change,0.055997487
20_day_ma,0.055853356
Close,0.054932494
RSI_14,0.053871974
Volume,0.052768357
daily_return,0.05247935
MACD,0.049916208
