Feature,Importance
BB_lower,0.073166445
10_day_ma,0.06884412
Low,0.0674367
20_day_std,0.06574737
BB_upper,0.062032178
RSI_14,0.061385024
Open,0.060539585
volume_change,0.057197444
MACD,0.056721672
MACD_signal,0.055487297
Close,0.0552908
Volume,0.054897893
5_day_ma,0.05428598
High,0.052832823
volatility_10,0.052729744
20_day_ma,0.050924905
daily_return,0.050479952
