Feature,Importance
MACD_signal,0.06924581
10_day_ma,0.06787667
Low,0.06733442
BB_upper,0.06305966
RSI_14,0.061881557
High,0.060288
20_day_ma,0.06016736
BB_lower,0.05992362
Open,0.058849648
daily_return,0.058643807
5_day_ma,0.056859795
Volume,0.055806167
Close,0.05450687
MACD,0.052561183
20_day_std,0.0512407
volatility_10,0.051162157
volume_change,0.05059253
