Feature,Importance
Open,0.09118165
Low,0.073292
20_day_std,0.0672698
MACD_signal,0.064044945
5_day_ma,0.06000425
High,0.059409175
BB_lower,0.05888324
volatility_10,0.0588688
Close,0.057280894
MACD,0.05553562
RSI_14,0.05497834
daily_return,0.053692326
BB_upper,0.052872803
20_day_ma,0.052438002
10_day_ma,0.0481262
Volume,0.046072785
volume_change,0.0460492
