Feature,Importance
Open,0.07461381
BB_lower,0.06554694
20_day_std,0.063441746
MACD,0.0629459
High,0.061414663
RSI_14,0.06084423
volume_change,0.05997157
Low,0.05990868
Close,0.056974463
volatility_10,0.05643712
20_day_ma,0.05599247
10_day_ma,0.055957153
Volume,0.05478028
BB_upper,0.054571074
daily_return,0.053424876
5_day_ma,0.05326859
MACD_signal,0.049906444
