Feature,Importance
Close,0.07622898
Low,0.0737517
20_day_ma,0.07348213
10_day_ma,0.07343846
volume_change,0.070504494
BB_lower,0.06641899
RSI_14,0.062920384
volatility_10,0.062239222
Open,0.054075588
BB_upper,0.054012425
20_day_std,0.05077338
High,0.050483238
MACD_signal,0.049842183
daily_return,0.049485985
MACD,0.04881479
5_day_ma,0.04867456
Volume,0.034853473
