Feature,Importance
High,0.07601073
MACD,0.06962834
10_day_ma,0.069434784
Open,0.06740065
BB_lower,0.064381465
MACD_signal,0.061186317
volatility_10,0.06060856
5_day_ma,0.059811592
Close,0.058449075
volume_change,0.05486878
Volume,0.05486015
BB_upper,0.054596703
20_day_std,0.054501735
RSI_14,0.052621927
daily_return,0.051604364
Low,0.047242884
20_day_ma,0.042791944
