Feature,Importance
BB_lower,0.068823375
MACD_signal,0.06758839
10_day_ma,0.06715395
20_day_std,0.064929925
Volume,0.06374281
MACD,0.06333256
20_day_ma,0.062184148
BB_upper,0.060935955
volatility_10,0.06046917
5_day_ma,0.05874325
Open,0.058377422
Low,0.057055555
volume_change,0.053568102
daily_return,0.05008806
RSI_14,0.048929792
High,0.04750323
Close,0.046574287
