Feature,Importance
10_day_ma,0.08778744
MACD,0.07625772
Low,0.069004536
5_day_ma,0.067392655
volatility_10,0.06555041
RSI_14,0.06391306
High,0.06370241
Volume,0.06036113
20_day_ma,0.059314903
Close,0.053253278
BB_lower,0.05285175
volume_change,0.052308805
20_day_std,0.05121073
daily_return,0.049365845
MACD_signal,0.046195496
BB_upper,0.045797963
Open,0.035731822
