Feature,Importance
BB_upper,0.072172426
BB_lower,0.07203326
5_day_ma,0.07190941
MACD,0.06667561
Open,0.06610404
MACD_signal,0.06230072
Low,0.058389775
10_day_ma,0.058293853
volume_change,0.05656321
Close,0.05636495
RSI_14,0.05476065
daily_return,0.054413423
Volume,0.0517804
High,0.05167307
volatility_10,0.05103501
20_day_std,0.049757864
20_day_ma,0.045772377
