Feature,Importance
Open,0.07305968
10_day_ma,0.06939376
Low,0.06867756
5_day_ma,0.06515839
BB_upper,0.062377248
20_day_ma,0.061430376
High,0.06049814
MACD,0.058788624
Volume,0.058116637
RSI_14,0.055228077
MACD_signal,0.05411382
Close,0.054051828
volatility_10,0.053792007
BB_lower,0.052807037
daily_return,0.05279996
volume_change,0.050414868
20_day_std,0.04929197
