Feature,Importance
10_day_ma,0.07233732
Open,0.069541015
volatility_10,0.06900041
BB_lower,0.06777744
20_day_std,0.06756307
RSI_14,0.06627962
5_day_ma,0.06262939
High,0.060111716
MACD,0.058185596
Low,0.056376792
volume_change,0.05362351
MACD_signal,0.05322455
Volume,0.052575927
daily_return,0.052388754
BB_upper,0.051775087
Close,0.045711074
20_day_ma,0.04089878
