Feature,Importance
Low,0.07391499
Open,0.069202006
daily_return,0.06393382
MACD,0.063783295
BB_upper,0.06225106
Volume,0.061865285
BB_lower,0.06177314
volume_change,0.06147867
20_day_std,0.061115075
5_day_ma,0.057385672
volatility_10,0.05664656
RSI_14,0.05511212
10_day_ma,0.054712668
MACD_signal,0.051174574
Close,0.050975088
20_day_ma,0.04899758
High,0.045678433
