Feature,Importance
Low,0.069783874
20_day_ma,0.0638744
volatility_10,0.063560255
5_day_ma,0.06250505
MACD,0.06250317
Close,0.061252464
BB_upper,0.05912454
BB_lower,0.05844257
MACD_signal,0.057754032
High,0.05692992
20_day_std,0.056561068
volume_change,0.05611859
10_day_ma,0.055717234
daily_return,0.055414375
Open,0.053717922
RSI_14,0.053671528
Volume,0.053069066
