Feature,Importance
10_day_ma,0.078573346
High,0.074928805
volatility_10,0.06906268
BB_lower,0.067434706
Low,0.06710635
Volume,0.060858656
5_day_ma,0.058140986
volume_change,0.05777036
MACD,0.055436455
20_day_std,0.05507589
MACD_signal,0.052915007
20_day_ma,0.052885786
RSI_14,0.05274997
Open,0.051011194
Close,0.049587265
daily_return,0.04855939
BB_upper,0.047903124
