Feature,Importance
High,0.070541024
20_day_ma,0.06965659
Open,0.06916489
BB_lower,0.0671963
Volume,0.066910826
5_day_ma,0.060944285
Low,0.06017352
BB_upper,0.060137954
10_day_ma,0.05930476
volume_change,0.056349818
MACD,0.05457958
RSI_14,0.05189137
20_day_std,0.051853023
volatility_10,0.05174799
daily_return,0.051006347
Close,0.050005976
MACD_signal,0.048535723
