Feature,Importance
Low,0.07564472
High,0.06403344
5_day_ma,0.062039733
BB_lower,0.06067259
Open,0.059641045
Close,0.059494942
BB_upper,0.059166566
Volume,0.059165668
MACD,0.0587417
20_day_std,0.058204196
MACD_signal,0.05728504
RSI_14,0.056478854
20_day_ma,0.05541705
volatility_10,0.053956605
10_day_ma,0.053808726
daily_return,0.05319932
volume_change,0.053049754
