Feature,Importance
RSI_14,0.07748462
20_day_ma,0.065410346
10_day_ma,0.06368126
High,0.06312357
Open,0.062268164
volume_change,0.061005183
volatility_10,0.060732268
BB_lower,0.059533697
MACD,0.059438225
MACD_signal,0.056667704
Volume,0.056598682
5_day_ma,0.05584619
Low,0.055151273
BB_upper,0.054392703
daily_return,0.05214767
20_day_std,0.0502848
Close,0.046233583
