Feature,Importance
10_day_ma,0.08066966
BB_lower,0.06950173
High,0.067677975
Open,0.066538244
5_day_ma,0.06583943
BB_upper,0.06452748
MACD_signal,0.06248032
20_day_std,0.05938855
MACD,0.05926123
Close,0.05653404
Low,0.05592462
daily_return,0.05501536
Volume,0.05373965
20_day_ma,0.047613777
RSI_14,0.045770638
volume_change,0.04529764
volatility_10,0.044219654
