Feature,Importance
Close,0.06878834
BB_lower,0.068050936
20_day_ma,0.067258924
20_day_std,0.067016825
MACD,0.065928794
Volume,0.06320916
BB_upper,0.060627207
MACD_signal,0.060435887
RSI_14,0.058667757
volatility_10,0.05862756
5_day_ma,0.05550516
Low,0.054987207
Open,0.053728674
volume_change,0.05372317
daily_return,0.051646784
High,0.04871602
10_day_ma,0.04308158
