Feature,Importance
Close,0.07959148
5_day_ma,0.07211833
Low,0.070595875
10_day_ma,0.07057375
High,0.06717249
BB_upper,0.06407348
RSI_14,0.060214665
daily_return,0.0578921
BB_lower,0.057758402
MACD_signal,0.05700798
20_day_std,0.05503694
20_day_ma,0.053387027
volatility_10,0.053208128
Open,0.052660152
volume_change,0.04483671
MACD,0.04276413
Volume,0.041108374
