Feature,Importance
volatility_10,0.08220376
Low,0.07057096
RSI_14,0.06696499
5_day_ma,0.06582547
MACD,0.061765883
Volume,0.061149605
20_day_std,0.060440816
BB_lower,0.059993964
Close,0.054081228
Open,0.053414717
daily_return,0.053398523
BB_upper,0.053380746
volume_change,0.052526943
High,0.052281637
MACD_signal,0.051686965
10_day_ma,0.051285062
20_day_ma,0.049028736
