Feature,Importance
High,0.07655026
MACD,0.06590096
BB_lower,0.06540844
Close,0.0640777
BB_upper,0.06328601
daily_return,0.06264108
20_day_ma,0.062262923
20_day_std,0.060704626
Low,0.05940284
5_day_ma,0.05862345
Open,0.05735094
volatility_10,0.05680713
volume_change,0.0561147
MACD_signal,0.055378214
Volume,0.04705657
10_day_ma,0.04699639
RSI_14,0.04143772
