Feature,Importance
BB_lower,0.07038566
MACD,0.06868351
MACD_signal,0.06786478
20_day_std,0.06448912
Volume,0.06390563
volatility_10,0.061657768
Low,0.060750343
20_day_ma,0.059830185
BB_upper,0.059554826
Open,0.057808496
10_day_ma,0.05775924
volume_change,0.057165377
5_day_ma,0.05538018
Close,0.05263764
daily_return,0.04973023
RSI_14,0.047493864
High,0.044903185
