Feature,Importance
Open,0.075324304
5_day_ma,0.0720284
MACD,0.070599265
Low,0.06927501
20_day_ma,0.06591323
volatility_10,0.06580905
10_day_ma,0.058278665
BB_upper,0.057752598
BB_lower,0.056337047
daily_return,0.05633554
RSI_14,0.055126753
MACD_signal,0.051527347
volume_change,0.051001523
High,0.049725167
Volume,0.04886997
Close,0.0483918
20_day_std,0.047704376
