Feature,Importance
5_day_ma,0.07316863
20_day_ma,0.068169236
BB_lower,0.06638077
Open,0.06526273
Low,0.062214524
High,0.061500505
BB_upper,0.061424382
Volume,0.060733795
Close,0.056696307
volatility_10,0.056380298
daily_return,0.055104982
20_day_std,0.053649362
MACD,0.05351797
volume_change,0.05297789
10_day_ma,0.05272697
MACD_signal,0.050337736
RSI_14,0.049753956
