Feature,Importance
BB_upper,0.068261005
10_day_ma,0.06564083
MACD,0.06532378
20_day_ma,0.06249179
Volume,0.0609575
High,0.060891364
20_day_std,0.059505
MACD_signal,0.059362054
Open,0.0589338
BB_lower,0.05863319
volatility_10,0.058184747
Low,0.05796482
Close,0.056432303
volume_change,0.055060536
daily_return,0.05408772
RSI_14,0.051382326
5_day_ma,0.046887234
