Feature,Importance
BB_upper,0.070548736
volatility_10,0.06578595
10_day_ma,0.06484511
volume_change,0.06376953
MACD_signal,0.06352793
20_day_ma,0.061221164
MACD,0.06056971
daily_return,0.060423717
Volume,0.05980746
Low,0.056303054
20_day_std,0.05560901
Open,0.055451244
Close,0.054895
5_day_ma,0.054264553
RSI_14,0.051464736
High,0.051101055
BB_lower,0.05041196
