Feature,Importance
Low,0.07626805
High,0.07104989
5_day_ma,0.064601704
10_day_ma,0.064334445
20_day_ma,0.06390109
volume_change,0.063589066
BB_lower,0.06354543
Open,0.061504394
BB_upper,0.059566442
MACD_signal,0.058843777
daily_return,0.05293847
Volume,0.052146804
MACD,0.051100038
RSI_14,0.05097957
20_day_std,0.049715612
Close,0.04839695
volatility_10,0.04751823
