Feature,Importance
20_day_ma,0.06799912
High,0.062703565
10_day_ma,0.062048044
daily_return,0.061765354
BB_lower,0.06172055
MACD,0.061399277
volume_change,0.061261173
Close,0.060674936
Volume,0.05972708
MACD_signal,0.059003487
Open,0.058849085
RSI_14,0.058318775
Low,0.054387677
BB_upper,0.053708717
volatility_10,0.053222135
20_day_std,0.05273109
5_day_ma,0.050479967
