Feature,Importance
Low,0.077007025
BB_upper,0.06893323
5_day_ma,0.06886056
RSI_14,0.06598051
volume_change,0.06311129
BB_lower,0.061073564
20_day_ma,0.06065525
MACD,0.05891139
Close,0.056553643
MACD_signal,0.056536026
daily_return,0.056412827
Volume,0.05489744
Open,0.05423409
10_day_ma,0.053292714
High,0.050376084
20_day_std,0.047064357
volatility_10,0.0461
