Feature,Importance
10_day_ma,0.07583623
High,0.072927274
RSI_14,0.0635446
Close,0.0630022
BB_upper,0.061951473
20_day_ma,0.060932238
BB_lower,0.05909409
5_day_ma,0.059055187
20_day_std,0.056948196
volatility_10,0.05683768
Open,0.056491714
MACD,0.05458937
daily_return,0.05384827
volume_change,0.052303426
MACD_signal,0.051266633
Low,0.05073042
Volume,0.050640997
