Feature,Importance
Close,0.076395035
10_day_ma,0.066925034
volatility_10,0.06657013
Open,0.06452334
volume_change,0.06425334
Volume,0.060305297
BB_lower,0.060144927
5_day_ma,0.05978231
20_day_std,0.05972709
20_day_ma,0.05748576
RSI_14,0.05744165
High,0.055871204
daily_return,0.05373312
MACD_signal,0.053110305
Low,0.04994153
MACD,0.04857118
BB_upper,0.045218732
