Feature,Importance
10_day_ma,0.082317956
BB_upper,0.0794696
MACD,0.0763626
Open,0.06964828
High,0.06458828
Close,0.061603077
20_day_std,0.058217227
20_day_ma,0.057921723
5_day_ma,0.05702071
MACD_signal,0.054054156
volume_change,0.053553138
BB_lower,0.052563358
RSI_14,0.05151367
daily_return,0.05113242
volatility_10,0.04815546
Volume,0.04188763
Low,0.03999068
