Feature,Importance
5_day_ma,0.081502326
RSI_14,0.07584807
Open,0.065286614
10_day_ma,0.06509055
MACD_signal,0.06179992
MACD,0.06161149
volume_change,0.06023179
Volume,0.060161803
BB_lower,0.05926109
volatility_10,0.05781977
BB_upper,0.056985255
Low,0.056210637
20_day_std,0.05053532
High,0.04980809
daily_return,0.049548812
20_day_ma,0.04507396
Close,0.043224465
