Feature,Importance
Low,0.08980932
volatility_10,0.06500245
High,0.064675085
20_day_ma,0.06254132
5_day_ma,0.061435036
MACD,0.061100658
BB_upper,0.060767293
BB_lower,0.060716476
Close,0.0593758
daily_return,0.056481708
10_day_ma,0.05533982
RSI_14,0.054125648
MACD_signal,0.053693
Open,0.05315497
Volume,0.0521128
20_day_std,0.046872918
volume_change,0.04279565
