Feature,Importance
20_day_ma,0.06658826
MACD,0.0656487
MACD_signal,0.06494794
Volume,0.06442325
Close,0.061942108
Open,0.06047889
BB_lower,0.060177885
20_day_std,0.059547123
High,0.058487307
10_day_ma,0.057720385
BB_upper,0.05670015
Low,0.05640682
RSI_14,0.055352837
5_day_ma,0.055283565
daily_return,0.053419545
volume_change,0.05151121
volatility_10,0.051363997
