Feature,Importance
20_day_std,0.07007131
BB_lower,0.067885876
Open,0.06685788
BB_upper,0.06636386
volatility_10,0.064385355
20_day_ma,0.06299195
Close,0.06199778
10_day_ma,0.060570095
High,0.058639098
volume_change,0.056944907
RSI_14,0.056820642
daily_return,0.0561451
MACD_signal,0.0555473
MACD,0.052779756
5_day_ma,0.050813727
Low,0.045904998
Volume,0.04528039
