Feature,Importance
volatility_10,0.08255036
BB_upper,0.07149865
20_day_std,0.07090427
5_day_ma,0.06863824
High,0.06573647
daily_return,0.05995762
Open,0.058479775
10_day_ma,0.05581081
20_day_ma,0.055648502
MACD_signal,0.055410832
Low,0.05449872
RSI_14,0.054419808
volume_change,0.05382084
BB_lower,0.050798293
Close,0.04925742
MACD,0.046658885
Volume,0.045910567
