Feature,Importance
High,0.08270591
Close,0.07405051
RSI_14,0.06847107
Open,0.06837969
Low,0.065483324
volatility_10,0.064679794
20_day_ma,0.059627526
5_day_ma,0.059323695
MACD_signal,0.058210075
BB_upper,0.05775464
Volume,0.052415982
BB_lower,0.051954564
20_day_std,0.049341463
daily_return,0.049082927
MACD,0.048370723
10_day_ma,0.04760705
volume_change,0.04254108
