Feature,Importance
MACD,0.083430015
Close,0.06424362
BB_upper,0.064193524
Volume,0.062289275
20_day_std,0.060981646
High,0.060787786
Low,0.05974816
volume_change,0.05938488
RSI_14,0.058402795
Open,0.0571692
5_day_ma,0.05667041
volatility_10,0.056153666
MACD_signal,0.055284455
daily_return,0.051266983
BB_lower,0.0503946
10_day_ma,0.050162178
20_day_ma,0.049436744
