Feature,Importance
Low,0.07023253
MACD_signal,0.065966025
Open,0.06554374
MACD,0.06266276
5_day_ma,0.060461808
volume_change,0.059115145
High,0.05801072
BB_upper,0.057419185
10_day_ma,0.057345804
RSI_14,0.05705059
BB_lower,0.056706984
Close,0.056394286
20_day_ma,0.05598504
20_day_std,0.05510794
Volume,0.054776687
volatility_10,0.05434421
daily_return,0.052876595
