Feature,Importance
Low,0.07408263
BB_lower,0.06969721
BB_upper,0.06859946
RSI_14,0.0643769
Close,0.063147396
MACD,0.06188074
20_day_std,0.061878826
daily_return,0.057427827
High,0.056714483
10_day_ma,0.055857867
volume_change,0.055832773
MACD_signal,0.05377393
5_day_ma,0.053475264
Open,0.053225562
20_day_ma,0.05177886
volatility_10,0.04932918
Volume,0.048921097
