Feature,Importance
Low,0.06699934
MACD_signal,0.06609343
Open,0.06569656
5_day_ma,0.064781755
BB_upper,0.0629831
20_day_std,0.06287772
Close,0.06014687
High,0.059924938
Volume,0.058158275
20_day_ma,0.057806067
volatility_10,0.057685506
BB_lower,0.057574634
10_day_ma,0.057215445
RSI_14,0.052586954
MACD,0.052520815
daily_return,0.048515767
volume_change,0.048432816
