Feature,Importance
BB_lower,0.07359994
BB_upper,0.06500748
20_day_std,0.06206512
volume_change,0.061387613
daily_return,0.06071996
20_day_ma,0.0598715
Low,0.05930285
MACD,0.05921775
MACD_signal,0.057690628
Open,0.05728644
Close,0.056019273
volatility_10,0.055686112
10_day_ma,0.055166684
5_day_ma,0.054744516
Volume,0.05454396
High,0.054463297
RSI_14,0.053226832
