Feature,Importance
Low,0.069899514
Close,0.06677416
MACD,0.065995276
MACD_signal,0.06464286
BB_lower,0.06458365
5_day_ma,0.059043385
High,0.05826417
20_day_ma,0.056445327
Open,0.056430887
daily_return,0.056415454
RSI_14,0.055867516
Volume,0.05582704
20_day_std,0.05528021
volatility_10,0.055145968
BB_upper,0.053828135
volume_change,0.053746793
10_day_ma,0.05180971
