Feature,Importance
20_day_ma,0.08944588
High,0.07055437
MACD_signal,0.06732028
Low,0.06540499
10_day_ma,0.06489455
Open,0.064542904
daily_return,0.05981056
Close,0.056234524
20_day_std,0.05569131
MACD,0.05374662
volatility_10,0.05290894
BB_upper,0.052305017
RSI_14,0.051638253
volume_change,0.051118337
BB_lower,0.05109715
Volume,0.048703942
5_day_ma,0.044582356
