Feature,Importance
BB_upper,0.07315594
BB_lower,0.06969606
5_day_ma,0.06949098
20_day_std,0.06565306
RSI_14,0.06472905
Low,0.06401569
daily_return,0.06057521
MACD_signal,0.06022308
volume_change,0.058575246
MACD,0.057544153
Volume,0.0571495
High,0.055277694
volatility_10,0.054762796
Open,0.052652027
20_day_ma,0.050951693
10_day_ma,0.045526322
Close,0.0400215
