Feature,Importance
Low,0.0893435
20_day_ma,0.080942236
MACD,0.068413496
volume_change,0.06490511
Close,0.06340319
MACD_signal,0.060086407
BB_upper,0.059378315
volatility_10,0.058839235
RSI_14,0.054799315
daily_return,0.054157484
10_day_ma,0.053978093
Volume,0.053798895
High,0.05221539
Open,0.051366635
20_day_std,0.049009547
BB_lower,0.045064773
5_day_ma,0.040298335
