Feature,Importance
High,0.10420508
10_day_ma,0.08148429
BB_upper,0.08135754
volatility_10,0.07452609
MACD_signal,0.073192276
5_day_ma,0.066137835
Low,0.063700855
MACD,0.055928085
Close,0.052113373
daily_return,0.051134497
BB_lower,0.050254274
Volume,0.04774968
Open,0.042963568
20_day_std,0.042632893
volume_change,0.040829267
20_day_ma,0.038269494
RSI_14,0.033520885
