Feature,Importance
daily_return,0.07261504
Volume,0.07115965
Open,0.069223605
5_day_ma,0.06561238
Low,0.06500508
BB_upper,0.061870873
20_day_std,0.057424944
RSI_14,0.057395365
High,0.057311486
10_day_ma,0.057083443
MACD,0.05694471
volume_change,0.05598082
BB_lower,0.054295424
Close,0.053407058
20_day_ma,0.050200764
volatility_10,0.048844703
MACD_signal,0.045624625
