Feature,Importance
High,0.07023373
Low,0.06564115
10_day_ma,0.06461623
volatility_10,0.06411864
5_day_ma,0.062829606
Close,0.06215863
MACD_signal,0.060770962
volume_change,0.060000874
BB_lower,0.05940278
MACD,0.05923736
Open,0.05767996
BB_upper,0.055226393
Volume,0.054909214
20_day_ma,0.053588554
RSI_14,0.05238904
daily_return,0.052299693
20_day_std,0.044897188
