Feature,Importance
5_day_ma,0.07387822
MACD,0.07353028
Low,0.06639054
MACD_signal,0.06638214
BB_upper,0.06597736
10_day_ma,0.06506856
20_day_std,0.062028218
Close,0.060420856
Volume,0.05926156
BB_lower,0.058635123
volatility_10,0.056862526
volume_change,0.055224262
daily_return,0.053274363
20_day_ma,0.047509905
High,0.046560414
RSI_14,0.046117775
Open,0.042877913
