Feature,Importance
Open,0.07167708
High,0.06433505
10_day_ma,0.063143685
BB_upper,0.06211884
20_day_std,0.061744582
Low,0.061543785
Close,0.06085406
daily_return,0.060518205
5_day_ma,0.058718253
MACD_signal,0.05761175
Volume,0.0574371
20_day_ma,0.05582412
MACD,0.05480129
BB_lower,0.05466143
RSI_14,0.052697822
volume_change,0.051509216
volatility_10,0.050803743
