Feature,Importance
10_day_ma,0.068024546
Low,0.066914245
MACD_signal,0.06683071
Close,0.066016205
volume_change,0.06158043
20_day_ma,0.061496668
BB_lower,0.05969795
RSI_14,0.05904715
BB_upper,0.058891382
5_day_ma,0.05881503
20_day_std,0.058660455
Open,0.058394156
High,0.056350153
volatility_10,0.052763157
daily_return,0.052272867
MACD,0.04917329
Volume,0.045071583
