Feature,Importance
High,0.11033317
BB_upper,0.07199551
BB_lower,0.06624206
Open,0.0658502
volatility_10,0.06536735
Low,0.06281412
Volume,0.061990667
RSI_14,0.061186474
10_day_ma,0.056567777
Close,0.05534317
daily_return,0.053701643
MACD_signal,0.047893986
MACD,0.047701202
volume_change,0.047112502
20_day_ma,0.046073947
20_day_std,0.044641934
5_day_ma,0.035184305
