Feature,Importance
20_day_std,0.068213545
MACD,0.06477387
BB_lower,0.06372181
10_day_ma,0.06282802
volume_change,0.060582824
BB_upper,0.060382396
High,0.059315283
Close,0.05914618
20_day_ma,0.058528215
Low,0.057045117
Volume,0.056998096
MACD_signal,0.056681037
RSI_14,0.05574005
volatility_10,0.055641193
Open,0.05502383
daily_return,0.05405132
5_day_ma,0.051327195
