Feature,Importance
volatility_10,0.07094364
BB_upper,0.06650342
20_day_std,0.0646436
MACD_signal,0.06408529
daily_return,0.063139014
High,0.062222533
Close,0.061439157
10_day_ma,0.060972203
Open,0.05939225
20_day_ma,0.0567172
volume_change,0.056354787
Low,0.05606413
Volume,0.05463096
MACD,0.054208994
5_day_ma,0.053618733
BB_lower,0.051608216
RSI_14,0.04345583
