Feature,Importance
High,0.09012628
BB_upper,0.07864761
Low,0.06777519
20_day_std,0.064508244
20_day_ma,0.063804366
5_day_ma,0.063746855
BB_lower,0.06346241
volatility_10,0.06039143
Open,0.059435546
MACD,0.055557393
RSI_14,0.054710396
10_day_ma,0.053023078
daily_return,0.051315743
volume_change,0.0512235
MACD_signal,0.045321736
Volume,0.042434823
Close,0.03451542
