Feature,Importance
BB_lower,0.07481014
Open,0.07467114
RSI_14,0.0673609
BB_upper,0.06337939
volatility_10,0.063004434
5_day_ma,0.06240331
20_day_ma,0.062348567
High,0.062262442
Volume,0.059797432
MACD,0.058709163
10_day_ma,0.057881426
20_day_std,0.05467781
daily_return,0.052133106
MACD_signal,0.0491322
volume_change,0.04662523
Low,0.045647476
Close,0.045155816
