Feature,Importance
20_day_ma,0.068750866
MACD,0.0650292
5_day_ma,0.064176604
BB_upper,0.061765462
volume_change,0.060139615
Volume,0.05996765
MACD_signal,0.059784435
10_day_ma,0.059470154
Low,0.058564093
20_day_std,0.05833919
RSI_14,0.057985805
daily_return,0.057964914
BB_lower,0.057350203
Close,0.055543162
High,0.054495025
volatility_10,0.053739414
Open,0.046934247
