Feature,Importance
BB_lower,0.07046905
BB_upper,0.06569524
Open,0.065559186
MACD,0.06476399
volume_change,0.06404539
Low,0.06392037
daily_return,0.061385456
10_day_ma,0.0612147
5_day_ma,0.0583497
High,0.057030756
Volume,0.05628503
20_day_std,0.054953102
RSI_14,0.054585975
MACD_signal,0.05265117
volatility_10,0.05070127
Close,0.05044414
20_day_ma,0.04794551
