Feature,Importance
volume_change,0.06876667
Close,0.06825722
10_day_ma,0.063237466
20_day_ma,0.063209526
High,0.061995365
Volume,0.06197257
MACD,0.06110002
20_day_std,0.059897885
Low,0.059729125
BB_upper,0.058582705
BB_lower,0.057121117
MACD_signal,0.055575505
daily_return,0.054488957
volatility_10,0.052523695
Open,0.052328106
RSI_14,0.051597655
5_day_ma,0.049616564
