Feature,Importance
Low,0.07444082
20_day_ma,0.06772058
BB_lower,0.06542526
10_day_ma,0.064268135
MACD,0.059533477
RSI_14,0.059352033
20_day_std,0.059061743
High,0.05822603
BB_upper,0.056795917
daily_return,0.05673875
5_day_ma,0.055505406
Close,0.055311296
volume_change,0.055202894
Volume,0.054287203
MACD_signal,0.053645294
Open,0.05313166
volatility_10,0.051353518
