Feature,Importance
MACD,0.07672592
Low,0.07368246
BB_upper,0.072419435
BB_lower,0.06737494
5_day_ma,0.06286601
Open,0.061824724
RSI_14,0.0614552
20_day_std,0.058989637
10_day_ma,0.057594348
Volume,0.05554801
volume_change,0.055396754
High,0.0548539
daily_return,0.053524498
volatility_10,0.050674483
MACD_signal,0.048554443
Close,0.047810007
20_day_ma,0.04070519
