Feature,Importance
BB_lower,0.08764268
BB_upper,0.06960207
5_day_ma,0.0686415
RSI_14,0.06738794
Open,0.0647113
20_day_ma,0.06459062
Low,0.05715582
20_day_std,0.057006653
volatility_10,0.056924216
daily_return,0.056855112
High,0.056621302
volume_change,0.054351024
MACD,0.052817244
Volume,0.05065661
Close,0.04842388
10_day_ma,0.04627505
MACD_signal,0.040336907
