Feature,Importance
Low,0.10461757
BB_lower,0.07498049
High,0.07406385
Volume,0.06369341
10_day_ma,0.062697425
Open,0.060409132
20_day_ma,0.05960406
20_day_std,0.0592625
MACD_signal,0.058688086
Close,0.05443606
volatility_10,0.054027934
5_day_ma,0.053975366
daily_return,0.049891755
MACD,0.04913824
RSI_14,0.043933842
volume_change,0.04017875
BB_upper,0.03640151
