Feature,Importance
20_day_ma,0.07942301
High,0.065634795
RSI_14,0.063821316
10_day_ma,0.063501544
MACD_signal,0.06288577
MACD,0.061800692
5_day_ma,0.061619177
Volume,0.06139691
Open,0.05829212
BB_upper,0.056898713
20_day_std,0.056565277
volume_change,0.05561521
volatility_10,0.05535459
daily_return,0.054691296
Low,0.049038462
BB_lower,0.048142742
Close,0.04531841
