Feature,Importance
Low,0.07232908
MACD_signal,0.07181734
5_day_ma,0.07044697
volatility_10,0.064442314
High,0.061923828
MACD,0.058642525
Close,0.05848131
Open,0.057666756
10_day_ma,0.05737947
BB_lower,0.056781653
20_day_std,0.0558805
Volume,0.05424601
volume_change,0.053655654
BB_upper,0.0531785
daily_return,0.05263058
RSI_14,0.05122703
20_day_ma,0.04927049
