Feature,Importance
BB_upper,0.066460736
BB_lower,0.06522376
Low,0.06275582
Open,0.06239332
5_day_ma,0.06237839
daily_return,0.062256794
MACD,0.06222915
volume_change,0.059820656
High,0.058965914
MACD_signal,0.057121206
RSI_14,0.05665241
Volume,0.056164272
20_day_ma,0.056145787
volatility_10,0.054886375
20_day_std,0.053858478
10_day_ma,0.05136594
Close,0.051320907
