Feature,Importance
MACD_signal,0.07190559
BB_lower,0.07091941
5_day_ma,0.06478102
20_day_std,0.06322728
MACD,0.06028873
20_day_ma,0.058966346
High,0.057679497
BB_upper,0.056962162
RSI_14,0.056676436
Open,0.05658623
Volume,0.056101482
10_day_ma,0.055966146
Close,0.055782434
Low,0.05558636
daily_return,0.054266475
volume_change,0.054246742
volatility_10,0.050057624
