Feature,Importance
Low,0.07543028
20_day_ma,0.06800731
High,0.06429322
RSI_14,0.06248408
5_day_ma,0.061180647
BB_lower,0.06115062
volatility_10,0.058430485
volume_change,0.057614
Close,0.05752968
Volume,0.05679977
MACD_signal,0.056303103
10_day_ma,0.056030653
20_day_std,0.055713363
BB_upper,0.055472836
daily_return,0.05422997
MACD,0.053840116
Open,0.045489855
