Feature,Importance
Low,0.068895586
MACD,0.068711214
BB_upper,0.06500314
BB_lower,0.06317198
RSI_14,0.061410595
volume_change,0.06038553
5_day_ma,0.058898415
20_day_ma,0.058784083
daily_return,0.057647727
MACD_signal,0.057618175
Volume,0.05675727
Open,0.05669055
Close,0.05538661
volatility_10,0.05483803
High,0.05447356
10_day_ma,0.053427137
20_day_std,0.04790044
