Feature,Importance
Low,0.06840479
Open,0.06254965
volume_change,0.06150687
BB_upper,0.060753398
10_day_ma,0.060713526
volatility_10,0.060692053
Volume,0.060244095
20_day_std,0.06014145
RSI_14,0.060125005
daily_return,0.0596342
BB_lower,0.058254015
MACD,0.057907645
High,0.057584602
20_day_ma,0.056911558
MACD_signal,0.053978603
5_day_ma,0.053851306
Close,0.046747234
