Feature,Importance
5_day_ma,0.069756545
20_day_ma,0.067687295
BB_upper,0.06710779
Close,0.061938673
Low,0.061618418
10_day_ma,0.06021466
volume_change,0.059482586
Open,0.058601357
High,0.057802055
MACD,0.056662995
daily_return,0.056482036
BB_lower,0.05636956
volatility_10,0.05598923
RSI_14,0.055604212
Volume,0.0534463
20_day_std,0.052983675
MACD_signal,0.048252515
