Feature,Importance
RSI_14,0.074471
Open,0.067458056
5_day_ma,0.06491406
BB_upper,0.06442838
High,0.06388917
Low,0.06203079
MACD_signal,0.06064755
BB_lower,0.05979305
MACD,0.059570067
20_day_std,0.057951074
volume_change,0.057745952
volatility_10,0.057000753
daily_return,0.054933004
10_day_ma,0.052100845
Volume,0.05062789
Close,0.048722483
20_day_ma,0.043715816
