Feature,Importance
Low,0.08315382
BB_lower,0.07731028
5_day_ma,0.074317254
volume_change,0.07358763
BB_upper,0.06908711
20_day_ma,0.06341101
daily_return,0.06274915
RSI_14,0.06268342
Volume,0.058959685
20_day_std,0.057827797
Open,0.056849293
MACD_signal,0.048176356
Close,0.047652572
volatility_10,0.04671576
10_day_ma,0.041667905
MACD,0.04083332
High,0.03501763
