Feature,Importance
Low,0.07525019
20_day_std,0.06361963
5_day_ma,0.06347539
High,0.06300399
MACD,0.06287292
BB_lower,0.06219962
10_day_ma,0.061615825
Close,0.06108239
volatility_10,0.060557023
volume_change,0.058217727
20_day_ma,0.057555553
daily_return,0.056913342
MACD_signal,0.052902237
Volume,0.05186284
Open,0.051429436
RSI_14,0.05091244
BB_upper,0.04652947
