Feature,Importance
MACD,0.083168946
Low,0.07044336
MACD_signal,0.070389606
BB_lower,0.0652412
volume_change,0.06355001
BB_upper,0.05884602
Close,0.05864092
High,0.05850062
Volume,0.058125485
5_day_ma,0.05763828
Open,0.0559184
RSI_14,0.055137705
volatility_10,0.05393148
daily_return,0.052722197
20_day_ma,0.048200406
20_day_std,0.04699373
10_day_ma,0.04255163
