Feature,Importance
Low,0.07673153
BB_upper,0.07579388
20_day_std,0.06627619
High,0.06182104
MACD,0.061187524
Open,0.059346035
volume_change,0.05933637
10_day_ma,0.058844022
MACD_signal,0.058739673
RSI_14,0.058620036
5_day_ma,0.055384666
daily_return,0.05377202
Volume,0.05307485
Close,0.052956387
BB_lower,0.050789624
volatility_10,0.04955446
20_day_ma,0.047771685
