Feature,Importance
High,0.07830589
volatility_10,0.07363567
volume_change,0.061396584
Close,0.06073469
Open,0.060296513
Volume,0.059927303
MACD,0.05977578
BB_upper,0.05941543
daily_return,0.058635592
20_day_std,0.057587497
20_day_ma,0.056362003
BB_lower,0.0560236
10_day_ma,0.05557861
MACD_signal,0.055196162
RSI_14,0.05502556
Low,0.05158018
5_day_ma,0.04052291
