Feature,Importance
Low,0.07060969
volume_change,0.06693182
10_day_ma,0.06476539
RSI_14,0.06381063
Volume,0.061345253
Open,0.06115946
daily_return,0.059970416
High,0.0598396
MACD_signal,0.05927014
volatility_10,0.05921532
BB_upper,0.059121866
5_day_ma,0.056367643
20_day_std,0.05516363
Close,0.052977994
MACD,0.05071032
BB_lower,0.05003659
20_day_ma,0.048704285
