Feature,Importance
Open,0.07568421
20_day_ma,0.074922666
High,0.0741044
BB_upper,0.06760245
Volume,0.064566374
BB_lower,0.06381979
Low,0.060554955
5_day_ma,0.059516322
MACD_signal,0.057109863
20_day_std,0.055561244
volume_change,0.054713864
RSI_14,0.053793438
MACD,0.050908566
volatility_10,0.050591126
Close,0.048019167
10_day_ma,0.044430476
daily_return,0.04410114
