Feature,Importance
MACD,0.07160381
20_day_ma,0.07042467
Volume,0.067722894
volatility_10,0.0662249
RSI_14,0.060586073
20_day_std,0.058210272
volume_change,0.058157757
BB_lower,0.058098502
High,0.05809577
5_day_ma,0.057805862
10_day_ma,0.057550013
Close,0.05753917
BB_upper,0.054694794
daily_return,0.05398065
MACD_signal,0.051816378
Low,0.051309932
Open,0.046178456
