Feature,Importance
High,0.07379112
RSI_14,0.07127498
Low,0.06750723
volume_change,0.06421667
20_day_std,0.0638569
BB_lower,0.061985377
20_day_ma,0.058963906
daily_return,0.05825006
MACD,0.058043335
5_day_ma,0.05722459
BB_upper,0.055175714
MACD_signal,0.054451358
10_day_ma,0.053496864
volatility_10,0.052718874
Open,0.052226417
Close,0.05174791
Volume,0.045068726
