Feature,Importance
10_day_ma,0.07792473
Close,0.07757318
BB_lower,0.07126089
Open,0.069442555
Low,0.0671915
20_day_std,0.062198993
volatility_10,0.058562294
20_day_ma,0.05786916
volume_change,0.057400957
MACD,0.057101224
MACD_signal,0.05443844
5_day_ma,0.052295018
daily_return,0.05095338
Volume,0.04835701
High,0.047714766
RSI_14,0.04512294
BB_upper,0.044593018
