Feature,Importance
volatility_10,0.07095948
20_day_std,0.06496215
BB_upper,0.064853095
MACD_signal,0.06351238
BB_lower,0.06291917
Open,0.060195807
volume_change,0.059998725
20_day_ma,0.057479143
High,0.056543883
RSI_14,0.05651661
daily_return,0.05593072
10_day_ma,0.055598926
5_day_ma,0.055483837
Low,0.054854404
Close,0.054395806
MACD,0.05318486
Volume,0.052610993
