Feature,Importance
BB_upper,0.07887501
Open,0.06622977
High,0.06576588
volume_change,0.06401179
MACD,0.063981265
daily_return,0.06283491
volatility_10,0.06260609
20_day_ma,0.061779205
RSI_14,0.059504386
5_day_ma,0.059374798
Close,0.058912612
Low,0.05760169
Volume,0.057164833
MACD_signal,0.050392233
20_day_std,0.04876336
10_day_ma,0.044071935
BB_lower,0.038130324
