Feature,Importance
Open,0.06889894
MACD_signal,0.06421644
10_day_ma,0.063891575
MACD,0.06348168
20_day_std,0.061965525
High,0.061242744
daily_return,0.05854919
20_day_ma,0.058434267
5_day_ma,0.058015402
BB_lower,0.05756577
Close,0.057326622
BB_upper,0.056275345
Volume,0.055896554
volatility_10,0.0551374
RSI_14,0.053841073
Low,0.05369194
volume_change,0.05156953
