Feature,Importance
High,0.07181747
BB_lower,0.07012551
5_day_ma,0.0693818
BB_upper,0.0693169
20_day_ma,0.06847633
Open,0.06631198
RSI_14,0.060418252
20_day_std,0.059334528
Volume,0.05834731
10_day_ma,0.055994805
Low,0.05533856
daily_return,0.053483814
volume_change,0.05308903
volatility_10,0.051399846
Close,0.04837389
MACD_signal,0.045590192
MACD,0.043199793
