Feature,Importance
10_day_ma,0.070221685
BB_upper,0.06836546
20_day_ma,0.066643424
MACD,0.06580319
High,0.06504845
Close,0.062063266
5_day_ma,0.05854036
Low,0.05838131
MACD_signal,0.0579003
volatility_10,0.057782877
daily_return,0.05739841
volume_change,0.055757217
RSI_14,0.052818537
Open,0.05167554
Volume,0.05115048
20_day_std,0.05080861
BB_lower,0.04964091
