Feature,Importance
Low,0.09929093
MACD_signal,0.07633856
BB_upper,0.07043969
volume_change,0.061595924
Open,0.061399672
MACD,0.06091345
RSI_14,0.06077381
5_day_ma,0.058379035
High,0.055880986
Close,0.055878833
20_day_std,0.050630264
Volume,0.049417824
daily_return,0.04897242
BB_lower,0.048950735
volatility_10,0.0485197
20_day_ma,0.047020268
10_day_ma,0.04559791
