Feature,Importance
5_day_ma,0.06557206
Low,0.0642504
20_day_std,0.06364586
Open,0.062168855
High,0.061005425
MACD,0.060776006
BB_lower,0.06030543
volatility_10,0.05944143
volume_change,0.059249066
BB_upper,0.057163175
MACD_signal,0.056922022
20_day_ma,0.05656421
daily_return,0.056428183
RSI_14,0.055118818
Close,0.05498245
10_day_ma,0.05456717
Volume,0.051839385
