Feature,Importance
BB_upper,0.07903699
Close,0.07723081
RSI_14,0.06756146
20_day_ma,0.06745284
Low,0.06399483
MACD_signal,0.06342014
volume_change,0.060293406
Open,0.057530235
MACD,0.056946702
10_day_ma,0.05636878
daily_return,0.056139097
5_day_ma,0.053893104
volatility_10,0.050716814
High,0.049130086
BB_lower,0.048853282
Volume,0.046226557
20_day_std,0.0452049
