Feature,Importance
Open,0.07366501
Close,0.069988295
MACD_signal,0.06598125
Volume,0.064161494
High,0.064022295
BB_upper,0.062837474
20_day_ma,0.062609285
MACD,0.06137638
volume_change,0.06031758
daily_return,0.058430485
BB_lower,0.055791326
Low,0.055634294
RSI_14,0.054592382
20_day_std,0.053781245
5_day_ma,0.051101524
volatility_10,0.045754798
10_day_ma,0.039954767
