Feature,Importance
5_day_ma,0.07043554
Low,0.06710335
MACD,0.063400954
BB_upper,0.06225824
20_day_std,0.06120524
20_day_ma,0.060878403
MACD_signal,0.060781583
Open,0.059740596
daily_return,0.05891723
volatility_10,0.058732186
volume_change,0.058434505
BB_lower,0.056859888
High,0.055152636
Volume,0.05404579
RSI_14,0.05120931
10_day_ma,0.050865304
Close,0.049979273
