Feature,Importance
High,0.08262184
20_day_ma,0.08072566
Low,0.08005634
5_day_ma,0.07555794
Open,0.07130307
BB_lower,0.06317949
Volume,0.05815006
BB_upper,0.0574865
Close,0.055860497
MACD,0.051019855
volume_change,0.05093658
RSI_14,0.05078546
volatility_10,0.049558513
MACD_signal,0.046278205
daily_return,0.04371466
20_day_std,0.04169824
10_day_ma,0.041067015
