Feature,Importance
20_day_ma,0.0804951
Low,0.07891004
10_day_ma,0.071183935
5_day_ma,0.06797576
MACD_signal,0.061754245
RSI_14,0.061436117
volatility_10,0.06056777
High,0.058417544
Close,0.057614945
Volume,0.057127334
MACD,0.056715343
20_day_std,0.053551562
daily_return,0.0524681
volume_change,0.04977318
BB_lower,0.048536453
BB_upper,0.047499646
Open,0.035972897
