Feature,Importance
BB_upper,0.07487463
High,0.07238526
MACD,0.06981203
Low,0.062939174
10_day_ma,0.0623391
Close,0.05999828
20_day_std,0.059230592
RSI_14,0.058811333
BB_lower,0.05715408
5_day_ma,0.056565993
volatility_10,0.05634939
20_day_ma,0.055373732
volume_change,0.054523345
Volume,0.053760294
daily_return,0.050542094
MACD_signal,0.050007988
Open,0.04533262
