Feature,Importance
BB_lower,0.0648518
volume_change,0.06359289
Open,0.062219188
20_day_ma,0.062211763
RSI_14,0.0621054
20_day_std,0.061068337
Low,0.060316883
BB_upper,0.060159046
MACD_signal,0.058348678
High,0.058099896
Close,0.056766655
MACD,0.056684252
daily_return,0.056100488
10_day_ma,0.05548456
5_day_ma,0.054526035
volatility_10,0.053912986
Volume,0.053551137
