Feature,Importance
Open,0.071953945
Low,0.07159565
20_day_ma,0.07117418
High,0.067641206
BB_lower,0.06372536
Volume,0.060705625
5_day_ma,0.059783127
BB_upper,0.05953929
MACD_signal,0.05734908
MACD,0.0568407
volatility_10,0.0548231
volume_change,0.05241415
RSI_14,0.052215595
Close,0.05196254
10_day_ma,0.051475935
20_day_std,0.050669663
daily_return,0.04613089
