Feature,Importance
BB_lower,0.06922321
Open,0.068698
volume_change,0.06407255
Close,0.06386779
20_day_std,0.062171254
RSI_14,0.06186615
Low,0.06150742
volatility_10,0.058600053
5_day_ma,0.058438372
Volume,0.058039963
MACD,0.057176728
BB_upper,0.05680143
MACD_signal,0.05618831
20_day_ma,0.05367288
10_day_ma,0.051078506
High,0.049770255
daily_return,0.048827108
