Feature,Importance
Close,0.06894242
Low,0.06536596
5_day_ma,0.062413484
RSI_14,0.062263157
Open,0.061786544
MACD,0.05936677
20_day_ma,0.05845602
daily_return,0.05833091
BB_upper,0.058049753
BB_lower,0.05771038
Volume,0.057163294
High,0.05702814
MACD_signal,0.0566052
20_day_std,0.055263016
volatility_10,0.055054758
volume_change,0.053737484
10_day_ma,0.052462764
