Feature,Importance
Low,0.08835927
20_day_std,0.07315146
20_day_ma,0.0690119
MACD_signal,0.06817675
High,0.06734502
BB_upper,0.06469303
volume_change,0.06318156
BB_lower,0.06140423
RSI_14,0.056136996
Close,0.055088393
10_day_ma,0.05421493
volatility_10,0.050280575
daily_return,0.0492529
MACD,0.048550062
Volume,0.045567505
5_day_ma,0.044359673
Open,0.041225817
