Feature,Importance
BB_lower,0.07240263
MACD,0.06678819
daily_return,0.06562291
Volume,0.06378835
volume_change,0.06345514
Close,0.0626606
volatility_10,0.061533082
20_day_std,0.061303213
Low,0.06025241
BB_upper,0.057986088
RSI_14,0.055713616
High,0.0555165
Open,0.05478626
MACD_signal,0.054068148
10_day_ma,0.053514156
5_day_ma,0.04943488
20_day_ma,0.041173797
