Feature,Importance
BB_lower,0.07058326
MACD,0.07003469
High,0.06584537
RSI_14,0.065674484
BB_upper,0.065109596
20_day_ma,0.06498384
Low,0.06218148
Open,0.06214594
20_day_std,0.061388664
volume_change,0.058744144
Volume,0.05496358
volatility_10,0.05477913
Close,0.052470848
daily_return,0.05178825
5_day_ma,0.049596
10_day_ma,0.048855573
MACD_signal,0.040855166
