Feature,Importance
20_day_ma,0.08004237
10_day_ma,0.07554986
5_day_ma,0.06789179
Open,0.06451496
High,0.062663764
Close,0.062149722
volatility_10,0.059919957
Low,0.059372477
MACD_signal,0.056411892
RSI_14,0.05597978
BB_upper,0.055242687
20_day_std,0.053567305
daily_return,0.0526188
MACD,0.05251851
Volume,0.05079438
volume_change,0.0491437
BB_lower,0.04161812
