Feature,Importance
20_day_ma,0.06942385
Open,0.06883168
BB_lower,0.06842311
5_day_ma,0.06321323
BB_upper,0.062172666
daily_return,0.061893847
RSI_14,0.061284922
volume_change,0.060719766
20_day_std,0.059063792
MACD,0.058422495
Low,0.056650206
10_day_ma,0.0560861
High,0.053783525
MACD_signal,0.051908936
Volume,0.05168144
volatility_10,0.04934168
Close,0.047098707
