Feature,Importance
Low,0.103499666
BB_upper,0.078056864
High,0.0753525
BB_lower,0.06959952
volume_change,0.06662014
MACD_signal,0.06614769
Open,0.06078589
volatility_10,0.058249515
daily_return,0.05510065
10_day_ma,0.054282013
20_day_std,0.05389372
Volume,0.05239775
RSI_14,0.051495437
MACD,0.04380753
5_day_ma,0.041226476
20_day_ma,0.036053434
Close,0.033431165
