Feature,Importance
volatility_10,0.068718374
High,0.06649398
Low,0.06624264
BB_lower,0.06532291
Close,0.06480643
5_day_ma,0.06452205
Volume,0.06041961
daily_return,0.0594076
20_day_ma,0.059325453
20_day_std,0.05739494
MACD,0.05621157
volume_change,0.056130916
MACD_signal,0.054980256
10_day_ma,0.054002192
BB_upper,0.04957851
RSI_14,0.048870496
Open,0.04757212
