Feature,Importance
10_day_ma,0.07863368
Open,0.07770004
volume_change,0.07236297
5_day_ma,0.06572253
BB_lower,0.060776677
MACD,0.060214035
Volume,0.057623334
20_day_ma,0.056496654
Close,0.05504815
daily_return,0.054848228
MACD_signal,0.05469626
BB_upper,0.05404358
RSI_14,0.0537736
High,0.051348645
Low,0.049796134
20_day_std,0.048620455
volatility_10,0.04829504
