Feature,Importance
Low,0.077182695
Close,0.06784491
20_day_std,0.06575129
10_day_ma,0.06496585
Open,0.06390453
volatility_10,0.06384586
BB_lower,0.06356026
20_day_ma,0.06098164
5_day_ma,0.060636036
MACD,0.059876096
volume_change,0.057976782
Volume,0.056114987
daily_return,0.049304634
RSI_14,0.04926384
BB_upper,0.047156133
High,0.046295647
MACD_signal,0.045338746
