Feature,Importance
Low,0.0839492
High,0.077739656
5_day_ma,0.07432185
MACD,0.06225123
volatility_10,0.060265947
BB_lower,0.05760906
Close,0.055078093
volume_change,0.054958668
Volume,0.054846037
Open,0.054664895
10_day_ma,0.05418745
20_day_std,0.053292718
MACD_signal,0.053112775
BB_upper,0.052308064
daily_return,0.05111482
RSI_14,0.050229095
20_day_ma,0.050070427
