Feature,Importance
BB_upper,0.06769099
Close,0.06745594
volatility_10,0.064908005
daily_return,0.06391661
20_day_std,0.06389474
BB_lower,0.062859625
Open,0.062011283
10_day_ma,0.05974248
RSI_14,0.05750709
MACD,0.057456166
MACD_signal,0.057309806
20_day_ma,0.05701557
Volume,0.05536479
Low,0.05374062
volume_change,0.05297697
High,0.04886562
5_day_ma,0.04728372
