Feature,Importance
Low,0.079132594
Close,0.07558024
MACD,0.06956986
MACD_signal,0.06785224
High,0.06702375
volume_change,0.063378386
20_day_std,0.061342716
Open,0.060436122
RSI_14,0.06001316
daily_return,0.05905619
volatility_10,0.05627996
BB_upper,0.05124118
Volume,0.05028688
BB_lower,0.05020804
10_day_ma,0.04531449
5_day_ma,0.042622127
20_day_ma,0.040662102
