Feature,Importance
BB_upper,0.072805844
High,0.06350254
MACD,0.06306533
5_day_ma,0.062876806
Low,0.061696786
RSI_14,0.06062217
Close,0.05962289
10_day_ma,0.059488773
20_day_std,0.059398003
20_day_ma,0.057903334
MACD_signal,0.05584087
Volume,0.05477528
volume_change,0.05461195
BB_lower,0.054247692
Open,0.053533364
volatility_10,0.053518485
daily_return,0.052489866
