Feature,Importance
Low,0.073234424
Open,0.069285706
MACD_signal,0.068201005
volume_change,0.06426287
BB_upper,0.06404013
MACD,0.06290735
RSI_14,0.05993703
20_day_std,0.05751405
10_day_ma,0.05708466
5_day_ma,0.056922067
daily_return,0.056832533
20_day_ma,0.056023125
Close,0.05333658
volatility_10,0.053219743
BB_lower,0.052879754
High,0.05091668
Volume,0.043402333
