Feature,Importance
MACD_signal,0.07503407
BB_upper,0.07066478
daily_return,0.069820024
Open,0.067322746
10_day_ma,0.066977404
MACD,0.066133074
volatility_10,0.064806096
20_day_ma,0.059807964
RSI_14,0.059583418
volume_change,0.058960088
Low,0.058934554
Volume,0.051853117
High,0.050910648
20_day_std,0.05022856
BB_lower,0.047143083
Close,0.04361637
5_day_ma,0.03820392
