Feature,Importance
Low,0.08615562
Open,0.07078179
BB_upper,0.07014085
MACD_signal,0.06963106
High,0.069247894
Close,0.06675601
10_day_ma,0.060701054
daily_return,0.06042916
volume_change,0.058490258
RSI_14,0.057051886
MACD,0.054434486
BB_lower,0.051812638
Volume,0.04765142
20_day_ma,0.046532933
5_day_ma,0.04594681
20_day_std,0.042336687
volatility_10,0.04189942
