Feature,Importance
10_day_ma,0.07285846
5_day_ma,0.06756074
20_day_ma,0.06577064
20_day_std,0.064589776
RSI_14,0.06247594
volume_change,0.061278213
BB_upper,0.060372073
daily_return,0.06027831
Open,0.056529272
BB_lower,0.05530198
MACD,0.055289064
MACD_signal,0.05496167
volatility_10,0.054213457
Low,0.053567406
Volume,0.05218873
High,0.05189967
Close,0.050864663
