Feature,Importance
High,0.072992966
10_day_ma,0.06726856
BB_lower,0.06422314
5_day_ma,0.061826766
MACD_signal,0.06129058
20_day_std,0.059746586
Low,0.059030227
Open,0.058414165
20_day_ma,0.057753246
MACD,0.057095528
volume_change,0.056514982
Close,0.05632712
RSI_14,0.056017973
daily_return,0.055496335
volatility_10,0.054720674
Volume,0.053802907
BB_upper,0.047478225
