Feature,Importance
Low,0.075249635
BB_lower,0.07258012
volatility_10,0.065067805
5_day_ma,0.06498579
Volume,0.062267147
20_day_std,0.0587135
Open,0.058487415
10_day_ma,0.05786814
MACD_signal,0.056177218
daily_return,0.055912167
High,0.055223633
Close,0.054112617
MACD,0.053797334
20_day_ma,0.05376308
RSI_14,0.053092174
volume_change,0.052440967
BB_upper,0.05026131
