Feature,Importance
Low,0.078825876
10_day_ma,0.075247906
volume_change,0.07336016
Close,0.072147064
High,0.06954621
Open,0.06056798
volatility_10,0.058832847
5_day_ma,0.058782462
Volume,0.053649645
20_day_std,0.05311079
MACD,0.051956885
20_day_ma,0.051688403
BB_lower,0.0508521
daily_return,0.049517315
MACD_signal,0.047555424
BB_upper,0.047461096
RSI_14,0.04689782
