Feature,Importance
Low,0.07299824
MACD_signal,0.070643894
MACD,0.064939596
High,0.06449114
20_day_ma,0.06270338
BB_upper,0.06156341
Open,0.061508216
volume_change,0.059618935
5_day_ma,0.058923163
RSI_14,0.057883788
10_day_ma,0.057030603
Close,0.055433776
volatility_10,0.05276167
Volume,0.0523665
BB_lower,0.052228358
20_day_std,0.048201274
daily_return,0.04670407
