Feature,Importance
10_day_ma,0.08207548
Open,0.07103596
volume_change,0.06856186
High,0.06473819
5_day_ma,0.06419861
Close,0.058992036
Volume,0.058299977
daily_return,0.057610072
Low,0.056818713
BB_lower,0.056196008
volatility_10,0.055327807
MACD_signal,0.054740142
20_day_ma,0.053815495
MACD,0.053668767
BB_upper,0.050552983
20_day_std,0.048146233
RSI_14,0.04522173
