Feature,Importance
Open,0.06434669
5_day_ma,0.06260412
BB_lower,0.06196601
High,0.06169125
10_day_ma,0.061280627
Low,0.060639445
20_day_std,0.060405042
daily_return,0.06000003
volume_change,0.05968791
RSI_14,0.058913447
Close,0.058589034
20_day_ma,0.05804147
BB_upper,0.05671582
MACD,0.055542983
MACD_signal,0.054576218
Volume,0.053315893
volatility_10,0.051684
