Feature,Importance
BB_upper,0.07418257
Low,0.070444465
Close,0.06616099
20_day_std,0.06552501
BB_lower,0.062968664
5_day_ma,0.061166037
RSI_14,0.0600209
volatility_10,0.058470845
MACD_signal,0.058462188
MACD,0.05825456
daily_return,0.05707696
High,0.055556733
Open,0.05295317
20_day_ma,0.05210289
volume_change,0.050844092
Volume,0.0505573
10_day_ma,0.045252606
