Feature,Importance
MACD,0.06857854
volume_change,0.06447669
10_day_ma,0.06407715
High,0.06270896
volatility_10,0.060529724
Low,0.059933655
BB_lower,0.059696358
Volume,0.058947474
RSI_14,0.058554415
5_day_ma,0.057908233
MACD_signal,0.057873603
20_day_std,0.0578169
Open,0.056299426
Close,0.054516748
daily_return,0.05426988
BB_upper,0.052662738
20_day_ma,0.051149502
