Feature,Importance
Low,0.071073405
BB_upper,0.06613335
MACD_signal,0.064247124
Open,0.06172629
5_day_ma,0.061516937
MACD,0.06082627
RSI_14,0.060783975
High,0.060334813
Close,0.059607163
20_day_std,0.0591552
BB_lower,0.05615838
volume_change,0.05593345
20_day_ma,0.05535584
Volume,0.053555664
volatility_10,0.052101932
daily_return,0.052076492
10_day_ma,0.04941371
