Feature,Importance
volatility_10,0.06586729
daily_return,0.06560481
20_day_std,0.064662024
BB_upper,0.063165165
MACD,0.062254757
BB_lower,0.061511323
Open,0.05968502
RSI_14,0.059617914
Volume,0.059610996
5_day_ma,0.05834627
volume_change,0.05825234
Close,0.05654312
MACD_signal,0.05521681
Low,0.054869413
10_day_ma,0.05333614
High,0.051909186
20_day_ma,0.049547363
