Feature,Importance
Close,0.06694972
RSI_14,0.066340916
volatility_10,0.063996516
BB_upper,0.06359444
daily_return,0.060368773
20_day_std,0.05958262
Open,0.059076313
BB_lower,0.0584474
MACD,0.058304068
10_day_ma,0.057873484
20_day_ma,0.056584325
MACD_signal,0.056526292
Low,0.055381414
High,0.05510369
Volume,0.054931767
5_day_ma,0.053709343
volume_change,0.05322897
