Feature,Importance
20_day_ma,0.09337137
High,0.07228343
20_day_std,0.069502816
5_day_ma,0.06916935
volatility_10,0.06305799
RSI_14,0.062157504
10_day_ma,0.061945625
MACD_signal,0.058767755
Close,0.058353018
volume_change,0.056826796
Low,0.052404072
Open,0.052350234
BB_lower,0.050140094
Volume,0.047808126
MACD,0.046558075
BB_upper,0.04384403
daily_return,0.041459702
