Feature,Importance
Open,0.07583125
20_day_ma,0.07522737
MACD,0.070760354
10_day_ma,0.06946622
RSI_14,0.06375692
BB_lower,0.0615313
High,0.060537536
MACD_signal,0.060526084
Close,0.057292283
Volume,0.055401314
BB_upper,0.054807592
daily_return,0.053560004
5_day_ma,0.04988895
volume_change,0.049361274
20_day_std,0.048691206
volatility_10,0.047309183
Low,0.0460512
