Feature,Importance
MACD,0.083416976
Low,0.07833331
MACD_signal,0.07271557
BB_upper,0.06752674
RSI_14,0.06433901
volume_change,0.05860008
Open,0.057315256
BB_lower,0.05680742
5_day_ma,0.05662684
Close,0.055902135
daily_return,0.052910663
volatility_10,0.052423336
20_day_std,0.05013232
Volume,0.04995026
20_day_ma,0.049706917
High,0.048821285
10_day_ma,0.04447184
