Feature,Importance
5_day_ma,0.072052196
MACD,0.06910546
Close,0.06870258
High,0.06462594
Open,0.06356232
BB_lower,0.061790556
Low,0.061723422
volume_change,0.060594007
RSI_14,0.059916522
volatility_10,0.059484884
daily_return,0.05651617
BB_upper,0.055747617
MACD_signal,0.052378904
20_day_std,0.052212626
20_day_ma,0.0513306
Volume,0.04788451
10_day_ma,0.04237166
