Feature,Importance
MACD_signal,0.06701143
MACD,0.06417924
Low,0.063228406
Close,0.06250913
volatility_10,0.06152753
volume_change,0.059952006
10_day_ma,0.05978767
5_day_ma,0.05960205
BB_lower,0.05949272
BB_upper,0.058834672
20_day_ma,0.058369078
Open,0.058033656
daily_return,0.056580782
Volume,0.05530459
High,0.055264387
RSI_14,0.051747028
20_day_std,0.048575625
