Feature,Importance
10_day_ma,0.08103901
Close,0.06948814
Volume,0.06241989
Low,0.06241058
5_day_ma,0.062184747
Open,0.06012467
BB_upper,0.059937168
20_day_ma,0.059210695
daily_return,0.05752256
High,0.05613441
BB_lower,0.056132678
MACD,0.055849332
20_day_std,0.055829734
MACD_signal,0.0532066
RSI_14,0.053157266
volume_change,0.048908535
volatility_10,0.046443988
