Feature,Importance
MACD_signal,0.069153585
MACD,0.06640859
BB_lower,0.06310945
Low,0.061504107
volatility_10,0.05946759
5_day_ma,0.059409488
High,0.0588719
20_day_std,0.058352154
BB_upper,0.058128733
10_day_ma,0.05799794
20_day_ma,0.057222296
daily_return,0.057155266
Open,0.05695185
volume_change,0.056674715
Volume,0.055851065
RSI_14,0.053028077
Close,0.050713114
