Feature,Importance
Low,0.07621727
BB_lower,0.06899687
volume_change,0.06594703
High,0.06426133
BB_upper,0.06348451
20_day_ma,0.061203457
5_day_ma,0.06071926
Open,0.058692656
Close,0.057112515
10_day_ma,0.055108037
MACD_signal,0.054638285
MACD,0.05439123
20_day_std,0.054107334
daily_return,0.053682532
volatility_10,0.052031793
Volume,0.05013361
RSI_14,0.049272276
