Feature,Importance
MACD,0.07348229
Close,0.065688565
High,0.06422848
Low,0.06379012
BB_upper,0.059573576
5_day_ma,0.05923427
BB_lower,0.057428923
Open,0.057422955
RSI_14,0.057362616
volatility_10,0.05730597
20_day_ma,0.057255354
10_day_ma,0.056894757
volume_change,0.056138407
daily_return,0.056063652
20_day_std,0.05366637
MACD_signal,0.05294999
Volume,0.051513728
