Feature,Importance
20_day_ma,0.06921538
Low,0.06656123
20_day_std,0.0627194
Close,0.061995514
Open,0.06176427
10_day_ma,0.060915817
BB_lower,0.060205985
High,0.06018475
volatility_10,0.05822031
BB_upper,0.057738207
MACD,0.056889873
daily_return,0.056508757
Volume,0.056453563
MACD_signal,0.054894082
volume_change,0.0534411
5_day_ma,0.052977946
RSI_14,0.04931375
