Feature,Importance
5_day_ma,0.07355198
Open,0.07302039
10_day_ma,0.066752516
Low,0.062323395
20_day_ma,0.061621863
20_day_std,0.06037161
BB_lower,0.059892822
volume_change,0.058325607
High,0.057040203
BB_upper,0.055735286
volatility_10,0.05514628
RSI_14,0.055120625
Volume,0.055067737
MACD,0.055054158
MACD_signal,0.052424558
daily_return,0.049634185
Close,0.04891676
