Feature,Importance
Close,0.07539253
Open,0.0749811
RSI_14,0.07338034
10_day_ma,0.07307394
Low,0.06267019
Volume,0.05845475
BB_upper,0.058344558
volume_change,0.05807775
daily_return,0.05763636
5_day_ma,0.057239138
MACD_signal,0.055517457
BB_lower,0.053727202
High,0.053365283
volatility_10,0.049214326
MACD,0.048424557
20_day_ma,0.047148623
20_day_std,0.04335191
