Feature,Importance
20_day_std,0.07051699
MACD_signal,0.070373096
Low,0.06878978
20_day_ma,0.06601909
High,0.06475792
MACD,0.062781334
10_day_ma,0.06258723
volume_change,0.061496176
BB_lower,0.060009282
Close,0.058772262
BB_upper,0.055899367
Volume,0.053000066
daily_return,0.05075472
volatility_10,0.05037921
RSI_14,0.049104273
Open,0.047803655
5_day_ma,0.046955526
