Feature,Importance
BB_lower,0.06842426
20_day_ma,0.065617196
10_day_ma,0.06524902
5_day_ma,0.06346471
MACD,0.06281723
Low,0.06005858
Close,0.059716504
BB_upper,0.059014075
20_day_std,0.058256343
volume_change,0.05703975
volatility_10,0.056240264
RSI_14,0.05594524
Volume,0.055644676
MACD_signal,0.055251546
Open,0.054743867
High,0.053234607
daily_return,0.04928207
