Feature,Importance
20_day_ma,0.07734148
BB_lower,0.06964844
BB_upper,0.066306375
volatility_10,0.06552901
volume_change,0.06297438
MACD,0.062253628
High,0.06152492
Volume,0.05969293
10_day_ma,0.059175424
Open,0.058646925
5_day_ma,0.05616304
daily_return,0.05582667
Close,0.05397838
MACD_signal,0.053662855
RSI_14,0.053545494
20_day_std,0.04809937
Low,0.035630617
