Feature,Importance
BB_upper,0.09273054
10_day_ma,0.083982974
High,0.07965239
MACD,0.06862726
MACD_signal,0.0683671
volatility_10,0.06576829
Low,0.06053047
Close,0.0585168
BB_lower,0.05476368
RSI_14,0.05301757
Volume,0.051622987
daily_return,0.04810288
20_day_std,0.04618007
volume_change,0.045940418
20_day_ma,0.04575867
5_day_ma,0.044772916
Open,0.031664908
