Feature,Importance
BB_lower,0.07454863
20_day_ma,0.06775162
volatility_10,0.0654588
Close,0.065155156
BB_upper,0.06457564
20_day_std,0.0623111
Low,0.060589816
MACD_signal,0.0604914
MACD,0.060373027
Open,0.058831908
Volume,0.056487925
daily_return,0.05530705
10_day_ma,0.054201197
volume_change,0.04973998
RSI_14,0.048926063
5_day_ma,0.048559193
High,0.046691563
