Feature,Importance
MACD_signal,0.07475202
High,0.070548534
BB_lower,0.06759645
5_day_ma,0.064248756
volatility_10,0.06336646
Close,0.062199086
BB_upper,0.06209447
Low,0.059358828
10_day_ma,0.058209203
Open,0.057648316
MACD,0.05726366
volume_change,0.05448436
daily_return,0.050931253
20_day_ma,0.05012046
20_day_std,0.050023455
RSI_14,0.049579233
Volume,0.047575515
