Feature,Importance
20_day_ma,0.08002217
volatility_10,0.066218704
10_day_ma,0.06567969
BB_lower,0.06545473
Open,0.06348298
MACD,0.06129368
BB_upper,0.06047143
5_day_ma,0.05891188
20_day_std,0.058179975
volume_change,0.05787594
Volume,0.05710181
High,0.05313637
daily_return,0.052783877
RSI_14,0.05150984
Close,0.050447505
Low,0.05043359
MACD_signal,0.04699587
