Feature,Importance
20_day_ma,0.07117654
Open,0.07098257
10_day_ma,0.070622295
5_day_ma,0.07047882
Volume,0.06320361
volatility_10,0.061679184
volume_change,0.060836174
High,0.0596044
MACD_signal,0.058217883
BB_upper,0.057925202
daily_return,0.057450935
MACD,0.05644116
RSI_14,0.05366337
Close,0.051578715
BB_lower,0.046116408
20_day_std,0.045596898
Low,0.04442584
