Feature,Importance
Close,0.089768216
High,0.08182474
MACD_signal,0.08154754
BB_upper,0.069921985
volatility_10,0.06651989
volume_change,0.063155696
Open,0.059138823
MACD,0.05781227
5_day_ma,0.057460573
Low,0.054685522
10_day_ma,0.04905427
daily_return,0.048083484
20_day_std,0.048063274
20_day_ma,0.047477525
BB_lower,0.04546712
Volume,0.04077669
RSI_14,0.039242394
