Feature,Importance
BB_upper,0.06688599
daily_return,0.065756604
Volume,0.06544282
5_day_ma,0.06474065
Low,0.060382113
20_day_std,0.060112476
BB_lower,0.059119992
RSI_14,0.058856573
10_day_ma,0.058772128
volatility_10,0.057773784
Close,0.056711372
MACD,0.056700647
20_day_ma,0.055159867
volume_change,0.055080026
Open,0.054580063
MACD_signal,0.052019157
High,0.051905733
