Feature,Importance
Open,0.07509901
Close,0.068422206
MACD,0.06569153
RSI_14,0.06450254
Low,0.06445143
daily_return,0.06165662
5_day_ma,0.061641857
volume_change,0.06163456
BB_lower,0.05793496
volatility_10,0.056756645
10_day_ma,0.056178037
Volume,0.055859555
High,0.053921614
BB_upper,0.050069395
20_day_ma,0.050021123
MACD_signal,0.049309563
20_day_std,0.04684924
