Feature,Importance
5_day_ma,0.07213672
BB_upper,0.068419345
Open,0.06609602
BB_lower,0.06494955
daily_return,0.06284122
10_day_ma,0.061408393
20_day_ma,0.05853675
20_day_std,0.057557102
Volume,0.057326373
RSI_14,0.056888673
High,0.056028306
Close,0.055277023
volatility_10,0.054764777
Low,0.05422812
MACD,0.051933035
MACD_signal,0.051342297
volume_change,0.050266236
