Feature,Importance
High,0.078463
Low,0.07675673
Open,0.07011578
BB_lower,0.06680409
20_day_ma,0.06539402
BB_upper,0.064057305
5_day_ma,0.06104569
Volume,0.058799002
volatility_10,0.05771971
Close,0.05414751
MACD,0.053629443
volume_change,0.053082015
20_day_std,0.052435726
MACD_signal,0.051905364
daily_return,0.051606327
RSI_14,0.04353354
10_day_ma,0.04050477
