Feature,Importance
Low,0.09360734
High,0.08034045
5_day_ma,0.07490803
volatility_10,0.0645241
BB_upper,0.060221095
20_day_ma,0.059279446
20_day_std,0.057372525
Volume,0.055940874
daily_return,0.05363955
10_day_ma,0.05342336
MACD_signal,0.052498408
MACD,0.051899925
BB_lower,0.05117273
Close,0.050125774
volume_change,0.049697384
Open,0.047011383
RSI_14,0.044337597
