Feature,Importance
Low,0.07376237
High,0.06827858
5_day_ma,0.06768087
BB_lower,0.06566324
Open,0.063168965
20_day_ma,0.06285913
Volume,0.057455238
Close,0.05732708
MACD_signal,0.05726361
MACD,0.05682301
10_day_ma,0.056449544
BB_upper,0.05553629
volume_change,0.054452203
20_day_std,0.053341337
daily_return,0.05118962
volatility_10,0.049400922
RSI_14,0.04934794
