Feature,Importance
High,0.07912268
MACD_signal,0.07494857
volatility_10,0.066573896
Close,0.06329935
BB_lower,0.063134305
BB_upper,0.062333804
volume_change,0.060842335
MACD,0.06023295
20_day_ma,0.059180032
20_day_std,0.058685366
daily_return,0.055811513
Volume,0.054604273
RSI_14,0.054438602
5_day_ma,0.05422079
Low,0.053751122
10_day_ma,0.048115496
Open,0.030704888
