Feature,Importance
10_day_ma,0.08628193
5_day_ma,0.0724609
20_day_ma,0.070724614
BB_upper,0.06538326
Low,0.0643935
Close,0.06384299
BB_lower,0.059456967
High,0.05732911
MACD,0.05515038
daily_return,0.054681405
Open,0.053347263
20_day_std,0.052913826
volatility_10,0.05128139
Volume,0.05122442
volume_change,0.050177522
MACD_signal,0.046504866
RSI_14,0.04484564
