Feature,Importance
BB_lower,0.070023686
MACD_signal,0.065083355
MACD,0.06419222
Low,0.06267982
volatility_10,0.06233511
BB_upper,0.0611696
5_day_ma,0.060573816
20_day_std,0.0599582
Volume,0.058813073
Open,0.058673684
daily_return,0.058454905
10_day_ma,0.057335086
volume_change,0.056962937
High,0.05504372
20_day_ma,0.052367337
RSI_14,0.048985437
Close,0.047347993
