Feature,Importance
5_day_ma,0.08312062
Low,0.072762474
10_day_ma,0.06891672
High,0.06543086
Open,0.06260195
Close,0.060967427
volume_change,0.060007222
volatility_10,0.059481215
BB_lower,0.05841902
BB_upper,0.05541116
MACD_signal,0.05483
Volume,0.05438363
MACD,0.05173404
RSI_14,0.049339592
20_day_std,0.0487
20_day_ma,0.04823082
daily_return,0.045663293
