Feature,Importance
Open,0.07176971
BB_upper,0.07051499
daily_return,0.06648295
10_day_ma,0.06438574
20_day_std,0.062902965
Volume,0.061862282
MACD,0.059294432
20_day_ma,0.057718657
High,0.057082307
RSI_14,0.057017904
5_day_ma,0.055297714
volatility_10,0.05491743
MACD_signal,0.053391095
volume_change,0.05289871
Close,0.052621864
Low,0.051131167
BB_lower,0.050710093
