Feature,Importance
5_day_ma,0.06670973
daily_return,0.066651635
Volume,0.06278161
Low,0.062588625
10_day_ma,0.061059527
BB_upper,0.06050562
20_day_std,0.060468372
Open,0.06018775
20_day_ma,0.059586417
volume_change,0.059267305
MACD,0.05748266
High,0.05701981
volatility_10,0.055688437
RSI_14,0.054527145
MACD_signal,0.052467544
BB_lower,0.051832736
Close,0.051175043
