Feature,Importance
Low,0.07365976
volume_change,0.06885592
MACD,0.06612198
MACD_signal,0.064630546
BB_lower,0.06288982
5_day_ma,0.06196689
BB_upper,0.06104257
volatility_10,0.06017532
10_day_ma,0.05846125
High,0.058340244
20_day_std,0.058253665
daily_return,0.05446944
Volume,0.05433155
RSI_14,0.05297966
Open,0.050402846
20_day_ma,0.04680625
Close,0.046612285
