Feature,Importance
20_day_ma,0.07109804
BB_lower,0.070858866
High,0.06743846
MACD_signal,0.06630831
Open,0.065816835
BB_upper,0.061890796
Volume,0.061477024
MACD,0.06026739
Close,0.057495054
20_day_std,0.05502507
volatility_10,0.054699093
volume_change,0.05415163
daily_return,0.05412167
RSI_14,0.052941147
5_day_ma,0.050363943
10_day_ma,0.0483493
Low,0.04769734
