Feature,Importance
Open,0.07647859
Close,0.07148955
High,0.06988996
Low,0.06623016
5_day_ma,0.06136271
MACD,0.060925208
BB_upper,0.05909388
volume_change,0.058664817
Volume,0.056497484
volatility_10,0.055678368
20_day_std,0.05494305
BB_lower,0.05428395
10_day_ma,0.053871
daily_return,0.053750914
20_day_ma,0.050363127
RSI_14,0.048299566
MACD_signal,0.04817772
