Feature,Importance
Low,0.08332808
High,0.074905805
20_day_ma,0.063093424
5_day_ma,0.06142169
daily_return,0.060463578
volatility_10,0.058818284
20_day_std,0.058647662
BB_lower,0.05779515
Open,0.057577357
volume_change,0.057498988
MACD_signal,0.05519385
10_day_ma,0.055074286
Volume,0.05351315
MACD,0.05320691
Close,0.051896904
BB_upper,0.051181532
RSI_14,0.046383366
