Feature,Importance
MACD_signal,0.067900404
Low,0.06752228
5_day_ma,0.06506593
volatility_10,0.06422226
10_day_ma,0.06286106
High,0.0591533
Open,0.058843445
BB_lower,0.058441896
MACD,0.058125522
20_day_ma,0.058108494
Close,0.057955977
volume_change,0.057132304
Volume,0.056357592
daily_return,0.055057403
20_day_std,0.05405096
BB_upper,0.05308918
RSI_14,0.04611204
