Feature,Importance
10_day_ma,0.08034309
Open,0.07306671
Close,0.06999062
BB_lower,0.06700602
High,0.06417924
Volume,0.063731104
MACD,0.061459314
volatility_10,0.060605224
BB_upper,0.05821129
volume_change,0.05622878
Low,0.054062806
5_day_ma,0.05321435
daily_return,0.051802617
MACD_signal,0.04942392
RSI_14,0.04859136
20_day_std,0.047047347
20_day_ma,0.041036256
