Feature,Importance
10_day_ma,0.07130793
5_day_ma,0.068954185
Close,0.065552026
RSI_14,0.062922135
High,0.06110434
MACD,0.060993113
Low,0.060833592
BB_lower,0.059533678
daily_return,0.058623068
volume_change,0.057833545
20_day_ma,0.05776945
MACD_signal,0.05475994
Volume,0.05474082
volatility_10,0.053645365
BB_upper,0.052838244
Open,0.05017064
20_day_std,0.04841798
