Feature,Importance
Low,0.07184569
BB_upper,0.06932597
volatility_10,0.06549552
volume_change,0.06166987
MACD,0.06140238
RSI_14,0.061379235
20_day_std,0.059481826
10_day_ma,0.058505543
BB_lower,0.05802253
5_day_ma,0.057445448
High,0.057001743
Close,0.055942215
Open,0.05477081
MACD_signal,0.054048903
20_day_ma,0.052993312
Volume,0.050436188
daily_return,0.050232787
