Feature,Importance
High,0.07189142
volume_change,0.068894275
10_day_ma,0.06699245
20_day_std,0.066620074
Open,0.0661395
Low,0.064148925
BB_upper,0.062101573
BB_lower,0.06084325
20_day_ma,0.056180768
volatility_10,0.05576686
RSI_14,0.054594137
MACD,0.054040432
daily_return,0.052109476
Volume,0.051986765
MACD_signal,0.051074117
5_day_ma,0.050024696
Close,0.046591293
