Feature,Importance
RSI_14,0.071132444
Low,0.065080665
5_day_ma,0.06366787
MACD,0.062685534
daily_return,0.061944205
20_day_std,0.061885044
20_day_ma,0.061324842
volatility_10,0.05949789
Volume,0.05921961
BB_lower,0.059091486
BB_upper,0.058987666
10_day_ma,0.05841778
volume_change,0.057119325
MACD_signal,0.055001006
Close,0.053496268
High,0.049131993
Open,0.0423164
