Feature,Importance
Open,0.08195233
5_day_ma,0.06677758
volatility_10,0.06606931
20_day_ma,0.06599608
MACD,0.063244514
Close,0.061375048
Volume,0.06136529
volume_change,0.060492918
BB_lower,0.05904004
BB_upper,0.057751384
daily_return,0.05690713
MACD_signal,0.056317836
20_day_std,0.05466313
10_day_ma,0.05364811
Low,0.048767388
RSI_14,0.046368908
High,0.039263036
