Feature,Importance
10_day_ma,0.06998987
Open,0.069058046
5_day_ma,0.063023426
volatility_10,0.06112945
MACD_signal,0.060308214
daily_return,0.060306367
High,0.06002513
BB_lower,0.059346363
Volume,0.05918533
20_day_std,0.05807868
20_day_ma,0.057070736
MACD,0.05627859
Close,0.053871766
Low,0.053632285
RSI_14,0.05351365
BB_upper,0.052718587
volume_change,0.052463483
