Feature,Importance
MACD,0.0668233
RSI_14,0.06655257
10_day_ma,0.06393375
BB_lower,0.06181276
BB_upper,0.060255352
MACD_signal,0.05985159
volatility_10,0.059199486
daily_return,0.058431823
volume_change,0.058134962
Low,0.057669014
Volume,0.056992695
5_day_ma,0.05654163
High,0.056506265
20_day_std,0.05623991
20_day_ma,0.054541983
Open,0.05329225
Close,0.053220686
