Feature,Importance
Close,0.073033035
BB_lower,0.067674465
20_day_std,0.06613556
volume_change,0.064482376
Low,0.06336756
BB_upper,0.062561035
20_day_ma,0.060970027
5_day_ma,0.05960965
10_day_ma,0.058816683
MACD,0.058231585
Volume,0.058150534
daily_return,0.053128004
RSI_14,0.05258163
MACD_signal,0.051835224
volatility_10,0.049954515
Open,0.049741134
High,0.049727008
