Feature,Importance
5_day_ma,0.07564778
10_day_ma,0.073366396
BB_upper,0.07210225
20_day_ma,0.07103784
BB_lower,0.06831015
High,0.06710376
RSI_14,0.0635434
volume_change,0.06288525
volatility_10,0.059882082
daily_return,0.054438137
Close,0.05310472
Volume,0.051995765
Low,0.047525764
MACD_signal,0.045603264
Open,0.04517486
20_day_std,0.044377778
MACD,0.04390087
