Feature,Importance
Low,0.06792191
BB_upper,0.0675104
5_day_ma,0.067133196
BB_lower,0.06572009
daily_return,0.062325213
volatility_10,0.061768044
MACD_signal,0.059366092
Open,0.0584177
Volume,0.056584854
Close,0.056311958
High,0.055598617
20_day_std,0.055459633
RSI_14,0.05530503
MACD,0.054694988
10_day_ma,0.05254878
volume_change,0.052253366
20_day_ma,0.05108013
