Feature,Importance
RSI_14,0.06892732
10_day_ma,0.06873153
BB_upper,0.06812116
Low,0.06707759
daily_return,0.06585021
MACD_signal,0.06547614
20_day_std,0.06330854
volume_change,0.06279533
Open,0.05805634
Volume,0.056907043
MACD,0.05528382
volatility_10,0.055076
BB_lower,0.052767795
5_day_ma,0.05232999
High,0.051407926
Close,0.047304112
20_day_ma,0.04057921
