Feature,Importance
MACD_signal,0.07249824
10_day_ma,0.06944646
High,0.06560188
20_day_std,0.06411893
Low,0.06348616
BB_lower,0.06052584
Close,0.05851267
20_day_ma,0.058229405
Volume,0.057767987
MACD,0.05731007
Open,0.05694277
5_day_ma,0.055881985
daily_return,0.054122545
BB_upper,0.053011257
volume_change,0.052744202
volatility_10,0.051574923
RSI_14,0.048224732
