Feature,Importance
Low,0.085587636
High,0.07202961
5_day_ma,0.06521393
Open,0.06158935
volume_change,0.0606791
Volume,0.06006597
MACD,0.0596498
Close,0.05671641
volatility_10,0.056082144
20_day_ma,0.055595595
10_day_ma,0.05449562
BB_lower,0.05315702
RSI_14,0.052836973
20_day_std,0.05276651
MACD_signal,0.051467307
daily_return,0.051320717
BB_upper,0.05074635
