Feature,Importance
Low,0.09093949
BB_upper,0.08446355
10_day_ma,0.06897479
BB_lower,0.06796885
Close,0.06648315
High,0.064225994
5_day_ma,0.05803361
Open,0.05762636
RSI_14,0.056016862
volume_change,0.050677735
volatility_10,0.05043679
daily_return,0.049755413
Volume,0.049382072
20_day_ma,0.04921195
MACD_signal,0.048443396
MACD,0.047217846
20_day_std,0.04014216
