Feature,Importance
Low,0.071647406
RSI_14,0.067215
20_day_ma,0.06571109
10_day_ma,0.063976854
Close,0.06384848
MACD_signal,0.060464118
BB_lower,0.05963402
MACD,0.059435904
volatility_10,0.058894593
5_day_ma,0.05554869
Open,0.055450108
Volume,0.05517548
volume_change,0.05333575
High,0.053264987
BB_upper,0.05269252
20_day_std,0.052566167
daily_return,0.0511389
