Feature,Importance
MACD_signal,0.071032204
BB_upper,0.06927949
High,0.0660119
BB_lower,0.06443433
20_day_std,0.062832765
Open,0.06190382
volatility_10,0.060192157
Low,0.059560828
10_day_ma,0.058761116
MACD,0.056096103
Volume,0.054793496
5_day_ma,0.054361854
20_day_ma,0.05409676
Close,0.05384322
volume_change,0.051206343
RSI_14,0.051047947
daily_return,0.05054572
