Feature,Importance
Close,0.07797393
BB_lower,0.075967014
MACD_signal,0.075341806
20_day_ma,0.07475837
20_day_std,0.0676979
daily_return,0.06701312
volatility_10,0.06298296
MACD,0.059900112
Low,0.059496064
volume_change,0.057021968
Volume,0.056917697
High,0.05249072
BB_upper,0.049351096
RSI_14,0.04880973
5_day_ma,0.04284751
10_day_ma,0.036010634
Open,0.03541933
