Feature,Importance
Low,0.07231847
High,0.06940681
5_day_ma,0.0689709
BB_upper,0.06576471
Open,0.06344523
BB_lower,0.0627555
MACD_signal,0.06066244
20_day_std,0.060481276
Close,0.057617158
20_day_ma,0.056394424
MACD,0.05549617
10_day_ma,0.05391453
Volume,0.053749707
daily_return,0.051703684
volume_change,0.0501096
RSI_14,0.04921476
volatility_10,0.047994625
