Feature,Importance
5_day_ma,0.06897178
MACD_signal,0.066956945
BB_lower,0.064810894
BB_upper,0.06299541
volume_change,0.06179328
volatility_10,0.061495733
RSI_14,0.06026093
MACD,0.059945717
20_day_std,0.059640698
High,0.05897394
daily_return,0.057419002
Volume,0.055752
20_day_ma,0.054714598
Close,0.05215474
Low,0.05187004
10_day_ma,0.05183096
Open,0.050413355
