Feature,Importance
High,0.09937823
20_day_ma,0.07765026
Low,0.072666265
BB_lower,0.06627494
10_day_ma,0.063977934
daily_return,0.06300907
RSI_14,0.060151063
Close,0.05808534
20_day_std,0.0573779
Open,0.05493195
volume_change,0.053792916
MACD_signal,0.05200108
volatility_10,0.05080738
Volume,0.04795662
MACD,0.046872243
5_day_ma,0.04607884
BB_upper,0.028987918
