Feature,Importance
BB_upper,0.06810846
Low,0.066891745
5_day_ma,0.06542073
MACD_signal,0.06379897
MACD,0.06337357
RSI_14,0.06247851
Open,0.061553594
20_day_ma,0.059518546
volume_change,0.058927026
BB_lower,0.05762316
Close,0.05643498
High,0.055261776
volatility_10,0.055175643
20_day_std,0.054501876
Volume,0.051832754
daily_return,0.051114213
10_day_ma,0.047984403
