Feature,Importance
MACD,0.07671066
20_day_std,0.068118565
volatility_10,0.062925406
BB_upper,0.06255651
High,0.061882302
Low,0.06132222
Close,0.06061343
volume_change,0.05914038
Volume,0.058347728
MACD_signal,0.05719707
5_day_ma,0.056339595
Open,0.054347984
10_day_ma,0.0532192
daily_return,0.05281594
BB_lower,0.052550536
20_day_ma,0.05143837
RSI_14,0.05047409
