Feature,Importance
BB_lower,0.07059674
10_day_ma,0.068066046
MACD,0.06748752
20_day_std,0.0657899
Volume,0.06269075
volume_change,0.061715826
BB_upper,0.059445255
20_day_ma,0.0582961
daily_return,0.05756377
RSI_14,0.057249412
High,0.05645999
MACD_signal,0.056146793
volatility_10,0.054334316
Low,0.054177888
Close,0.053126194
5_day_ma,0.05033459
Open,0.046518907
