Feature,Importance
Open,0.0712369
MACD_signal,0.06729862
20_day_std,0.066036485
BB_upper,0.06465953
volatility_10,0.0642989
MACD,0.06094297
BB_lower,0.06044466
Volume,0.059482533
volume_change,0.05887594
daily_return,0.05669296
20_day_ma,0.056564294
Close,0.056264512
Low,0.055974074
RSI_14,0.05451996
10_day_ma,0.05116673
High,0.050477944
5_day_ma,0.045062974
