Feature,Importance
Volume,0.07938909
20_day_ma,0.07204721
High,0.071361944
Low,0.06999846
5_day_ma,0.068075724
BB_lower,0.06785034
Open,0.06571409
MACD,0.062057067
volatility_10,0.05923514
RSI_14,0.0548403
Close,0.052455958
BB_upper,0.050352614
volume_change,0.049830906
MACD_signal,0.049555317
20_day_std,0.04877958
daily_return,0.041952528
10_day_ma,0.036503755
