Feature,Importance
High,0.07721269
Open,0.0684366
5_day_ma,0.06428289
MACD_signal,0.06362328
MACD,0.06255447
Volume,0.05944603
20_day_std,0.059206016
10_day_ma,0.059066933
Close,0.057253055
RSI_14,0.056215685
20_day_ma,0.05593644
daily_return,0.055679876
BB_upper,0.05482109
volatility_10,0.054152645
BB_lower,0.053746484
volume_change,0.050424907
Low,0.047940884
