Feature,Importance
Open,0.08391145
10_day_ma,0.07286421
Low,0.07095996
RSI_14,0.06787599
MACD_signal,0.0655451
High,0.061086565
daily_return,0.058027048
BB_upper,0.057976082
20_day_ma,0.05773513
Close,0.056890193
5_day_ma,0.056231506
volume_change,0.055797055
MACD,0.052163698
Volume,0.050733708
volatility_10,0.047274057
BB_lower,0.045525502
20_day_std,0.039402854
