Feature,Importance
BB_upper,0.076459676
Low,0.07011532
volume_change,0.06729801
20_day_ma,0.06672723
10_day_ma,0.06403055
5_day_ma,0.06237645
MACD_signal,0.06179573
20_day_std,0.060172882
RSI_14,0.059301037
Close,0.057691593
MACD,0.05724129
volatility_10,0.053029455
Open,0.052441962
Volume,0.05117955
daily_return,0.050169352
High,0.045596853
BB_lower,0.044373017
