Feature,Importance
10_day_ma,0.09237385
Close,0.081589274
Open,0.07085722
Low,0.06768515
5_day_ma,0.06344642
BB_upper,0.062165502
RSI_14,0.06017648
volatility_10,0.056857504
MACD,0.05496678
volume_change,0.05316477
Volume,0.051822904
20_day_ma,0.05072834
20_day_std,0.049166325
BB_lower,0.048671395
MACD_signal,0.046928428
daily_return,0.046221215
High,0.043178387
