Feature,Importance
Low,0.07739877
5_day_ma,0.06552494
20_day_ma,0.065091655
BB_upper,0.06413528
volume_change,0.063973196
BB_lower,0.058551025
20_day_std,0.05799938
RSI_14,0.057417933
MACD_signal,0.05737468
Volume,0.05705772
daily_return,0.05676736
Open,0.0565089
10_day_ma,0.056138393
volatility_10,0.055600468
MACD,0.05392401
High,0.053343993
Close,0.043192297
