Feature,Importance
BB_lower,0.081764884
High,0.07771663
BB_upper,0.07286272
volume_change,0.06656145
10_day_ma,0.06509955
daily_return,0.063245155
Low,0.062393952
5_day_ma,0.060455285
RSI_14,0.05781061
Open,0.057194505
20_day_std,0.055129256
volatility_10,0.05030635
Close,0.049638577
MACD_signal,0.04905333
20_day_ma,0.04492407
Volume,0.043103553
MACD,0.042740155
