Feature,Importance
High,0.09114097
Open,0.081257395
20_day_ma,0.07924711
RSI_14,0.06461812
10_day_ma,0.06277192
Close,0.059672877
MACD,0.058435682
Low,0.057489
5_day_ma,0.05612366
BB_upper,0.055313136
BB_lower,0.053631388
daily_return,0.05250858
volatility_10,0.050493896
Volume,0.04730575
MACD_signal,0.045721773
20_day_std,0.042294666
volume_change,0.041974038
