Feature,Importance
BB_upper,0.069557056
MACD,0.06358577
20_day_std,0.062041618
20_day_ma,0.061278835
10_day_ma,0.06126314
High,0.060357295
5_day_ma,0.060167175
BB_lower,0.05924924
volume_change,0.059237562
daily_return,0.058453817
MACD_signal,0.057250205
RSI_14,0.057112977
Volume,0.05652106
Open,0.055133745
volatility_10,0.054003615
Low,0.05371205
Close,0.051074814
