Feature,Importance
MACD,0.07088909
5_day_ma,0.063058734
RSI_14,0.062087387
MACD_signal,0.061956026
volatility_10,0.061595216
10_day_ma,0.061197724
Low,0.060112264
Volume,0.06004944
Open,0.05935121
volume_change,0.057864957
20_day_ma,0.055530436
BB_upper,0.055321064
20_day_std,0.05513704
High,0.055136435
BB_lower,0.055008866
daily_return,0.054578792
Close,0.05112528
