Feature,Importance
BB_upper,0.077424504
Low,0.06840022
volume_change,0.06731262
5_day_ma,0.06534652
High,0.06318094
RSI_14,0.062060233
daily_return,0.06052522
20_day_std,0.05812084
10_day_ma,0.057234
20_day_ma,0.057063725
Open,0.055215564
MACD_signal,0.05471702
Close,0.054278776
volatility_10,0.053371154
MACD,0.05281096
BB_lower,0.05045979
Volume,0.042477954
