Feature,Importance
volatility_10,0.080562554
Open,0.07758792
Close,0.0727395
10_day_ma,0.07220127
Low,0.06978525
5_day_ma,0.06392998
20_day_std,0.060689945
20_day_ma,0.05979328
MACD,0.053724095
MACD_signal,0.053436864
daily_return,0.052945476
High,0.05157359
Volume,0.05079108
volume_change,0.05055473
RSI_14,0.048185118
BB_lower,0.042377077
BB_upper,0.039122235
