Feature,Importance
10_day_ma,0.07265944
volume_change,0.071387105
Open,0.06532665
5_day_ma,0.06410585
BB_upper,0.061780564
MACD,0.059727784
RSI_14,0.05962229
Volume,0.059165157
Low,0.059027895
daily_return,0.05730582
Close,0.05689499
BB_lower,0.05567579
MACD_signal,0.05451341
High,0.052777268
20_day_ma,0.05251367
volatility_10,0.04924805
20_day_std,0.048268206
