Feature,Importance
High,0.068458706
5_day_ma,0.066328935
10_day_ma,0.062375594
volume_change,0.061758336
20_day_ma,0.061361734
volatility_10,0.0606392
20_day_std,0.06061353
RSI_14,0.058961276
BB_upper,0.058169078
MACD_signal,0.05733587
Low,0.056753773
Volume,0.056577466
daily_return,0.056186434
Close,0.055736452
BB_lower,0.055722848
MACD,0.05378855
Open,0.049232204
