Feature,Importance
MACD_signal,0.07948669
Close,0.07107639
Low,0.068367146
RSI_14,0.063645445
BB_upper,0.062982515
volume_change,0.062209915
5_day_ma,0.06148736
High,0.05918042
MACD,0.058583297
10_day_ma,0.057567555
volatility_10,0.0572302
20_day_std,0.055542916
daily_return,0.052811027
BB_lower,0.051674444
20_day_ma,0.047332812
Volume,0.045635395
Open,0.045186456
