Feature,Importance
volume_change,0.07794516
daily_return,0.06600403
RSI_14,0.063406914
5_day_ma,0.06290066
MACD,0.06081841
20_day_ma,0.059678257
BB_upper,0.059559837
Low,0.059228323
volatility_10,0.058556706
20_day_std,0.05855122
10_day_ma,0.05832428
Open,0.057189442
Close,0.05561639
MACD_signal,0.054533944
Volume,0.052488893
BB_lower,0.047849286
High,0.04734829
