Feature,Importance
Low,0.071106985
RSI_14,0.06623681
Open,0.0628418
High,0.062116552
20_day_ma,0.061303053
volatility_10,0.060616035
BB_upper,0.05994058
BB_lower,0.059240263
daily_return,0.05883145
5_day_ma,0.057867147
volume_change,0.057215218
MACD,0.05717496
10_day_ma,0.05660845
Volume,0.05479161
MACD_signal,0.054764226
20_day_std,0.05125118
Close,0.048093677
