Feature,Importance
MACD,0.06347756
BB_lower,0.06345779
BB_upper,0.06257543
Low,0.06253947
Open,0.06222797
20_day_ma,0.061189447
daily_return,0.060848217
High,0.06076798
volume_change,0.059430722
20_day_std,0.05913391
5_day_ma,0.05877424
10_day_ma,0.05755026
RSI_14,0.055972803
MACD_signal,0.055401023
Close,0.05422169
Volume,0.05129049
volatility_10,0.051140957
