Feature,Importance
20_day_ma,0.0789214
20_day_std,0.07161538
High,0.0688005
BB_upper,0.06648697
volume_change,0.06314113
Low,0.062347524
MACD_signal,0.057685368
RSI_14,0.056068152
Open,0.0560359
MACD,0.05577932
Close,0.05431303
10_day_ma,0.05277514
5_day_ma,0.052746937
volatility_10,0.052427962
BB_lower,0.051780764
Volume,0.051312853
daily_return,0.047761686
