Feature,Importance
MACD,0.0694763
RSI_14,0.06821244
20_day_std,0.06692853
BB_upper,0.06539198
Volume,0.06457657
20_day_ma,0.061840013
MACD_signal,0.061231382
5_day_ma,0.058686692
Low,0.058076795
High,0.057887048
Close,0.057315197
volatility_10,0.0565788
Open,0.054862943
daily_return,0.05388603
volume_change,0.052678823
10_day_ma,0.049934786
BB_lower,0.042435676
