Feature,Importance
MACD_signal,0.06832625
20_day_std,0.06500738
volume_change,0.064606175
BB_lower,0.06426937
Low,0.06422379
High,0.06145301
Close,0.06083741
10_day_ma,0.06083136
MACD,0.06073802
volatility_10,0.057932552
BB_upper,0.057610717
Volume,0.05646958
20_day_ma,0.05610502
daily_return,0.05498834
RSI_14,0.052910857
5_day_ma,0.04806108
Open,0.045629088
