Feature,Importance
Low,0.06575507
20_day_ma,0.06278906
High,0.06276098
MACD,0.062368985
BB_lower,0.06131757
5_day_ma,0.06077209
Close,0.060171194
10_day_ma,0.060061555
volume_change,0.05938563
BB_upper,0.059288237
MACD_signal,0.05810781
volatility_10,0.0569055
20_day_std,0.056408115
RSI_14,0.05492482
Open,0.054825626
Volume,0.05289473
daily_return,0.05126303
