Feature,Importance
volatility_10,0.0669817
20_day_ma,0.06304837
Volume,0.062297307
20_day_std,0.062252205
10_day_ma,0.061477993
High,0.061284497
Low,0.060836382
Close,0.059255805
daily_return,0.058757566
MACD_signal,0.058167323
Open,0.057092696
5_day_ma,0.056725536
BB_lower,0.056701284
MACD,0.05564446
volume_change,0.054244436
BB_upper,0.05273472
RSI_14,0.052497804
