Feature,Importance
5_day_ma,0.070688576
20_day_std,0.06690562
High,0.06643255
Low,0.064757824
BB_lower,0.062219627
20_day_ma,0.061122045
MACD,0.05893742
volume_change,0.058804955
BB_upper,0.058804102
Open,0.05876816
daily_return,0.057338
MACD_signal,0.05663308
volatility_10,0.05570152
Close,0.054766584
RSI_14,0.049945187
10_day_ma,0.049839772
Volume,0.048334952
