Feature,Importance
Low,0.097664274
5_day_ma,0.07945959
MACD_signal,0.067863986
MACD,0.065707766
RSI_14,0.06201288
High,0.061434615
Open,0.06019793
10_day_ma,0.059211846
volatility_10,0.05765125
BB_upper,0.05639911
volume_change,0.055771895
daily_return,0.051929954
Close,0.050619625
BB_lower,0.046157874
Volume,0.044601426
20_day_std,0.04448272
20_day_ma,0.03883326
