Feature,Importance
High,0.07521084
Low,0.07468485
Close,0.06637095
Open,0.063916236
volatility_10,0.06389294
volume_change,0.063076496
MACD,0.06171828
MACD_signal,0.059015654
5_day_ma,0.05870973
Volume,0.056622747
10_day_ma,0.05437145
20_day_ma,0.052686237
daily_return,0.05261893
20_day_std,0.052160688
BB_upper,0.05043972
RSI_14,0.049215954
BB_lower,0.04528829
