Feature,Importance
RSI_14,0.06487674
20_day_ma,0.064572
volume_change,0.064226404
20_day_std,0.06324232
Low,0.062979326
10_day_ma,0.062157698
5_day_ma,0.05942638
volatility_10,0.058326054
daily_return,0.058168378
Open,0.05741649
High,0.057287827
Volume,0.05653799
BB_lower,0.05607589
MACD_signal,0.055709034
MACD,0.054939292
Close,0.052254763
BB_upper,0.051803507
