Feature,Importance
High,0.07009525
MACD,0.068077244
volatility_10,0.0665987
MACD_signal,0.06511813
Open,0.062911525
20_day_std,0.06291064
volume_change,0.06128675
BB_lower,0.058632173
10_day_ma,0.057620045
5_day_ma,0.05749463
Low,0.055889945
RSI_14,0.05548994
Close,0.055354595
BB_upper,0.055094883
daily_return,0.054548867
Volume,0.050445065
20_day_ma,0.04243164
