Feature,Importance
volatility_10,0.07597079
20_day_ma,0.067274116
BB_upper,0.065990984
volume_change,0.065449126
Volume,0.06534921
daily_return,0.06357282
Open,0.06074551
MACD_signal,0.06067991
5_day_ma,0.05963479
20_day_std,0.058870748
10_day_ma,0.056765955
Low,0.055096712
BB_lower,0.053563472
High,0.050671153
MACD,0.05005789
RSI_14,0.046284
Close,0.044022765
