Feature,Importance
Low,0.10034559
MACD_signal,0.06472905
20_day_std,0.062922806
RSI_14,0.060783498
BB_lower,0.059895452
daily_return,0.059572224
Open,0.058854118
volatility_10,0.05682005
20_day_ma,0.056363758
volume_change,0.05590039
10_day_ma,0.054555174
BB_upper,0.053980473
Close,0.05384775
High,0.05344423
MACD,0.051967427
5_day_ma,0.05113665
Volume,0.044881344
