Feature,Importance
Open,0.06558899
BB_lower,0.063547164
20_day_ma,0.06301441
MACD,0.0626184
BB_upper,0.06201075
volatility_10,0.06197003
10_day_ma,0.061928067
20_day_std,0.061068002
Volume,0.06075148
volume_change,0.059496764
High,0.05783843
Low,0.056598082
MACD_signal,0.055502284
RSI_14,0.055396076
daily_return,0.05427775
Close,0.05073474
5_day_ma,0.0476585
