Feature,Importance
BB_upper,0.08749441
Close,0.076316
5_day_ma,0.06651386
volume_change,0.06462954
MACD,0.062046655
MACD_signal,0.058575477
BB_lower,0.0584368
20_day_std,0.058265004
RSI_14,0.057395156
Volume,0.05506032
Low,0.05505201
High,0.054645732
20_day_ma,0.051528204
daily_return,0.049069323
10_day_ma,0.048607755
Open,0.048362978
volatility_10,0.048000764
