Feature,Importance
Low,0.06814096
20_day_ma,0.06802191
BB_lower,0.06757544
10_day_ma,0.06448465
RSI_14,0.062778175
20_day_std,0.060758457
volume_change,0.06001883
MACD_signal,0.05822672
High,0.05785058
Open,0.05777237
5_day_ma,0.055165812
MACD,0.054948084
Close,0.054735254
daily_return,0.05383782
BB_upper,0.053026546
Volume,0.052613027
volatility_10,0.050045285
