Feature,Importance
High,0.078855865
Low,0.07819549
MACD,0.075365804
5_day_ma,0.067396365
BB_upper,0.06665643
MACD_signal,0.06567294
RSI_14,0.06319659
20_day_std,0.061968748
volume_change,0.059491195
volatility_10,0.057856176
Volume,0.054690417
Close,0.053476986
daily_return,0.05128795
10_day_ma,0.050405025
Open,0.042363193
BB_lower,0.03759179
20_day_ma,0.03552902
