Feature,Importance
Open,0.073147945
5_day_ma,0.06693749
MACD_signal,0.063296
MACD,0.06265838
volatility_10,0.061151493
High,0.060745496
daily_return,0.06013416
BB_lower,0.059017625
volume_change,0.0584873
20_day_ma,0.057320565
Low,0.056599148
Volume,0.056334976
BB_upper,0.05468008
Close,0.054134127
10_day_ma,0.053114913
RSI_14,0.05169362
20_day_std,0.05054666
