Feature,Importance
MACD_signal,0.06857048
MACD,0.06805542
10_day_ma,0.065548085
BB_lower,0.062925234
volatility_10,0.061575755
20_day_std,0.060850777
daily_return,0.057765216
volume_change,0.05724288
RSI_14,0.057152256
Low,0.056906793
Close,0.05645887
20_day_ma,0.05623777
Open,0.0559319
Volume,0.05509473
5_day_ma,0.05491718
BB_upper,0.05401921
High,0.05074736
