Feature,Importance
Low,0.06783728
High,0.0652295
BB_lower,0.065025955
BB_upper,0.063658126
20_day_std,0.06363995
RSI_14,0.06357907
volume_change,0.06316518
10_day_ma,0.058987226
Open,0.058393866
MACD,0.056382634
5_day_ma,0.055121098
daily_return,0.05460584
MACD_signal,0.054167677
20_day_ma,0.05400092
Close,0.0538953
volatility_10,0.053426065
Volume,0.04888427
