Feature,Importance
BB_upper,0.066735856
RSI_14,0.06659357
10_day_ma,0.06378482
Open,0.06306362
5_day_ma,0.0625627
Low,0.062493242
High,0.062432244
BB_lower,0.062268853
daily_return,0.060704887
Close,0.059537128
volume_change,0.058639705
MACD_signal,0.058032226
20_day_ma,0.056492697
MACD,0.052979097
Volume,0.05166233
20_day_std,0.04853015
volatility_10,0.043486893
