Feature,Importance
5_day_ma,0.087513335
High,0.07226857
MACD,0.069939464
BB_upper,0.06904021
10_day_ma,0.06145389
BB_lower,0.059117477
Volume,0.058886852
Close,0.05884323
Low,0.058000043
MACD_signal,0.055638436
RSI_14,0.055172898
volume_change,0.053943712
daily_return,0.05207007
20_day_std,0.05189492
Open,0.048234776
volatility_10,0.044224553
20_day_ma,0.043757554
