Feature,Importance
Low,0.07604318
5_day_ma,0.064940624
20_day_ma,0.06292704
10_day_ma,0.062297817
Open,0.06225741
BB_upper,0.061435446
RSI_14,0.061218947
volume_change,0.061090592
daily_return,0.05976769
BB_lower,0.05910278
Volume,0.05612877
20_day_std,0.05523939
MACD_signal,0.055106774
volatility_10,0.05430209
Close,0.052398063
High,0.04870599
MACD,0.04703744
