Feature,Importance
Low,0.07116591
High,0.06946254
20_day_ma,0.067964576
BB_lower,0.06632364
5_day_ma,0.06558633
Open,0.06218248
MACD,0.061209578
BB_upper,0.058331072
Volume,0.05825016
20_day_std,0.056268428
RSI_14,0.05461375
volume_change,0.05446937
10_day_ma,0.053719476
MACD_signal,0.051116407
volatility_10,0.050267324
daily_return,0.04980002
Close,0.049268942
