Feature,Importance
RSI_14,0.07171286
5_day_ma,0.07116846
High,0.06929845
Low,0.06860247
MACD_signal,0.06151962
20_day_std,0.06083362
Open,0.06083221
BB_upper,0.0595492
20_day_ma,0.059504766
10_day_ma,0.058842562
MACD,0.055476483
volatility_10,0.055197768
Close,0.052943144
BB_lower,0.051261358
Volume,0.050351687
volume_change,0.047282215
daily_return,0.045623105
