Feature,Importance
High,0.07144572
volume_change,0.07119236
5_day_ma,0.069216795
10_day_ma,0.066642806
BB_upper,0.06517294
Open,0.06496708
BB_lower,0.0632461
MACD_signal,0.062212925
Low,0.060545564
volatility_10,0.058801517
MACD,0.0556816
RSI_14,0.054466207
Close,0.05198784
Volume,0.05171477
20_day_std,0.049985968
daily_return,0.046887364
20_day_ma,0.035832386
