Feature,Importance
BB_upper,0.07836194
Low,0.06888298
MACD_signal,0.06861513
10_day_ma,0.06827951
MACD,0.06815797
volatility_10,0.063231915
20_day_std,0.05979616
daily_return,0.055413477
Volume,0.055195972
Open,0.05507186
High,0.05475543
5_day_ma,0.053731084
volume_change,0.053335395
RSI_14,0.053233102
BB_lower,0.05228989
Close,0.04701122
20_day_ma,0.04463696
