Feature,Importance
Low,0.100847565
High,0.071085975
BB_upper,0.0684104
Close,0.061677072
volatility_10,0.058970507
daily_return,0.05837461
5_day_ma,0.056981813
20_day_std,0.05631338
Open,0.05580429
BB_lower,0.055333696
volume_change,0.054174107
MACD_signal,0.054020878
Volume,0.05373529
RSI_14,0.052582435
10_day_ma,0.051264144
MACD,0.047031887
20_day_ma,0.043391902
