Feature,Importance
5_day_ma,0.07063832
MACD,0.0691199
Close,0.06583642
High,0.06471832
Low,0.06365362
BB_lower,0.061073575
RSI_14,0.06026325
Open,0.060024355
BB_upper,0.059907764
volatility_10,0.056068096
volume_change,0.05534325
10_day_ma,0.05427206
Volume,0.053974308
daily_return,0.05322839
20_day_ma,0.052904766
20_day_std,0.051349647
MACD_signal,0.047623962
