Feature,Importance
10_day_ma,0.109267175
BB_lower,0.0731842
RSI_14,0.07102147
MACD_signal,0.06789802
20_day_ma,0.063271806
MACD,0.060228057
Low,0.058953177
BB_upper,0.05876436
20_day_std,0.05849279
daily_return,0.05389817
volume_change,0.05372133
Volume,0.049768776
Open,0.049190573
Close,0.04624327
5_day_ma,0.04393261
volatility_10,0.042368073
High,0.039796177
