Feature,Importance
Low,0.08207824
BB_upper,0.074337356
Close,0.07179521
High,0.06987572
MACD_signal,0.06969165
BB_lower,0.06097365
volatility_10,0.060590975
volume_change,0.05863204
daily_return,0.058311135
Volume,0.054411214
20_day_std,0.052618578
MACD,0.05090291
5_day_ma,0.05062801
RSI_14,0.048800953
Open,0.048526548
10_day_ma,0.04619475
20_day_ma,0.04163111
