Feature,Importance
MACD_signal,0.08443883
5_day_ma,0.07927157
volatility_10,0.06919424
20_day_ma,0.06912536
Close,0.06707928
volume_change,0.06647843
High,0.06253819
Open,0.061705183
MACD,0.05966655
daily_return,0.056095254
10_day_ma,0.053900726
20_day_std,0.0508589
Low,0.04763023
BB_upper,0.045262326
Volume,0.044074807
RSI_14,0.041416667
BB_lower,0.041263454
