Feature,Importance
MACD_signal,0.07408367
Low,0.07105009
BB_upper,0.066270225
volume_change,0.06444433
RSI_14,0.06384063
Open,0.0633572
MACD,0.06022708
5_day_ma,0.060164776
High,0.058551025
Close,0.056640655
daily_return,0.055095
volatility_10,0.052602638
BB_lower,0.052192435
10_day_ma,0.051242206
20_day_ma,0.051104613
Volume,0.05046825
20_day_std,0.04866515
