Feature,Importance
10_day_ma,0.06670499
daily_return,0.064569764
volatility_10,0.06409443
MACD_signal,0.06368931
volume_change,0.06181237
BB_upper,0.061436076
MACD,0.060451485
20_day_ma,0.059135858
Open,0.058287926
5_day_ma,0.05718305
Volume,0.05672954
High,0.0564857
BB_lower,0.056114674
20_day_std,0.055756945
Low,0.054490987
Close,0.052836575
RSI_14,0.050220285
