Feature,Importance
BB_upper,0.07346835
Low,0.06798318
BB_lower,0.06430614
MACD_signal,0.064188145
volatility_10,0.05993716
10_day_ma,0.058551736
20_day_std,0.058436852
20_day_ma,0.058231063
Close,0.057426546
5_day_ma,0.056658465
RSI_14,0.05657984
daily_return,0.0563712
MACD,0.055901576
Open,0.055862848
volume_change,0.054042626
Volume,0.051050317
High,0.051003948
