Feature,Importance
High,0.06994532
10_day_ma,0.06763529
BB_upper,0.06689779
Volume,0.06284879
MACD,0.062469635
Low,0.06163135
daily_return,0.06144691
Open,0.058708813
5_day_ma,0.057593778
20_day_std,0.056716148
volatility_10,0.056558948
BB_lower,0.05558167
20_day_ma,0.05522046
RSI_14,0.054478917
volume_change,0.05246663
Close,0.05198756
MACD_signal,0.04781198
