Feature,Importance
High,0.07579274
Low,0.072593264
20_day_std,0.07010893
RSI_14,0.06847956
BB_lower,0.06792231
Close,0.06779166
20_day_ma,0.06336712
MACD,0.06250483
10_day_ma,0.05955725
MACD_signal,0.058373325
Open,0.056405246
volume_change,0.056105047
5_day_ma,0.05102763
daily_return,0.050333507
BB_upper,0.04505454
Volume,0.038600598
volatility_10,0.035982456
