Feature,Importance
Open,0.07080069
5_day_ma,0.06968568
10_day_ma,0.0683014
20_day_ma,0.06652136
High,0.061381128
MACD,0.059943527
RSI_14,0.059472363
MACD_signal,0.05769495
Volume,0.057525516
daily_return,0.057065208
Low,0.056955032
BB_lower,0.054925576
BB_upper,0.05424553
Close,0.053085316
20_day_std,0.052219223
volatility_10,0.05088942
volume_change,0.049288075
