Feature,Importance
Low,0.081117645
BB_lower,0.07024309
10_day_ma,0.06616858
BB_upper,0.06195752
RSI_14,0.06071212
20_day_std,0.060549956
MACD,0.059413597
5_day_ma,0.05761112
Open,0.05684824
Close,0.0567486
daily_return,0.05582777
MACD_signal,0.05552584
20_day_ma,0.05488044
volume_change,0.053302024
High,0.050804567
volatility_10,0.050262373
Volume,0.04802654
