Feature,Importance
Open,0.07144281
Low,0.06834948
Close,0.06607224
20_day_ma,0.06430372
High,0.061186418
volume_change,0.06084045
BB_lower,0.06078908
5_day_ma,0.0598019
BB_upper,0.05976484
20_day_std,0.0570123
MACD_signal,0.056581948
10_day_ma,0.056443255
daily_return,0.0563267
RSI_14,0.051065516
Volume,0.05062486
volatility_10,0.049768694
MACD,0.049625833
