Feature,Importance
Low,0.08654551
High,0.07613013
10_day_ma,0.06343875
5_day_ma,0.062167984
MACD,0.058295663
20_day_std,0.0577358
BB_upper,0.0574832
Close,0.056770027
daily_return,0.05606093
volatility_10,0.054917354
volume_change,0.054463625
BB_lower,0.05410863
Open,0.054058462
RSI_14,0.05367091
20_day_ma,0.053329837
Volume,0.05274891
MACD_signal,0.04807428
