Feature,Importance
Low,0.0723348
MACD_signal,0.07038812
BB_upper,0.06920997
Open,0.06604833
High,0.06344142
20_day_std,0.06100633
5_day_ma,0.05999213
Close,0.059468336
volume_change,0.05798338
MACD,0.055556573
10_day_ma,0.05528464
BB_lower,0.052449554
volatility_10,0.052027527
daily_return,0.051674746
RSI_14,0.051569913
20_day_ma,0.05093399
Volume,0.050630238
