Feature,Importance
MACD_signal,0.07159254
Open,0.068379566
BB_upper,0.06425691
volatility_10,0.06278462
20_day_std,0.061848518
Low,0.061754946
10_day_ma,0.061265532
BB_lower,0.058070105
Volume,0.056796152
MACD,0.05660666
RSI_14,0.055699933
volume_change,0.054978274
High,0.054858625
5_day_ma,0.054411907
daily_return,0.053889498
20_day_ma,0.05145522
Close,0.051351015
