Feature,Importance
Open,0.09179689
Low,0.07235064
High,0.07094296
volatility_10,0.06373037
Volume,0.06189562
MACD,0.06176249
daily_return,0.06086002
20_day_ma,0.06047498
20_day_std,0.056368437
5_day_ma,0.056104496
BB_upper,0.055994682
BB_lower,0.055249218
volume_change,0.052110367
Close,0.048687007
RSI_14,0.046196338
MACD_signal,0.046076294
10_day_ma,0.039399162
