Feature,Importance
volatility_10,0.069874994
5_day_ma,0.0687201
BB_lower,0.066695966
High,0.06336515
10_day_ma,0.06276729
MACD_signal,0.06176978
Close,0.059603266
MACD,0.059447344
RSI_14,0.059002608
BB_upper,0.05832309
daily_return,0.05764298
20_day_ma,0.056731924
Volume,0.055554684
20_day_std,0.05314971
volume_change,0.050778884
Low,0.048553716
Open,0.048018567
