Feature,Importance
20_day_ma,0.07158023
BB_upper,0.063404605
10_day_ma,0.06311736
MACD,0.06262305
RSI_14,0.06085985
MACD_signal,0.060138557
20_day_std,0.058531083
Low,0.058173787
High,0.057977192
5_day_ma,0.05678444
Open,0.056719728
volume_change,0.05655765
Close,0.0565389
BB_lower,0.05545932
Volume,0.054346494
volatility_10,0.0537415
daily_return,0.053446263
