Feature,Importance
volatility_10,0.06618211
20_day_ma,0.06616088
MACD_signal,0.06607686
20_day_std,0.065076634
MACD,0.060924932
Low,0.060287423
daily_return,0.060006555
volume_change,0.059880607
High,0.05984026
RSI_14,0.05977578
BB_upper,0.059054427
Volume,0.058841847
10_day_ma,0.058172606
Open,0.054991707
BB_lower,0.049864553
Close,0.048382975
5_day_ma,0.046479836
