Feature,Importance
BB_upper,0.067140125
High,0.062400963
BB_lower,0.06171991
5_day_ma,0.061319813
volume_change,0.06092245
RSI_14,0.060381435
daily_return,0.05954795
MACD,0.059050232
10_day_ma,0.058372807
MACD_signal,0.0582466
volatility_10,0.057808194
Open,0.05697309
Low,0.056892958
Volume,0.056561694
20_day_std,0.05550324
20_day_ma,0.05526473
Close,0.051893834
