Feature,Importance
BB_upper,0.07592673
BB_lower,0.06578426
MACD,0.06160248
volume_change,0.06106847
High,0.060929857
Open,0.060527306
volatility_10,0.059635606
Volume,0.058949742
RSI_14,0.058848117
20_day_ma,0.057350606
MACD_signal,0.056435663
5_day_ma,0.05625656
Low,0.05533431
Close,0.054959595
20_day_std,0.053459987
10_day_ma,0.05306146
daily_return,0.049869347
