Feature,Importance
5_day_ma,0.08272342
10_day_ma,0.075965144
Close,0.07292419
Open,0.0645553
BB_lower,0.062303208
BB_upper,0.059528947
Volume,0.05820967
MACD_signal,0.0580534
MACD,0.05739709
20_day_std,0.054684024
RSI_14,0.054361645
20_day_ma,0.05421457
volatility_10,0.05408271
volume_change,0.052107926
daily_return,0.05203255
Low,0.04453731
High,0.04231891
