Feature,Importance
20_day_std,0.067747205
BB_upper,0.0656896
BB_lower,0.063759655
RSI_14,0.063468866
5_day_ma,0.061198168
volume_change,0.060236122
10_day_ma,0.05878097
Close,0.058149666
Low,0.057985228
Volume,0.05677597
MACD,0.05671347
High,0.05620739
daily_return,0.056196902
volatility_10,0.055514693
20_day_ma,0.055317987
MACD_signal,0.054905135
Open,0.051352933
