Feature,Importance
Low,0.065505885
20_day_ma,0.06492246
5_day_ma,0.062947504
MACD,0.062397495
daily_return,0.06212788
BB_upper,0.061044715
BB_lower,0.06024664
10_day_ma,0.05981692
20_day_std,0.059769563
Volume,0.059296213
volatility_10,0.058309212
volume_change,0.056956016
High,0.055374358
RSI_14,0.05441925
Open,0.054409765
Close,0.0512557
MACD_signal,0.05120046
