Feature,Importance
High,0.06980963
volume_change,0.06682225
BB_lower,0.06424004
Low,0.06369253
Volume,0.062265832
20_day_ma,0.06097984
BB_upper,0.059348267
Close,0.059010744
MACD_signal,0.05867245
5_day_ma,0.058299668
Open,0.05783681
20_day_std,0.055766083
10_day_ma,0.055283222
daily_return,0.05506594
volatility_10,0.05396859
RSI_14,0.052660838
MACD,0.046277203
