Feature,Importance
BB_upper,0.08168259
High,0.07752537
10_day_ma,0.071663454
MACD,0.071038984
20_day_std,0.06587275
MACD_signal,0.06168728
5_day_ma,0.06140062
volume_change,0.059285454
daily_return,0.056004774
Open,0.0552224
Close,0.054439876
RSI_14,0.054373235
Volume,0.05337575
Low,0.046813063
BB_lower,0.04648093
volatility_10,0.04550916
20_day_ma,0.037624355
