Feature,Importance
High,0.077490315
MACD_signal,0.07040887
MACD,0.06755522
Low,0.06515982
5_day_ma,0.0639991
BB_upper,0.06130449
volume_change,0.060441885
Open,0.058371488
10_day_ma,0.056453522
Volume,0.055892505
20_day_ma,0.055121962
volatility_10,0.054266836
Close,0.053307235
RSI_14,0.052855976
20_day_std,0.05243075
BB_lower,0.048366766
daily_return,0.046573285
