Feature,Importance
MACD_signal,0.07440516
High,0.065803714
MACD,0.06557844
Volume,0.0622364
10_day_ma,0.06220332
daily_return,0.062075544
BB_upper,0.06142083
Low,0.061221693
Open,0.06085202
volatility_10,0.060091663
20_day_ma,0.05939576
20_day_std,0.05871777
RSI_14,0.05315254
BB_lower,0.053137094
Close,0.051154442
volume_change,0.046629563
5_day_ma,0.041923974
