Feature,Importance
20_day_ma,0.06965885
volume_change,0.06615523
BB_upper,0.06348903
Open,0.061949782
High,0.060115766
BB_lower,0.059859876
Low,0.059756737
Close,0.059459984
RSI_14,0.058419283
10_day_ma,0.057943176
daily_return,0.05786133
20_day_std,0.056926474
volatility_10,0.056183748
MACD_signal,0.053187937
Volume,0.05312321
5_day_ma,0.053026225
MACD,0.052883256
