Feature,Importance
10_day_ma,0.07346772
Low,0.073357865
BB_upper,0.070266336
5_day_ma,0.06129731
Open,0.060685832
MACD,0.06058109
20_day_std,0.057735242
BB_lower,0.05771031
Close,0.05659752
volume_change,0.055738177
MACD_signal,0.05480609
Volume,0.054699395
RSI_14,0.05456623
20_day_ma,0.054005
volatility_10,0.053257883
daily_return,0.051073603
High,0.05015439
