Feature,Importance
10_day_ma,0.07360977
MACD_signal,0.061920006
BB_lower,0.061323322
High,0.06121657
Open,0.05981097
5_day_ma,0.05938469
daily_return,0.059316337
20_day_ma,0.05861072
RSI_14,0.057594992
volatility_10,0.057488266
Volume,0.057323106
MACD,0.057153158
BB_upper,0.05628516
Low,0.05611192
20_day_std,0.05531088
Close,0.054738495
volume_change,0.052801616
