Feature,Importance
MACD,0.075198084
Open,0.07264657
Low,0.065449335
RSI_14,0.062492047
20_day_std,0.06221051
volatility_10,0.060519867
volume_change,0.060251303
BB_lower,0.05926347
High,0.058920175
Close,0.05854089
10_day_ma,0.057965986
20_day_ma,0.057332456
5_day_ma,0.051949665
MACD_signal,0.051860273
daily_return,0.050659236
Volume,0.048703928
BB_upper,0.04603621
