Feature,Importance
volatility_10,0.06795948
Open,0.06468658
20_day_std,0.064348236
MACD_signal,0.063930646
daily_return,0.06361894
BB_upper,0.06289131
Volume,0.061324038
10_day_ma,0.061289407
BB_lower,0.061243184
Low,0.057710625
High,0.055675056
RSI_14,0.05518249
volume_change,0.055090427
5_day_ma,0.054071043
20_day_ma,0.05122758
Close,0.050399266
MACD,0.049351726
