Feature,Importance
MACD_signal,0.077325046
5_day_ma,0.066448204
MACD,0.06582581
volume_change,0.06572815
BB_lower,0.06236742
RSI_14,0.05895101
volatility_10,0.05863623
Low,0.058615256
20_day_std,0.05786976
Close,0.05777436
Open,0.056938194
Volume,0.056827568
daily_return,0.056129325
10_day_ma,0.05547748
High,0.054117087
BB_upper,0.050827842
20_day_ma,0.04014134
