Feature,Importance
High,0.07478532
Low,0.06972548
20_day_std,0.0686994
20_day_ma,0.06598988
BB_lower,0.065132454
Close,0.06285048
Open,0.06246364
RSI_14,0.061645273
5_day_ma,0.060045175
BB_upper,0.059257686
volume_change,0.058575995
MACD_signal,0.058014512
volatility_10,0.054867513
daily_return,0.04992893
MACD,0.0498665
Volume,0.044970892
10_day_ma,0.033180784
