Feature,Importance
BB_upper,0.06692155
volatility_10,0.06682717
MACD,0.06350997
20_day_ma,0.06285143
MACD_signal,0.06164796
daily_return,0.06142473
Open,0.06135827
10_day_ma,0.05937561
High,0.059310615
volume_change,0.05823267
Volume,0.057565115
RSI_14,0.054896846
20_day_std,0.054556817
BB_lower,0.054155216
Close,0.053778447
Low,0.052714083
5_day_ma,0.050873462
