Feature,Importance
MACD_signal,0.0808975
Open,0.07517208
High,0.06954965
MACD,0.066883735
20_day_ma,0.06414423
10_day_ma,0.060751453
BB_lower,0.060256064
daily_return,0.060094748
BB_upper,0.057440527
volatility_10,0.057145942
Low,0.05396166
volume_change,0.05235585
20_day_std,0.052101247
Close,0.050821632
RSI_14,0.04688418
Volume,0.046014864
5_day_ma,0.04552465
