Feature,Importance
MACD_signal,0.0896143
5_day_ma,0.07020825
BB_lower,0.06663519
MACD,0.066255294
volume_change,0.06366595
Open,0.06200011
volatility_10,0.058382664
Close,0.058337014
20_day_std,0.05797412
daily_return,0.057895023
Low,0.056194425
Volume,0.0550935
RSI_14,0.053054202
10_day_ma,0.052080262
High,0.046232656
20_day_ma,0.0457261
BB_upper,0.040650908
