Feature,Importance
5_day_ma,0.09127153
Low,0.08218614
RSI_14,0.07545122
Close,0.07356993
10_day_ma,0.07030187
BB_upper,0.059308533
20_day_std,0.05778078
daily_return,0.05726557
Volume,0.054993182
MACD_signal,0.050236925
Open,0.049329683
BB_lower,0.048733134
volume_change,0.04854316
MACD,0.047608744
volatility_10,0.04657624
20_day_ma,0.04488842
High,0.04195489
