Feature,Importance
volatility_10,0.06855185
daily_return,0.06848759
volume_change,0.06775641
Low,0.067008935
10_day_ma,0.06596218
20_day_std,0.06419795
Close,0.0629635
RSI_14,0.061240744
High,0.05992518
Volume,0.05709209
BB_upper,0.056780893
5_day_ma,0.055878222
MACD,0.053993963
MACD_signal,0.048973043
Open,0.048114154
20_day_ma,0.046916135
BB_lower,0.046157144
