Feature,Importance
Open,0.078051165
Low,0.07764427
Volume,0.06812629
BB_upper,0.066108875
daily_return,0.06486011
volatility_10,0.06370034
20_day_std,0.06335704
MACD_signal,0.06126429
High,0.056188535
volume_change,0.055656414
Close,0.055653308
BB_lower,0.05252999
20_day_ma,0.049984656
10_day_ma,0.04954136
MACD,0.049374968
5_day_ma,0.044183347
RSI_14,0.043775033
