Feature,Importance
Open,0.06457698
BB_lower,0.0630445
20_day_ma,0.062105406
RSI_14,0.061430458
High,0.0613034
Low,0.06092985
20_day_std,0.06074997
BB_upper,0.05926492
MACD,0.058723528
volume_change,0.058337945
5_day_ma,0.058131274
daily_return,0.05741888
volatility_10,0.055784453
10_day_ma,0.055111233
Close,0.054729078
MACD_signal,0.054287888
Volume,0.05407026
