Feature,Importance
Close,0.06488112
10_day_ma,0.06424255
High,0.0634488
daily_return,0.063380666
MACD_signal,0.06130235
Open,0.06121202
20_day_std,0.06013478
Volume,0.058707625
volatility_10,0.05806332
MACD,0.05790751
20_day_ma,0.05768306
RSI_14,0.056574177
BB_lower,0.05611575
BB_upper,0.055394992
5_day_ma,0.054995026
Low,0.053651325
volume_change,0.052304942
