Feature,Importance
MACD,0.0743677
Volume,0.06548043
5_day_ma,0.06419491
volume_change,0.061484985
volatility_10,0.059608754
MACD_signal,0.05946133
20_day_std,0.05926726
Low,0.059228912
BB_lower,0.0588896
BB_upper,0.05814039
Close,0.056651857
High,0.055669665
daily_return,0.054926105
RSI_14,0.05455112
10_day_ma,0.053999934
20_day_ma,0.052458547
Open,0.051618565
