Feature,Importance
BB_upper,0.07622547
Low,0.07442585
volume_change,0.06640253
MACD,0.06277591
5_day_ma,0.061201762
MACD_signal,0.060603302
Open,0.059512496
RSI_14,0.05659372
10_day_ma,0.05615925
20_day_std,0.05499908
Volume,0.054411218
High,0.05408805
20_day_ma,0.05407715
BB_lower,0.053948004
daily_return,0.053926267
Close,0.05274065
volatility_10,0.047909282
