Feature,Importance
MACD_signal,0.06921636
BB_lower,0.06627926
5_day_ma,0.065136194
MACD,0.063792706
Low,0.06147158
High,0.060684253
BB_upper,0.059951946
20_day_std,0.059172798
volume_change,0.0590001
Open,0.05822801
daily_return,0.05674234
volatility_10,0.056208972
Close,0.054901082
RSI_14,0.053890288
Volume,0.0530941
20_day_ma,0.05161874
10_day_ma,0.05061124
