Feature,Importance
Low,0.06472796
Open,0.06370906
MACD,0.063676335
5_day_ma,0.063083656
10_day_ma,0.06265755
Close,0.059038468
Volume,0.058118705
BB_lower,0.057791613
volume_change,0.057456333
20_day_std,0.057083454
volatility_10,0.05700541
20_day_ma,0.056895565
daily_return,0.05659244
BB_upper,0.05658672
RSI_14,0.056391664
High,0.05611993
MACD_signal,0.05306516
