Feature,Importance
10_day_ma,0.07439108
MACD,0.07335104
High,0.06978878
BB_upper,0.06405282
MACD_signal,0.06158881
Low,0.06134585
volatility_10,0.059506144
RSI_14,0.058341485
Volume,0.057344377
5_day_ma,0.056801636
20_day_std,0.055969477
daily_return,0.055205166
BB_lower,0.05485813
volume_change,0.05421462
Open,0.05058051
Close,0.048079517
20_day_ma,0.044580612
