Feature,Importance
MACD,0.06859457
BB_lower,0.06542479
Low,0.06359608
Open,0.063181646
BB_upper,0.062900595
10_day_ma,0.062377147
20_day_std,0.061695788
RSI_14,0.059606966
Close,0.056983583
Volume,0.056333896
volume_change,0.05604356
5_day_ma,0.055563938
daily_return,0.055449884
20_day_ma,0.055150926
High,0.05300639
MACD_signal,0.05259604
volatility_10,0.05149427
