Feature,Importance
Low,0.07642344
MACD_signal,0.07378655
BB_upper,0.06677266
Close,0.062449615
RSI_14,0.06162626
Open,0.060503196
5_day_ma,0.0597911
MACD,0.05912878
volume_change,0.056291334
Volume,0.054803938
daily_return,0.05447821
High,0.05446102
20_day_ma,0.053125646
BB_lower,0.052889977
volatility_10,0.052567165
20_day_std,0.05196248
10_day_ma,0.04893865
