Feature,Importance
Low,0.07356038
RSI_14,0.06864032
volume_change,0.06715448
High,0.06401029
Volume,0.06350085
5_day_ma,0.061143026
MACD_signal,0.059480816
BB_upper,0.058312688
Open,0.05803825
daily_return,0.05775592
20_day_std,0.05726133
BB_lower,0.05525501
MACD,0.05427993
volatility_10,0.053161968
10_day_ma,0.05135593
20_day_ma,0.050476637
Close,0.046612196
