Feature,Importance
Low,0.07524876
Open,0.068474166
Close,0.06806015
BB_upper,0.067066446
MACD,0.065377295
20_day_std,0.06485233
BB_lower,0.061125323
High,0.05915943
10_day_ma,0.056349453
20_day_ma,0.054315206
MACD_signal,0.054278955
5_day_ma,0.054054998
RSI_14,0.05299936
volume_change,0.052005928
daily_return,0.051704563
Volume,0.048427917
volatility_10,0.0464997
