Feature,Importance
5_day_ma,0.07180808
10_day_ma,0.07146771
volatility_10,0.067328185
20_day_ma,0.067236766
BB_lower,0.06685051
BB_upper,0.065141484
volume_change,0.06196663
daily_return,0.060008865
MACD,0.058523484
Volume,0.057371236
High,0.054432303
20_day_std,0.053371754
Open,0.05245536
RSI_14,0.05164847
MACD_signal,0.050505918
Close,0.046504878
Low,0.043378387
