Feature,Importance
High,0.07468854
MACD,0.06741636
volatility_10,0.066424824
RSI_14,0.06605804
Low,0.06551528
5_day_ma,0.06547845
Open,0.06487135
BB_upper,0.058979664
volume_change,0.058293678
daily_return,0.05743462
MACD_signal,0.056851383
BB_lower,0.056420866
10_day_ma,0.05325003
20_day_ma,0.052224822
20_day_std,0.050584633
Volume,0.045544412
Close,0.03996308
