Feature,Importance
RSI_14,0.07131152
High,0.06992915
Open,0.066858746
BB_upper,0.06675975
10_day_ma,0.06465136
BB_lower,0.064595506
5_day_ma,0.06338959
Close,0.061832346
Low,0.058745813
volatility_10,0.054620292
20_day_ma,0.054524615
20_day_std,0.052954946
daily_return,0.05218815
Volume,0.051499743
volume_change,0.050069083
MACD,0.04957678
MACD_signal,0.046492532
