Feature,Importance
High,0.07949491
Open,0.07137994
Low,0.06921958
Close,0.06549286
20_day_std,0.0645986
BB_upper,0.063587576
MACD,0.061291687
RSI_14,0.059699364
Volume,0.05628287
MACD_signal,0.055830956
10_day_ma,0.055430677
volume_change,0.05537646
BB_lower,0.054586817
20_day_ma,0.051549967
5_day_ma,0.04711647
daily_return,0.046737503
volatility_10,0.04232372
