Feature,Importance
High,0.076467425
volatility_10,0.067586
RSI_14,0.06272463
5_day_ma,0.061295733
Open,0.060362652
MACD,0.059071496
volume_change,0.058891512
20_day_std,0.05845221
daily_return,0.05822702
Low,0.057873987
Volume,0.057799913
MACD_signal,0.05753079
20_day_ma,0.056839902
BB_upper,0.05606834
10_day_ma,0.05215288
Close,0.04979894
BB_lower,0.04885655
