Feature,Importance
Open,0.07165829
10_day_ma,0.06419168
BB_lower,0.0627693
RSI_14,0.0625117
Low,0.061418787
volatility_10,0.06026561
Volume,0.05954105
20_day_std,0.05943612
volume_change,0.058788247
20_day_ma,0.058353845
MACD,0.058343757
MACD_signal,0.057160746
daily_return,0.056505524
BB_upper,0.056071825
5_day_ma,0.05323017
High,0.05282338
Close,0.046929967
