Feature,Importance
10_day_ma,0.08152328
20_day_ma,0.07754259
BB_upper,0.07611734
Close,0.07097304
MACD,0.06119093
High,0.06109524
5_day_ma,0.059919056
Open,0.057811417
BB_lower,0.055591945
MACD_signal,0.053919297
volatility_10,0.053875852
20_day_std,0.053823866
daily_return,0.052656323
volume_change,0.052125655
Volume,0.045185883
RSI_14,0.044291705
Low,0.042356536
