Feature,Importance
High,0.07977293
Low,0.076628745
5_day_ma,0.06789804
BB_upper,0.065980375
Open,0.06380422
20_day_std,0.05874725
daily_return,0.055611253
volatility_10,0.055323962
20_day_ma,0.05443381
Volume,0.054302845
MACD_signal,0.0540561
Close,0.054039657
RSI_14,0.05288696
MACD,0.05277599
BB_lower,0.05256518
volume_change,0.052516297
10_day_ma,0.04865639
