Feature,Importance
RSI_14,0.07108148
Open,0.06883461
5_day_ma,0.06739237
BB_lower,0.06676472
volatility_10,0.061258983
MACD,0.05908837
Close,0.058546405
20_day_ma,0.058491223
High,0.05715444
daily_return,0.05588106
BB_upper,0.055316623
10_day_ma,0.05522106
20_day_std,0.054972257
Volume,0.054144856
volume_change,0.053620216
Low,0.052384946
MACD_signal,0.04984631
