Feature,Importance
BB_upper,0.08084197
High,0.07225245
BB_lower,0.06550149
MACD,0.06365986
10_day_ma,0.06362634
RSI_14,0.062226802
volatility_10,0.060741402
volume_change,0.05984215
Volume,0.05712466
5_day_ma,0.05708116
MACD_signal,0.05607409
Open,0.053918574
20_day_std,0.053689662
daily_return,0.052255478
Low,0.04767501
Close,0.04758181
20_day_ma,0.04590717
