Feature,Importance
volume_change,0.072215684
Low,0.06665157
daily_return,0.06385531
BB_upper,0.06183443
RSI_14,0.06135483
20_day_std,0.06058183
MACD,0.059119396
Open,0.0589403
5_day_ma,0.058684703
20_day_ma,0.057573125
Close,0.057521395
volatility_10,0.055840485
Volume,0.055152457
10_day_ma,0.055064574
MACD_signal,0.054031737
BB_lower,0.051077154
High,0.050501015
