Feature,Importance
20_day_ma,0.08041681
5_day_ma,0.067703865
Low,0.06721819
MACD,0.064207494
High,0.061859496
BB_upper,0.06038278
volume_change,0.059589326
volatility_10,0.0595836
MACD_signal,0.056803416
20_day_std,0.056461956
Close,0.055689238
10_day_ma,0.05547384
RSI_14,0.054402675
Volume,0.05216387
BB_lower,0.051769324
daily_return,0.049513184
Open,0.046760943
