Feature,Importance
BB_upper,0.06679528
Low,0.06644965
High,0.063024
daily_return,0.062361386
Volume,0.061540447
10_day_ma,0.060772926
5_day_ma,0.060545117
BB_lower,0.060270768
20_day_std,0.058728542
Open,0.056413192
RSI_14,0.05629407
MACD,0.055423968
volatility_10,0.05531009
Close,0.055271447
MACD_signal,0.055005085
volume_change,0.052919265
20_day_ma,0.05287481
