Feature,Importance
Low,0.08053399
MACD_signal,0.07375738
volatility_10,0.06956128
BB_upper,0.06748647
Close,0.064563334
MACD,0.06062803
20_day_ma,0.058861766
10_day_ma,0.057005886
Open,0.05697424
5_day_ma,0.05688366
Volume,0.055710834
High,0.05419037
volume_change,0.05241216
20_day_std,0.05044067
BB_lower,0.047415894
daily_return,0.046946142
RSI_14,0.046627887
