Feature,Importance
20_day_std,0.07056622
Open,0.064537495
10_day_ma,0.06404854
Close,0.06384525
Low,0.063350186
volume_change,0.06248339
BB_lower,0.0615644
RSI_14,0.059624597
daily_return,0.059612162
BB_upper,0.05824883
High,0.057991985
20_day_ma,0.057246473
MACD,0.056250058
volatility_10,0.051792532
MACD_signal,0.051191635
5_day_ma,0.050122146
Volume,0.047524005
