Feature,Importance
5_day_ma,0.070897795
Low,0.070460714
20_day_std,0.064448
Open,0.064158484
MACD,0.06343221
volatility_10,0.061887067
BB_lower,0.061795983
volume_change,0.061784502
Close,0.05807026
MACD_signal,0.057974126
High,0.057805575
daily_return,0.056060135
BB_upper,0.053152774
10_day_ma,0.050319728
20_day_ma,0.050073236
RSI_14,0.049087584
Volume,0.048591852
