Feature,Importance
Low,0.073361486
5_day_ma,0.06595624
High,0.06292004
MACD_signal,0.062543646
volatility_10,0.061680675
MACD,0.061520893
Open,0.061469287
20_day_ma,0.060658768
Close,0.058469832
volume_change,0.056734018
BB_lower,0.056565214
10_day_ma,0.056466755
Volume,0.055466954
daily_return,0.055332724
20_day_std,0.051318776
BB_upper,0.050433952
RSI_14,0.049100786
