Feature,Importance
MACD,0.08003515
BB_upper,0.07303393
Low,0.071983546
MACD_signal,0.06786247
High,0.06643004
5_day_ma,0.065599285
volatility_10,0.064422354
Close,0.06293782
RSI_14,0.05796895
BB_lower,0.055714563
Open,0.054238323
10_day_ma,0.050954092
volume_change,0.049330935
20_day_std,0.04806884
20_day_ma,0.047461703
daily_return,0.04658758
Volume,0.03737036
