Feature,Importance
MACD,0.06583806
Open,0.06544684
High,0.064689785
BB_upper,0.063750304
MACD_signal,0.06358864
10_day_ma,0.06344584
volatility_10,0.058907405
BB_lower,0.05889788
20_day_ma,0.058304626
volume_change,0.05809111
Volume,0.05748687
20_day_std,0.057277746
daily_return,0.054586653
Low,0.053950127
RSI_14,0.05323516
Close,0.051549975
5_day_ma,0.050952934
