Feature,Importance
BB_lower,0.074773274
Close,0.07466779
BB_upper,0.0656545
10_day_ma,0.06355921
volatility_10,0.062625945
MACD,0.062192347
5_day_ma,0.061281625
Open,0.060156383
20_day_std,0.059890166
daily_return,0.059767853
20_day_ma,0.055778794
volume_change,0.05357414
MACD_signal,0.05129414
Low,0.050792336
High,0.05003022
Volume,0.048660934
RSI_14,0.04530037
