Feature,Importance
Open,0.076140195
10_day_ma,0.073511586
5_day_ma,0.06904824
volatility_10,0.06340278
Volume,0.060496937
Low,0.0599264
20_day_std,0.0594376
MACD_signal,0.058000274
RSI_14,0.056980524
volume_change,0.056601275
MACD,0.05500165
Close,0.054790992
BB_upper,0.054489706
20_day_ma,0.054438457
daily_return,0.049937345
High,0.049761683
BB_lower,0.048034422
