Feature,Importance
MACD_signal,0.07211416
MACD,0.06817535
20_day_ma,0.067739174
Volume,0.06562107
20_day_std,0.06458914
volatility_10,0.06452076
volume_change,0.06421035
Low,0.061885566
BB_upper,0.0611485
Open,0.059660032
RSI_14,0.05496811
5_day_ma,0.054520845
daily_return,0.05368953
BB_lower,0.052226838
High,0.05128054
Close,0.04521519
10_day_ma,0.038434833
