Feature,Importance
MACD,0.06600118
Low,0.064335026
volume_change,0.06375689
BB_upper,0.062496573
Open,0.061169147
5_day_ma,0.060746398
10_day_ma,0.058821753
High,0.058557685
volatility_10,0.058305208
20_day_std,0.057848196
BB_lower,0.057567786
daily_return,0.05713758
Volume,0.056670774
RSI_14,0.05503542
MACD_signal,0.05497595
Close,0.053726498
20_day_ma,0.052848004
