Feature,Importance
BB_lower,0.07041758
10_day_ma,0.069175765
Low,0.066660665
20_day_std,0.06476929
MACD,0.06448093
volume_change,0.062184434
Open,0.061710425
Close,0.06061986
High,0.05840524
volatility_10,0.056048606
MACD_signal,0.055630133
BB_upper,0.055581383
5_day_ma,0.052594315
20_day_ma,0.0522298
daily_return,0.05165747
RSI_14,0.050965223
Volume,0.04686886
