Feature,Importance
Low,0.07347246
20_day_ma,0.067755125
BB_upper,0.06651955
BB_lower,0.061923135
volume_change,0.060520463
RSI_14,0.05981412
20_day_std,0.05976249
Volume,0.05951718
daily_return,0.059013244
10_day_ma,0.057827227
volatility_10,0.05607797
MACD,0.055240825
5_day_ma,0.05509354
MACD_signal,0.05493654
Open,0.05390216
High,0.052665748
Close,0.045958165
