Feature,Importance
Low,0.103710264
BB_lower,0.08038419
RSI_14,0.0728988
20_day_std,0.06794302
volume_change,0.061985545
20_day_ma,0.060615458
MACD_signal,0.058086865
daily_return,0.05513682
High,0.053690165
MACD,0.05356769
volatility_10,0.051058
Volume,0.05012184
BB_upper,0.049470015
Open,0.0478944
Close,0.046483357
5_day_ma,0.044818383
10_day_ma,0.042135242
