Feature,Importance
Low,0.10130573
MACD_signal,0.07290147
Open,0.07253402
High,0.060519025
10_day_ma,0.059308697
Close,0.05903271
BB_upper,0.05901955
volatility_10,0.05788387
5_day_ma,0.05661671
RSI_14,0.053907976
volume_change,0.052254625
daily_return,0.051346306
20_day_ma,0.05022096
MACD,0.049860664
Volume,0.049230207
20_day_std,0.04847279
BB_lower,0.045584716
