Feature,Importance
Low,0.08144715
High,0.06920836
daily_return,0.06382007
10_day_ma,0.06206406
20_day_std,0.06078928
Volume,0.060102265
20_day_ma,0.05950391
BB_upper,0.059111014
MACD,0.058738355
volatility_10,0.058090724
MACD_signal,0.055805508
BB_lower,0.05473781
Close,0.054204274
volume_change,0.05348194
5_day_ma,0.049794454
Open,0.049592752
RSI_14,0.049508024
