Feature,Importance
RSI_14,0.072257906
Close,0.06852526
10_day_ma,0.06701882
5_day_ma,0.0659387
BB_upper,0.06470229
volatility_10,0.06277192
BB_lower,0.06272974
volume_change,0.062304053
Volume,0.060288936
20_day_std,0.05825938
MACD,0.05312347
Open,0.05221962
daily_return,0.05169929
Low,0.0509293
20_day_ma,0.050353687
MACD_signal,0.04925213
High,0.0476255
