Feature,Importance
MACD,0.0729604
Low,0.07067615
BB_lower,0.06992033
RSI_14,0.06683507
Close,0.061550383
Open,0.061181765
BB_upper,0.06114498
5_day_ma,0.05816339
10_day_ma,0.05703414
volume_change,0.056428134
Volume,0.055027965
20_day_std,0.05420122
daily_return,0.054084264
volatility_10,0.050836947
High,0.050720908
20_day_ma,0.050586604
MACD_signal,0.048647307
