Feature,Importance
Low,0.08203484
High,0.06869796
RSI_14,0.06800781
volume_change,0.066002734
Open,0.0624601
BB_lower,0.06155395
20_day_std,0.059957586
Volume,0.058105215
MACD_signal,0.05577924
20_day_ma,0.055376716
MACD,0.055342145
daily_return,0.053671665
Close,0.052324854
10_day_ma,0.05157302
5_day_ma,0.05156226
BB_upper,0.050078634
volatility_10,0.047471244
