Feature,Importance
BB_upper,0.06964373
MACD,0.069590814
5_day_ma,0.067752086
volatility_10,0.06675571
Volume,0.066214845
Low,0.062264644
Close,0.061662257
volume_change,0.061613522
MACD_signal,0.061381035
High,0.060661376
RSI_14,0.05886093
daily_return,0.054301895
BB_lower,0.05055653
20_day_ma,0.049431477
20_day_std,0.04819444
10_day_ma,0.04575097
Open,0.045363713
