Feature,Importance
Volume,0.06879907
MACD_signal,0.06781535
20_day_ma,0.067764916
Open,0.067193985
20_day_std,0.06445512
Close,0.064198844
MACD,0.062128264
BB_lower,0.058034383
BB_upper,0.05699094
daily_return,0.056084525
10_day_ma,0.055485927
High,0.055256363
RSI_14,0.054745805
Low,0.05345102
5_day_ma,0.050325938
volume_change,0.04973447
volatility_10,0.047535006
