Feature,Importance
20_day_std,0.06999537
MACD,0.06677964
High,0.06676693
10_day_ma,0.06283823
Close,0.060829427
Low,0.06062035
BB_upper,0.05916534
5_day_ma,0.057517827
Volume,0.0570255
20_day_ma,0.056961145
daily_return,0.056858424
MACD_signal,0.056253597
BB_lower,0.055987682
volatility_10,0.054497816
RSI_14,0.053248715
volume_change,0.052720208
Open,0.051933862
