Feature,Importance
20_day_ma,0.08078801
High,0.07370071
5_day_ma,0.07359945
Low,0.07191873
BB_lower,0.06791605
Open,0.066061415
Volume,0.05958622
MACD_signal,0.05878615
volume_change,0.057068862
20_day_std,0.05440658
MACD,0.05431331
RSI_14,0.049849212
10_day_ma,0.047400136
BB_upper,0.046984017
Close,0.046078976
daily_return,0.04607721
volatility_10,0.04546496
