Feature,Importance
Open,0.0883182
Close,0.08019025
10_day_ma,0.07701449
High,0.0705435
volume_change,0.06580864
Low,0.06045866
Volume,0.05848272
volatility_10,0.056623887
BB_upper,0.055968456
daily_return,0.05576005
MACD,0.05557594
MACD_signal,0.051928535
20_day_std,0.049948554
RSI_14,0.04954951
5_day_ma,0.04508602
20_day_ma,0.039617263
BB_lower,0.03912531
