Feature,Importance
BB_lower,0.06989527
BB_upper,0.06663499
MACD_signal,0.06574433
Low,0.0647676
daily_return,0.06287538
20_day_std,0.06281288
10_day_ma,0.062012583
Open,0.06033948
Volume,0.059692238
MACD,0.058936514
20_day_ma,0.05874729
5_day_ma,0.05566374
volatility_10,0.052971497
Close,0.052955873
volume_change,0.05278233
High,0.04822372
RSI_14,0.04494423
