Feature,Importance
10_day_ma,0.06950854
Low,0.06658504
BB_upper,0.06559905
Open,0.06441565
5_day_ma,0.0637328
20_day_ma,0.0619036
MACD,0.059646282
MACD_signal,0.05847186
volume_change,0.058443677
RSI_14,0.057692595
Close,0.056160767
daily_return,0.055535477
volatility_10,0.05527267
BB_lower,0.054252714
High,0.051959585
Volume,0.05131408
20_day_std,0.049505595
