Feature,Importance
20_day_ma,0.07343517
5_day_ma,0.07004112
10_day_ma,0.06877051
20_day_std,0.0680651
Low,0.06599761
High,0.06284725
RSI_14,0.059876744
BB_upper,0.058715325
MACD_signal,0.05866058
BB_lower,0.05735875
volatility_10,0.056048542
volume_change,0.05406464
Close,0.052835785
Open,0.05209947
daily_return,0.050799467
Volume,0.046045415
MACD,0.0443385
