Feature,Importance
Open,0.074491695
20_day_ma,0.07189265
High,0.07144143
Low,0.070411906
Volume,0.06905334
BB_lower,0.061012745
5_day_ma,0.060290404
BB_upper,0.05800744
MACD_signal,0.05700322
volatility_10,0.05585339
volume_change,0.0546957
Close,0.053661883
RSI_14,0.05132087
20_day_std,0.049872097
MACD,0.049575124
10_day_ma,0.046414938
daily_return,0.045001213
