Feature,Importance
MACD_signal,0.070424505
10_day_ma,0.06581385
BB_lower,0.064114
Low,0.06395413
Close,0.061932985
High,0.060633216
MACD,0.059705354
daily_return,0.057904262
Volume,0.057825807
20_day_std,0.057641596
BB_upper,0.0576305
volatility_10,0.05689027
Open,0.055559773
20_day_ma,0.053883255
volume_change,0.052387424
5_day_ma,0.05205313
RSI_14,0.051646017
