Feature,Importance
volatility_10,0.071854725
RSI_14,0.0684189
High,0.06582597
BB_upper,0.06559594
MACD,0.06555638
MACD_signal,0.0653988
20_day_std,0.0637936
BB_lower,0.06251732
Close,0.062310282
20_day_ma,0.061730392
volume_change,0.058233097
Open,0.05385432
daily_return,0.052470043
Volume,0.052245334
10_day_ma,0.049928498
5_day_ma,0.044091105
Low,0.036175337
