Feature,Importance
High,0.06923498
daily_return,0.06803465
BB_lower,0.06598964
Volume,0.06595119
5_day_ma,0.062022988
RSI_14,0.06120975
Open,0.060102016
Low,0.05858294
10_day_ma,0.058461174
MACD,0.057711832
MACD_signal,0.05674923
20_day_ma,0.05476571
volume_change,0.05437815
BB_upper,0.053699873
20_day_std,0.051932342
Close,0.05123993
volatility_10,0.049933556
