Feature,Importance
BB_lower,0.075636536
Low,0.06588393
daily_return,0.06289715
20_day_std,0.06266989
20_day_ma,0.062000897
BB_upper,0.061056998
MACD,0.05980998
volume_change,0.059361055
10_day_ma,0.05849184
Open,0.0570074
MACD_signal,0.056889784
RSI_14,0.05555249
5_day_ma,0.054248907
Volume,0.053351913
High,0.05244445
volatility_10,0.05137354
Close,0.051323246
