Feature,Importance
RSI_14,0.076634414
5_day_ma,0.0671251
Open,0.063788764
10_day_ma,0.06320842
Low,0.06309218
daily_return,0.06260318
BB_upper,0.06151252
MACD,0.06073246
MACD_signal,0.060209796
Volume,0.058344156
BB_lower,0.05785907
Close,0.055844486
volume_change,0.05470261
20_day_ma,0.05317564
volatility_10,0.048229337
High,0.048035413
20_day_std,0.044902448
