Feature,Importance
BB_upper,0.073851965
MACD,0.067136735
20_day_ma,0.066423975
20_day_std,0.06638979
10_day_ma,0.0634176
BB_lower,0.062450003
daily_return,0.059520334
RSI_14,0.057771366
Close,0.057615787
Volume,0.056546606
5_day_ma,0.05622841
MACD_signal,0.054426152
volatility_10,0.05394163
Low,0.05308823
Open,0.051626574
High,0.05091865
volume_change,0.048646215
