Feature,Importance
Low,0.092963554
volume_change,0.07060291
RSI_14,0.065614104
MACD,0.06210051
Close,0.060286317
volatility_10,0.057739656
daily_return,0.05762373
BB_upper,0.057346907
Open,0.0568284
5_day_ma,0.056370284
BB_lower,0.05628807
20_day_ma,0.05542019
MACD_signal,0.05200912
Volume,0.05144871
20_day_std,0.0505863
10_day_ma,0.048891198
High,0.04788011
