Feature,Importance
MACD,0.08038434
volatility_10,0.06890404
20_day_std,0.06443471
RSI_14,0.06426651
BB_upper,0.061964672
Close,0.06052978
5_day_ma,0.06009735
Volume,0.058653895
Open,0.058143158
volume_change,0.056096498
20_day_ma,0.055615835
MACD_signal,0.054817982
10_day_ma,0.05330276
daily_return,0.052124336
High,0.051319167
BB_lower,0.05029657
Low,0.049048368
