Feature,Importance
Low,0.071414374
High,0.07140853
Open,0.06992367
MACD,0.06795298
5_day_ma,0.06661604
BB_upper,0.05938007
Close,0.05920012
RSI_14,0.05898542
BB_lower,0.05795286
10_day_ma,0.057537105
volume_change,0.055391923
Volume,0.055274334
20_day_std,0.053136583
daily_return,0.052990325
volatility_10,0.052507665
20_day_ma,0.04530749
MACD_signal,0.04502054
