Feature,Importance
Close,0.08447584
20_day_ma,0.08343151
Open,0.081556365
Low,0.071792
BB_lower,0.06422069
High,0.06341496
5_day_ma,0.060354553
Volume,0.060321014
volume_change,0.054948695
MACD,0.054491263
MACD_signal,0.050525248
volatility_10,0.049557272
daily_return,0.04886062
10_day_ma,0.047004685
BB_upper,0.045112718
20_day_std,0.0410055
RSI_14,0.03892709
