Feature,Importance
BB_upper,0.074204475
Open,0.07209184
20_day_std,0.06912404
volatility_10,0.06442411
RSI_14,0.06328611
Low,0.063268274
MACD_signal,0.06042506
5_day_ma,0.060149305
BB_lower,0.057543956
volume_change,0.056646302
MACD,0.05652691
daily_return,0.055627998
10_day_ma,0.05294631
Close,0.052795835
Volume,0.05168446
20_day_ma,0.04808032
High,0.041174654
