Feature,Importance
RSI_14,0.0701365
High,0.06959958
BB_lower,0.06885707
Open,0.0650566
MACD_signal,0.06263833
Low,0.06212831
Close,0.061395172
volume_change,0.061241694
20_day_std,0.058892384
20_day_ma,0.056662757
daily_return,0.05661698
MACD,0.055176325
10_day_ma,0.05243347
5_day_ma,0.05231836
volatility_10,0.051199395
BB_upper,0.04977573
Volume,0.045871336
