Feature,Importance
10_day_ma,0.06739529
Open,0.06472268
20_day_ma,0.06458642
volume_change,0.06252158
BB_upper,0.061445124
5_day_ma,0.06055255
MACD_signal,0.059715837
RSI_14,0.059389435
20_day_std,0.059296384
BB_lower,0.058209904
Volume,0.058137406
daily_return,0.057650596
Low,0.057264503
MACD,0.056617063
volatility_10,0.056262776
High,0.049748998
Close,0.04648344
