Feature,Importance
High,0.06892018
BB_lower,0.06882578
20_day_ma,0.06401826
Close,0.0631657
MACD,0.062987246
Low,0.06275148
MACD_signal,0.062257756
10_day_ma,0.061349
volatility_10,0.06116231
5_day_ma,0.06001606
20_day_std,0.057426866
Open,0.05361696
Volume,0.051474504
RSI_14,0.051195048
volume_change,0.05075414
daily_return,0.050555337
BB_upper,0.04952337
