Feature,Importance
Volume,0.07022731
volatility_10,0.06856116
BB_lower,0.06854856
High,0.065533586
RSI_14,0.06549212
daily_return,0.06416754
Open,0.059541546
20_day_ma,0.05804838
MACD_signal,0.057683866
BB_upper,0.056637038
volume_change,0.05653768
5_day_ma,0.056490935
MACD,0.05192774
Close,0.0515165
20_day_std,0.05029293
10_day_ma,0.04960517
Low,0.04918793
