Feature,Importance
5_day_ma,0.08755505
Low,0.07979386
daily_return,0.0683579
20_day_ma,0.06636829
Close,0.0662255
volume_change,0.06040726
volatility_10,0.05883369
20_day_std,0.058802735
MACD,0.058133904
Volume,0.056280594
RSI_14,0.05621167
10_day_ma,0.055141173
Open,0.049756452
BB_upper,0.048300922
BB_lower,0.046106037
High,0.043519955
MACD_signal,0.040205076
