Feature,Importance
RSI_14,0.06288126
20_day_std,0.06281456
Open,0.06277628
5_day_ma,0.06239873
Volume,0.062241755
Low,0.06149246
MACD_signal,0.06108442
BB_lower,0.06007987
volume_change,0.059507273
volatility_10,0.059214886
MACD,0.05788236
10_day_ma,0.057345524
High,0.057076704
daily_return,0.056957044
20_day_ma,0.05693073
BB_upper,0.055237062
Close,0.04407914
