Feature,Importance
RSI_14,0.07445605
20_day_ma,0.072054565
BB_lower,0.06883712
MACD,0.06519411
volume_change,0.064575285
20_day_std,0.06383121
High,0.06256092
Open,0.05940409
5_day_ma,0.05742154
daily_return,0.057010874
Volume,0.05450431
10_day_ma,0.054290228
BB_upper,0.0521986
MACD_signal,0.051541604
volatility_10,0.04805292
Close,0.04737825
Low,0.04668831
