Feature,Importance
High,0.07830215
Volume,0.07025214
5_day_ma,0.06417678
20_day_ma,0.06338139
volatility_10,0.059950057
MACD,0.05949079
BB_upper,0.058947127
Low,0.058867864
MACD_signal,0.058344476
volume_change,0.057646986
20_day_std,0.056834195
RSI_14,0.055624116
Open,0.05434692
10_day_ma,0.052073196
Close,0.051386256
daily_return,0.050763045
BB_lower,0.049612492
