Feature,Importance
High,0.079398476
Low,0.074671194
MACD,0.07355008
BB_upper,0.068661645
Open,0.06768604
Close,0.0583223
daily_return,0.05603346
Volume,0.055652566
RSI_14,0.054911654
BB_lower,0.054911498
10_day_ma,0.054762416
volatility_10,0.052716535
MACD_signal,0.05223331
20_day_std,0.050718542
volume_change,0.050237447
20_day_ma,0.048209034
5_day_ma,0.047323786
