Feature,Importance
MACD_signal,0.06914086
BB_upper,0.067893736
BB_lower,0.064977966
volatility_10,0.06479511
Low,0.061872575
High,0.061731707
Volume,0.06158951
MACD,0.06088011
daily_return,0.05858374
10_day_ma,0.057624724
Close,0.05663452
RSI_14,0.056552023
5_day_ma,0.056087166
volume_change,0.05483272
20_day_ma,0.053850573
20_day_std,0.052194964
Open,0.04075801
