Feature,Importance
Open,0.077541955
daily_return,0.074146904
Volume,0.07095909
20_day_std,0.06581273
5_day_ma,0.06194726
BB_upper,0.060137775
Low,0.059026495
20_day_ma,0.058751855
volume_change,0.057887647
MACD,0.055517804
10_day_ma,0.054292154
RSI_14,0.053955734
volatility_10,0.05188598
Close,0.05030678
BB_lower,0.05011101
MACD_signal,0.04913012
High,0.04858868
