Feature,Importance
BB_upper,0.077997446
Open,0.07379348
10_day_ma,0.07188756
volatility_10,0.06975689
RSI_14,0.06794998
volume_change,0.06496316
MACD,0.06450398
Close,0.060844913
High,0.054911505
MACD_signal,0.05369757
Low,0.05112442
Volume,0.051079582
20_day_ma,0.050809667
5_day_ma,0.050759554
BB_lower,0.04966079
20_day_std,0.046586577
daily_return,0.03967292
