Feature,Importance
Close,0.078820825
High,0.07133046
BB_lower,0.06991105
volatility_10,0.06468089
volume_change,0.06407418
Low,0.063156866
20_day_ma,0.0630077
Open,0.060659327
BB_upper,0.05880957
Volume,0.057644937
MACD,0.05416292
5_day_ma,0.053151626
daily_return,0.05309233
MACD_signal,0.05257104
20_day_std,0.048019994
10_day_ma,0.04586788
RSI_14,0.04103845
