Feature,Importance
Close,0.072514296
Low,0.0693898
20_day_std,0.06829628
Open,0.06645361
BB_lower,0.06376339
BB_upper,0.06286835
MACD_signal,0.060104802
High,0.058058668
20_day_ma,0.05536273
Volume,0.05507866
5_day_ma,0.054367263
volatility_10,0.054002687
10_day_ma,0.05287482
RSI_14,0.052099124
volume_change,0.051642407
MACD,0.0515633
daily_return,0.051559832
