Feature,Importance
RSI_14,0.07383005
BB_upper,0.06795696
10_day_ma,0.06529482
volume_change,0.06388357
BB_lower,0.06298323
Volume,0.06269483
daily_return,0.062592834
volatility_10,0.060508184
High,0.05866844
20_day_std,0.057904698
MACD_signal,0.057055164
Open,0.05447165
Low,0.0537555
Close,0.05103659
20_day_ma,0.04995402
MACD,0.04942502
5_day_ma,0.047984425
