Feature,Importance
Open,0.08634687
5_day_ma,0.07009896
10_day_ma,0.0664473
High,0.06555638
volume_change,0.06486912
20_day_ma,0.063988954
volatility_10,0.06389786
MACD,0.058464695
BB_upper,0.05827075
daily_return,0.057035167
Close,0.05666826
Volume,0.056480862
MACD_signal,0.05009815
BB_lower,0.049791172
20_day_std,0.044409998
RSI_14,0.043932572
Low,0.04364294
