Feature,Importance
Open,0.06910134
volume_change,0.06463225
Close,0.06315823
Low,0.062990256
High,0.06118953
20_day_std,0.060512666
MACD_signal,0.05953057
BB_lower,0.059504937
20_day_ma,0.059448175
RSI_14,0.05909174
daily_return,0.057027757
MACD,0.05638492
volatility_10,0.055724867
BB_upper,0.053115457
10_day_ma,0.053115115
Volume,0.052810885
5_day_ma,0.052661333
