Feature,Importance
Low,0.07402438
volume_change,0.069385946
BB_upper,0.06647809
MACD_signal,0.065044194
Open,0.06321362
5_day_ma,0.060896162
RSI_14,0.06047965
MACD,0.059389614
BB_lower,0.05927134
20_day_ma,0.058376126
20_day_std,0.05741683
High,0.05344632
daily_return,0.05298364
10_day_ma,0.052559197
Close,0.05111792
Volume,0.048155818
volatility_10,0.047761165
