Feature,Importance
BB_upper,0.080686234
MACD,0.07569151
10_day_ma,0.07038519
MACD_signal,0.065702066
Open,0.06527076
volatility_10,0.06357578
Volume,0.05958829
20_day_std,0.05877137
RSI_14,0.05801478
BB_lower,0.056013927
volume_change,0.055246074
Low,0.05460001
daily_return,0.053242665
5_day_ma,0.052589986
High,0.045120947
Close,0.043057844
20_day_ma,0.04244253
