Feature,Importance
Low,0.089534655
BB_lower,0.076254524
10_day_ma,0.07210065
Close,0.070488125
volatility_10,0.06813844
volume_change,0.067866504
20_day_ma,0.06423399
5_day_ma,0.056116715
Open,0.053650267
Volume,0.052850626
daily_return,0.050768465
20_day_std,0.050731014
MACD_signal,0.050195005
High,0.048192967
BB_upper,0.04510638
MACD,0.04413596
RSI_14,0.039635766
