Feature,Importance
BB_upper,0.06629327
Low,0.06540787
20_day_std,0.06275401
5_day_ma,0.06269312
BB_lower,0.062684715
Open,0.062535554
Volume,0.062107258
daily_return,0.06175827
MACD_signal,0.059647404
RSI_14,0.0590966
volume_change,0.05673108
High,0.055044495
10_day_ma,0.05489166
volatility_10,0.054085527
20_day_ma,0.052340142
MACD,0.051342852
Close,0.050586108
