Feature,Importance
5_day_ma,0.07515434
High,0.06973871
Low,0.06646951
BB_lower,0.06427092
20_day_ma,0.06320243
Open,0.062301952
10_day_ma,0.05970885
MACD,0.05742421
Volume,0.05725218
BB_upper,0.056326248
volume_change,0.056045253
RSI_14,0.054462224
20_day_std,0.053057168
MACD_signal,0.052742854
daily_return,0.05192713
volatility_10,0.05051163
Close,0.04940431
