Feature,Importance
20_day_std,0.0802073
Low,0.07309378
High,0.06943691
10_day_ma,0.06600113
BB_lower,0.06406673
RSI_14,0.06382562
5_day_ma,0.063321434
volume_change,0.062579215
MACD_signal,0.05906965
Open,0.056133702
MACD,0.05540155
daily_return,0.054549195
20_day_ma,0.053388532
BB_upper,0.052597914
Volume,0.0461448
volatility_10,0.043710012
Close,0.03647253
