Feature,Importance
High,0.06655224
Low,0.06543433
BB_upper,0.06397131
Open,0.06268828
20_day_std,0.060243748
10_day_ma,0.059837073
20_day_ma,0.05977818
BB_lower,0.058827844
volume_change,0.058780555
MACD,0.058515217
MACD_signal,0.05749831
volatility_10,0.056959834
daily_return,0.056594074
5_day_ma,0.055004742
Volume,0.054656748
Close,0.05429443
RSI_14,0.05036315
