Feature,Importance
High,0.07006264
Low,0.06988869
20_day_ma,0.06678935
Open,0.064263925
5_day_ma,0.061892986
BB_lower,0.061008908
BB_upper,0.06087818
Volume,0.060640268
MACD,0.05788724
volume_change,0.056773923
volatility_10,0.055795074
MACD_signal,0.055182107
Close,0.05424306
10_day_ma,0.053272564
daily_return,0.052851792
RSI_14,0.04932656
20_day_std,0.049242713
