Feature,Importance
Low,0.07436067
RSI_14,0.07267443
BB_upper,0.071553685
5_day_ma,0.068064205
High,0.06634985
20_day_std,0.06629407
volatility_10,0.061233506
Close,0.060533084
daily_return,0.05785753
Volume,0.056358464
volume_change,0.05630064
MACD,0.054633785
BB_lower,0.051092535
10_day_ma,0.05051753
MACD_signal,0.047320817
20_day_ma,0.04502235
Open,0.039832816
