Feature,Importance
RSI_14,0.072796166
20_day_std,0.068107635
volume_change,0.066709496
Low,0.06324693
High,0.06266987
MACD,0.06262491
daily_return,0.06135986
Close,0.059523076
BB_lower,0.05789706
5_day_ma,0.0577287
20_day_ma,0.056982327
MACD_signal,0.056673698
volatility_10,0.054887727
Open,0.0537723
Volume,0.050964054
BB_upper,0.050860565
10_day_ma,0.04319564
