Feature,Importance
MACD,0.07167485
volatility_10,0.068874955
MACD_signal,0.06656725
RSI_14,0.06452951
20_day_ma,0.06314913
High,0.06283201
Open,0.061155148
20_day_std,0.05876855
Close,0.057445314
BB_lower,0.05717502
volume_change,0.05433653
daily_return,0.05397546
Low,0.05362973
BB_upper,0.05234737
10_day_ma,0.052309707
Volume,0.05189272
5_day_ma,0.049336746
