Feature,Importance
Low,0.07456918
20_day_std,0.0693693
RSI_14,0.066140875
BB_lower,0.06297418
volume_change,0.06265228
BB_upper,0.060949117
5_day_ma,0.060939196
20_day_ma,0.059670012
Open,0.059028458
daily_return,0.058655456
MACD_signal,0.058079526
Volume,0.05666019
10_day_ma,0.055391636
MACD,0.053613123
volatility_10,0.05184946
Close,0.04818244
High,0.04127558
