Feature,Importance
Low,0.073494956
volatility_10,0.06748382
Open,0.06715662
Close,0.06705944
20_day_std,0.066814594
MACD_signal,0.066359416
10_day_ma,0.06506451
BB_upper,0.06345397
volume_change,0.06196997
daily_return,0.056771785
MACD,0.05413776
5_day_ma,0.052815445
BB_lower,0.051279154
20_day_ma,0.049759537
RSI_14,0.04962374
High,0.047239587
Volume,0.039515592
