Feature,Importance
volatility_10,0.08964202
volume_change,0.075300716
High,0.07156712
Close,0.07129821
daily_return,0.069645606
MACD,0.06704992
5_day_ma,0.06565649
Open,0.05819843
MACD_signal,0.055324845
20_day_ma,0.052610554
RSI_14,0.051202163
Volume,0.050698485
BB_upper,0.049596675
Low,0.048992656
20_day_std,0.043555353
10_day_ma,0.04272527
BB_lower,0.036935538
