Feature,Importance
Low,0.06692109
MACD_signal,0.06616033
MACD,0.064054936
RSI_14,0.06397692
BB_upper,0.06260753
20_day_ma,0.06206685
High,0.060356602
5_day_ma,0.05942479
Open,0.05932734
10_day_ma,0.05846013
volume_change,0.058313794
BB_lower,0.055411264
Close,0.054286294
Volume,0.0528359
volatility_10,0.052542448
20_day_std,0.0519648
daily_return,0.051288962
