Feature,Importance
Low,0.08716347
MACD_signal,0.066054426
volume_change,0.06368328
20_day_std,0.06336532
BB_lower,0.06161897
BB_upper,0.059999973
10_day_ma,0.058572974
Open,0.05733807
volatility_10,0.05709724
20_day_ma,0.05646841
5_day_ma,0.05597852
MACD,0.055660516
Close,0.05461873
RSI_14,0.052223325
High,0.05193288
Volume,0.050418396
daily_return,0.04780546
