Feature,Importance
Low,0.076492414
High,0.07421873
Close,0.06820324
BB_upper,0.06715292
Open,0.06621466
MACD_signal,0.06472894
5_day_ma,0.05903549
volatility_10,0.058417063
daily_return,0.055243254
volume_change,0.054698665
10_day_ma,0.05412702
MACD,0.054118805
RSI_14,0.05396319
Volume,0.052382845
20_day_ma,0.04987662
BB_lower,0.048018128
20_day_std,0.043107968
