Feature,Importance
MACD,0.0699463
MACD_signal,0.068081215
20_day_ma,0.066243075
Low,0.06556063
High,0.06432831
volume_change,0.06347934
daily_return,0.059757233
BB_lower,0.05843038
Close,0.0569705
Open,0.05647035
volatility_10,0.055821147
10_day_ma,0.053608667
BB_upper,0.05327032
RSI_14,0.05242487
Volume,0.052096717
20_day_std,0.052052915
5_day_ma,0.051458023
