Feature,Importance
5_day_ma,0.06908566
20_day_ma,0.0663867
daily_return,0.0660597
Close,0.06473727
Volume,0.06456843
10_day_ma,0.06251219
Low,0.062271517
High,0.059813403
BB_upper,0.05941981
volume_change,0.058617003
Open,0.0563357
20_day_std,0.05458265
MACD_signal,0.052183308
MACD,0.051967457
BB_lower,0.05146858
RSI_14,0.05023747
volatility_10,0.049753208
