Feature,Importance
5_day_ma,0.06701805
Close,0.065504454
20_day_std,0.06488654
10_day_ma,0.063784614
BB_upper,0.06243813
MACD,0.06153579
Low,0.060330566
Volume,0.059958152
RSI_14,0.059704263
MACD_signal,0.059358228
volume_change,0.058005158
daily_return,0.056841932
BB_lower,0.054843333
20_day_ma,0.05258988
Open,0.051254395
volatility_10,0.051104277
High,0.050842218
