Feature,Importance
volume_change,0.070822865
RSI_14,0.07040795
BB_lower,0.068886586
20_day_std,0.06798395
Close,0.06688136
volatility_10,0.06479291
High,0.062142786
Low,0.061419368
BB_upper,0.06055757
5_day_ma,0.05749459
daily_return,0.05385236
10_day_ma,0.053192217
MACD,0.053018976
Open,0.052082807
MACD_signal,0.049814656
Volume,0.045370057
20_day_ma,0.041278996
