Feature,Importance
High,0.073518194
10_day_ma,0.072809465
MACD,0.06348791
Close,0.06301216
BB_upper,0.06287522
BB_lower,0.061227906
MACD_signal,0.060615085
volatility_10,0.059547625
Volume,0.058869883
5_day_ma,0.058570858
20_day_ma,0.057315994
volume_change,0.05325743
RSI_14,0.052838083
20_day_std,0.051860597
daily_return,0.05185229
Low,0.04988341
Open,0.048457917
