Feature,Importance
BB_upper,0.07006444
MACD_signal,0.069536395
RSI_14,0.068070196
5_day_ma,0.06728695
20_day_ma,0.06176964
BB_lower,0.06166784
20_day_std,0.061661925
volatility_10,0.06155478
Open,0.060589075
Volume,0.05865637
daily_return,0.056762647
MACD,0.055131238
Close,0.051539443
10_day_ma,0.049571425
volume_change,0.049539838
Low,0.04924164
High,0.04735622
