Feature,Importance
daily_return,0.06603195
Open,0.064388916
Low,0.06414485
RSI_14,0.063810766
BB_upper,0.062443998
5_day_ma,0.061659973
BB_lower,0.058985285
MACD_signal,0.058450185
volume_change,0.05828687
20_day_ma,0.05738901
10_day_ma,0.05696449
Volume,0.056678854
20_day_std,0.055243034
High,0.05509653
volatility_10,0.054749183
Close,0.054739043
MACD,0.05093703
