Feature,Importance
Volume,0.0704715
High,0.06819218
Low,0.06808383
10_day_ma,0.06639694
5_day_ma,0.06487965
BB_lower,0.06465231
volatility_10,0.06071963
Open,0.059578933
RSI_14,0.05683796
volume_change,0.056486335
20_day_ma,0.054891735
daily_return,0.053693563
Close,0.053207487
MACD,0.05140988
BB_upper,0.051334605
20_day_std,0.050480712
MACD_signal,0.04868274
