Feature,Importance
MACD,0.06948865
MACD_signal,0.06831322
BB_upper,0.062918946
volatility_10,0.06143376
daily_return,0.06117596
Open,0.06054781
BB_lower,0.06012987
20_day_ma,0.059850197
Low,0.059566896
5_day_ma,0.05938844
20_day_std,0.058827065
RSI_14,0.05857537
10_day_ma,0.05820638
volume_change,0.054531086
Close,0.04965843
High,0.04941673
Volume,0.047971256
