Feature,Importance
Volume,0.06715929
High,0.066897504
Open,0.06329892
volatility_10,0.06273769
MACD_signal,0.061970808
Close,0.060591076
10_day_ma,0.059422836
daily_return,0.059148323
Low,0.05823162
volume_change,0.057966374
5_day_ma,0.057558633
20_day_ma,0.056856804
20_day_std,0.055797443
MACD,0.055427544
BB_lower,0.053539734
BB_upper,0.052968934
RSI_14,0.050426498
