Feature,Importance
volume_change,0.06798729
Low,0.06527366
BB_upper,0.061846875
Open,0.061585497
MACD_signal,0.061051507
volatility_10,0.060788214
10_day_ma,0.060168665
BB_lower,0.059348453
20_day_ma,0.059268724
RSI_14,0.058624532
High,0.05853761
20_day_std,0.058266282
Close,0.056466684
MACD,0.05426027
daily_return,0.054027747
5_day_ma,0.05364411
Volume,0.048853926
