Feature,Importance
BB_lower,0.06339277
BB_upper,0.06334597
MACD_signal,0.06300602
5_day_ma,0.062307134
MACD,0.062211264
20_day_std,0.061257742
volatility_10,0.060857594
daily_return,0.05947281
Low,0.05882248
RSI_14,0.05777983
10_day_ma,0.05750914
Volume,0.057224624
volume_change,0.055968247
Close,0.055679787
Open,0.054502398
High,0.05355036
20_day_ma,0.053111825
