Feature,Importance
Open,0.07342379
Low,0.063625015
MACD,0.06285398
5_day_ma,0.061992265
High,0.06197374
volatility_10,0.06148279
Volume,0.060976192
20_day_ma,0.060823098
RSI_14,0.05891195
Close,0.058315672
20_day_std,0.057772283
MACD_signal,0.05687316
daily_return,0.054140523
volume_change,0.053449422
BB_upper,0.0526968
10_day_ma,0.051649775
BB_lower,0.04903951
