Feature,Importance
20_day_ma,0.07349279
High,0.069270685
BB_lower,0.06318039
20_day_std,0.0615138
Low,0.06077849
Open,0.060334712
BB_upper,0.059168067
RSI_14,0.05854837
10_day_ma,0.05775116
Volume,0.05746403
MACD_signal,0.05693938
volume_change,0.05457993
volatility_10,0.05391907
5_day_ma,0.053755615
MACD,0.053624004
Close,0.05344497
daily_return,0.052234583
