Feature,Importance
daily_return,0.07321207
Volume,0.072044544
5_day_ma,0.06937839
Open,0.06641447
MACD,0.06430973
Low,0.06333696
BB_upper,0.061214022
20_day_std,0.060139105
High,0.058651507
volatility_10,0.055144094
Close,0.054788057
BB_lower,0.054780107
RSI_14,0.053460393
volume_change,0.051863298
10_day_ma,0.049996976
20_day_ma,0.0465832
MACD_signal,0.044683103
