Feature,Importance
Low,0.073679864
10_day_ma,0.07213181
BB_lower,0.07047914
5_day_ma,0.06643594
volatility_10,0.06507012
BB_upper,0.064616375
Volume,0.063883364
MACD,0.061190587
High,0.05983655
20_day_std,0.058527395
20_day_ma,0.0581083
Close,0.05386588
MACD_signal,0.05010091
daily_return,0.048479088
Open,0.04785356
volume_change,0.046566788
RSI_14,0.039174233
