Feature,Importance
MACD,0.069007315
Close,0.06477441
5_day_ma,0.06344194
High,0.0631067
20_day_std,0.062018562
BB_upper,0.060531575
BB_lower,0.05952032
RSI_14,0.05897701
Open,0.058794234
MACD_signal,0.05591315
Volume,0.05582928
daily_return,0.05549862
volume_change,0.05543234
volatility_10,0.055351894
Low,0.05526927
10_day_ma,0.054149915
20_day_ma,0.052383464
