Feature,Importance
20_day_ma,0.07607645
10_day_ma,0.074961595
BB_upper,0.072467595
5_day_ma,0.070347205
Low,0.06683312
volatility_10,0.06646106
volume_change,0.065414
Open,0.05537256
BB_lower,0.05513474
daily_return,0.052410867
Volume,0.051547404
MACD,0.051245447
MACD_signal,0.04991242
Close,0.049465623
High,0.04917629
20_day_std,0.04881961
RSI_14,0.044354025
