Feature,Importance
MACD,0.07640841
20_day_std,0.0724724
BB_upper,0.07187331
volume_change,0.06229788
High,0.062265884
daily_return,0.06219593
5_day_ma,0.061550003
20_day_ma,0.05802649
BB_lower,0.05745819
Low,0.057216763
RSI_14,0.055379134
Close,0.054797146
MACD_signal,0.052509207
10_day_ma,0.050685648
volatility_10,0.04852835
Open,0.04836319
Volume,0.047972042
