Feature,Importance
BB_lower,0.09049504
20_day_ma,0.064215705
BB_upper,0.06300359
daily_return,0.062232368
Low,0.062160417
volume_change,0.062058363
10_day_ma,0.060464595
20_day_std,0.05815409
volatility_10,0.056893248
MACD,0.05684102
RSI_14,0.055051133
Close,0.0541302
High,0.05400022
MACD_signal,0.053060714
5_day_ma,0.051138118
Volume,0.049375426
Open,0.04672574
