Feature,Importance
BB_upper,0.070506595
BB_lower,0.065959536
volatility_10,0.06424001
5_day_ma,0.064180404
High,0.06048937
volume_change,0.059677515
Low,0.059175245
20_day_ma,0.058943346
MACD_signal,0.05822595
Open,0.05727961
daily_return,0.057191327
10_day_ma,0.05681475
MACD,0.05662191
Volume,0.056465276
20_day_std,0.052873775
Close,0.051443964
RSI_14,0.049911436
