Feature,Importance
BB_lower,0.06743273
High,0.065769754
volatility_10,0.06467157
volume_change,0.064191915
Volume,0.061592974
20_day_ma,0.061582275
5_day_ma,0.058511022
daily_return,0.058394562
RSI_14,0.057010014
10_day_ma,0.05674431
BB_upper,0.05580095
20_day_std,0.05575874
Close,0.055548426
MACD,0.05513313
Low,0.054061323
Open,0.0540507
MACD_signal,0.053745575
