Feature,Importance
High,0.08527981
Low,0.07847061
BB_upper,0.068194084
Open,0.06676152
Close,0.06310992
5_day_ma,0.06273501
RSI_14,0.060137756
MACD,0.0596049
BB_lower,0.05701473
10_day_ma,0.053572617
volume_change,0.052618593
20_day_std,0.051403765
20_day_ma,0.050894774
volatility_10,0.0497502
Volume,0.049504586
daily_return,0.04638407
MACD_signal,0.044563137
