Feature,Importance
volatility_10,0.07472755
MACD_signal,0.06766195
Low,0.06646339
BB_lower,0.06565664
20_day_std,0.063583605
MACD,0.06316073
Close,0.063064955
5_day_ma,0.06300817
volume_change,0.061005607
daily_return,0.05717531
Volume,0.052914772
BB_upper,0.05174447
20_day_ma,0.051209994
10_day_ma,0.051033333
Open,0.050587345
RSI_14,0.04943743
High,0.047564737
