Feature,Importance
20_day_ma,0.06835581
Low,0.066554226
BB_lower,0.066178806
High,0.063845314
BB_upper,0.06255432
volume_change,0.062209167
10_day_ma,0.061471965
volatility_10,0.060009114
MACD,0.05697241
daily_return,0.056675844
Volume,0.056151982
20_day_std,0.055867206
5_day_ma,0.05431137
Open,0.054281197
RSI_14,0.053638123
MACD_signal,0.051208176
Close,0.049714945
