Feature,Importance
20_day_std,0.07953906
Low,0.07757596
10_day_ma,0.06526699
volume_change,0.06479159
High,0.063761406
MACD_signal,0.06302389
20_day_ma,0.059892144
BB_lower,0.058391053
MACD,0.057192683
Close,0.055088036
BB_upper,0.054981157
volatility_10,0.05495026
5_day_ma,0.054554798
Volume,0.05453409
daily_return,0.04895527
Open,0.045286097
RSI_14,0.042215537
