Feature,Importance
Low,0.07478728
BB_upper,0.072768085
10_day_ma,0.06411894
volume_change,0.06359483
5_day_ma,0.061561268
20_day_std,0.060071114
BB_lower,0.05953659
20_day_ma,0.059298065
RSI_14,0.056700874
MACD_signal,0.056256834
Volume,0.05608344
Open,0.054131534
volatility_10,0.054060943
daily_return,0.05374476
MACD,0.05350202
High,0.0510483
Close,0.04873509
