Feature,Importance
MACD,0.075760804
Open,0.07266348
MACD_signal,0.07263056
volatility_10,0.07225364
RSI_14,0.06298453
20_day_ma,0.06073445
Volume,0.0601081
BB_upper,0.057515156
High,0.056808706
20_day_std,0.05649702
BB_lower,0.054908726
volume_change,0.054070707
Close,0.052560356
daily_return,0.051039174
Low,0.047111824
10_day_ma,0.046277046
5_day_ma,0.046075687
