Feature,Importance
Low,0.069691986
Close,0.067701206
volume_change,0.064876884
Open,0.06477413
BB_lower,0.063728996
volatility_10,0.06140864
MACD,0.0611722
MACD_signal,0.059696697
BB_upper,0.059202265
RSI_14,0.05870952
Volume,0.05799341
10_day_ma,0.057602085
daily_return,0.056426417
High,0.052221604
20_day_std,0.051591795
5_day_ma,0.048246313
20_day_ma,0.044955857
