Feature,Importance
Open,0.08427975
10_day_ma,0.06751968
Low,0.06745398
volatility_10,0.062337685
High,0.062173586
Volume,0.06209271
5_day_ma,0.060052957
BB_upper,0.059935853
MACD,0.058617536
RSI_14,0.055882946
MACD_signal,0.054762363
daily_return,0.053374093
20_day_ma,0.052993152
volume_change,0.05260042
20_day_std,0.05037013
Close,0.047980916
BB_lower,0.04757224
