Feature,Importance
Open,0.10512983
20_day_ma,0.084720135
BB_lower,0.06575915
volatility_10,0.06407222
High,0.060569994
Close,0.058978986
MACD_signal,0.055945393
Volume,0.055883653
BB_upper,0.055619568
20_day_std,0.052483838
5_day_ma,0.052466333
MACD,0.05101257
volume_change,0.04979396
10_day_ma,0.049787242
RSI_14,0.049608883
daily_return,0.047228646
Low,0.040939573
