Feature,Importance
MACD,0.07025623
MACD_signal,0.06729178
5_day_ma,0.063526064
10_day_ma,0.06262851
Close,0.062159386
volatility_10,0.05999552
BB_lower,0.057455186
20_day_std,0.057221178
Open,0.057171017
volume_change,0.057054512
Low,0.057026688
Volume,0.056547847
High,0.056426797
BB_upper,0.056111906
daily_return,0.054980338
20_day_ma,0.0538567
RSI_14,0.050290316
