Feature,Importance
BB_lower,0.068828166
High,0.066026516
BB_upper,0.065438814
20_day_ma,0.06403296
volatility_10,0.0629183
daily_return,0.06166463
Low,0.06068505
Open,0.059824325
10_day_ma,0.059237115
Volume,0.05847908
5_day_ma,0.057619922
RSI_14,0.054580387
volume_change,0.054100506
MACD,0.0534698
20_day_std,0.053036366
MACD_signal,0.05214718
Close,0.0479108
