Feature,Importance
5_day_ma,0.07350511
Low,0.07349624
Close,0.06630811
High,0.06188611
MACD,0.060804434
20_day_std,0.058936737
Volume,0.058413494
MACD_signal,0.05773367
Open,0.057154607
BB_lower,0.05681185
volume_change,0.056018103
volatility_10,0.055995245
20_day_ma,0.054817896
daily_return,0.053665683
BB_upper,0.053643532
10_day_ma,0.052881133
RSI_14,0.04792804
