Feature,Importance
10_day_ma,0.07682643
20_day_ma,0.06853814
MACD_signal,0.06313874
daily_return,0.05905812
5_day_ma,0.05813915
BB_lower,0.058074433
MACD,0.057984807
Low,0.05796839
RSI_14,0.057510924
High,0.05750385
Open,0.057386052
volatility_10,0.057100117
BB_upper,0.055950344
Volume,0.054777917
20_day_std,0.054615296
Close,0.054287598
volume_change,0.051139694
