Feature,Importance
Open,0.07848403
Low,0.06946313
10_day_ma,0.06779878
20_day_ma,0.06186825
5_day_ma,0.061004218
Volume,0.058635164
High,0.05800516
BB_upper,0.057943452
BB_lower,0.057440843
volatility_10,0.05725457
volume_change,0.056077987
RSI_14,0.05484968
MACD,0.054367147
MACD_signal,0.05351187
20_day_std,0.053168323
daily_return,0.050643403
Close,0.04948389
