Feature,Importance
High,0.08087963
Low,0.073719345
Open,0.06978607
BB_upper,0.06498473
Close,0.060206514
20_day_std,0.059469283
volatility_10,0.05936071
10_day_ma,0.056531426
MACD_signal,0.056224894
Volume,0.05604017
MACD,0.055634927
5_day_ma,0.053321876
BB_lower,0.052192163
RSI_14,0.05215832
daily_return,0.05131949
20_day_ma,0.049503937
volume_change,0.04866653
