Feature,Importance
10_day_ma,0.07455153
BB_upper,0.069749735
RSI_14,0.06595137
MACD_signal,0.06466941
20_day_std,0.06260369
Low,0.0624257
High,0.06170128
Close,0.058156427
5_day_ma,0.058126986
MACD,0.057625875
Volume,0.055925835
20_day_ma,0.055304468
volume_change,0.055077527
BB_lower,0.054497678
volatility_10,0.051733848
daily_return,0.050102316
Open,0.041796323
