Feature,Importance
BB_upper,0.07160113
Close,0.06899872
RSI_14,0.06611067
MACD,0.06364326
Open,0.062621735
20_day_std,0.060828675
20_day_ma,0.059300683
BB_lower,0.05909439
10_day_ma,0.057122134
volume_change,0.05575983
Low,0.055415273
volatility_10,0.055290397
daily_return,0.05352222
High,0.053334285
5_day_ma,0.05326802
MACD_signal,0.052593905
Volume,0.05149471
