Feature,Importance
20_day_ma,0.072746426
10_day_ma,0.068735726
BB_lower,0.06736172
MACD_signal,0.06461925
5_day_ma,0.061505876
Low,0.059211638
BB_upper,0.058455117
High,0.058332816
Close,0.05748927
Open,0.05551213
volume_change,0.055116814
volatility_10,0.05473171
20_day_std,0.054550704
daily_return,0.05448772
RSI_14,0.054118443
Volume,0.052023858
MACD,0.051000897
