Feature,Importance
20_day_ma,0.09364801
volume_change,0.07245252
Low,0.066334635
BB_upper,0.064058006
10_day_ma,0.063763954
RSI_14,0.05909763
Close,0.05763018
20_day_std,0.05730952
MACD_signal,0.056745604
MACD,0.055658534
High,0.053431507
volatility_10,0.052735146
daily_return,0.052018803
5_day_ma,0.05170691
Volume,0.04964545
Open,0.047103744
BB_lower,0.046659797
