Feature,Importance
5_day_ma,0.07426751
Close,0.07346462
RSI_14,0.068079524
daily_return,0.066548556
Low,0.06461578
10_day_ma,0.062357463
High,0.05830061
Volume,0.057329297
volume_change,0.0573016
BB_upper,0.05637405
BB_lower,0.05622696
volatility_10,0.052796826
MACD_signal,0.05248336
20_day_std,0.051470086
Open,0.049939107
MACD,0.049869284
20_day_ma,0.048575375
