Feature,Importance
BB_upper,0.0655118
20_day_std,0.06366103
RSI_14,0.06324311
BB_lower,0.0624158
High,0.062319197
MACD_signal,0.062019676
volatility_10,0.061100084
volume_change,0.060802225
10_day_ma,0.059617322
Close,0.05909024
5_day_ma,0.057565622
20_day_ma,0.057453465
MACD,0.056480322
daily_return,0.053423826
Low,0.052104015
Volume,0.05183856
Open,0.051353756
