Feature,Importance
10_day_ma,0.08404494
Low,0.07176337
MACD,0.06910801
5_day_ma,0.06678133
BB_upper,0.06359177
daily_return,0.059900917
High,0.056317054
Close,0.0559352
20_day_ma,0.054960553
volatility_10,0.053837363
RSI_14,0.05372196
Open,0.05338746
20_day_std,0.053058617
BB_lower,0.052177444
MACD_signal,0.050976977
volume_change,0.050398212
Volume,0.0500389
