Feature,Importance
Low,0.071619645
20_day_std,0.06613943
High,0.066081375
volume_change,0.06606683
BB_lower,0.061947305
10_day_ma,0.061942473
MACD_signal,0.06055769
5_day_ma,0.06041571
MACD,0.06041287
Close,0.059385978
BB_upper,0.057783253
20_day_ma,0.057494227
RSI_14,0.05349142
volatility_10,0.051208172
daily_return,0.05055646
Volume,0.048089672
Open,0.046807542
