Feature,Importance
20_day_ma,0.074967064
10_day_ma,0.071913995
BB_upper,0.06986848
daily_return,0.06655755
5_day_ma,0.06325727
MACD_signal,0.06284334
volume_change,0.061866585
MACD,0.05941357
Open,0.05802822
volatility_10,0.057276092
20_day_std,0.056719773
High,0.05457956
Low,0.053257268
Volume,0.05032482
BB_lower,0.048330177
RSI_14,0.046452716
Close,0.044343565
