Feature,Importance
20_day_ma,0.080812804
High,0.07432605
BB_upper,0.069088355
Low,0.064286366
Close,0.060273256
20_day_std,0.059966642
5_day_ma,0.059757814
RSI_14,0.05907807
Volume,0.058465455
volume_change,0.057039224
MACD,0.056703493
volatility_10,0.053192884
10_day_ma,0.05242673
BB_lower,0.05210565
daily_return,0.049231783
MACD_signal,0.04868285
Open,0.044562582
