Feature,Importance
Low,0.080253914
BB_upper,0.07352113
20_day_ma,0.07079205
daily_return,0.06754502
RSI_14,0.06458408
Volume,0.061186135
Close,0.06104703
MACD_signal,0.059997883
Open,0.059304345
10_day_ma,0.05905211
volume_change,0.05674221
High,0.055840313
volatility_10,0.05483249
5_day_ma,0.048310593
MACD,0.042893913
20_day_std,0.04205678
BB_lower,0.042040024
