Feature,Importance
volatility_10,0.07763115
BB_upper,0.07084428
Low,0.06596266
10_day_ma,0.06435332
MACD_signal,0.063662685
BB_lower,0.06095816
daily_return,0.059699964
RSI_14,0.059446637
volume_change,0.05936434
High,0.056940794
Open,0.056156904
20_day_std,0.056045976
Volume,0.054437563
20_day_ma,0.054043148
5_day_ma,0.050752077
Close,0.047160484
MACD,0.04253989
