Feature,Importance
RSI_14,0.06603004
20_day_ma,0.06253597
5_day_ma,0.061730813
Open,0.06144679
Close,0.061361272
20_day_std,0.06124788
BB_upper,0.061143737
BB_lower,0.060577646
MACD_signal,0.059915084
10_day_ma,0.058589596
MACD,0.058008596
Low,0.05788519
volatility_10,0.056212652
Volume,0.055009957
daily_return,0.054504994
volume_change,0.053362638
High,0.050437197
