Feature,Importance
volume_change,0.067980416
5_day_ma,0.06614792
daily_return,0.06475901
Low,0.06441002
BB_upper,0.061883237
Open,0.060701206
volatility_10,0.060388867
Close,0.05859306
Volume,0.05736516
High,0.056864932
MACD_signal,0.056413125
RSI_14,0.05636513
20_day_std,0.056256857
MACD,0.054512765
20_day_ma,0.054507803
10_day_ma,0.05299033
BB_lower,0.049860213
