Feature,Importance
MACD,0.074383266
volume_change,0.06427883
Open,0.0631297
20_day_std,0.063097395
Volume,0.061920162
MACD_signal,0.061880365
Low,0.061295398
5_day_ma,0.059921768
Close,0.058381736
BB_upper,0.056453053
High,0.056297664
RSI_14,0.055917695
20_day_ma,0.054307416
10_day_ma,0.05376942
volatility_10,0.052622486
daily_return,0.051204763
BB_lower,0.051138837
