Feature,Importance
20_day_ma,0.08184188
BB_lower,0.065130055
BB_upper,0.06430629
volume_change,0.06409576
10_day_ma,0.06329994
RSI_14,0.05982886
20_day_std,0.059131045
MACD,0.059079703
MACD_signal,0.0584565
Close,0.058220956
High,0.056339152
Low,0.056295678
5_day_ma,0.055551395
daily_return,0.05393618
volatility_10,0.050938874
Volume,0.05024384
Open,0.043303866
