Feature,Importance
BB_upper,0.072407216
High,0.07111215
MACD,0.069044106
10_day_ma,0.06772904
Volume,0.06368998
BB_lower,0.06335201
volatility_10,0.060774256
MACD_signal,0.059467632
volume_change,0.0582406
Open,0.057774793
Low,0.056294363
daily_return,0.052283958
RSI_14,0.052013543
20_day_std,0.051965833
Close,0.048542
20_day_ma,0.048449114
5_day_ma,0.04685938
