Feature,Importance
Close,0.08491342
Low,0.073963344
BB_upper,0.072519936
5_day_ma,0.07121999
High,0.06755557
MACD,0.06467987
MACD_signal,0.061462015
volatility_10,0.059157368
10_day_ma,0.05827258
Volume,0.051080685
RSI_14,0.05005902
volume_change,0.048782058
BB_lower,0.04872832
20_day_std,0.047469415
20_day_ma,0.047219664
daily_return,0.046933934
Open,0.04598279
