Feature,Importance
Low,0.07295368
MACD,0.07011139
High,0.0659848
10_day_ma,0.06353314
daily_return,0.062440254
Open,0.06089475
BB_upper,0.05955198
BB_lower,0.058978423
RSI_14,0.057752896
MACD_signal,0.05714739
volume_change,0.057067532
20_day_std,0.056536052
5_day_ma,0.05430521
Volume,0.052310273
20_day_ma,0.050871395
volatility_10,0.05066147
Close,0.04889936
