Feature,Importance
volatility_10,0.08108561
MACD_signal,0.07981914
BB_upper,0.06933834
MACD,0.06757117
Low,0.06518805
10_day_ma,0.064511545
daily_return,0.062727235
BB_lower,0.058721714
Close,0.053956285
Volume,0.052706927
20_day_ma,0.052442394
RSI_14,0.05182167
5_day_ma,0.051164657
volume_change,0.051072963
20_day_std,0.04991786
Open,0.04415683
High,0.043797582
