Feature,Importance
Low,0.07726422
10_day_ma,0.069989815
Open,0.066736996
5_day_ma,0.06484809
BB_upper,0.0640183
Close,0.060605716
20_day_ma,0.0578066
MACD,0.056760337
daily_return,0.05673657
RSI_14,0.05572283
BB_lower,0.05494489
Volume,0.053723395
High,0.053228643
volume_change,0.052798707
MACD_signal,0.052584358
20_day_std,0.051414814
volatility_10,0.050815698
