Feature,Importance
BB_upper,0.07316739
20_day_ma,0.07293224
MACD,0.069592915
MACD_signal,0.06791518
5_day_ma,0.06697453
Volume,0.066932395
volatility_10,0.066182986
High,0.06531402
10_day_ma,0.059524864
Open,0.0547982
20_day_std,0.0545751
RSI_14,0.05402494
volume_change,0.047974087
daily_return,0.047966212
BB_lower,0.046551716
Close,0.04553327
Low,0.040039945
