Feature,Importance
volume_change,0.07089234
5_day_ma,0.066337004
Low,0.065321155
volatility_10,0.06390639
daily_return,0.061725575
BB_upper,0.0614422
RSI_14,0.059372414
Volume,0.059326142
20_day_ma,0.05916101
Close,0.058311813
MACD,0.056973662
MACD_signal,0.055344637
20_day_std,0.054266647
High,0.05410023
10_day_ma,0.053453468
Open,0.05052969
BB_lower,0.049535688
