Feature,Importance
BB_upper,0.08780588
Close,0.06825732
Low,0.063455254
10_day_ma,0.060989104
High,0.060960613
MACD_signal,0.059860073
BB_lower,0.05865285
Open,0.05807225
RSI_14,0.058068223
volume_change,0.0560241
Volume,0.05437495
volatility_10,0.05435237
MACD,0.053373657
20_day_std,0.052701585
daily_return,0.051822435
5_day_ma,0.05104745
20_day_ma,0.05018185
