Feature,Importance
MACD,0.07544678
MACD_signal,0.06757932
volume_change,0.0669463
RSI_14,0.06455242
20_day_std,0.06363735
volatility_10,0.06330052
Volume,0.06099179
Open,0.060344238
BB_upper,0.059028946
5_day_ma,0.058055498
High,0.055303857
Close,0.054664828
10_day_ma,0.05454619
daily_return,0.053915493
BB_lower,0.05322418
Low,0.048062872
20_day_ma,0.040399395
