Feature,Importance
Low,0.07614836
Open,0.07472316
High,0.070614584
20_day_ma,0.06854175
Volume,0.064138554
20_day_std,0.062155563
BB_lower,0.061848175
MACD_signal,0.06140099
5_day_ma,0.05920641
RSI_14,0.0545083
volume_change,0.05409236
volatility_10,0.053728037
BB_upper,0.053167246
daily_return,0.049178272
MACD,0.048784215
Close,0.04548407
10_day_ma,0.042279996
