Feature,Importance
BB_upper,0.07959833
Low,0.075004995
volume_change,0.07052167
20_day_std,0.061667472
10_day_ma,0.05919822
5_day_ma,0.058689304
RSI_14,0.058079705
20_day_ma,0.05807593
Open,0.057653606
BB_lower,0.057218052
daily_return,0.056341443
MACD,0.05537675
volatility_10,0.0552928
MACD_signal,0.055100877
Close,0.05004619
High,0.0472518
Volume,0.04488287
