Feature,Importance
20_day_ma,0.07650795
High,0.06961586
daily_return,0.06613738
MACD,0.06541029
volatility_10,0.061211955
20_day_std,0.061096776
5_day_ma,0.05995542
RSI_14,0.057665013
10_day_ma,0.05679417
BB_lower,0.055741135
Volume,0.055532806
BB_upper,0.055391654
MACD_signal,0.055043597
volume_change,0.053696256
Open,0.05141849
Low,0.05107604
Close,0.04770517
