Feature,Importance
High,0.07615726
BB_lower,0.07476601
20_day_ma,0.073061265
Volume,0.06824512
Low,0.063859746
MACD,0.06176677
volatility_10,0.061416473
MACD_signal,0.06031437
BB_upper,0.059913322
volume_change,0.05947577
5_day_ma,0.05453065
10_day_ma,0.051657706
Close,0.050782017
Open,0.048782673
20_day_std,0.047552533
daily_return,0.046391774
RSI_14,0.04132658
