Feature,Importance
MACD_signal,0.073597945
BB_upper,0.06982146
volume_change,0.065777525
Low,0.064852364
MACD,0.062688224
Open,0.06243479
RSI_14,0.062390227
5_day_ma,0.061918285
Close,0.05607752
High,0.05587361
BB_lower,0.055845596
20_day_ma,0.05388748
daily_return,0.05340718
volatility_10,0.052911267
Volume,0.052805986
20_day_std,0.04993092
10_day_ma,0.045779657
