Feature,Importance
10_day_ma,0.06958675
Open,0.06536588
Close,0.06338448
BB_lower,0.06336027
Low,0.062073227
20_day_ma,0.06042054
volatility_10,0.059147082
MACD,0.058327056
20_day_std,0.057971016
Volume,0.0568933
BB_upper,0.056880675
daily_return,0.056540456
MACD_signal,0.055672597
High,0.055590164
5_day_ma,0.05324809
RSI_14,0.053019967
volume_change,0.0525184
