Feature,Importance
BB_upper,0.068316504
High,0.06743675
5_day_ma,0.06719366
daily_return,0.066250764
Low,0.06512447
Volume,0.061906815
BB_lower,0.061867602
10_day_ma,0.05997041
20_day_std,0.058984723
volatility_10,0.058899865
Open,0.05552513
MACD,0.053949863
Close,0.05294944
RSI_14,0.051814444
volume_change,0.05052344
MACD_signal,0.05011134
20_day_ma,0.049174827
