Feature,Importance
BB_upper,0.073954076
volatility_10,0.063811384
20_day_std,0.06269231
Open,0.061213374
RSI_14,0.061118003
daily_return,0.060663868
20_day_ma,0.059508484
5_day_ma,0.058865447
MACD,0.058830675
Low,0.05877989
BB_lower,0.057651635
Volume,0.0568042
volume_change,0.055575892
MACD_signal,0.054893002
10_day_ma,0.05437957
High,0.050785467
Close,0.0504728
