Feature,Importance
Low,0.09078371
High,0.07776975
Open,0.06396161
5_day_ma,0.061464846
MACD_signal,0.060845044
Volume,0.059061963
Close,0.05713912
20_day_std,0.057032205
MACD,0.054540046
volatility_10,0.054049637
20_day_ma,0.053869203
daily_return,0.052400388
10_day_ma,0.052355174
volume_change,0.052050706
BB_upper,0.051390965
RSI_14,0.05114605
BB_lower,0.050139625
