Feature,Importance
BB_upper,0.07447824
20_day_ma,0.07345438
10_day_ma,0.07138322
BB_lower,0.06420066
daily_return,0.061017416
volatility_10,0.059996333
Close,0.05959215
RSI_14,0.058675267
High,0.058314223
Low,0.056218795
5_day_ma,0.056032136
MACD_signal,0.055866893
MACD,0.053303927
20_day_std,0.052290216
Volume,0.048840977
Open,0.048518475
volume_change,0.047816698
