Feature,Importance
MACD_signal,0.07022162
10_day_ma,0.06977516
5_day_ma,0.06816968
High,0.0677169
Low,0.060443077
RSI_14,0.060350426
20_day_ma,0.05793263
Open,0.05726164
Close,0.05713803
volatility_10,0.056538094
BB_upper,0.05633624
MACD,0.05548174
BB_lower,0.054553047
20_day_std,0.054394227
Volume,0.052799348
volume_change,0.05150211
daily_return,0.04938604
