Feature,Importance
High,0.06815937
Low,0.067733325
10_day_ma,0.06728705
RSI_14,0.06477377
volume_change,0.06284884
BB_lower,0.060056414
Open,0.060004894
daily_return,0.05838837
Close,0.057866957
20_day_ma,0.055946805
MACD,0.055927288
5_day_ma,0.055549443
volatility_10,0.055348787
Volume,0.054814097
20_day_std,0.05373626
BB_upper,0.051926207
MACD_signal,0.0496322
