Feature,Importance
High,0.07274436
volatility_10,0.06843389
Volume,0.06587542
10_day_ma,0.0625685
5_day_ma,0.06145881
Low,0.061267383
volume_change,0.05962433
BB_lower,0.05863523
RSI_14,0.0573278
MACD_signal,0.05684109
Open,0.056005303
BB_upper,0.055111956
daily_return,0.054617465
20_day_std,0.05361167
20_day_ma,0.053253822
MACD,0.053018574
Close,0.049604416
