Feature,Importance
5_day_ma,0.07478228
Low,0.07087912
20_day_ma,0.0678236
BB_upper,0.06456718
Open,0.059808612
RSI_14,0.059402034
High,0.059216533
10_day_ma,0.058485966
20_day_std,0.057849675
volume_change,0.057520535
MACD,0.056978904
daily_return,0.0554226
Close,0.054594543
BB_lower,0.053975087
volatility_10,0.052002497
MACD_signal,0.050183695
Volume,0.046507165
