Feature,Importance
Open,0.07038324
10_day_ma,0.07002979
5_day_ma,0.06893129
High,0.06808341
volume_change,0.065891534
Close,0.06568663
Low,0.063518934
MACD_signal,0.060826384
BB_upper,0.059638586
Volume,0.057701692
MACD,0.055054497
BB_lower,0.05245011
volatility_10,0.05229387
RSI_14,0.05062641
daily_return,0.049380735
20_day_ma,0.048026882
20_day_std,0.04147603
