Feature,Importance
High,0.07392067
10_day_ma,0.07337061
Close,0.06559926
Low,0.06514914
MACD,0.064198874
BB_upper,0.0641847
5_day_ma,0.063225836
20_day_std,0.062245928
daily_return,0.056415036
BB_lower,0.055926718
20_day_ma,0.053745743
RSI_14,0.053302772
volume_change,0.051541697
Open,0.051012095
MACD_signal,0.05031814
Volume,0.048498984
volatility_10,0.047343824
