Feature,Importance
volume_change,0.07535764
volatility_10,0.0715162
daily_return,0.06789784
BB_lower,0.06776133
Open,0.06329324
Low,0.06317698
MACD,0.062197812
RSI_14,0.059483986
5_day_ma,0.05914622
Close,0.055244043
Volume,0.05522157
20_day_ma,0.0551783
20_day_std,0.054069478
High,0.05239292
BB_upper,0.05078506
MACD_signal,0.046255633
10_day_ma,0.041021753
