Feature,Importance
BB_upper,0.06719631
20_day_std,0.067009486
20_day_ma,0.06502785
High,0.06421818
Open,0.063873015
BB_lower,0.06313469
Low,0.059678808
volatility_10,0.058413874
RSI_14,0.058171798
volume_change,0.057381008
Volume,0.057255186
Close,0.05659802
10_day_ma,0.05637151
5_day_ma,0.05504859
MACD_signal,0.053409655
daily_return,0.048712865
MACD,0.048499174
