Feature,Importance
High,0.072166674
MACD,0.07092292
5_day_ma,0.06912396
Low,0.06538815
20_day_std,0.06168329
RSI_14,0.060960524
20_day_ma,0.06070094
Open,0.05603385
BB_upper,0.055730842
Close,0.05551651
BB_lower,0.055089157
daily_return,0.054933216
10_day_ma,0.0541575
MACD_signal,0.053332258
volatility_10,0.053043347
volume_change,0.050790604
Volume,0.05042615
