Feature,Importance
20_day_ma,0.0932109
High,0.07659437
Low,0.07596489
5_day_ma,0.070353486
BB_lower,0.06453963
volume_change,0.06381111
MACD_signal,0.05741166
Close,0.05709885
Volume,0.05638298
BB_upper,0.053962786
Open,0.053846713
volatility_10,0.0492341
MACD,0.048801128
RSI_14,0.04858911
20_day_std,0.047924306
daily_return,0.041500393
10_day_ma,0.04077355
