Feature,Importance
MACD,0.07102308
Low,0.0705881
volume_change,0.0661528
Volume,0.064519435
20_day_ma,0.06329794
20_day_std,0.062112045
BB_upper,0.06195891
5_day_ma,0.061132304
MACD_signal,0.059627607
RSI_14,0.059277143
volatility_10,0.058730256
Open,0.05751091
daily_return,0.052328598
BB_lower,0.051046714
Close,0.050779082
10_day_ma,0.04574888
High,0.04416612
