Feature,Importance
20_day_std,0.06525265
MACD_signal,0.06475895
BB_upper,0.064425476
Open,0.06342179
BB_lower,0.06275454
Low,0.06108009
Volume,0.05894325
MACD,0.057699382
volatility_10,0.05758114
High,0.0574642
Close,0.057070892
20_day_ma,0.0570564
RSI_14,0.056925785
daily_return,0.056665435
volume_change,0.053696796
10_day_ma,0.052935805
5_day_ma,0.052267384
