Feature,Importance
Low,0.07743613
BB_upper,0.07398863
MACD,0.06712292
High,0.0648782
Close,0.060618103
RSI_14,0.060500275
10_day_ma,0.058812294
BB_lower,0.057895303
daily_return,0.057656515
volume_change,0.05702319
20_day_std,0.05562123
Open,0.055496432
Volume,0.053002756
volatility_10,0.052127298
MACD_signal,0.050528206
20_day_ma,0.049966827
5_day_ma,0.047325615
