Feature,Importance
Low,0.067243434
BB_upper,0.066694364
Volume,0.06565082
Open,0.06479711
daily_return,0.06420444
10_day_ma,0.0639508
5_day_ma,0.062064946
20_day_std,0.06008564
BB_lower,0.059821147
MACD,0.05779078
volatility_10,0.054853607
Close,0.054309398
High,0.05428994
20_day_ma,0.05277157
volume_change,0.05216714
RSI_14,0.050011203
MACD_signal,0.049293626
