Feature,Importance
Open,0.08444238
5_day_ma,0.0749442
Low,0.06524542
volatility_10,0.064794384
daily_return,0.061718874
20_day_ma,0.06088183
MACD,0.060090065
BB_upper,0.059965737
10_day_ma,0.057110403
20_day_std,0.0556342
Volume,0.054603428
High,0.053400077
RSI_14,0.052968577
Close,0.052510403
volume_change,0.04942769
MACD_signal,0.048139073
BB_lower,0.044123232
