Feature,Importance
BB_upper,0.0692828
BB_lower,0.06796873
20_day_ma,0.06736491
Low,0.06691172
5_day_ma,0.0647422
Open,0.062784545
High,0.058706854
volatility_10,0.05797687
20_day_std,0.05788135
Volume,0.05748619
RSI_14,0.05682932
volume_change,0.05592656
10_day_ma,0.055759605
daily_return,0.05244923
MACD_signal,0.0502336
MACD,0.049001984
Close,0.048693497
