Feature,Importance
volatility_10,0.07582011
Open,0.07532104
20_day_std,0.07387074
MACD_signal,0.068034895
BB_lower,0.065279275
MACD,0.062322125
20_day_ma,0.06140148
10_day_ma,0.059116844
High,0.057452917
Volume,0.05555997
Low,0.052606255
Close,0.052329157
volume_change,0.05157403
RSI_14,0.050046977
daily_return,0.04788467
BB_upper,0.04628455
5_day_ma,0.045094993
