Feature,Importance
Open,0.06500712
MACD_signal,0.063950844
Close,0.06353938
BB_upper,0.061844897
RSI_14,0.060840584
20_day_std,0.060335904
BB_lower,0.06025271
volatility_10,0.05966053
volume_change,0.059025083
MACD,0.05893997
daily_return,0.058102656
10_day_ma,0.057499874
20_day_ma,0.056723658
High,0.056708466
Low,0.055020005
Volume,0.054330613
5_day_ma,0.048217718
