Feature,Importance
Open,0.083452746
Low,0.08246104
5_day_ma,0.07286904
BB_lower,0.07253081
High,0.06526772
MACD_signal,0.05865877
10_day_ma,0.05674096
MACD,0.0563963
20_day_ma,0.055560514
BB_upper,0.054751407
volatility_10,0.054512765
Volume,0.052580077
Close,0.05205449
20_day_std,0.051590174
volume_change,0.047741488
daily_return,0.045516413
RSI_14,0.0373153
