Feature,Importance
High,0.072098106
RSI_14,0.068986356
Low,0.06643874
MACD,0.064613596
BB_lower,0.06335504
20_day_ma,0.06306359
volume_change,0.060312066
20_day_std,0.059773307
MACD_signal,0.059488736
5_day_ma,0.058293384
Open,0.057073474
daily_return,0.055125788
Close,0.050979592
Volume,0.05077292
volatility_10,0.050592124
10_day_ma,0.05043052
BB_upper,0.048602544
