Feature,Importance
Low,0.06925142
MACD,0.06810766
MACD_signal,0.06708338
5_day_ma,0.06349063
20_day_std,0.06292091
Open,0.061662626
volatility_10,0.060245194
Close,0.059237443
BB_upper,0.05844427
20_day_ma,0.056511912
Volume,0.05637288
BB_lower,0.05492597
RSI_14,0.053632107
daily_return,0.052673463
volume_change,0.052543625
10_day_ma,0.051890727
High,0.05100575
