Feature,Importance
MACD,0.06517367
RSI_14,0.06327125
5_day_ma,0.06304734
Open,0.06295932
BB_upper,0.06224851
BB_lower,0.06111523
20_day_std,0.060645554
Low,0.060377836
volume_change,0.05978865
Volume,0.059257448
10_day_ma,0.057569582
MACD_signal,0.05750801
volatility_10,0.05684285
20_day_ma,0.05601898
High,0.05289031
daily_return,0.05246538
Close,0.048820063
