Feature,Importance
Close,0.069658235
Low,0.06792978
5_day_ma,0.066258155
daily_return,0.06508516
Volume,0.06501046
20_day_ma,0.062198125
10_day_ma,0.060305808
Open,0.06030294
High,0.059623044
20_day_std,0.059056766
BB_upper,0.056004588
MACD,0.055987924
volume_change,0.054562725
RSI_14,0.054426964
volatility_10,0.050510045
BB_lower,0.047609933
MACD_signal,0.045469385
