Feature,Importance
RSI_14,0.072029024
5_day_ma,0.06962146
20_day_std,0.06771181
Open,0.066312
High,0.06483382
Low,0.060705528
MACD_signal,0.059408735
BB_lower,0.058569066
daily_return,0.05830883
10_day_ma,0.05698193
Close,0.055016782
BB_upper,0.054448847
volume_change,0.054091543
Volume,0.0525512
volatility_10,0.052517317
20_day_ma,0.052259408
MACD,0.044632766
