Feature,Importance
MACD_signal,0.074539445
MACD,0.06924213
volatility_10,0.066175595
BB_upper,0.064152315
volume_change,0.06361539
20_day_ma,0.061053902
20_day_std,0.059507124
daily_return,0.05926547
RSI_14,0.05760851
BB_lower,0.056631632
10_day_ma,0.0561712
High,0.054800253
Low,0.05433347
Close,0.054284953
Volume,0.053531975
Open,0.053206302
5_day_ma,0.041880347
