Feature,Importance
20_day_std,0.07555792
volatility_10,0.07140047
RSI_14,0.06595862
MACD_signal,0.062893465
BB_lower,0.06127943
volume_change,0.060267247
10_day_ma,0.060071133
BB_upper,0.059831433
MACD,0.056837663
Volume,0.05667192
Open,0.055739477
Low,0.05459344
daily_return,0.052754845
5_day_ma,0.052443027
Close,0.052122544
20_day_ma,0.050921265
High,0.050656103
