Feature,Importance
BB_upper,0.07039998
10_day_ma,0.06981022
Open,0.068098
MACD,0.065862074
High,0.06571491
MACD_signal,0.063094445
Low,0.06185287
Volume,0.05844856
RSI_14,0.057128485
volatility_10,0.056065824
20_day_ma,0.055824827
BB_lower,0.054290563
20_day_std,0.05361705
daily_return,0.052989185
5_day_ma,0.050391924
Close,0.048250716
volume_change,0.048160296
