Feature,Importance
20_day_ma,0.08802134
BB_lower,0.07551787
5_day_ma,0.07419627
MACD,0.07400588
Close,0.067265764
RSI_14,0.060167283
daily_return,0.057644088
volatility_10,0.05744787
volume_change,0.054664433
High,0.05444604
Volume,0.05382538
BB_upper,0.053280357
Low,0.05275656
20_day_std,0.052212402
MACD_signal,0.04591464
10_day_ma,0.04020425
Open,0.038429573
