Feature,Importance
BB_upper,0.0725087
10_day_ma,0.06907059
MACD_signal,0.066619806
High,0.06446896
MACD,0.06399729
Volume,0.060779154
Low,0.06059278
20_day_ma,0.060066637
volatility_10,0.057883848
BB_lower,0.056188878
volume_change,0.05594179
Open,0.055627894
daily_return,0.054948412
5_day_ma,0.054262478
20_day_std,0.051394846
RSI_14,0.050764054
Close,0.04488392
