Feature,Importance
Low,0.06836635
volatility_10,0.06526779
20_day_ma,0.064063095
Close,0.063141465
10_day_ma,0.06219383
High,0.060944997
MACD,0.060885392
BB_lower,0.059617203
20_day_std,0.057772905
daily_return,0.057621792
volume_change,0.05761365
5_day_ma,0.05540433
RSI_14,0.05490388
BB_upper,0.054609448
Volume,0.053012062
Open,0.052909993
MACD_signal,0.051671874
