Feature,Importance
Close,0.06939083
BB_upper,0.06824148
20_day_std,0.0676053
MACD,0.066624776
Low,0.06410782
MACD_signal,0.06410456
Open,0.064095154
10_day_ma,0.0609042
High,0.057197142
20_day_ma,0.056649648
volume_change,0.056299552
daily_return,0.054383963
5_day_ma,0.053549908
BB_lower,0.05350594
volatility_10,0.05147552
Volume,0.04602001
RSI_14,0.04584414
