Feature,Importance
10_day_ma,0.08264886
5_day_ma,0.068493865
MACD_signal,0.06719102
MACD,0.06604545
High,0.06272222
volatility_10,0.06255038
BB_upper,0.061774664
20_day_ma,0.060252324
Open,0.057764664
Close,0.056414135
Volume,0.054062728
Low,0.05380003
volume_change,0.053519472
RSI_14,0.051713604
BB_lower,0.051334344
20_day_std,0.045503274
daily_return,0.04420892
