Feature,Importance
Open,0.07156149
10_day_ma,0.06902472
5_day_ma,0.066779375
Low,0.065412834
BB_upper,0.06415434
Volume,0.062262416
MACD_signal,0.059355732
daily_return,0.058711775
20_day_ma,0.058480356
volatility_10,0.057443082
RSI_14,0.056250423
High,0.054691166
BB_lower,0.053972166
MACD,0.053662978
Close,0.05078039
20_day_std,0.050195277
volume_change,0.047261402
