Feature,Importance
BB_upper,0.07581404
Open,0.07265681
BB_lower,0.064434245
Close,0.06426181
MACD,0.06375267
5_day_ma,0.06308116
20_day_ma,0.05895388
daily_return,0.05891941
volume_change,0.057486102
volatility_10,0.056569435
Low,0.055719845
10_day_ma,0.054601807
Volume,0.053341176
20_day_std,0.052687824
MACD_signal,0.049409274
High,0.04924499
RSI_14,0.049065582
