Feature,Importance
10_day_ma,0.081433974
MACD_signal,0.07237522
High,0.07127548
BB_lower,0.064938694
Volume,0.06173821
Low,0.05984961
20_day_std,0.05788074
5_day_ma,0.05648096
Open,0.055906866
20_day_ma,0.05583955
volume_change,0.054846857
MACD,0.054069567
Close,0.053634048
BB_upper,0.053225525
daily_return,0.051436275
RSI_14,0.047885783
volatility_10,0.04718265
