Feature,Importance
MACD,0.068434976
MACD_signal,0.06700177
5_day_ma,0.06262924
volatility_10,0.062103365
Open,0.062049944
BB_upper,0.061320014
Close,0.059784327
20_day_std,0.059251443
volume_change,0.05747208
Low,0.056482755
20_day_ma,0.056400992
10_day_ma,0.05589134
daily_return,0.055583168
High,0.055561334
BB_lower,0.05466385
RSI_14,0.053171746
Volume,0.052197605
