Feature,Importance
Low,0.08749891
BB_upper,0.070034005
MACD_signal,0.06701156
Open,0.063199304
10_day_ma,0.061812285
5_day_ma,0.06178802
20_day_ma,0.06003915
High,0.05973375
daily_return,0.05902705
volatility_10,0.057110965
volume_change,0.0542283
BB_lower,0.053623445
Volume,0.05025176
MACD,0.05024808
20_day_std,0.049333286
RSI_14,0.04846647
Close,0.04659363
