Feature,Importance
MACD,0.07722881
Low,0.07410729
10_day_ma,0.06821923
Open,0.06710134
BB_upper,0.0651757
RSI_14,0.06492706
Close,0.060954887
BB_lower,0.057024136
volume_change,0.05649052
volatility_10,0.054695822
High,0.054183505
daily_return,0.053207457
Volume,0.05275481
20_day_std,0.051709626
MACD_signal,0.04983765
20_day_ma,0.047173973
5_day_ma,0.04520823
