Feature,Importance
RSI_14,0.069016635
10_day_ma,0.06763609
volatility_10,0.065102465
5_day_ma,0.06287288
Low,0.062366277
daily_return,0.061671183
Volume,0.06014043
MACD,0.05885148
20_day_std,0.05871141
High,0.058273736
Open,0.057244748
volume_change,0.056224655
BB_lower,0.05542839
20_day_ma,0.05282692
BB_upper,0.052557424
Close,0.051625397
MACD_signal,0.049449876
