Feature,Importance
volatility_10,0.07363754
RSI_14,0.0664776
20_day_std,0.06585397
20_day_ma,0.0655647
BB_lower,0.06341507
BB_upper,0.062562875
MACD,0.060313877
Volume,0.05998583
Low,0.058899347
Open,0.058501642
10_day_ma,0.058164377
5_day_ma,0.056136113
daily_return,0.0545639
volume_change,0.05095258
High,0.049180873
MACD_signal,0.04846169
Close,0.047328014
