Feature,Importance
High,0.06692827
MACD,0.0661834
Low,0.064826176
BB_lower,0.061281104
Volume,0.05972175
MACD_signal,0.059547503
volume_change,0.05887919
Open,0.05841329
5_day_ma,0.058281124
volatility_10,0.057655357
RSI_14,0.05743186
daily_return,0.05665997
20_day_std,0.056125488
10_day_ma,0.055207305
20_day_ma,0.054868393
Close,0.05421196
BB_upper,0.053777814
