Feature,Importance
5_day_ma,0.07867738
BB_upper,0.070107855
MACD,0.06837934
Close,0.062006872
volume_change,0.06069425
20_day_std,0.06046413
10_day_ma,0.060402602
High,0.05930263
Volume,0.058984026
volatility_10,0.058249168
RSI_14,0.056200355
daily_return,0.05614518
MACD_signal,0.055499736
Low,0.05388073
BB_lower,0.04833213
Open,0.047928344
20_day_ma,0.04474531
