Feature,Importance
Low,0.07581357
RSI_14,0.06302863
10_day_ma,0.06281488
High,0.061898895
MACD,0.060713895
volume_change,0.0598815
volatility_10,0.05938296
daily_return,0.057777543
BB_lower,0.057457205
20_day_std,0.056679938
20_day_ma,0.05655801
Close,0.05647305
MACD_signal,0.056157507
BB_upper,0.0557231
5_day_ma,0.05479033
Open,0.053434994
Volume,0.051413935
