Feature,Importance
BB_upper,0.08814705
5_day_ma,0.06555953
Low,0.06454049
20_day_std,0.062174536
volume_change,0.06103502
MACD_signal,0.06014374
volatility_10,0.05810415
Open,0.057280414
Close,0.055825602
Volume,0.05569593
MACD,0.05537224
BB_lower,0.05469727
20_day_ma,0.053988785
RSI_14,0.053127136
10_day_ma,0.05145979
High,0.051454
daily_return,0.051394243
