Feature,Importance
Low,0.08664045
Close,0.084682666
10_day_ma,0.07074314
BB_upper,0.07001766
High,0.06957608
BB_lower,0.0647082
MACD,0.06118254
daily_return,0.060917974
Volume,0.05585597
volume_change,0.051433913
RSI_14,0.050007686
20_day_std,0.047362473
20_day_ma,0.046935935
volatility_10,0.0466509
5_day_ma,0.045598477
MACD_signal,0.045537528
Open,0.042148396
