Feature,Importance
5_day_ma,0.06716933
daily_return,0.06659106
High,0.065507285
Volume,0.06520595
BB_upper,0.06438432
Low,0.0606645
20_day_ma,0.05954905
20_day_std,0.05792686
volume_change,0.057912108
BB_lower,0.05727126
10_day_ma,0.057030838
Open,0.056725103
Close,0.055944443
MACD,0.05433132
MACD_signal,0.05352083
volatility_10,0.05039517
RSI_14,0.049870543
