Feature,Importance
Low,0.0824687
BB_upper,0.06845547
10_day_ma,0.06813003
20_day_ma,0.067299485
RSI_14,0.06618026
Close,0.06574249
volume_change,0.06374299
volatility_10,0.06141249
MACD,0.060579225
MACD_signal,0.05436952
daily_return,0.05216225
Volume,0.049754612
BB_lower,0.04957458
5_day_ma,0.049544305
High,0.049094036
Open,0.047460184
20_day_std,0.04402943
