Feature,Importance
High,0.07458685
MACD_signal,0.06420054
MACD,0.06360047
5_day_ma,0.06267334
Low,0.06265708
Close,0.061161354
Open,0.060820717
volume_change,0.059359435
20_day_ma,0.059346907
RSI_14,0.05790347
20_day_std,0.057866324
BB_lower,0.056217775
Volume,0.056181397
volatility_10,0.055765666
daily_return,0.051698
BB_upper,0.048165236
10_day_ma,0.04779543
