Feature,Importance
Open,0.07385114
Low,0.07056048
volatility_10,0.067384966
BB_upper,0.064919055
High,0.06350385
Volume,0.061835777
10_day_ma,0.061619073
MACD,0.059419252
BB_lower,0.05936042
daily_return,0.05914939
volume_change,0.05830131
5_day_ma,0.055334684
20_day_ma,0.053708144
Close,0.052434143
MACD_signal,0.048546664
RSI_14,0.046559032
20_day_std,0.043512642
