Feature,Importance
BB_upper,0.06753399
MACD,0.06709179
20_day_ma,0.06663992
MACD_signal,0.06616427
10_day_ma,0.064387515
volume_change,0.062136225
High,0.06077007
BB_lower,0.05939949
5_day_ma,0.05869906
volatility_10,0.057915628
Low,0.055737022
daily_return,0.054241005
Open,0.053249266
20_day_std,0.05283878
RSI_14,0.052781206
Volume,0.052567158
Close,0.047847662
