Feature,Importance
Open,0.07450707
5_day_ma,0.06578082
10_day_ma,0.064891666
Low,0.06372242
Volume,0.0626814
MACD,0.061766557
20_day_std,0.05951928
volatility_10,0.058819324
20_day_ma,0.058408048
Close,0.05748509
daily_return,0.056941845
MACD_signal,0.056478664
volume_change,0.055972893
RSI_14,0.055891957
BB_lower,0.05098081
BB_upper,0.050720397
High,0.045431774
