Feature,Importance
10_day_ma,0.078397445
Volume,0.0749355
BB_lower,0.069111094
volatility_10,0.06835184
MACD_signal,0.06766821
5_day_ma,0.06323625
BB_upper,0.061897915
20_day_std,0.06180604
volume_change,0.0589235
MACD,0.055650882
daily_return,0.05563797
RSI_14,0.052923415
Close,0.05204944
High,0.047992587
Low,0.047120653
20_day_ma,0.044708308
Open,0.03958892
