Feature,Importance
Low,0.07427426
20_day_std,0.063340046
Open,0.06279959
5_day_ma,0.062463637
MACD_signal,0.062116537
High,0.06135588
20_day_ma,0.061215598
BB_upper,0.059785247
MACD,0.05823952
Close,0.057383075
Volume,0.05573001
RSI_14,0.05543953
BB_lower,0.054724585
volume_change,0.054102395
volatility_10,0.05321607
daily_return,0.052421182
10_day_ma,0.051392842
