Feature,Importance
10_day_ma,0.07008408
High,0.06600153
Open,0.06339884
volume_change,0.06304422
BB_upper,0.061953034
Low,0.061458085
MACD_signal,0.061142016
5_day_ma,0.061093394
BB_lower,0.058969557
volatility_10,0.057744693
daily_return,0.055451628
20_day_ma,0.05398278
Close,0.053977452
MACD,0.053526744
20_day_std,0.053219136
RSI_14,0.052826237
Volume,0.052126557
