Feature,Importance
daily_return,0.06771779
BB_upper,0.06607834
10_day_ma,0.06527589
volatility_10,0.062277395
Open,0.061929867
BB_lower,0.061809827
Close,0.06099949
Low,0.06099675
20_day_std,0.05991533
High,0.05845033
volume_change,0.05704108
RSI_14,0.054997977
MACD,0.053196877
Volume,0.05304105
MACD_signal,0.05281581
5_day_ma,0.052768767
20_day_ma,0.05068747
