Feature,Importance
Close,0.08017646
Low,0.07065283
BB_upper,0.06977207
10_day_ma,0.06913432
High,0.06461844
20_day_ma,0.059365984
MACD,0.058832336
daily_return,0.058631677
MACD_signal,0.058519617
volatility_10,0.058103785
BB_lower,0.057203967
volume_change,0.054705784
Volume,0.05132456
Open,0.05020531
RSI_14,0.048972797
20_day_std,0.04524935
5_day_ma,0.044530723
