Feature,Importance
Low,0.072483
RSI_14,0.070339836
BB_lower,0.069247715
BB_upper,0.06720329
20_day_std,0.06523526
High,0.06288414
Close,0.05977971
MACD,0.059099454
volume_change,0.0584534
MACD_signal,0.058084887
daily_return,0.056541227
20_day_ma,0.055632792
volatility_10,0.05439957
Open,0.050296355
Volume,0.050101813
5_day_ma,0.046894066
10_day_ma,0.043323427
