Feature,Importance
20_day_ma,0.11883558
BB_upper,0.07212595
Low,0.06677827
MACD,0.066419765
High,0.06579527
Close,0.063304335
5_day_ma,0.061287597
Open,0.060912285
daily_return,0.053560548
volume_change,0.05237756
10_day_ma,0.048695885
volatility_10,0.047695197
BB_lower,0.04611819
RSI_14,0.04591623
20_day_std,0.045323845
Volume,0.04517986
MACD_signal,0.039673697
