Feature,Importance
Low,0.07612364
volume_change,0.07291289
Close,0.068093136
20_day_std,0.067014135
10_day_ma,0.064049065
BB_lower,0.061694887
Volume,0.061010495
MACD_signal,0.05905272
20_day_ma,0.05789374
BB_upper,0.05788422
High,0.055294804
daily_return,0.053016573
Open,0.05108002
MACD,0.05025423
5_day_ma,0.048756737
volatility_10,0.048291553
RSI_14,0.047577173
