Feature,Importance
BB_lower,0.0792687
20_day_ma,0.062924765
daily_return,0.062853426
Low,0.06223892
volume_change,0.061418377
BB_upper,0.06115085
20_day_std,0.059527196
High,0.057610095
Volume,0.05759603
MACD,0.056849148
Close,0.056630075
5_day_ma,0.055424616
RSI_14,0.05522025
10_day_ma,0.055182703
volatility_10,0.053326283
MACD_signal,0.05157205
Open,0.051206462
