Feature,Importance
Low,0.1243501
20_day_std,0.07443974
RSI_14,0.06860765
Volume,0.060631745
MACD,0.057902645
20_day_ma,0.05720432
Open,0.05602013
10_day_ma,0.055405635
volume_change,0.055143185
daily_return,0.0545602
High,0.054503936
BB_upper,0.052180752
5_day_ma,0.04873694
MACD_signal,0.048175182
volatility_10,0.046982326
Close,0.04389414
BB_lower,0.041261334
