Feature,Importance
10_day_ma,0.07328859
BB_lower,0.07256999
volatility_10,0.06859427
RSI_14,0.06730499
Low,0.0662538
20_day_std,0.05897295
daily_return,0.058798827
MACD,0.056172363
Open,0.055903025
volume_change,0.055100102
20_day_ma,0.054897368
5_day_ma,0.054528203
Close,0.054123115
MACD_signal,0.05391634
Volume,0.051161446
BB_upper,0.049829878
High,0.048584733
