Feature,Importance
MACD,0.066954195
20_day_ma,0.06593192
BB_upper,0.06291239
MACD_signal,0.06253837
BB_lower,0.061953712
volatility_10,0.061585885
Close,0.060886227
daily_return,0.060706504
5_day_ma,0.05972187
Open,0.05833053
RSI_14,0.05709981
High,0.05499614
20_day_std,0.054485437
Low,0.054144792
10_day_ma,0.054003112
volume_change,0.053842038
Volume,0.049907073
