Feature,Importance
20_day_ma,0.07036207
Low,0.066233754
High,0.06323043
10_day_ma,0.061768632
Volume,0.06123124
5_day_ma,0.061189566
volume_change,0.060217842
daily_return,0.05951595
BB_lower,0.05840737
volatility_10,0.05759174
RSI_14,0.056587964
MACD,0.05568029
20_day_std,0.054888025
BB_upper,0.054459166
Open,0.053485923
MACD_signal,0.053118993
Close,0.052031044
