Feature,Importance
MACD,0.07115833
Open,0.06753776
High,0.0672468
10_day_ma,0.06656909
RSI_14,0.064072475
Low,0.06147726
20_day_ma,0.060396235
5_day_ma,0.059573505
Close,0.059291076
20_day_std,0.057824217
BB_upper,0.05775689
BB_lower,0.05384236
volatility_10,0.052426122
daily_return,0.052020837
Volume,0.05082982
volume_change,0.049810283
MACD_signal,0.04816684
