Feature,Importance
daily_return,0.075407766
BB_upper,0.0673348
Open,0.066024505
20_day_std,0.06441438
Volume,0.06429337
5_day_ma,0.06329164
Low,0.06255025
volatility_10,0.060991846
MACD,0.05792599
High,0.05593365
BB_lower,0.055838443
10_day_ma,0.054033704
20_day_ma,0.053397562
Close,0.052259784
volume_change,0.051869906
RSI_14,0.051386014
MACD_signal,0.043046337
