Feature,Importance
Low,0.06838149
20_day_ma,0.06667536
RSI_14,0.06305163
Open,0.06269088
20_day_std,0.062243473
BB_lower,0.0606262
High,0.060363006
Close,0.059814014
MACD,0.059796844
volume_change,0.058080807
volatility_10,0.057652462
Volume,0.05506562
BB_upper,0.05495102
5_day_ma,0.054778364
10_day_ma,0.05328501
MACD_signal,0.052627888
daily_return,0.049916003
