Feature,Importance
5_day_ma,0.07631896
20_day_ma,0.068162374
BB_upper,0.06662941
MACD,0.066274084
volatility_10,0.065853864
Open,0.062198125
Volume,0.06207323
20_day_std,0.058081135
volume_change,0.057795487
BB_lower,0.056911286
Low,0.056397654
Close,0.055414766
High,0.053504754
MACD_signal,0.052054856
daily_return,0.051964868
10_day_ma,0.050559755
RSI_14,0.03980541
