Feature,Importance
BB_upper,0.07441435
Low,0.06728294
MACD_signal,0.06612048
5_day_ma,0.06391665
High,0.06282708
RSI_14,0.06273227
Open,0.061481856
MACD,0.058172207
10_day_ma,0.05785817
20_day_std,0.05768227
volume_change,0.056326788
Close,0.056128815
BB_lower,0.05306413
daily_return,0.05217765
Volume,0.050628684
20_day_ma,0.04988836
volatility_10,0.049297255
