Feature,Importance
10_day_ma,0.06527887
20_day_ma,0.06477718
BB_lower,0.06421905
MACD,0.06348186
High,0.062631294
Open,0.061627354
daily_return,0.0607687
RSI_14,0.060186822
Low,0.06011832
MACD_signal,0.058830462
volume_change,0.057279333
20_day_std,0.0572089
Volume,0.055680312
5_day_ma,0.05559947
Close,0.05260063
BB_upper,0.052139454
volatility_10,0.047572058
