Feature,Importance
Low,0.07473353
BB_upper,0.07343965
MACD,0.06347367
MACD_signal,0.061696105
5_day_ma,0.060187843
20_day_ma,0.0598812
Volume,0.05904973
20_day_std,0.058787134
volume_change,0.057993006
RSI_14,0.057554837
daily_return,0.057384156
BB_lower,0.05651848
High,0.056250945
Close,0.05396968
volatility_10,0.0501617
Open,0.05003451
10_day_ma,0.048883844
