Feature,Importance
Low,0.0759718
MACD_signal,0.06543201
BB_lower,0.06419161
Open,0.06367743
High,0.06348955
10_day_ma,0.060924668
20_day_ma,0.059933305
20_day_std,0.05889943
Close,0.058349956
5_day_ma,0.057702266
MACD,0.057008572
Volume,0.05630317
BB_upper,0.054239675
daily_return,0.05237547
volume_change,0.05195621
RSI_14,0.05117688
volatility_10,0.048367936
