Feature,Importance
Open,0.069365785
10_day_ma,0.06784705
20_day_std,0.06714929
20_day_ma,0.06532363
volatility_10,0.061381508
High,0.06038613
MACD_signal,0.05973686
Close,0.05870375
volume_change,0.058259785
BB_lower,0.05766878
daily_return,0.05603724
BB_upper,0.055597503
RSI_14,0.055282485
Low,0.053344592
MACD,0.052690655
5_day_ma,0.05201787
Volume,0.049207125
