Feature,Importance
20_day_ma,0.06918585
BB_upper,0.068660796
Low,0.06743075
MACD_signal,0.06663556
10_day_ma,0.063997075
MACD,0.06097676
Close,0.060950607
High,0.059631817
volatility_10,0.059364732
20_day_std,0.056855507
BB_lower,0.056557994
daily_return,0.055516303
volume_change,0.053843696
RSI_14,0.053464226
Open,0.052328285
Volume,0.05014955
5_day_ma,0.044450436
