Feature,Importance
Close,0.07131836
Low,0.06990841
BB_lower,0.068806075
High,0.06626425
20_day_std,0.06625399
BB_upper,0.063534155
Open,0.062968515
MACD_signal,0.058889873
MACD,0.05727097
20_day_ma,0.0559394
volume_change,0.05480532
5_day_ma,0.054043077
10_day_ma,0.052704003
daily_return,0.050884113
volatility_10,0.050715648
RSI_14,0.048229154
Volume,0.047464654
