Feature,Importance
High,0.07326494
BB_upper,0.0695701
MACD,0.06380757
RSI_14,0.060520817
20_day_std,0.060512118
BB_lower,0.060373116
Volume,0.060262542
Low,0.060109984
volatility_10,0.059844885
volume_change,0.059411157
5_day_ma,0.05917171
MACD_signal,0.058387484
daily_return,0.057588674
20_day_ma,0.052000944
10_day_ma,0.051797293
Close,0.051254462
Open,0.04212214
