Feature,Importance
BB_lower,0.07301261
MACD,0.06721981
Low,0.066336915
BB_upper,0.06484035
RSI_14,0.06470274
Open,0.06379431
High,0.06252771
volatility_10,0.059052847
10_day_ma,0.058024134
daily_return,0.05645213
Close,0.055857714
20_day_std,0.055303518
volume_change,0.055180456
Volume,0.052684776
5_day_ma,0.05261995
MACD_signal,0.04770261
20_day_ma,0.04468738
