Feature,Importance
20_day_ma,0.06684519
MACD,0.06636148
Volume,0.06557588
10_day_ma,0.06366102
daily_return,0.06332524
5_day_ma,0.06283529
BB_upper,0.06116395
volatility_10,0.060825944
BB_lower,0.05978064
20_day_std,0.059230376
volume_change,0.058087368
MACD_signal,0.05531456
Close,0.054869473
High,0.053460155
Low,0.05166534
Open,0.04888916
RSI_14,0.04810896
