Feature,Importance
Low,0.07089642
BB_upper,0.06873882
daily_return,0.0642301
10_day_ma,0.06357084
Open,0.061904576
RSI_14,0.061254706
Volume,0.061164666
5_day_ma,0.060683433
MACD,0.059979238
volatility_10,0.058367193
volume_change,0.057828337
20_day_std,0.056458317
High,0.05248313
Close,0.052369043
MACD_signal,0.051219832
20_day_ma,0.051162988
BB_lower,0.047688358
