Feature,Importance
High,0.071631566
5_day_ma,0.07127017
BB_lower,0.06632524
20_day_ma,0.06599569
Open,0.06567495
Volume,0.06270329
Low,0.059171394
BB_upper,0.05856075
Close,0.05820145
volatility_10,0.056979265
volume_change,0.056754
10_day_ma,0.056052793
MACD,0.052639898
MACD_signal,0.05208722
RSI_14,0.049460825
20_day_std,0.04864522
daily_return,0.04784626
