Feature,Importance
volatility_10,0.07348722
Low,0.066911995
BB_upper,0.065993495
High,0.062802725
20_day_ma,0.06266711
RSI_14,0.06217673
MACD,0.0621397
10_day_ma,0.06025737
daily_return,0.059882607
Open,0.058179554
Volume,0.057087608
Close,0.05586658
volume_change,0.055497184
5_day_ma,0.054305192
MACD_signal,0.0531844
BB_lower,0.046018027
20_day_std,0.043542482
