Feature,Importance
Low,0.0778501
10_day_ma,0.065199636
RSI_14,0.065026976
BB_upper,0.064706855
volatility_10,0.061075374
volume_change,0.058934778
20_day_std,0.057921167
MACD,0.057708815
Volume,0.05742401
5_day_ma,0.05738646
daily_return,0.057060357
Open,0.05589637
High,0.054598927
20_day_ma,0.05430295
MACD_signal,0.05397957
BB_lower,0.053270385
Close,0.04765728
