Feature,Importance
Low,0.08324432
Close,0.07146481
BB_upper,0.07118622
BB_lower,0.071058914
MACD,0.06833046
High,0.06823881
5_day_ma,0.065762796
volume_change,0.056326855
daily_return,0.055463612
10_day_ma,0.054696403
RSI_14,0.051370673
Volume,0.05122806
20_day_std,0.048594765
MACD_signal,0.047431644
Open,0.047200724
20_day_ma,0.04454693
volatility_10,0.043854043
