Feature,Importance
Low,0.08526043
10_day_ma,0.083925374
Open,0.06780869
20_day_ma,0.066330396
5_day_ma,0.06577523
High,0.06357579
volatility_10,0.060271677
MACD,0.058319777
Volume,0.05748494
BB_lower,0.053256016
BB_upper,0.051877566
daily_return,0.050415974
MACD_signal,0.04981744
volume_change,0.047969133
Close,0.04772844
RSI_14,0.04748166
20_day_std,0.042701542
