Feature,Importance
volatility_10,0.07668809
MACD,0.07633555
RSI_14,0.07110044
MACD_signal,0.06926631
Close,0.06619475
High,0.062220536
20_day_ma,0.060237546
20_day_std,0.059375282
Volume,0.059149332
BB_upper,0.058542434
Open,0.055039965
volume_change,0.05451267
BB_lower,0.05315481
daily_return,0.050752066
5_day_ma,0.046980552
10_day_ma,0.040822044
Low,0.039627638
