Feature,Importance
Low,0.0859204
RSI_14,0.07134657
BB_lower,0.06745664
20_day_ma,0.06189917
High,0.06170376
volume_change,0.061123487
daily_return,0.06070779
MACD_signal,0.05858282
20_day_std,0.058484543
Close,0.058341723
MACD,0.054395836
5_day_ma,0.0538249
Volume,0.05325568
BB_upper,0.05290282
Open,0.05018411
10_day_ma,0.045674462
volatility_10,0.04419523
