Feature,Importance
MACD_signal,0.0789539
Low,0.073780015
RSI_14,0.071609065
MACD,0.07131258
20_day_std,0.062148403
volatility_10,0.061771564
High,0.058193468
5_day_ma,0.057836387
Close,0.057814088
BB_upper,0.057370592
10_day_ma,0.057208348
volume_change,0.053620335
daily_return,0.053586617
20_day_ma,0.0495951
Volume,0.048368674
BB_lower,0.047073014
Open,0.039757866
