Feature,Importance
Low,0.07907779
20_day_std,0.072438136
BB_upper,0.07002892
Close,0.06621212
5_day_ma,0.063139334
BB_lower,0.061431922
High,0.05997252
10_day_ma,0.05868406
Open,0.056093875
MACD_signal,0.05585921
daily_return,0.05468312
20_day_ma,0.054248933
volume_change,0.053617302
volatility_10,0.050214577
RSI_14,0.049985703
MACD,0.04846342
Volume,0.045849025
