Feature,Importance
20_day_std,0.06874784
MACD_signal,0.06671211
5_day_ma,0.06523455
BB_lower,0.06426642
Low,0.062335312
MACD,0.06113687
Open,0.060964085
BB_upper,0.058908943
RSI_14,0.058326494
daily_return,0.05765596
volatility_10,0.057619393
Close,0.055190526
Volume,0.054285448
volume_change,0.05423108
High,0.052834895
10_day_ma,0.05255557
20_day_ma,0.048994523
