Feature,Importance
Open,0.07300091
RSI_14,0.06946437
Close,0.06743189
BB_lower,0.06702602
5_day_ma,0.063765034
BB_upper,0.06331212
Low,0.059157174
MACD_signal,0.058706686
10_day_ma,0.056753654
volatility_10,0.056472942
daily_return,0.055388812
Volume,0.053984668
volume_change,0.053125925
High,0.05258567
20_day_ma,0.05110209
20_day_std,0.049906358
MACD,0.048815716
