Feature,Importance
10_day_ma,0.0827699
MACD,0.07889571
MACD_signal,0.0690276
Open,0.06875686
BB_upper,0.066317365
volatility_10,0.06010986
Volume,0.058821887
volume_change,0.05880399
daily_return,0.05877447
BB_lower,0.05753615
5_day_ma,0.05601306
RSI_14,0.05583962
20_day_std,0.054862473
20_day_ma,0.04997532
Close,0.048137855
High,0.042027883
Low,0.03332997
