Feature,Importance
20_day_ma,0.073907204
volatility_10,0.07339485
High,0.0655066
BB_lower,0.064617254
Volume,0.061955556
MACD,0.060973596
volume_change,0.059644066
BB_upper,0.059088346
5_day_ma,0.056902297
Open,0.056580234
10_day_ma,0.055994395
daily_return,0.05486214
MACD_signal,0.05425055
Low,0.052624214
Close,0.050321057
RSI_14,0.050309267
20_day_std,0.049068343
