Feature,Importance
High,0.06942664
20_day_std,0.065156244
Low,0.064808115
Close,0.06480641
MACD_signal,0.06364655
5_day_ma,0.06253309
20_day_ma,0.061264325
Volume,0.060152702
MACD,0.05938717
BB_upper,0.059191182
BB_lower,0.057366483
RSI_14,0.054556113
10_day_ma,0.0536424
volume_change,0.052622244
Open,0.052207794
daily_return,0.051691968
volatility_10,0.047540493
