Feature,Importance
Low,0.064874426
20_day_std,0.06407366
BB_upper,0.06336969
RSI_14,0.06272277
10_day_ma,0.062521495
MACD,0.06144968
High,0.06124763
Close,0.058223505
volume_change,0.057730485
MACD_signal,0.057089563
20_day_ma,0.05676026
Volume,0.05671703
daily_return,0.055925924
5_day_ma,0.055481095
volatility_10,0.05540994
BB_lower,0.05362054
Open,0.052782338
