Feature,Importance
MACD,0.069950774
MACD_signal,0.06844884
10_day_ma,0.06529366
daily_return,0.06290458
BB_upper,0.061205234
BB_lower,0.06051016
Low,0.060064044
20_day_std,0.05906738
Open,0.058720954
20_day_ma,0.0576433
5_day_ma,0.057103004
volatility_10,0.05670419
Close,0.05557689
volume_change,0.05472052
RSI_14,0.05137436
High,0.050787896
Volume,0.049924146
