Feature,Importance
Close,0.07199825
MACD_signal,0.06991827
daily_return,0.06982884
MACD,0.069634415
5_day_ma,0.06681224
High,0.06618338
BB_upper,0.065158114
BB_lower,0.063783854
10_day_ma,0.06362037
Volume,0.06195033
volatility_10,0.061036002
20_day_std,0.05512502
RSI_14,0.051884506
Low,0.04988974
Open,0.04600443
volume_change,0.03725324
20_day_ma,0.029918997
