Feature,Importance
BB_upper,0.072684646
Low,0.06992158
5_day_ma,0.069082744
RSI_14,0.06863534
volatility_10,0.06668313
20_day_std,0.063851826
Open,0.06369234
Volume,0.061466847
volume_change,0.0601107
MACD_signal,0.058161873
daily_return,0.05767822
High,0.056238398
MACD,0.05597475
20_day_ma,0.047797106
10_day_ma,0.04412346
BB_lower,0.04252722
Close,0.04136983
