Feature,Importance
Open,0.066294186
BB_upper,0.06544081
MACD,0.064849995
High,0.062920645
20_day_ma,0.06147029
Low,0.061338652
20_day_std,0.060923282
RSI_14,0.059392884
5_day_ma,0.059132427
Close,0.057880167
BB_lower,0.057279717
daily_return,0.055368297
Volume,0.05434599
10_day_ma,0.05410975
volume_change,0.053607874
MACD_signal,0.053377986
volatility_10,0.052267123
