Feature,Importance
Open,0.07269815
daily_return,0.06743198
10_day_ma,0.06698665
Low,0.06638017
High,0.066157445
BB_upper,0.06271248
MACD,0.0616196
BB_lower,0.06085265
volatility_10,0.057144694
RSI_14,0.05562919
5_day_ma,0.055302717
volume_change,0.053447075
Volume,0.05243595
20_day_std,0.05217444
20_day_ma,0.051722422
MACD_signal,0.049694546
Close,0.047609814
