Feature,Importance
Low,0.08399883
Close,0.0728304
High,0.07204886
Open,0.06543021
BB_lower,0.06264116
MACD_signal,0.061768506
daily_return,0.061249472
20_day_std,0.058935035
volatility_10,0.058224566
5_day_ma,0.056201845
BB_upper,0.05487127
Volume,0.053696577
10_day_ma,0.052819874
RSI_14,0.04748565
20_day_ma,0.047485538
MACD,0.047177203
volume_change,0.043134995
