Feature,Importance
Low,0.07403082
MACD_signal,0.07192603
20_day_ma,0.06914691
High,0.067771025
Volume,0.06555369
10_day_ma,0.06162467
BB_lower,0.06041933
Open,0.059225436
20_day_std,0.058953546
Close,0.056988683
volume_change,0.05592588
RSI_14,0.052959617
BB_upper,0.051751953
5_day_ma,0.051735375
daily_return,0.050965004
MACD,0.04845723
volatility_10,0.04256478
