Feature,Importance
Low,0.06959934
volume_change,0.06680866
20_day_std,0.06624636
volatility_10,0.062977366
5_day_ma,0.06269368
Close,0.062399216
10_day_ma,0.06219066
BB_lower,0.060980078
Volume,0.058480438
High,0.057996187
MACD,0.05659677
daily_return,0.054838758
MACD_signal,0.05414812
20_day_ma,0.053408436
Open,0.05170122
BB_upper,0.050824374
RSI_14,0.048110306
