Feature,Importance
MACD,0.068226136
Volume,0.06300728
20_day_std,0.061780088
volume_change,0.06173955
Low,0.060983174
BB_upper,0.060608197
High,0.06002526
MACD_signal,0.05977954
BB_lower,0.058693074
5_day_ma,0.058441475
volatility_10,0.05736973
20_day_ma,0.057134982
10_day_ma,0.056722566
daily_return,0.05582771
Close,0.05501791
Open,0.05401264
RSI_14,0.050630677
