Feature,Importance
volatility_10,0.07270936
Open,0.07072783
MACD,0.06815673
5_day_ma,0.065538995
daily_return,0.06309599
Low,0.06253827
10_day_ma,0.060570184
RSI_14,0.0591358
MACD_signal,0.058062304
Close,0.05665136
20_day_std,0.05573546
BB_upper,0.05384689
volume_change,0.05243743
High,0.051362965
BB_lower,0.049850717
20_day_ma,0.049805444
Volume,0.04977424
