Feature,Importance
daily_return,0.068353415
Low,0.068042524
Close,0.065645516
RSI_14,0.06397498
MACD,0.06352771
20_day_std,0.063262574
Volume,0.06209636
5_day_ma,0.060721785
volatility_10,0.05844603
BB_lower,0.056266345
10_day_ma,0.05573764
Open,0.055643518
20_day_ma,0.0542896
volume_change,0.054104373
BB_upper,0.052259795
High,0.050528232
MACD_signal,0.04709968
