Feature,Importance
10_day_ma,0.078480124
Open,0.0774728
20_day_ma,0.07045096
5_day_ma,0.06909339
High,0.063859574
BB_upper,0.06255461
BB_lower,0.059557028
Close,0.0585678
20_day_std,0.057865508
MACD,0.05727694
volume_change,0.056127444
Volume,0.05473115
volatility_10,0.053971313
daily_return,0.05199733
RSI_14,0.044043478
MACD_signal,0.043490954
Low,0.040459685
