Feature,Importance
Low,0.0955703
High,0.06481039
20_day_ma,0.064633474
volatility_10,0.064158514
volume_change,0.06390285
Volume,0.06297937
5_day_ma,0.059505675
20_day_std,0.05718621
MACD_signal,0.05709762
BB_lower,0.05688773
10_day_ma,0.056058045
Open,0.05602808
MACD,0.05547513
daily_return,0.052010007
RSI_14,0.046869125
BB_upper,0.044439696
Close,0.04238775
