Feature,Importance
10_day_ma,0.0747876
5_day_ma,0.071646385
volume_change,0.06887277
MACD,0.06461923
Close,0.0627173
BB_lower,0.060885392
Open,0.06024993
MACD_signal,0.058217205
Volume,0.05729891
High,0.05687844
BB_upper,0.05685917
20_day_ma,0.05565844
volatility_10,0.054993276
Low,0.05200552
RSI_14,0.051945373
daily_return,0.051326495
20_day_std,0.0410386
