Feature,Importance
10_day_ma,0.0795047
MACD_signal,0.06748409
BB_upper,0.06460915
20_day_std,0.064006895
MACD,0.06386537
Low,0.06109785
High,0.05958378
Close,0.05763213
20_day_ma,0.05717931
RSI_14,0.05614909
BB_lower,0.056003906
volatility_10,0.055654507
5_day_ma,0.055128
daily_return,0.054448172
Open,0.05307448
Volume,0.049335286
volume_change,0.045243282
