Feature,Importance
RSI_14,0.06713291
BB_upper,0.06438323
10_day_ma,0.06433375
BB_lower,0.063958
MACD_signal,0.06138157
5_day_ma,0.061093953
20_day_std,0.060238037
Open,0.06016289
20_day_ma,0.059847973
Volume,0.05921073
Close,0.056579243
MACD,0.055382885
High,0.055052046
Low,0.054146726
daily_return,0.05388678
volume_change,0.053480253
volatility_10,0.049728956
