Feature,Importance
High,0.065619886
BB_lower,0.06439834
20_day_ma,0.063612424
10_day_ma,0.062039565
Low,0.061664086
MACD,0.060426004
daily_return,0.0602787
volume_change,0.0598516
5_day_ma,0.05841738
20_day_std,0.05808011
RSI_14,0.05805062
BB_upper,0.057924263
Close,0.056295354
MACD_signal,0.055855583
volatility_10,0.054463625
Volume,0.052305587
Open,0.05071683
