Feature,Importance
High,0.07730729
MACD_signal,0.07330434
MACD,0.07239185
Volume,0.066146135
BB_upper,0.06475418
Low,0.064385496
BB_lower,0.06277375
10_day_ma,0.06225871
volatility_10,0.05737198
RSI_14,0.055133134
Close,0.054860294
Open,0.05433439
daily_return,0.054066435
volume_change,0.04919008
20_day_std,0.046628192
5_day_ma,0.046130203
20_day_ma,0.038963553
