Feature,Importance
Low,0.07572475
High,0.06506758
MACD,0.062261537
Open,0.062069327
MACD_signal,0.06196145
BB_upper,0.061467152
5_day_ma,0.06131519
volume_change,0.060936436
BB_lower,0.05934917
volatility_10,0.057536434
RSI_14,0.057254557
20_day_std,0.056632664
10_day_ma,0.055127434
20_day_ma,0.05376925
Close,0.053600606
Volume,0.0507583
daily_return,0.045168262
