Feature,Importance
Open,0.104240395
5_day_ma,0.07772114
20_day_ma,0.07573384
BB_upper,0.06413078
MACD,0.0631515
10_day_ma,0.06036203
volatility_10,0.05904815
BB_lower,0.052890386
MACD_signal,0.05233016
daily_return,0.050911337
Volume,0.05055094
Close,0.050322413
RSI_14,0.049629442
volume_change,0.049354456
20_day_std,0.04932618
High,0.048853356
Low,0.04144344
