Feature,Importance
Low,0.074271426
20_day_std,0.07175013
BB_lower,0.06537925
20_day_ma,0.06467141
High,0.06301198
10_day_ma,0.061887953
Close,0.061535746
RSI_14,0.060615633
volume_change,0.060548265
BB_upper,0.0586871
MACD_signal,0.056724057
MACD,0.05334355
volatility_10,0.05306003
Open,0.052579567
daily_return,0.051034115
5_day_ma,0.04686009
Volume,0.04403971
