Feature,Importance
10_day_ma,0.07401302
High,0.07232592
BB_upper,0.06587609
Low,0.06377483
20_day_ma,0.06303514
BB_lower,0.06287629
RSI_14,0.060410492
volume_change,0.05882793
Open,0.058720868
20_day_std,0.057684243
volatility_10,0.05728458
daily_return,0.055369303
5_day_ma,0.054534797
Volume,0.05149638
MACD_signal,0.051302508
Close,0.04710797
MACD,0.045359675
