Feature,Importance
BB_upper,0.07404417
Low,0.07007817
10_day_ma,0.06702419
volume_change,0.0659019
RSI_14,0.06585186
MACD_signal,0.06256254
MACD,0.061011348
5_day_ma,0.060903195
Open,0.059933994
Close,0.057237223
20_day_ma,0.057097506
20_day_std,0.05506712
Volume,0.05204939
BB_lower,0.049114604
daily_return,0.048726026
volatility_10,0.048476968
High,0.04491975
