Feature,Importance
volume_change,0.06924531
Low,0.06896562
Open,0.064032726
5_day_ma,0.06349318
10_day_ma,0.06128956
MACD_signal,0.060226176
RSI_14,0.058728155
BB_upper,0.058712732
MACD,0.05786519
High,0.057394896
20_day_ma,0.056774095
daily_return,0.056331154
Volume,0.055570614
volatility_10,0.055361312
BB_lower,0.054529272
Close,0.052611753
20_day_std,0.048868228
