Feature,Importance
volatility_10,0.08947124
MACD_signal,0.0712897
5_day_ma,0.070170194
High,0.06921016
MACD,0.06895262
Close,0.06277067
Volume,0.060850654
daily_return,0.060621135
BB_upper,0.05723958
20_day_ma,0.054260623
BB_lower,0.05379145
Low,0.051933743
volume_change,0.05113243
20_day_std,0.047319226
RSI_14,0.044683564
10_day_ma,0.04352284
Open,0.042780183
