Feature,Importance
20_day_std,0.076279506
Volume,0.06837483
High,0.06359825
MACD,0.06313789
BB_lower,0.06278175
Open,0.060423337
5_day_ma,0.05986097
20_day_ma,0.059696455
BB_upper,0.058921643
RSI_14,0.05779754
MACD_signal,0.05734596
volatility_10,0.057230663
Close,0.0527816
volume_change,0.052369464
10_day_ma,0.05190986
daily_return,0.049021326
Low,0.048468895
