Feature,Importance
10_day_ma,0.08230554
BB_lower,0.06783928
BB_upper,0.06379528
volume_change,0.06333624
MACD_signal,0.06114463
RSI_14,0.06073362
20_day_ma,0.059942633
MACD,0.05904519
20_day_std,0.057551805
Volume,0.056544386
5_day_ma,0.05587979
daily_return,0.055690862
Close,0.052930355
volatility_10,0.0526162
High,0.05203405
Open,0.051249098
Low,0.047361035
