Feature,Importance
Close,0.08170118
MACD_signal,0.06870071
Low,0.068383165
10_day_ma,0.06393434
20_day_ma,0.062291414
BB_lower,0.061588142
5_day_ma,0.060606122
volatility_10,0.059849884
daily_return,0.056806773
MACD,0.05550406
Volume,0.055309396
volume_change,0.054052554
Open,0.051550474
20_day_std,0.051259026
High,0.050775506
RSI_14,0.05077137
BB_upper,0.046915855
