Feature,Importance
Open,0.07046127
20_day_ma,0.0657756
MACD,0.065654114
5_day_ma,0.06555501
20_day_std,0.060936153
10_day_ma,0.06092615
Volume,0.060017545
BB_upper,0.058720827
daily_return,0.057682887
Low,0.057444233
BB_lower,0.056730576
High,0.056639735
Close,0.054967184
MACD_signal,0.053911474
RSI_14,0.05302504
volatility_10,0.052287992
volume_change,0.049264193
