Feature,Importance
MACD,0.08230969
5_day_ma,0.07106857
MACD_signal,0.067791045
10_day_ma,0.06376939
volatility_10,0.062137827
RSI_14,0.0603554
Open,0.060263198
High,0.059949037
20_day_std,0.05882837
Close,0.05838425
BB_lower,0.058232084
Volume,0.056627788
volume_change,0.0564888
daily_return,0.052506246
BB_upper,0.051962804
Low,0.048771303
20_day_ma,0.03055423
