Feature,Importance
10_day_ma,0.06662191
20_day_ma,0.064696886
BB_upper,0.062252443
RSI_14,0.061685257
BB_lower,0.061057117
20_day_std,0.06088303
5_day_ma,0.05939548
daily_return,0.05926669
MACD_signal,0.05796442
Low,0.057893205
Volume,0.05715522
volume_change,0.05682572
Close,0.056461506
MACD,0.05633797
volatility_10,0.0546941
High,0.053428218
Open,0.05338088
