Feature,Importance
MACD,0.07531991
20_day_ma,0.073338136
volatility_10,0.07172048
10_day_ma,0.06798062
Close,0.06615903
daily_return,0.05980819
5_day_ma,0.05953024
High,0.058372732
BB_lower,0.05755375
volume_change,0.05710883
Volume,0.056448527
20_day_std,0.0555462
BB_upper,0.054753754
RSI_14,0.0526343
Low,0.048319787
Open,0.04495205
MACD_signal,0.04045348
