Feature,Importance
BB_upper,0.070003636
10_day_ma,0.06688017
BB_lower,0.062079467
MACD_signal,0.061975654
Low,0.061673075
RSI_14,0.06160305
High,0.059749052
Open,0.059346184
MACD,0.05911047
daily_return,0.059093613
20_day_ma,0.0585465
volatility_10,0.057145987
5_day_ma,0.055334315
volume_change,0.05295758
20_day_std,0.052481227
Close,0.051887907
Volume,0.050132107
