Feature,Importance
20_day_ma,0.072523475
volatility_10,0.06763744
MACD,0.066015705
volume_change,0.06566259
BB_lower,0.06444583
20_day_std,0.05958041
5_day_ma,0.058964185
Volume,0.058919713
MACD_signal,0.058344048
BB_upper,0.05655768
daily_return,0.055188693
Low,0.053750765
10_day_ma,0.05367889
Open,0.05328215
Close,0.052720573
High,0.052399658
RSI_14,0.05032817
