Feature,Importance
5_day_ma,0.0866975
Open,0.08661405
20_day_ma,0.06722681
MACD_signal,0.06350424
High,0.06339127
MACD,0.05964486
volatility_10,0.058674887
20_day_std,0.058602333
BB_lower,0.05642734
daily_return,0.056105558
BB_upper,0.05608762
volume_change,0.055201102
Low,0.05319161
RSI_14,0.0474971
Volume,0.04680044
10_day_ma,0.043070786
Close,0.04126252
