Feature,Importance
20_day_ma,0.07079441
20_day_std,0.06903334
MACD,0.06428044
Low,0.063652046
BB_lower,0.06359597
High,0.06302159
5_day_ma,0.060432382
Close,0.06034287
Open,0.05809413
daily_return,0.05683207
MACD_signal,0.056544345
RSI_14,0.056473516
Volume,0.054140434
volume_change,0.052155852
volatility_10,0.051587027
BB_upper,0.049926557
10_day_ma,0.049093
