Feature,Importance
BB_upper,0.091228575
Low,0.08252736
Open,0.069813766
Close,0.069188565
MACD_signal,0.069084205
BB_lower,0.06742609
MACD,0.057314225
20_day_std,0.056214303
10_day_ma,0.054709926
High,0.054517195
RSI_14,0.053290956
volatility_10,0.0525836
daily_return,0.051318955
5_day_ma,0.049257148
volume_change,0.04323551
Volume,0.039275344
20_day_ma,0.039014284
