Feature,Importance
High,0.0751364
BB_lower,0.07218072
BB_upper,0.07072893
10_day_ma,0.06657161
5_day_ma,0.06573027
20_day_std,0.06285176
MACD,0.061680283
RSI_14,0.05742778
20_day_ma,0.0566312
Close,0.056437254
Open,0.05582862
volume_change,0.052889522
volatility_10,0.05077926
Low,0.05073305
Volume,0.048698924
daily_return,0.04803746
MACD_signal,0.047656983
