Feature,Importance
BB_lower,0.06747607
BB_upper,0.066579945
MACD_signal,0.06346554
Low,0.062205978
High,0.06205767
20_day_std,0.060537126
20_day_ma,0.06015866
MACD,0.059552267
Open,0.058100995
RSI_14,0.05780745
volatility_10,0.05717118
daily_return,0.056737423
10_day_ma,0.056528784
volume_change,0.055598862
Close,0.054373886
Volume,0.051906772
5_day_ma,0.04974143
