Feature,Importance
MACD_signal,0.07599833
BB_lower,0.07038398
20_day_std,0.06972677
High,0.063817665
10_day_ma,0.062401958
volatility_10,0.062124558
5_day_ma,0.06161661
Open,0.058385387
MACD,0.055885542
volume_change,0.055558763
Close,0.054172415
BB_upper,0.054122463
20_day_ma,0.053991556
Low,0.053095058
daily_return,0.051828396
RSI_14,0.05034005
Volume,0.04655049
