Feature,Importance
Open,0.081725284
Low,0.06736151
BB_upper,0.06599176
5_day_ma,0.065674156
Volume,0.065285906
daily_return,0.06402021
MACD,0.06302157
10_day_ma,0.061232653
20_day_std,0.0596821
RSI_14,0.05894577
volatility_10,0.05727247
volume_change,0.056322042
20_day_ma,0.053029936
BB_lower,0.052047912
High,0.047215715
MACD_signal,0.042391527
Close,0.038779523
