Feature,Importance
10_day_ma,0.08554187
Open,0.084831044
MACD,0.06760267
5_day_ma,0.066701606
volatility_10,0.066031724
Volume,0.064924255
Close,0.06143052
High,0.054639403
RSI_14,0.054217827
BB_upper,0.053419214
20_day_std,0.051263146
MACD_signal,0.049887873
Low,0.0495758
volume_change,0.049085006
daily_return,0.048424035
20_day_ma,0.047134135
BB_lower,0.045289926
