Feature,Importance
MACD,0.07941299
BB_upper,0.07690631
Volume,0.07342764
volume_change,0.06805726
Low,0.068016484
5_day_ma,0.062260807
MACD_signal,0.062058117
20_day_std,0.05855732
volatility_10,0.05824238
RSI_14,0.055961795
High,0.055851772
BB_lower,0.051234845
daily_return,0.047424465
Close,0.047343146
20_day_ma,0.045944992
10_day_ma,0.045767423
Open,0.043532215
