Feature,Importance
High,0.07131555
volatility_10,0.06865173
10_day_ma,0.06520339
20_day_std,0.06275585
volume_change,0.062464964
Open,0.062209923
daily_return,0.061811924
MACD_signal,0.06165471
BB_lower,0.061473407
RSI_14,0.058711354
Close,0.058490753
BB_upper,0.05641588
MACD,0.0558893
Volume,0.053515304
Low,0.048557244
5_day_ma,0.046758898
20_day_ma,0.04411981
