Feature,Importance
Low,0.07236542
High,0.072095916
5_day_ma,0.067592725
MACD,0.06691581
BB_lower,0.06576785
10_day_ma,0.06368237
20_day_ma,0.06172514
volume_change,0.058174014
Open,0.0570889
MACD_signal,0.056854628
BB_upper,0.05652934
20_day_std,0.054748088
Close,0.052107833
volatility_10,0.050611783
RSI_14,0.050367642
daily_return,0.047007035
Volume,0.04636551
