Feature,Importance
5_day_ma,0.07223463
20_day_std,0.06679501
Low,0.065566935
BB_upper,0.063427255
RSI_14,0.06325842
BB_lower,0.060331114
High,0.06030877
volume_change,0.05877818
MACD_signal,0.058470096
Close,0.057150938
20_day_ma,0.05711683
10_day_ma,0.05598902
daily_return,0.05549761
MACD,0.05514722
volatility_10,0.05440854
Volume,0.05372944
Open,0.04179002
