Feature,Importance
MACD,0.07633483
Low,0.065767236
BB_upper,0.06370954
MACD_signal,0.061759356
Volume,0.06077207
High,0.06014431
volatility_10,0.05971226
20_day_std,0.059639987
Close,0.05812997
volume_change,0.058104053
daily_return,0.05660998
5_day_ma,0.056604736
RSI_14,0.05563832
BB_lower,0.053797033
Open,0.051657725
20_day_ma,0.05156226
10_day_ma,0.05005626
