Feature,Importance
Low,0.07617632
5_day_ma,0.075060174
volatility_10,0.07008051
High,0.067237906
Open,0.06625959
volume_change,0.06559615
Volume,0.06476727
MACD,0.06130035
daily_return,0.06071045
RSI_14,0.05869154
20_day_std,0.052631013
BB_upper,0.05258485
Close,0.050873425
MACD_signal,0.04993985
BB_lower,0.047815803
10_day_ma,0.04195322
20_day_ma,0.038321655
