Feature,Importance
BB_upper,0.06692768
High,0.06676353
BB_lower,0.06592365
Close,0.062591836
MACD,0.06196881
RSI_14,0.06053709
Low,0.058930214
volatility_10,0.05892917
MACD_signal,0.05825488
volume_change,0.05813175
daily_return,0.057732303
20_day_ma,0.056654323
20_day_std,0.056136012
Open,0.05527483
10_day_ma,0.053398967
Volume,0.052350692
5_day_ma,0.049494132
