Feature,Importance
High,0.09193864
Low,0.088164575
MACD_signal,0.08321299
Close,0.07001328
Open,0.067758024
volatility_10,0.06627825
MACD,0.06496771
volume_change,0.061030317
BB_upper,0.05925403
5_day_ma,0.05823291
10_day_ma,0.04592164
20_day_ma,0.045669913
20_day_std,0.04196026
Volume,0.04096505
RSI_14,0.04001292
daily_return,0.03923456
BB_lower,0.03538492
