Feature,Importance
10_day_ma,0.07321207
MACD,0.06678044
BB_upper,0.0664183
20_day_std,0.06540851
Close,0.06248849
Low,0.062152356
volatility_10,0.061085694
volume_change,0.06047677
daily_return,0.057497207
MACD_signal,0.056387622
High,0.05627311
BB_lower,0.055430755
RSI_14,0.055058524
Volume,0.054786824
Open,0.050509673
20_day_ma,0.04965911
5_day_ma,0.046374537
