Feature,Importance
volume_change,0.07332662
daily_return,0.0692094
High,0.06660711
5_day_ma,0.066016026
20_day_ma,0.064323954
volatility_10,0.063360564
Open,0.061392657
MACD,0.0586331
BB_upper,0.058502473
Volume,0.058146313
BB_lower,0.05595078
20_day_std,0.05371616
Close,0.05306884
MACD_signal,0.052207917
RSI_14,0.05173162
Low,0.04887084
10_day_ma,0.044935644
