Feature,Importance
20_day_ma,0.07593965
BB_lower,0.06892338
High,0.06775535
5_day_ma,0.0675629
RSI_14,0.064510636
BB_upper,0.06402038
10_day_ma,0.061241172
Low,0.06039172
20_day_std,0.05833999
volume_change,0.056952644
Volume,0.055223174
MACD,0.053529248
Open,0.052741796
volatility_10,0.05092688
daily_return,0.04969004
MACD_signal,0.046857305
Close,0.04539372
