Feature,Importance
Open,0.07632856
RSI_14,0.071464196
High,0.07033992
Volume,0.06094703
MACD_signal,0.060553208
BB_lower,0.060552105
20_day_std,0.059966408
daily_return,0.058920376
5_day_ma,0.056593157
MACD,0.05625157
20_day_ma,0.05617909
volatility_10,0.053877655
BB_upper,0.053696506
volume_change,0.053274225
10_day_ma,0.050888427
Close,0.050488304
Low,0.049679145
