Feature,Importance
10_day_ma,0.07959906
High,0.06966884
MACD,0.066015676
20_day_ma,0.065660015
BB_upper,0.06509679
MACD_signal,0.05873948
BB_lower,0.058443684
Close,0.058027644
daily_return,0.057514347
Low,0.057227507
Volume,0.056694172
volatility_10,0.05638033
volume_change,0.056020305
RSI_14,0.055348463
Open,0.050110254
20_day_std,0.049429026
5_day_ma,0.040024396
