Feature,Importance
MACD,0.08541984
RSI_14,0.07054266
5_day_ma,0.06887909
daily_return,0.06344888
10_day_ma,0.06299437
Open,0.06282556
20_day_ma,0.059623305
MACD_signal,0.05938628
High,0.0585251
Low,0.05700667
Volume,0.05453819
BB_lower,0.053837992
BB_upper,0.05219223
volume_change,0.051016364
20_day_std,0.04856892
volatility_10,0.047033764
Close,0.04416076
