Feature,Importance
Low,0.07123619
MACD_signal,0.07080702
High,0.068683505
Close,0.06457854
Volume,0.06219938
10_day_ma,0.060641523
Open,0.06005582
BB_lower,0.05852075
20_day_std,0.058224726
BB_upper,0.05808752
daily_return,0.057605833
20_day_ma,0.055666596
volume_change,0.053776544
5_day_ma,0.053159725
MACD,0.049815442
volatility_10,0.048648775
RSI_14,0.048292115
