Feature,Importance
High,0.09523214
20_day_ma,0.077871665
BB_upper,0.07270485
Close,0.07224614
Low,0.06875402
20_day_std,0.062120765
10_day_ma,0.05892897
volume_change,0.05472079
RSI_14,0.05249142
MACD_signal,0.051225565
daily_return,0.051106878
Volume,0.050181314
5_day_ma,0.048548725
volatility_10,0.047896996
Open,0.047579553
BB_lower,0.046581913
MACD,0.041808296
