Feature,Importance
5_day_ma,0.07094258
20_day_ma,0.06664828
10_day_ma,0.06632505
BB_upper,0.06304105
volume_change,0.059942525
MACD,0.059785675
Open,0.05874552
MACD_signal,0.05868284
daily_return,0.058196723
BB_lower,0.058072012
Close,0.057429362
20_day_std,0.056902982
RSI_14,0.056335893
volatility_10,0.054800604
Low,0.054773197
Volume,0.050427828
High,0.04894783
