Feature,Importance
BB_upper,0.077906035
volatility_10,0.06362488
Open,0.06296143
RSI_14,0.062463954
Volume,0.059853986
BB_lower,0.059386782
MACD,0.059214346
20_day_ma,0.05855258
20_day_std,0.0581159
Low,0.057857376
volume_change,0.056796603
daily_return,0.055690162
10_day_ma,0.05559857
Close,0.055360828
MACD_signal,0.054520212
High,0.05309235
5_day_ma,0.049004015
