Feature,Importance
BB_upper,0.07466767
10_day_ma,0.06798787
MACD_signal,0.066800795
MACD,0.06648052
BB_lower,0.062243856
Low,0.06167789
Volume,0.060456768
20_day_ma,0.059429925
High,0.059021316
volatility_10,0.055961955
volume_change,0.055487964
Open,0.055153992
5_day_ma,0.053916037
daily_return,0.052758984
RSI_14,0.05154659
20_day_std,0.048711095
Close,0.047696747
