Feature,Importance
5_day_ma,0.10057016
Low,0.08393553
Close,0.07262344
High,0.06516738
Open,0.058275513
BB_lower,0.057285495
20_day_ma,0.05718345
10_day_ma,0.056555714
daily_return,0.054948002
20_day_std,0.054337386
MACD,0.053897563
Volume,0.05152946
MACD_signal,0.05125473
RSI_14,0.048491
volatility_10,0.04536742
BB_upper,0.044849403
volume_change,0.043728326
