Feature,Importance
RSI_14,0.07475126
Low,0.07377797
10_day_ma,0.068691224
High,0.06847611
volatility_10,0.06629593
daily_return,0.06361121
BB_lower,0.059176147
Volume,0.057649788
Close,0.056799497
MACD,0.056152
Open,0.054328658
MACD_signal,0.053617105
BB_upper,0.053511605
volume_change,0.05303636
20_day_std,0.051108718
20_day_ma,0.04585291
5_day_ma,0.043163445
