Feature,Importance
MACD,0.067647494
BB_upper,0.066116735
MACD_signal,0.06523044
volatility_10,0.06369143
RSI_14,0.06357065
daily_return,0.059105426
10_day_ma,0.05796557
BB_lower,0.057833
Low,0.057713933
5_day_ma,0.05758999
20_day_std,0.05734611
Close,0.0561306
Open,0.055586606
volume_change,0.055372417
Volume,0.05452802
High,0.054299906
20_day_ma,0.05027168
