Feature,Importance
20_day_ma,0.06806446
MACD,0.06429368
BB_lower,0.06349833
20_day_std,0.06103307
Open,0.06051472
RSI_14,0.059845023
10_day_ma,0.059772544
BB_upper,0.059739374
volatility_10,0.059378833
High,0.059353027
Volume,0.059348587
daily_return,0.057889596
volume_change,0.057154413
MACD_signal,0.055323023
Low,0.054281328
5_day_ma,0.05059189
Close,0.04991804
