Feature,Importance
High,0.07395701
MACD_signal,0.07030292
MACD,0.06823364
Close,0.06425341
RSI_14,0.06389468
Low,0.063601896
10_day_ma,0.063017495
BB_lower,0.062350072
5_day_ma,0.061503004
Open,0.058862224
volume_change,0.056107823
BB_upper,0.05471804
Volume,0.051299416
20_day_ma,0.051051874
daily_return,0.04824684
volatility_10,0.046046358
20_day_std,0.042553343
