Feature,Importance
MACD,0.06773445
MACD_signal,0.06470661
RSI_14,0.064611405
volume_change,0.06455736
volatility_10,0.062304392
Volume,0.061296716
Open,0.06104459
BB_upper,0.060724873
5_day_ma,0.06044743
High,0.057933133
Low,0.05689756
20_day_std,0.055951945
20_day_ma,0.05580575
daily_return,0.054774504
10_day_ma,0.051969018
BB_lower,0.051847726
Close,0.047392562
