Feature,Importance
20_day_ma,0.08437962
Open,0.078756675
MACD,0.07016553
Close,0.066387974
Volume,0.064280145
10_day_ma,0.0633001
BB_upper,0.06273306
MACD_signal,0.059646484
BB_lower,0.059455935
daily_return,0.053986043
volatility_10,0.052554097
RSI_14,0.052040745
volume_change,0.051989604
20_day_std,0.050872263
Low,0.044037096
High,0.04300497
5_day_ma,0.04240969
