Feature,Importance
10_day_ma,0.084407665
High,0.07660959
Open,0.07279312
MACD,0.067258425
Close,0.063495375
MACD_signal,0.062416088
BB_upper,0.06223566
volume_change,0.057122894
5_day_ma,0.056547727
20_day_ma,0.054830935
Volume,0.052895725
RSI_14,0.052606728
Low,0.05186516
volatility_10,0.050305795
daily_return,0.04833877
BB_lower,0.043747623
20_day_std,0.042522773
