Feature,Importance
BB_lower,0.0664623
Close,0.06623334
10_day_ma,0.06442328
5_day_ma,0.063442215
Low,0.06303786
MACD,0.06288711
MACD_signal,0.061810065
20_day_ma,0.060434237
BB_upper,0.058772035
volatility_10,0.058680035
Open,0.058546823
20_day_std,0.058285587
volume_change,0.05566164
RSI_14,0.053456966
daily_return,0.050279066
High,0.04895642
Volume,0.048631053
