Feature,Importance
RSI_14,0.065845355
volume_change,0.06332049
volatility_10,0.06290984
Open,0.06270912
MACD,0.062381577
20_day_ma,0.062231574
BB_lower,0.061086252
MACD_signal,0.0604288
Volume,0.058828916
High,0.05881811
BB_upper,0.05861266
5_day_ma,0.058404483
daily_return,0.055398107
20_day_std,0.05500026
10_day_ma,0.054647498
Close,0.051342282
Low,0.048034694
