Feature,Importance
Low,0.0808066
BB_upper,0.07485466
20_day_std,0.068897724
Close,0.06801257
20_day_ma,0.066355444
volatility_10,0.065524876
High,0.061632995
BB_lower,0.059474703
MACD,0.05911887
MACD_signal,0.058322806
Volume,0.05615264
daily_return,0.05522139
volume_change,0.05246352
RSI_14,0.048660744
Open,0.04459291
10_day_ma,0.042878903
5_day_ma,0.037028655
