Feature,Importance
Close,0.0735014
5_day_ma,0.07223566
Low,0.07083809
RSI_14,0.07066402
20_day_ma,0.06418006
volatility_10,0.06223567
MACD,0.058687024
10_day_ma,0.05834068
20_day_std,0.057475954
Open,0.057036556
Volume,0.05492073
High,0.053340737
MACD_signal,0.05249831
BB_upper,0.050580963
volume_change,0.049897157
daily_return,0.047809824
BB_lower,0.04575705
