Feature,Importance
10_day_ma,0.06677664
volatility_10,0.06648208
Volume,0.06338845
Open,0.06170377
High,0.06164814
volume_change,0.061259463
5_day_ma,0.060238194
MACD_signal,0.060001094
Low,0.059827622
BB_lower,0.059342157
20_day_ma,0.05790008
RSI_14,0.05626983
MACD,0.05443847
daily_return,0.054384187
BB_upper,0.053742573
20_day_std,0.052451693
Close,0.05014548
