Feature,Importance
Low,0.070819564
MACD_signal,0.067061745
RSI_14,0.06614767
20_day_std,0.06520851
volume_change,0.0622126
volatility_10,0.06180796
BB_upper,0.059844743
BB_lower,0.059566084
MACD,0.058440495
daily_return,0.057656802
Volume,0.05698297
20_day_ma,0.05569125
5_day_ma,0.055163745
Open,0.05290516
High,0.051672228
10_day_ma,0.05116219
Close,0.04765632
