Feature,Importance
High,0.08201469
Open,0.08082043
20_day_ma,0.06887499
BB_lower,0.06697688
Close,0.064903215
5_day_ma,0.064184226
volatility_10,0.0635346
Volume,0.06023111
BB_upper,0.05738308
MACD_signal,0.056766555
volume_change,0.051477425
MACD,0.051090065
daily_return,0.049577728
20_day_std,0.047860317
Low,0.0473747
RSI_14,0.043842297
10_day_ma,0.043087725
