Feature,Importance
BB_lower,0.07707246
20_day_ma,0.07598578
Open,0.07543376
MACD,0.070041776
5_day_ma,0.06962971
volatility_10,0.069591545
Volume,0.06197915
Close,0.059331484
10_day_ma,0.058881905
daily_return,0.055744756
High,0.05239195
volume_change,0.050316792
Low,0.04924963
MACD_signal,0.048987135
20_day_std,0.047010437
BB_upper,0.040046263
RSI_14,0.038305487
