Feature,Importance
Low,0.07710434
RSI_14,0.07377139
10_day_ma,0.06850913
BB_upper,0.066670306
Open,0.064311214
MACD_signal,0.059879705
MACD,0.058078904
volume_change,0.05738554
volatility_10,0.056008883
Close,0.055508416
5_day_ma,0.05506368
daily_return,0.054699678
20_day_std,0.054195244
High,0.051767934
Volume,0.051389992
20_day_ma,0.049521983
BB_lower,0.04613365
