Feature,Importance
Low,0.07069358
BB_lower,0.068556726
MACD,0.06509979
BB_upper,0.06359688
High,0.06040816
volatility_10,0.059633423
20_day_std,0.05782587
10_day_ma,0.057427607
volume_change,0.05721341
MACD_signal,0.05690776
RSI_14,0.056521907
Close,0.0559079
daily_return,0.055598862
5_day_ma,0.055566177
Open,0.054883365
20_day_ma,0.05389594
Volume,0.0502626
