Feature,Importance
High,0.089033686
MACD_signal,0.07415927
RSI_14,0.06745633
MACD,0.06724244
20_day_ma,0.060230337
BB_lower,0.059928272
Close,0.05980197
Volume,0.056092307
BB_upper,0.055806138
daily_return,0.055668343
volatility_10,0.0543835
5_day_ma,0.052526705
volume_change,0.051693756
Low,0.051179484
10_day_ma,0.050498307
20_day_std,0.050363354
Open,0.04393581
