Feature,Importance
BB_upper,0.0815177
Low,0.07783625
volume_change,0.071892545
10_day_ma,0.06696963
20_day_std,0.059952617
Open,0.05979412
5_day_ma,0.05970887
20_day_ma,0.058611207
RSI_14,0.058276486
MACD,0.054134294
High,0.053642485
BB_lower,0.052395374
volatility_10,0.050425217
MACD_signal,0.05041448
Close,0.05015488
daily_return,0.04982078
Volume,0.044453092
