Feature,Importance
High,0.09576391
20_day_std,0.07586839
BB_upper,0.0675066
MACD,0.06650385
5_day_ma,0.06168582
Close,0.06167194
Low,0.059948068
RSI_14,0.05763926
Open,0.05752496
MACD_signal,0.05711733
Volume,0.05631546
20_day_ma,0.054828327
volatility_10,0.053323913
volume_change,0.05001635
10_day_ma,0.04537664
daily_return,0.044680953
BB_lower,0.03422825
