Feature,Importance
20_day_ma,0.06871936
Volume,0.06841156
Low,0.06589202
20_day_std,0.06456432
MACD,0.06426539
RSI_14,0.06352115
BB_upper,0.062835686
10_day_ma,0.061821904
BB_lower,0.06084666
High,0.05908894
Open,0.05678059
volume_change,0.055867653
MACD_signal,0.05404302
Close,0.050245922
daily_return,0.05011239
volatility_10,0.046592064
5_day_ma,0.04639137
