Feature,Importance
BB_lower,0.066185914
BB_upper,0.06607461
20_day_ma,0.065727755
High,0.06322823
volume_change,0.06311895
20_day_std,0.06293359
volatility_10,0.062243033
Low,0.060266417
Volume,0.059294585
10_day_ma,0.059063587
MACD,0.05818294
5_day_ma,0.057320274
RSI_14,0.053629626
daily_return,0.053587466
MACD_signal,0.052617867
Close,0.049247745
Open,0.047277465
