Feature,Importance
Low,0.14434002
Close,0.084436215
5_day_ma,0.06906794
MACD_signal,0.0672716
BB_upper,0.06304965
volume_change,0.05585933
RSI_14,0.055288
volatility_10,0.054851346
10_day_ma,0.05444432
daily_return,0.049923986
Open,0.049870156
High,0.049135886
MACD,0.047837384
20_day_std,0.040986344
Volume,0.040373605
20_day_ma,0.03897273
BB_lower,0.03429145
