Feature,Importance
Open,0.07355618
RSI_14,0.06631018
Low,0.066284224
10_day_ma,0.06604979
Close,0.061808582
5_day_ma,0.061172266
BB_upper,0.060995106
daily_return,0.057661485
Volume,0.05704047
BB_lower,0.055908084
High,0.055888023
volume_change,0.055683192
20_day_std,0.053408574
volatility_10,0.05329578
MACD,0.05292367
20_day_ma,0.05161592
MACD_signal,0.050398372
