Feature,Importance
Low,0.06658615
5_day_ma,0.06622384
volatility_10,0.06621638
BB_upper,0.06424522
Open,0.061284192
MACD,0.059506223
Close,0.059505776
20_day_std,0.059256617
10_day_ma,0.059128996
BB_lower,0.05874848
MACD_signal,0.05804245
High,0.057621162
Volume,0.055559043
volume_change,0.05516086
20_day_ma,0.054330584
daily_return,0.05014349
RSI_14,0.04844057
