Feature,Importance
BB_upper,0.07297812
10_day_ma,0.07115915
Open,0.07074776
Low,0.06575504
20_day_std,0.06475707
MACD_signal,0.061665043
High,0.06070482
20_day_ma,0.05791236
MACD,0.056310285
5_day_ma,0.055919234
daily_return,0.05568013
Volume,0.05553889
Close,0.055108078
volatility_10,0.054205198
volume_change,0.05099951
RSI_14,0.047658004
BB_lower,0.042901225
