Feature,Importance
20_day_ma,0.07298973
Low,0.06941393
20_day_std,0.068248935
MACD,0.06560879
BB_upper,0.0634594
RSI_14,0.06272829
Volume,0.060950566
volatility_10,0.060241964
BB_lower,0.057838112
MACD_signal,0.057747368
volume_change,0.055182237
Open,0.054937094
Close,0.054350153
daily_return,0.051751435
5_day_ma,0.05155516
High,0.04882449
10_day_ma,0.044172335
