Feature,Importance
Open,0.08013359
Close,0.070179164
BB_upper,0.06689103
Low,0.06486571
10_day_ma,0.063187055
MACD_signal,0.06213978
MACD,0.062045414
20_day_std,0.061629847
BB_lower,0.05998072
High,0.057713095
volume_change,0.053952992
Volume,0.05371631
RSI_14,0.05298876
20_day_ma,0.051077664
daily_return,0.050201736
5_day_ma,0.04685591
volatility_10,0.042441305
