Feature,Importance
Low,0.11412109
MACD_signal,0.07759441
volatility_10,0.07060235
BB_upper,0.06732588
Open,0.066078216
volume_change,0.06468345
MACD,0.0632616
5_day_ma,0.05837309
20_day_std,0.058097146
Close,0.056681067
High,0.052192543
Volume,0.046432815
daily_return,0.0463592
BB_lower,0.04306042
20_day_ma,0.039623793
RSI_14,0.037795547
10_day_ma,0.037717413
