Feature,Importance
volatility_10,0.07905521
MACD_signal,0.07665564
RSI_14,0.07568888
MACD,0.07140606
5_day_ma,0.0698035
BB_lower,0.0665997
Close,0.06415547
20_day_std,0.06196683
volume_change,0.0574503
Open,0.053429935
Volume,0.050448485
BB_upper,0.049651496
daily_return,0.046595417
High,0.04643958
Low,0.04633208
10_day_ma,0.04564089
20_day_ma,0.038680475
