Feature,Importance
Low,0.07425583
BB_upper,0.06988931
volatility_10,0.069778316
Close,0.06642754
MACD_signal,0.06603748
Volume,0.06488083
5_day_ma,0.06399813
MACD,0.061131824
daily_return,0.060113996
High,0.056144513
volume_change,0.053344816
20_day_std,0.052874926
20_day_ma,0.04941221
10_day_ma,0.0492664
Open,0.048618536
RSI_14,0.04797603
BB_lower,0.04584927
