Feature,Importance
Low,0.083012395
Open,0.07562868
MACD_signal,0.07300364
5_day_ma,0.07193871
High,0.07175685
BB_upper,0.06861123
Close,0.06090652
RSI_14,0.05642044
10_day_ma,0.056304824
MACD,0.055691753
volatility_10,0.054996956
Volume,0.049896337
BB_lower,0.046856634
daily_return,0.046155367
volume_change,0.045401275
20_day_std,0.043718435
20_day_ma,0.03970002
