Feature,Importance
Close,0.094059244
10_day_ma,0.069720425
5_day_ma,0.068167664
Low,0.06766677
Open,0.065766536
volatility_10,0.061625134
20_day_ma,0.05883071
RSI_14,0.0580848
MACD_signal,0.056515925
High,0.053512808
Volume,0.052919827
MACD,0.05155909
BB_upper,0.05150538
volume_change,0.04848284
daily_return,0.047608905
BB_lower,0.047087237
20_day_std,0.046886742
