Feature,Importance
RSI_14,0.07811609
BB_upper,0.070660695
volume_change,0.06237135
MACD_signal,0.061920747
volatility_10,0.060596194
Close,0.060248002
Low,0.059324954
Open,0.057696633
20_day_std,0.057420734
20_day_ma,0.057071146
MACD,0.056721237
5_day_ma,0.056221142
10_day_ma,0.055692073
Volume,0.053761322
daily_return,0.052584756
High,0.051192798
BB_lower,0.048400063
