Feature,Importance
Low,0.073777206
High,0.072110586
MACD,0.06664344
5_day_ma,0.06646153
daily_return,0.062419247
10_day_ma,0.060744025
20_day_ma,0.059242554
RSI_14,0.05904516
volume_change,0.058527146
20_day_std,0.057626087
Close,0.05697858
BB_lower,0.056893475
Volume,0.053921685
BB_upper,0.05141477
MACD_signal,0.05026684
Open,0.04856367
volatility_10,0.045364007
