Feature,Importance
Close,0.09430732
MACD,0.08236234
Low,0.07274809
20_day_ma,0.068400726
BB_upper,0.065694086
volume_change,0.06226017
volatility_10,0.062204257
daily_return,0.05930437
BB_lower,0.057490077
Open,0.055499528
10_day_ma,0.05480451
5_day_ma,0.05276986
Volume,0.05167466
High,0.04645294
RSI_14,0.043614186
MACD_signal,0.03787944
20_day_std,0.032533485
