Feature,Importance
MACD_signal,0.074285686
Open,0.07327078
BB_upper,0.0653529
20_day_ma,0.06442567
10_day_ma,0.06374839
Low,0.0631221
volatility_10,0.061480872
20_day_std,0.060648326
BB_lower,0.05951828
5_day_ma,0.055879474
MACD,0.055577356
High,0.054518726
Volume,0.054358106
Close,0.05107711
daily_return,0.048263177
volume_change,0.048110586
RSI_14,0.046362422
