Feature,Importance
10_day_ma,0.07204683
Low,0.07055157
BB_lower,0.07031157
High,0.06820133
volume_change,0.06384417
5_day_ma,0.06273157
BB_upper,0.061342124
20_day_std,0.060406484
20_day_ma,0.057417244
Open,0.056715924
MACD,0.056702334
volatility_10,0.052630313
Close,0.05162706
MACD_signal,0.051027168
Volume,0.050143845
daily_return,0.048084687
RSI_14,0.046215814
