Feature,Importance
Open,0.0777687
High,0.07384595
MACD_signal,0.07130699
5_day_ma,0.068965435
MACD,0.06366057
volatility_10,0.063016996
BB_upper,0.061773848
BB_lower,0.06056364
Low,0.05668647
RSI_14,0.055158302
10_day_ma,0.05341902
Close,0.052715756
daily_return,0.05197363
Volume,0.05191346
volume_change,0.04999886
20_day_ma,0.043697108
20_day_std,0.04353528
