Feature,Importance
High,0.078379184
MACD_signal,0.07098656
Low,0.07044927
Open,0.06946171
BB_lower,0.06839605
5_day_ma,0.062459026
20_day_std,0.058747515
10_day_ma,0.058427427
MACD,0.05841849
Close,0.057370406
volume_change,0.054144353
volatility_10,0.053563192
daily_return,0.05346802
20_day_ma,0.05146386
BB_upper,0.04706042
RSI_14,0.04362097
Volume,0.043583564
