Feature,Importance
Open,0.07187019
10_day_ma,0.06988016
20_day_ma,0.0647826
BB_lower,0.06361529
Volume,0.062463704
volatility_10,0.061003406
RSI_14,0.05956438
Low,0.05953118
MACD_signal,0.059305754
5_day_ma,0.058025222
volume_change,0.055655897
BB_upper,0.05500546
MACD,0.054709807
daily_return,0.05430572
Close,0.053924993
High,0.048884515
20_day_std,0.047471724
