Feature,Importance
Low,0.06812383
20_day_std,0.06486656
RSI_14,0.06450667
MACD_signal,0.06285315
Open,0.061572313
BB_lower,0.059643522
5_day_ma,0.0592774
volume_change,0.059198845
BB_upper,0.05802199
20_day_ma,0.058005176
10_day_ma,0.058001537
MACD,0.056353282
High,0.055925094
Volume,0.054501425
volatility_10,0.05428394
Close,0.053115778
daily_return,0.051749498
