Feature,Importance
High,0.06768716
5_day_ma,0.06696412
Volume,0.066645525
Low,0.06536433
Open,0.06534473
BB_lower,0.06465876
BB_upper,0.06374617
20_day_ma,0.058966942
volatility_10,0.058549404
20_day_std,0.056052215
volume_change,0.055442065
daily_return,0.05481214
MACD,0.054146122
MACD_signal,0.053381197
RSI_14,0.052706555
10_day_ma,0.051007785
Close,0.044524785
