Feature,Importance
MACD,0.07408972
Low,0.067348026
High,0.066277266
MACD_signal,0.06532945
BB_upper,0.06444231
5_day_ma,0.06086955
Close,0.059987735
volume_change,0.05955414
10_day_ma,0.058826923
RSI_14,0.058155857
Open,0.057011396
volatility_10,0.05523499
20_day_std,0.055070024
20_day_ma,0.05149473
Volume,0.050657358
daily_return,0.04803646
BB_lower,0.04761407
