Feature,Importance
Volume,0.0807128
BB_lower,0.073069446
Low,0.07032645
High,0.06831506
MACD_signal,0.06793673
10_day_ma,0.06711353
MACD,0.061796743
Open,0.060434386
volume_change,0.05640422
volatility_10,0.0553834
5_day_ma,0.054379974
daily_return,0.052421797
20_day_std,0.04926397
BB_upper,0.047485627
RSI_14,0.0469444
20_day_ma,0.046788912
Close,0.04122262
