Feature,Importance
MACD,0.07665614
Low,0.073608756
Open,0.07318677
volatility_10,0.063968986
daily_return,0.063245736
BB_upper,0.062394917
Close,0.060727276
Volume,0.060527127
5_day_ma,0.059901364
High,0.056715954
BB_lower,0.056550346
volume_change,0.053912606
10_day_ma,0.050680604
20_day_ma,0.04901119
MACD_signal,0.0487871
RSI_14,0.048728164
20_day_std,0.041397035
