Feature,Importance
High,0.070528835
BB_upper,0.06999007
20_day_ma,0.06709407
RSI_14,0.06279408
10_day_ma,0.061697103
Low,0.06115062
BB_lower,0.060396068
Open,0.059556793
volume_change,0.059353463
20_day_std,0.058849927
5_day_ma,0.05830518
daily_return,0.057670828
Volume,0.055103816
volatility_10,0.051945817
Close,0.049605783
MACD_signal,0.049604982
MACD,0.046352465
