Feature,Importance
Low,0.06811771
10_day_ma,0.06745111
High,0.06711883
20_day_ma,0.0649349
Open,0.06473323
Volume,0.062025554
RSI_14,0.058917705
daily_return,0.058063794
MACD_signal,0.057377633
volatility_10,0.057229724
Close,0.056649353
BB_upper,0.056448232
5_day_ma,0.05505683
MACD,0.052004535
BB_lower,0.051968448
volume_change,0.051068693
20_day_std,0.050833784
