Feature,Importance
High,0.09558805
BB_upper,0.07233757
MACD,0.07161852
10_day_ma,0.06395726
BB_lower,0.06195807
Close,0.0614088
MACD_signal,0.061383497
Volume,0.06050752
volatility_10,0.060249265
Open,0.056643687
Low,0.05503146
5_day_ma,0.053976614
daily_return,0.05365328
20_day_std,0.05121986
RSI_14,0.044796757
volume_change,0.043028835
20_day_ma,0.032640986
