Feature,Importance
MACD,0.08267955
5_day_ma,0.07793073
10_day_ma,0.065505184
volume_change,0.06486178
BB_upper,0.06346733
daily_return,0.06215168
RSI_14,0.059919827
BB_lower,0.059450295
20_day_std,0.05920622
Volume,0.057211004
Low,0.05571632
High,0.054795373
volatility_10,0.053809877
Close,0.053582884
MACD_signal,0.052801937
Open,0.041837133
20_day_ma,0.035072915
