Feature,Importance
Low,0.07883601
20_day_ma,0.07327462
5_day_ma,0.06494745
volume_change,0.06231341
BB_upper,0.061363645
BB_lower,0.060774766
Open,0.06019078
RSI_14,0.059509497
MACD_signal,0.058597434
MACD,0.056931596
daily_return,0.05431089
20_day_std,0.05395601
volatility_10,0.052894324
High,0.052481916
Close,0.051586986
10_day_ma,0.04947981
Volume,0.048550926
