Feature,Importance
Open,0.07443275
MACD_signal,0.0701045
volatility_10,0.0649429
BB_lower,0.06490535
10_day_ma,0.06469243
20_day_std,0.060754582
MACD,0.060545024
BB_upper,0.059320223
Volume,0.05782717
20_day_ma,0.05632044
daily_return,0.056259524
RSI_14,0.053974
Close,0.05322395
Low,0.052086405
5_day_ma,0.051399764
volume_change,0.050007083
High,0.049203876
