Feature,Importance
Low,0.08963478
High,0.07249212
5_day_ma,0.061438758
volume_change,0.060416855
MACD,0.05974322
20_day_ma,0.059730735
Open,0.059660792
10_day_ma,0.05914093
BB_lower,0.05904001
Volume,0.058266677
Close,0.05445958
20_day_std,0.054269876
volatility_10,0.05382319
BB_upper,0.05375772
RSI_14,0.050157845
daily_return,0.049053382
MACD_signal,0.044913575
