Feature,Importance
Close,0.07855509
MACD_signal,0.07753882
MACD,0.0767973
RSI_14,0.07059695
Volume,0.06839222
Open,0.067025706
High,0.06432174
volume_change,0.06213064
20_day_std,0.05758401
BB_upper,0.054715652
5_day_ma,0.052525762
volatility_10,0.051228713
20_day_ma,0.049640384
daily_return,0.04798273
10_day_ma,0.043515667
Low,0.041407295
BB_lower,0.03604126
