Feature,Importance
Open,0.07176724
20_day_ma,0.06729526
volatility_10,0.063533284
Low,0.06345843
5_day_ma,0.061105244
MACD,0.0609978
daily_return,0.060649596
Close,0.060044333
BB_upper,0.058349695
10_day_ma,0.057923604
MACD_signal,0.057622876
High,0.057450924
Volume,0.05593409
volume_change,0.053357735
RSI_14,0.052645307
BB_lower,0.05015729
20_day_std,0.04770723
