Feature,Importance
MACD,0.07763965
5_day_ma,0.073193416
10_day_ma,0.06568272
Open,0.06366956
20_day_ma,0.060567096
volatility_10,0.06049479
BB_upper,0.05946126
BB_lower,0.05772368
daily_return,0.057287052
Close,0.05704911
volume_change,0.056370053
Volume,0.05602346
MACD_signal,0.053298593
Low,0.051744863
High,0.051336914
RSI_14,0.05014323
20_day_std,0.048314564
