Feature,Importance
5_day_ma,0.06987965
High,0.06779949
Open,0.06636435
10_day_ma,0.06420652
BB_upper,0.06021537
volume_change,0.059800558
MACD_signal,0.059628293
Close,0.059073765
BB_lower,0.058713436
RSI_14,0.058515973
Low,0.056874797
MACD,0.056604065
volatility_10,0.054705147
20_day_ma,0.052919794
daily_return,0.052760303
Volume,0.051932894
20_day_std,0.050005578
