Feature,Importance
BB_upper,0.08022466
volume_change,0.075631596
Low,0.070776336
High,0.06286977
RSI_14,0.062508576
20_day_std,0.06090796
20_day_ma,0.058395308
10_day_ma,0.057968643
daily_return,0.054940283
Open,0.054768577
Close,0.054275345
BB_lower,0.05230665
5_day_ma,0.051922556
volatility_10,0.051542155
MACD_signal,0.0515187
MACD,0.050664432
Volume,0.04877845
