Feature,Importance
20_day_ma,0.07681422
10_day_ma,0.06862501
Open,0.064323
BB_upper,0.06407405
BB_lower,0.061195347
Close,0.060881976
volume_change,0.060571786
Volume,0.059318114
RSI_14,0.058748804
MACD,0.057428967
5_day_ma,0.055922035
daily_return,0.05496488
20_day_std,0.054515295
Low,0.05440048
MACD_signal,0.053830836
volatility_10,0.051386576
High,0.042998616
