Feature,Importance
MACD_signal,0.07327313
Low,0.06541642
BB_lower,0.06437676
Open,0.06359533
20_day_std,0.06357576
volatility_10,0.062342335
BB_upper,0.060047112
MACD,0.059395295
Close,0.05808906
daily_return,0.05680836
10_day_ma,0.056519974
Volume,0.054565564
5_day_ma,0.05424876
volume_change,0.053696398
20_day_ma,0.05195144
RSI_14,0.051292315
High,0.050806012
