Feature,Importance
BB_upper,0.071425706
20_day_ma,0.06790779
MACD,0.06747369
10_day_ma,0.061308358
MACD_signal,0.06127578
5_day_ma,0.060854785
daily_return,0.05874936
volume_change,0.058428127
High,0.057008673
Open,0.05623361
volatility_10,0.056027446
BB_lower,0.055919867
Close,0.055802353
20_day_std,0.054343984
Low,0.053034555
RSI_14,0.05294843
Volume,0.05125751
