Feature,Importance
Low,0.07055158
Open,0.066145875
volume_change,0.06395241
MACD,0.06344892
20_day_std,0.063011
Close,0.062889
BB_lower,0.062291943
BB_upper,0.0606826
5_day_ma,0.060116407
daily_return,0.057610564
High,0.055612084
10_day_ma,0.055402745
volatility_10,0.054320514
MACD_signal,0.053955708
Volume,0.051520716
20_day_ma,0.050666682
RSI_14,0.04782123
