Feature,Importance
20_day_ma,0.08221741
BB_upper,0.0800501
BB_lower,0.07543165
Close,0.07388869
MACD,0.065908395
Open,0.064267606
20_day_std,0.060560614
High,0.05845484
daily_return,0.05631992
Low,0.05566365
Volume,0.05402717
volatility_10,0.052228436
10_day_ma,0.05040316
5_day_ma,0.04424461
volume_change,0.04424283
MACD_signal,0.041273426
RSI_14,0.04081747
