Feature,Importance
High,0.070122376
MACD,0.06626292
BB_lower,0.06606135
20_day_std,0.06269308
20_day_ma,0.061566796
Open,0.060222253
Low,0.059073567
daily_return,0.058380365
Volume,0.05737234
RSI_14,0.05694507
Close,0.05646648
MACD_signal,0.05618942
BB_upper,0.055496037
5_day_ma,0.054589387
10_day_ma,0.05415775
volatility_10,0.052470967
volume_change,0.05192986
