Feature,Importance
Close,0.07353932
Low,0.07136245
Open,0.069862135
BB_lower,0.06799584
20_day_std,0.06266855
High,0.061582986
BB_upper,0.059186753
MACD_signal,0.05805242
10_day_ma,0.058039162
volume_change,0.05569814
20_day_ma,0.055076756
MACD,0.05345769
daily_return,0.053199515
RSI_14,0.052544165
Volume,0.05221288
volatility_10,0.048182845
5_day_ma,0.047338393
