Feature,Importance
10_day_ma,0.081095956
Low,0.075968094
volatility_10,0.06883067
volume_change,0.06500598
RSI_14,0.06370833
Close,0.06343762
BB_upper,0.06150369
20_day_std,0.06048298
daily_return,0.059910934
High,0.057284422
Volume,0.055428516
MACD_signal,0.053147186
5_day_ma,0.052517857
BB_lower,0.05127432
Open,0.048319645
MACD,0.047810473
20_day_ma,0.03427334
