Feature,Importance
5_day_ma,0.075795025
BB_upper,0.06944578
BB_lower,0.067507185
MACD,0.06456744
20_day_ma,0.061871562
volatility_10,0.060659423
daily_return,0.059980623
Low,0.059324265
Volume,0.05841058
volume_change,0.057883415
MACD_signal,0.057434764
High,0.056749936
RSI_14,0.05199068
Open,0.051610813
10_day_ma,0.04986295
20_day_std,0.04872866
Close,0.048176903
