Feature,Importance
volume_change,0.06703575
Low,0.06628931
BB_lower,0.063319266
20_day_std,0.06222471
20_day_ma,0.061908152
High,0.061429318
Close,0.061421804
MACD,0.06051813
10_day_ma,0.05901
daily_return,0.057645015
Open,0.057476934
MACD_signal,0.05675981
volatility_10,0.05528471
Volume,0.054938387
5_day_ma,0.054665636
BB_upper,0.050619557
RSI_14,0.049453497
