Feature,Importance
Open,0.07558424
5_day_ma,0.06909222
10_day_ma,0.06649154
Volume,0.062403556
Low,0.061169557
20_day_ma,0.060010307
BB_lower,0.058891173
MACD,0.05859441
High,0.057941973
MACD_signal,0.056950774
volume_change,0.056456894
BB_upper,0.055857416
20_day_std,0.05549868
RSI_14,0.05433403
volatility_10,0.05414118
daily_return,0.049651276
Close,0.046930823
