Feature,Importance
volatility_10,0.06681254
10_day_ma,0.06571487
Low,0.0639004
MACD,0.063876465
Volume,0.06357528
5_day_ma,0.061932996
20_day_ma,0.06161115
RSI_14,0.06067517
volume_change,0.05894863
High,0.057833888
BB_lower,0.057818692
20_day_std,0.056413077
BB_upper,0.05495678
daily_return,0.052285776
Close,0.051908147
MACD_signal,0.051740367
Open,0.049995754
