Feature,Importance
BB_upper,0.07704872
Open,0.07590469
20_day_ma,0.069224514
Close,0.066588864
Low,0.06299398
MACD_signal,0.06241965
High,0.059256323
10_day_ma,0.059156634
BB_lower,0.058784604
RSI_14,0.056376904
MACD,0.055118978
20_day_std,0.052455578
5_day_ma,0.051282324
Volume,0.05121202
daily_return,0.050846327
volume_change,0.048004992
volatility_10,0.043324966
