Feature,Importance
Open,0.082031555
Low,0.07709148
High,0.07322926
MACD_signal,0.072760046
20_day_ma,0.07130795
volume_change,0.06413359
MACD,0.0635451
5_day_ma,0.060509793
Volume,0.058264837
20_day_std,0.05826276
RSI_14,0.055872906
BB_upper,0.054936722
daily_return,0.052731976
volatility_10,0.05241659
Close,0.038467385
10_day_ma,0.034677517
BB_lower,0.029760566
