Feature,Importance
RSI_14,0.07433708
BB_lower,0.06402528
Volume,0.063828856
Open,0.06256674
High,0.06138796
daily_return,0.05915939
10_day_ma,0.058793534
Low,0.058648437
volume_change,0.058265846
5_day_ma,0.05774606
20_day_std,0.056269348
MACD_signal,0.056193426
20_day_ma,0.056092594
volatility_10,0.055372473
MACD,0.055342317
Close,0.052192103
BB_upper,0.049778514
