Feature,Importance
volatility_10,0.082490705
BB_lower,0.082384855
Low,0.07705972
volume_change,0.06477877
Open,0.062580064
10_day_ma,0.061896257
MACD,0.060810436
20_day_std,0.060214624
MACD_signal,0.0546169
5_day_ma,0.05385995
RSI_14,0.052721143
High,0.05231393
Volume,0.05119842
Close,0.048404425
BB_upper,0.04589356
daily_return,0.044416435
20_day_ma,0.0443598
