Feature,Importance
Low,0.08447582
Open,0.07150105
10_day_ma,0.065190345
Volume,0.064136
daily_return,0.06285431
volume_change,0.061887857
volatility_10,0.060389943
MACD,0.058780633
20_day_std,0.058473106
BB_lower,0.05730392
5_day_ma,0.05576045
RSI_14,0.052458994
BB_upper,0.052167114
High,0.050773736
MACD_signal,0.04938637
Close,0.04820081
20_day_ma,0.046259515
