Feature,Importance
10_day_ma,0.088610075
High,0.0747866
volume_change,0.07131991
5_day_ma,0.06471646
MACD,0.061690565
Low,0.060444172
BB_upper,0.058893085
Open,0.0570438
volatility_10,0.056283664
MACD_signal,0.056177348
Close,0.056140583
BB_lower,0.0543944
Volume,0.052082382
daily_return,0.05114437
RSI_14,0.05091399
20_day_ma,0.050595194
20_day_std,0.034763433
