Feature,Importance
MACD_signal,0.07245147
20_day_std,0.066115305
10_day_ma,0.06560225
Open,0.065072306
volatility_10,0.06293738
BB_upper,0.062287927
Volume,0.06121705
MACD,0.05996918
BB_lower,0.059321884
daily_return,0.057911616
5_day_ma,0.057404015
RSI_14,0.0560402
Low,0.05486796
Close,0.052499138
High,0.05008149
volume_change,0.048629735
20_day_ma,0.047591157
