Feature,Importance
High,0.077647574
RSI_14,0.07098067
Volume,0.06350392
daily_return,0.061510663
MACD_signal,0.060344562
BB_lower,0.059251506
Open,0.058886245
20_day_ma,0.058088556
volatility_10,0.056212474
20_day_std,0.05605124
10_day_ma,0.0559316
BB_upper,0.05582436
MACD,0.055348635
Close,0.05459199
volume_change,0.053463917
5_day_ma,0.05331362
Low,0.04904848
