Feature,Importance
MACD,0.08209808
5_day_ma,0.068266585
volatility_10,0.067708075
High,0.06749325
Close,0.06133287
BB_upper,0.06055713
daily_return,0.060392983
Low,0.060248997
Volume,0.059250716
10_day_ma,0.059164982
20_day_std,0.058739543
MACD_signal,0.058683064
volume_change,0.057910867
RSI_14,0.054994807
BB_lower,0.049420863
Open,0.046238266
20_day_ma,0.027498906
