Feature,Importance
5_day_ma,0.070705205
volume_change,0.06582848
BB_upper,0.064688735
Open,0.062759385
High,0.061567113
Low,0.06154107
10_day_ma,0.060915027
MACD,0.05999832
BB_lower,0.058626562
MACD_signal,0.057289816
volatility_10,0.055645496
Volume,0.055141203
Close,0.054359145
daily_return,0.05380904
RSI_14,0.053435273
20_day_ma,0.05287672
20_day_std,0.050813396
