Feature,Importance
High,0.0741123
MACD,0.07257039
Close,0.07008767
Low,0.066522315
BB_upper,0.06487208
20_day_ma,0.062366944
Open,0.060106687
RSI_14,0.057904385
volume_change,0.05679027
MACD_signal,0.056338158
5_day_ma,0.053553455
20_day_std,0.05285819
10_day_ma,0.052077547
daily_return,0.051729925
volatility_10,0.051082708
Volume,0.049510024
BB_lower,0.047516868
