Feature,Importance
BB_lower,0.07638632
5_day_ma,0.06748258
volatility_10,0.06530238
MACD_signal,0.062346935
daily_return,0.062081467
High,0.060668137
20_day_std,0.060336884
10_day_ma,0.058743257
Close,0.05744842
volume_change,0.057054754
20_day_ma,0.05591785
Low,0.055484075
Volume,0.05399665
Open,0.052930616
BB_upper,0.051418934
RSI_14,0.05120702
MACD,0.05119372
