Feature,Importance
10_day_ma,0.07010937
20_day_std,0.06476071
Close,0.063416384
Open,0.063168295
MACD_signal,0.06252393
5_day_ma,0.06179959
High,0.06119587
MACD,0.0596368
BB_upper,0.05866294
Volume,0.05705085
20_day_ma,0.056954656
daily_return,0.056195445
RSI_14,0.053472172
Low,0.053423822
volume_change,0.052858092
volatility_10,0.05249064
BB_lower,0.05228039
