Feature,Importance
MACD_signal,0.089294575
High,0.08043133
MACD,0.06626559
Close,0.06534085
volatility_10,0.06195337
BB_lower,0.061475575
RSI_14,0.060407575
20_day_std,0.059836745
Open,0.05975366
Volume,0.05940936
5_day_ma,0.0566199
10_day_ma,0.054776262
daily_return,0.052776217
Low,0.044351414
20_day_ma,0.042790625
BB_upper,0.04273364
volume_change,0.041783277
