Feature,Importance
Low,0.07030215
BB_lower,0.069930516
Open,0.06324061
MACD,0.06286872
High,0.06274584
BB_upper,0.06226922
MACD_signal,0.06208642
10_day_ma,0.057604805
Close,0.057213698
RSI_14,0.057168208
20_day_std,0.05664841
volatility_10,0.056332238
daily_return,0.053754866
Volume,0.053701945
volume_change,0.052318547
20_day_ma,0.052247804
5_day_ma,0.049565986
