Feature,Importance
MACD,0.08377416
Low,0.07328241
BB_upper,0.065983355
MACD_signal,0.06594875
RSI_14,0.065093234
volatility_10,0.06461158
Volume,0.06347587
10_day_ma,0.061563626
20_day_std,0.061174035
daily_return,0.05890161
volume_change,0.056669123
Close,0.055354334
Open,0.054452598
20_day_ma,0.05206324
BB_lower,0.050002497
High,0.038941883
5_day_ma,0.028707778
