Feature,Importance
5_day_ma,0.074490555
BB_upper,0.06893504
volatility_10,0.06348587
Low,0.061753165
20_day_std,0.0617302
Open,0.059270684
BB_lower,0.058183674
daily_return,0.057487387
MACD,0.05730892
RSI_14,0.05659712
High,0.056425262
Close,0.05639639
20_day_ma,0.05609007
10_day_ma,0.05527888
volume_change,0.053514406
Volume,0.051704444
MACD_signal,0.051347896
