Feature,Importance
10_day_ma,0.06979878
5_day_ma,0.06739123
daily_return,0.06424409
MACD,0.06393396
volume_change,0.06345107
RSI_14,0.06293082
BB_upper,0.0604935
BB_lower,0.060198106
High,0.057965793
Open,0.0573889
MACD_signal,0.057259426
Close,0.057107404
20_day_std,0.054092873
Volume,0.053949643
volatility_10,0.05117537
20_day_ma,0.050426748
Low,0.04819228
