Feature,Importance
BB_lower,0.0762266
Low,0.068770505
volume_change,0.065741695
volatility_10,0.06481449
BB_upper,0.06044775
MACD,0.060327347
High,0.0600507
5_day_ma,0.05908233
20_day_ma,0.058425922
Volume,0.056643374
MACD_signal,0.055890344
Open,0.055328667
daily_return,0.055082556
20_day_std,0.054457445
10_day_ma,0.0521194
Close,0.049270157
RSI_14,0.047320697
