Feature,Importance
Close,0.06608622
5_day_ma,0.06546546
BB_upper,0.06421343
10_day_ma,0.06306873
Low,0.060246613
volatility_10,0.06019047
20_day_std,0.05946433
volume_change,0.058840375
High,0.058508515
RSI_14,0.058386274
20_day_ma,0.05774324
MACD,0.055377927
Open,0.05536581
Volume,0.054917812
MACD_signal,0.054859046
daily_return,0.053868312
BB_lower,0.053397454
