Feature,Importance
BB_lower,0.081887975
daily_return,0.067401566
RSI_14,0.06656465
20_day_ma,0.0653883
BB_upper,0.0625914
5_day_ma,0.061179545
20_day_std,0.05924245
Low,0.05913603
volume_change,0.058954462
Open,0.05736306
10_day_ma,0.0569705
MACD,0.05599303
MACD_signal,0.053160034
Close,0.05095442
High,0.050451472
volatility_10,0.04925782
Volume,0.04350331
