Feature,Importance
Open,0.067850664
BB_upper,0.06621583
BB_lower,0.06488445
10_day_ma,0.064749554
volume_change,0.064175755
20_day_ma,0.06296284
High,0.06261998
RSI_14,0.061203536
20_day_std,0.058795363
daily_return,0.057382494
Volume,0.056597542
Close,0.055924345
Low,0.05434716
volatility_10,0.053113893
MACD_signal,0.05126834
MACD,0.05106664
5_day_ma,0.046841547
