Feature,Importance
5_day_ma,0.0798798
High,0.07972462
BB_upper,0.07774025
MACD_signal,0.06772359
10_day_ma,0.061627936
BB_lower,0.061534453
MACD,0.061368447
volatility_10,0.060326677
Open,0.057048455
20_day_std,0.05632946
Volume,0.05425103
Low,0.053445227
Close,0.04950634
daily_return,0.047424346
volume_change,0.04723934
RSI_14,0.046835225
20_day_ma,0.037994828
