Feature,Importance
Low,0.06922355
High,0.065137535
BB_lower,0.064981125
Open,0.06484886
BB_upper,0.061765872
20_day_ma,0.060000513
MACD_signal,0.05916979
volume_change,0.05904386
10_day_ma,0.05842371
Close,0.05809622
RSI_14,0.05755498
MACD,0.056191623
daily_return,0.05425622
volatility_10,0.05362139
Volume,0.053417362
5_day_ma,0.052541316
20_day_std,0.051726095
