Feature,Importance
BB_lower,0.07147785
10_day_ma,0.06747258
BB_upper,0.06475937
Open,0.06406931
MACD_signal,0.06383443
High,0.062484153
Close,0.062353853
Low,0.060133412
5_day_ma,0.05899563
volatility_10,0.05508832
daily_return,0.054913603
MACD,0.05444425
20_day_ma,0.05387354
RSI_14,0.053104285
Volume,0.051675376
volume_change,0.050819926
20_day_std,0.05050012
