Feature,Importance
Open,0.06548815
Low,0.06437275
BB_lower,0.06431298
daily_return,0.062854335
20_day_ma,0.0618026
High,0.06063972
Volume,0.059284784
5_day_ma,0.058872785
MACD,0.0588452
Close,0.058805987
MACD_signal,0.057615962
BB_upper,0.05757639
10_day_ma,0.05706233
RSI_14,0.055438608
20_day_std,0.053112622
volume_change,0.05206529
volatility_10,0.051849525
