Feature,Importance
10_day_ma,0.06772536
20_day_std,0.06674331
5_day_ma,0.06491335
20_day_ma,0.064827114
BB_upper,0.064557515
volume_change,0.063238606
Close,0.06217
daily_return,0.06122642
Volume,0.059333384
MACD,0.05889191
RSI_14,0.057372883
BB_lower,0.057326503
High,0.05418254
Low,0.05182133
volatility_10,0.05155062
MACD_signal,0.05129434
Open,0.042824876
