Feature,Importance
High,0.076954104
10_day_ma,0.06686479
Open,0.0623809
volume_change,0.06196477
volatility_10,0.061285548
5_day_ma,0.06083935
MACD_signal,0.059782304
BB_upper,0.059256386
RSI_14,0.058133416
Close,0.057807904
Low,0.05756992
Volume,0.05703038
daily_return,0.054964244
MACD,0.05490693
20_day_std,0.053188194
BB_lower,0.051292863
20_day_ma,0.045778055
