Feature,Importance
Open,0.07304148
10_day_ma,0.06784447
5_day_ma,0.06512513
BB_upper,0.06489218
volatility_10,0.06431453
20_day_ma,0.06391185
Low,0.06323954
MACD,0.061057344
Volume,0.05746871
Close,0.056945574
RSI_14,0.05575308
MACD_signal,0.055285648
BB_lower,0.055040866
High,0.05238154
volume_change,0.050813675
20_day_std,0.04657941
daily_return,0.046305
