Feature,Importance
10_day_ma,0.07604162
Volume,0.06962604
volume_change,0.06495277
20_day_ma,0.063589714
BB_upper,0.06283068
BB_lower,0.06258039
Close,0.062268063
MACD,0.06184565
MACD_signal,0.05694089
20_day_std,0.055855576
daily_return,0.055849005
5_day_ma,0.053701412
volatility_10,0.053240046
Low,0.05290644
RSI_14,0.052708425
High,0.05056119
Open,0.044502225
