Feature,Importance
20_day_ma,0.08068332
Open,0.07324791
MACD,0.06767866
volume_change,0.06666851
High,0.062732406
Close,0.061146237
Volume,0.06086105
daily_return,0.0603201
volatility_10,0.059908792
5_day_ma,0.0597099
10_day_ma,0.05890392
MACD_signal,0.054445148
Low,0.053036254
RSI_14,0.050411697
20_day_std,0.05038208
BB_upper,0.041097287
BB_lower,0.038766667
