Feature,Importance
5_day_ma,0.08224564
20_day_ma,0.073413245
Open,0.070948556
BB_upper,0.06274282
10_day_ma,0.059333976
MACD_signal,0.058909636
Close,0.056673467
Low,0.05616147
High,0.055920266
volatility_10,0.055887688
RSI_14,0.055414546
daily_return,0.054167707
MACD,0.054037858
BB_lower,0.05177575
Volume,0.051500797
volume_change,0.05060588
20_day_std,0.05026067
