Feature,Importance
Low,0.06869915
20_day_std,0.06695851
High,0.06679985
RSI_14,0.06560288
BB_lower,0.06400564
volume_change,0.06378056
20_day_ma,0.063582726
Close,0.06335524
MACD,0.062339347
MACD_signal,0.0605814
10_day_ma,0.055019338
daily_return,0.05493222
5_day_ma,0.053837687
Open,0.05253789
BB_upper,0.050684243
volatility_10,0.045507457
Volume,0.041775886
