Feature,Importance
volume_change,0.06635503
Open,0.06548467
MACD,0.06547512
volatility_10,0.06513539
BB_upper,0.060208056
RSI_14,0.059812367
Volume,0.058179636
5_day_ma,0.057267185
20_day_std,0.057250872
MACD_signal,0.057205338
Low,0.05667701
High,0.05621492
BB_lower,0.05590919
10_day_ma,0.05582753
20_day_ma,0.055025518
Close,0.054237943
daily_return,0.053734228
