Feature,Importance
Close,0.06721791
BB_lower,0.06487447
MACD,0.064325854
volatility_10,0.06431454
Low,0.062245872
volume_change,0.06104593
MACD_signal,0.060824204
20_day_std,0.059084903
Open,0.05852462
daily_return,0.05852053
High,0.056602288
BB_upper,0.05609896
10_day_ma,0.05551583
Volume,0.055424012
5_day_ma,0.052284937
20_day_ma,0.052225154
RSI_14,0.050869893
