Feature,Importance
MACD_signal,0.06505026
MACD,0.06357169
20_day_std,0.06293278
BB_upper,0.06104857
BB_lower,0.060791146
Close,0.060132753
5_day_ma,0.058906734
Volume,0.058534242
20_day_ma,0.058060635
RSI_14,0.057710506
10_day_ma,0.05765423
volatility_10,0.057448607
High,0.05734625
Low,0.05716298
daily_return,0.055853613
volume_change,0.05487996
Open,0.052915085
