Feature,Importance
Open,0.06723049
20_day_ma,0.063707456
Volume,0.0632457
High,0.06320313
volatility_10,0.062686235
RSI_14,0.059252635
volume_change,0.058903582
MACD_signal,0.058862083
5_day_ma,0.058466
BB_upper,0.05702024
Low,0.056794174
BB_lower,0.056748893
10_day_ma,0.056707364
MACD,0.055367824
20_day_std,0.05450265
daily_return,0.054125443
Close,0.053176064
