Feature,Importance
Close,0.06967532
MACD_signal,0.06900023
High,0.06753772
10_day_ma,0.066533074
MACD,0.06546264
20_day_std,0.06372434
Low,0.06240334
5_day_ma,0.06204268
BB_lower,0.060447585
BB_upper,0.056621663
daily_return,0.05458766
Open,0.05324703
RSI_14,0.05248775
volatility_10,0.05074895
Volume,0.050252035
volume_change,0.049131323
20_day_ma,0.046096604
