Feature,Importance
10_day_ma,0.09534259
daily_return,0.06755041
BB_upper,0.066992186
BB_lower,0.06573062
MACD_signal,0.064907596
20_day_std,0.06214887
volatility_10,0.060623165
Volume,0.059299134
MACD,0.058695406
Close,0.055860367
volume_change,0.055138513
Low,0.053904295
5_day_ma,0.053532753
20_day_ma,0.051515438
RSI_14,0.04544734
Open,0.042607166
High,0.04070412
