Feature,Importance
High,0.07642995
BB_upper,0.07101083
Close,0.070700645
RSI_14,0.061892454
5_day_ma,0.061416972
20_day_ma,0.061014753
volatility_10,0.059998065
BB_lower,0.05893919
MACD,0.0580526
MACD_signal,0.054455288
daily_return,0.05379248
volume_change,0.053234875
20_day_std,0.052790888
Low,0.051978864
Open,0.051616903
Volume,0.051584024
10_day_ma,0.05109122
