Feature,Importance
10_day_ma,0.06630682
Low,0.066016465
RSI_14,0.06575178
volume_change,0.06379901
20_day_ma,0.062410932
5_day_ma,0.06207137
20_day_std,0.060477827
MACD_signal,0.060204923
High,0.057984777
BB_lower,0.05775094
MACD,0.057277683
daily_return,0.056162048
Volume,0.05505599
Close,0.054292046
Open,0.05310585
volatility_10,0.051095814
BB_upper,0.050235752
