Feature,Importance
Low,0.08140684
High,0.06777356
20_day_std,0.06701614
volume_change,0.064815946
BB_lower,0.062492795
5_day_ma,0.062276818
20_day_ma,0.06078153
Volume,0.058790103
RSI_14,0.058788344
daily_return,0.058286976
BB_upper,0.05729428
10_day_ma,0.05515878
MACD,0.0547683
volatility_10,0.05354292
MACD_signal,0.04834215
Open,0.04461397
Close,0.04385061
