Feature,Importance
MACD_signal,0.06610181
BB_lower,0.06499684
Open,0.064123906
MACD,0.06345813
Close,0.062432695
BB_upper,0.06231301
10_day_ma,0.060303025
volume_change,0.0599763
20_day_std,0.059695497
Low,0.059310302
RSI_14,0.057703253
High,0.054390624
daily_return,0.05358163
5_day_ma,0.053491034
volatility_10,0.05327323
20_day_ma,0.05278207
Volume,0.05206666
