Feature,Importance
20_day_std,0.07547022
RSI_14,0.07337792
10_day_ma,0.06378641
BB_upper,0.06362601
High,0.062035702
volume_change,0.061490305
MACD_signal,0.059611756
daily_return,0.059488025
volatility_10,0.059239432
Low,0.058888055
Close,0.05811327
Open,0.056166694
BB_lower,0.05304496
Volume,0.052703492
MACD,0.052110862
5_day_ma,0.045584653
20_day_ma,0.04526223
