Feature,Importance
MACD,0.07515819
Low,0.0684691
volume_change,0.06547178
20_day_std,0.064486265
BB_upper,0.064177826
BB_lower,0.06108522
volatility_10,0.059296213
High,0.059293542
10_day_ma,0.05877969
20_day_ma,0.058202695
Close,0.058022104
RSI_14,0.05413522
Open,0.05308149
daily_return,0.052727215
Volume,0.052374896
MACD_signal,0.04796664
5_day_ma,0.047271885
