Feature,Importance
BB_upper,0.06934308
Low,0.06527882
MACD_signal,0.06263332
Open,0.06258801
20_day_std,0.06200072
daily_return,0.06012954
Volume,0.058726825
High,0.058211036
volume_change,0.058033086
10_day_ma,0.057087887
20_day_ma,0.05652013
MACD,0.05651033
volatility_10,0.05642105
Close,0.056188352
5_day_ma,0.0543205
BB_lower,0.053368486
RSI_14,0.052638873
