Feature,Importance
Open,0.09166792
Low,0.0755382
RSI_14,0.072613835
MACD,0.07058105
BB_upper,0.069162264
Close,0.06906863
High,0.06904863
volume_change,0.06401006
daily_return,0.057893287
BB_lower,0.056639038
20_day_std,0.05607469
volatility_10,0.04865735
MACD_signal,0.046301916
10_day_ma,0.04548503
20_day_ma,0.03981949
Volume,0.036361583
5_day_ma,0.031077014
