Feature,Importance
20_day_ma,0.08818443
RSI_14,0.07199225
volume_change,0.063155845
MACD_signal,0.061346125
Low,0.060498193
MACD,0.059566874
20_day_std,0.059316278
volatility_10,0.057498112
Open,0.05728069
BB_lower,0.056099154
10_day_ma,0.056031764
5_day_ma,0.054069307
Close,0.053871926
High,0.053525824
Volume,0.04950455
BB_upper,0.04919137
daily_return,0.048867323
