Feature,Importance
BB_upper,0.07779259
MACD_signal,0.07092663
20_day_ma,0.06471578
Close,0.06355694
BB_lower,0.06302668
volume_change,0.062708266
MACD,0.06225538
Low,0.061763603
High,0.058833838
daily_return,0.05806634
20_day_std,0.05603623
10_day_ma,0.05539939
Open,0.052884966
volatility_10,0.05263448
RSI_14,0.050369464
Volume,0.045362424
5_day_ma,0.043666974
