Feature,Importance
volatility_10,0.087959655
MACD_signal,0.069274135
5_day_ma,0.06640182
Close,0.06606073
MACD,0.064870544
High,0.06354482
daily_return,0.062134948
Open,0.05808966
Low,0.057887692
Volume,0.05714809
10_day_ma,0.056178134
BB_lower,0.055638485
BB_upper,0.053401332
20_day_ma,0.046808694
20_day_std,0.04612937
volume_change,0.044385377
RSI_14,0.04408655
