Feature,Importance
Low,0.06714718
5_day_ma,0.065983064
20_day_std,0.065457985
daily_return,0.06275145
RSI_14,0.06274709
Volume,0.061090916
BB_upper,0.060973402
BB_lower,0.059819896
volume_change,0.059691556
20_day_ma,0.058274016
MACD,0.05792976
10_day_ma,0.057922445
Open,0.057500888
MACD_signal,0.056634728
volatility_10,0.055160634
High,0.049026188
Close,0.041888844
