Feature,Importance
Close,0.07394666
volatility_10,0.06815883
Open,0.06485013
Volume,0.06463292
daily_return,0.06283542
BB_upper,0.061109833
RSI_14,0.060396753
5_day_ma,0.059552543
MACD,0.05944681
Low,0.057953797
MACD_signal,0.054576185
High,0.053667396
BB_lower,0.05293759
20_day_ma,0.052105047
10_day_ma,0.05154623
volume_change,0.05117294
20_day_std,0.051110957
