Feature,Importance
MACD,0.07584944
volatility_10,0.069786705
volume_change,0.064250186
5_day_ma,0.06332148
MACD_signal,0.06266559
RSI_14,0.061168596
High,0.060436092
20_day_std,0.0591464
10_day_ma,0.05852195
Volume,0.05764859
Open,0.056935914
BB_upper,0.05550074
daily_return,0.054608054
Close,0.054348126
BB_lower,0.05050234
20_day_ma,0.04924993
Low,0.046059847
