Feature,Importance
20_day_ma,0.06921138
BB_upper,0.0672561
Open,0.066152185
Low,0.06476336
MACD,0.06453061
Close,0.06116157
10_day_ma,0.060266722
volatility_10,0.06022508
RSI_14,0.059648238
20_day_std,0.058790527
MACD_signal,0.05848732
BB_lower,0.057763066
High,0.055474043
Volume,0.050314907
daily_return,0.04992387
volume_change,0.049454905
5_day_ma,0.04657614
