Feature,Importance
5_day_ma,0.07505321
20_day_ma,0.07498152
High,0.06909019
BB_lower,0.06665365
RSI_14,0.0619173
BB_upper,0.06125228
20_day_std,0.060353555
10_day_ma,0.059767824
MACD,0.059189834
volume_change,0.05576267
Low,0.054443195
volatility_10,0.052244294
daily_return,0.051884867
Volume,0.051685154
MACD_signal,0.051445916
Open,0.049132068
Close,0.045142457
