Feature,Importance
RSI_14,0.08639913
5_day_ma,0.075310454
20_day_std,0.07372627
Low,0.07343248
Close,0.06741838
10_day_ma,0.06647675
High,0.061822206
volume_change,0.059096143
BB_lower,0.058960937
daily_return,0.05864291
MACD_signal,0.057069123
volatility_10,0.056704517
20_day_ma,0.056000747
BB_upper,0.042160843
MACD,0.040368766
Open,0.034184285
Volume,0.03222609
