Feature,Importance
volatility_10,0.07695433
5_day_ma,0.073564224
Low,0.0717895
Close,0.0709962
MACD,0.066453725
20_day_ma,0.06198967
Open,0.06075162
10_day_ma,0.06015699
BB_lower,0.057776827
volume_change,0.057472236
RSI_14,0.056501966
High,0.054526992
20_day_std,0.05249103
daily_return,0.05070862
BB_upper,0.050572444
Volume,0.043357294
MACD_signal,0.033936385
