Feature,Importance
Low,0.07097843
MACD_signal,0.0646275
High,0.06386434
MACD,0.06262709
5_day_ma,0.06132551
volume_change,0.061109927
BB_lower,0.060454704
RSI_14,0.060048133
BB_upper,0.05898713
20_day_ma,0.05711333
Close,0.056433782
Open,0.054964617
volatility_10,0.05416167
Volume,0.05407745
20_day_std,0.05398124
10_day_ma,0.053519968
daily_return,0.051725123
