Feature,Importance
Close,0.0687768
High,0.06609571
10_day_ma,0.065949276
Low,0.063277476
BB_lower,0.063030735
Open,0.061848927
MACD,0.061648656
daily_return,0.060387783
MACD_signal,0.05959656
5_day_ma,0.059193466
Volume,0.057545863
volume_change,0.055591956
BB_upper,0.054671105
RSI_14,0.0543535
20_day_ma,0.05378187
volatility_10,0.0488209
20_day_std,0.045429334
