Feature,Importance
Low,0.07401315
Close,0.071973525
10_day_ma,0.06945093
volatility_10,0.066625796
High,0.06264057
Volume,0.05977832
20_day_std,0.058621865
RSI_14,0.05834583
volume_change,0.057875376
daily_return,0.057579856
BB_upper,0.0571593
5_day_ma,0.056779206
BB_lower,0.054700807
MACD_signal,0.054357104
MACD,0.052907873
20_day_ma,0.04712579
Open,0.040064752
