Feature,Importance
5_day_ma,0.06469122
MACD_signal,0.0634704
BB_upper,0.06275627
Open,0.060517862
20_day_std,0.060311023
10_day_ma,0.06021675
BB_lower,0.05996015
High,0.059614167
volatility_10,0.05882933
Close,0.058801312
Low,0.058776304
20_day_ma,0.057978157
daily_return,0.057265967
Volume,0.056566626
volume_change,0.055993132
RSI_14,0.05384484
MACD,0.050406538
