Feature,Importance
High,0.07308377
Open,0.069150925
Close,0.06700905
MACD,0.066666774
RSI_14,0.06601762
Volume,0.06536707
MACD_signal,0.06268623
Low,0.06135829
daily_return,0.05988205
20_day_ma,0.05864757
20_day_std,0.052953646
BB_lower,0.052629676
BB_upper,0.051634975
volume_change,0.051549327
volatility_10,0.048660323
5_day_ma,0.046603847
10_day_ma,0.046098795
