Feature,Importance
5_day_ma,0.09176146
10_day_ma,0.07732286
MACD_signal,0.06958731
Volume,0.0656916
20_day_std,0.06485861
MACD,0.06448914
volatility_10,0.059988108
BB_upper,0.059632264
20_day_ma,0.058530904
Close,0.055351015
Low,0.0531493
daily_return,0.052828275
Open,0.050370675
volume_change,0.0481738
BB_lower,0.045770217
High,0.044514053
RSI_14,0.037980434
