Feature,Importance
Open,0.0730066
10_day_ma,0.06483274
volatility_10,0.063307986
20_day_ma,0.062632866
Volume,0.061598342
5_day_ma,0.060548503
Low,0.06043235
BB_upper,0.060344268
20_day_std,0.057484593
MACD_signal,0.05682429
MACD,0.055963453
High,0.055496562
volume_change,0.05507561
daily_return,0.05446584
RSI_14,0.054084048
Close,0.05340625
BB_lower,0.05049573
