Feature,Importance
20_day_ma,0.06699696
BB_upper,0.065635234
RSI_14,0.06448517
Low,0.06332495
20_day_std,0.063068256
MACD,0.062004294
10_day_ma,0.061075184
volume_change,0.060727194
BB_lower,0.058965545
MACD_signal,0.057927333
High,0.0574903
Volume,0.054678313
5_day_ma,0.053886496
volatility_10,0.053885352
daily_return,0.05327008
Close,0.05323896
Open,0.04934043
