Feature,Importance
volatility_10,0.07078157
BB_lower,0.06898225
Open,0.06653733
BB_upper,0.06546451
20_day_ma,0.06543242
20_day_std,0.06345415
Volume,0.0625044
10_day_ma,0.062103722
MACD_signal,0.05954271
RSI_14,0.058419045
MACD,0.05736146
volume_change,0.055563923
5_day_ma,0.051669955
daily_return,0.050933465
High,0.048886593
Close,0.048750333
Low,0.043612204
