Feature,Importance
Open,0.07674236
volatility_10,0.07168612
Close,0.065373346
RSI_14,0.06509416
Volume,0.0645787
20_day_ma,0.06434627
Low,0.063181594
BB_upper,0.060901526
daily_return,0.060367584
BB_lower,0.059046563
20_day_std,0.05848029
volume_change,0.05642475
10_day_ma,0.055284705
MACD_signal,0.052445527
MACD,0.043872606
5_day_ma,0.043157965
High,0.039015874
