Feature,Importance
Close,0.08255321
BB_upper,0.0821735
Low,0.07531456
20_day_ma,0.06920362
High,0.06575746
BB_lower,0.05946391
RSI_14,0.056557484
5_day_ma,0.05527609
20_day_std,0.053718768
daily_return,0.05305226
volume_change,0.052592106
MACD,0.05214407
Open,0.05083552
MACD_signal,0.050646976
volatility_10,0.049583364
Volume,0.04850337
10_day_ma,0.04262373
