Feature,Importance
High,0.0702424
10_day_ma,0.068588175
MACD_signal,0.06374037
Close,0.061876882
volatility_10,0.060545154
Low,0.060299706
MACD,0.05968836
BB_lower,0.05885165
daily_return,0.05877127
20_day_std,0.05808585
5_day_ma,0.055905987
Volume,0.05538046
BB_upper,0.055271048
RSI_14,0.054901987
20_day_ma,0.054509796
Open,0.05250692
volume_change,0.050833974
