Feature,Importance
BB_upper,0.06678982
volatility_10,0.066742085
10_day_ma,0.06387693
Open,0.06072799
MACD_signal,0.05993612
RSI_14,0.059641026
20_day_std,0.0592073
5_day_ma,0.059110004
High,0.05840992
Low,0.0583106
daily_return,0.05783686
BB_lower,0.057159428
MACD,0.056515057
20_day_ma,0.056059014
Close,0.055661205
Volume,0.052136775
volume_change,0.051879775
