Feature,Importance
BB_lower,0.07783513
RSI_14,0.071567915
20_day_ma,0.06754339
Low,0.06681235
volume_change,0.06656146
Close,0.06461268
MACD,0.062932715
5_day_ma,0.05986255
MACD_signal,0.058298178
Volume,0.05801739
High,0.057142366
daily_return,0.05317434
volatility_10,0.05188071
20_day_std,0.049733527
10_day_ma,0.046625357
BB_upper,0.04628921
Open,0.04111074
