Feature,Importance
BB_upper,0.08189312
10_day_ma,0.08098355
Low,0.07459125
BB_lower,0.07437806
Close,0.06724945
5_day_ma,0.059767894
Open,0.059520938
RSI_14,0.055686284
volatility_10,0.053885262
volume_change,0.053770643
Volume,0.053730734
20_day_std,0.05249429
High,0.050582007
20_day_ma,0.04900551
MACD,0.04668306
daily_return,0.045508876
MACD_signal,0.0402691
