Feature,Importance
Low,0.07916971
MACD,0.07148035
BB_lower,0.070362985
10_day_ma,0.06819042
Open,0.066586785
20_day_ma,0.06602754
daily_return,0.059304133
Close,0.05741205
RSI_14,0.057262443
volatility_10,0.056711074
5_day_ma,0.05482917
Volume,0.054731537
MACD_signal,0.05215445
BB_upper,0.05118319
High,0.050618026
volume_change,0.042101335
20_day_std,0.0418748
