Feature,Importance
10_day_ma,0.06749793
daily_return,0.06590029
Volume,0.06441748
5_day_ma,0.062792264
RSI_14,0.06207351
20_day_std,0.061546598
MACD,0.06117413
Close,0.060707737
Low,0.060062166
BB_upper,0.0577279
volume_change,0.05731173
MACD_signal,0.056800682
volatility_10,0.055497732
High,0.05499939
20_day_ma,0.054340065
BB_lower,0.049188055
Open,0.047962353
