Feature,Importance
BB_upper,0.06915266
MACD,0.067384504
volume_change,0.06529557
10_day_ma,0.06511017
BB_lower,0.064182244
Low,0.06236244
5_day_ma,0.062021185
Open,0.059048522
Close,0.058082532
RSI_14,0.05646355
daily_return,0.05609227
volatility_10,0.055832613
Volume,0.055776615
20_day_std,0.05424046
20_day_ma,0.05055038
High,0.04938487
MACD_signal,0.049019538
