Feature,Importance
Low,0.075113736
MACD,0.06664563
20_day_std,0.06593611
Volume,0.06296352
Open,0.06274749
10_day_ma,0.062249836
BB_lower,0.061713915
volatility_10,0.060798466
MACD_signal,0.05725888
5_day_ma,0.056197964
BB_upper,0.056071673
Close,0.054498594
20_day_ma,0.05408479
High,0.054070335
volume_change,0.05210199
daily_return,0.05045297
RSI_14,0.047094133
