Feature,Importance
10_day_ma,0.08020074
20_day_ma,0.071754865
Low,0.068712
High,0.06687751
BB_lower,0.06291143
MACD,0.0614855
volatility_10,0.057509944
BB_upper,0.056778148
daily_return,0.055939678
Close,0.055909496
RSI_14,0.05530646
5_day_ma,0.055245776
MACD_signal,0.052859418
Volume,0.051844418
Open,0.05180101
volume_change,0.049850293
20_day_std,0.04501322
