Feature,Importance
Close,0.072009236
BB_upper,0.06543447
RSI_14,0.062151365
Open,0.061526354
MACD,0.060597163
Low,0.060464554
20_day_ma,0.05952985
daily_return,0.058443613
BB_lower,0.05836991
volatility_10,0.057052087
MACD_signal,0.05616101
Volume,0.055763587
5_day_ma,0.05563638
High,0.05539677
20_day_std,0.055010553
10_day_ma,0.053228468
volume_change,0.05322463
