Feature,Importance
Close,0.07556158
Low,0.07160711
MACD_signal,0.06971938
High,0.06568073
volume_change,0.06334265
MACD,0.062055055
20_day_ma,0.061637804
daily_return,0.061423615
BB_upper,0.06081476
20_day_std,0.05807361
volatility_10,0.055563264
10_day_ma,0.052081395
RSI_14,0.05184769
5_day_ma,0.051514026
BB_lower,0.050242465
Volume,0.04764968
Open,0.041185156
