Feature,Importance
BB_upper,0.07671816
MACD_signal,0.0736376
High,0.07205687
Low,0.06946191
MACD,0.06587673
20_day_ma,0.06161052
volume_change,0.06153172
Close,0.056529988
20_day_std,0.056416757
5_day_ma,0.055548612
BB_lower,0.05337907
Open,0.053348146
RSI_14,0.05277418
daily_return,0.051060364
Volume,0.050833117
volatility_10,0.046557143
10_day_ma,0.042659163
