Feature,Importance
volatility_10,0.06799751
Open,0.06527651
Volume,0.06425079
High,0.0624279
BB_upper,0.06214883
20_day_ma,0.06151682
5_day_ma,0.061510216
MACD_signal,0.061155293
Low,0.06081641
daily_return,0.060609333
volume_change,0.057536036
MACD,0.054996047
20_day_std,0.054577615
10_day_ma,0.053555068
BB_lower,0.05178599
Close,0.051142205
RSI_14,0.048697416
