Feature,Importance
5_day_ma,0.07235112
volatility_10,0.07081064
20_day_ma,0.06645204
Open,0.063556075
BB_lower,0.060449626
daily_return,0.06022296
BB_upper,0.05916984
RSI_14,0.05894585
MACD,0.058612294
volume_change,0.05845536
MACD_signal,0.05833363
Low,0.05734678
20_day_std,0.057084467
Volume,0.056242414
High,0.050434776
Close,0.048182335
10_day_ma,0.04334976
