Feature,Importance
10_day_ma,0.071696885
BB_lower,0.06844077
MACD,0.06638885
daily_return,0.066023044
Low,0.064180546
5_day_ma,0.06333437
Open,0.06326292
Volume,0.06142102
RSI_14,0.05934882
Close,0.057967555
volume_change,0.057821207
volatility_10,0.056937847
High,0.056060355
BB_upper,0.051468175
20_day_std,0.04837567
MACD_signal,0.047230676
20_day_ma,0.040041246
