Feature,Importance
10_day_ma,0.073203355
Open,0.06629244
High,0.06400145
20_day_ma,0.06180922
MACD_signal,0.061653648
daily_return,0.061090708
BB_lower,0.060063235
volatility_10,0.058863517
MACD,0.058853794
20_day_std,0.058189612
Volume,0.057529498
Close,0.056271445
Low,0.05419435
5_day_ma,0.054154407
RSI_14,0.053847946
volume_change,0.050327294
BB_upper,0.04965407
