Feature,Importance
10_day_ma,0.0997094
Close,0.069516115
Open,0.06384616
MACD_signal,0.06256153
RSI_14,0.060091972
BB_lower,0.05931926
daily_return,0.058075972
20_day_std,0.057515368
5_day_ma,0.05708878
MACD,0.05705181
volatility_10,0.05416449
BB_upper,0.053769138
High,0.05306886
Volume,0.052515585
volume_change,0.0504922
20_day_ma,0.046798304
Low,0.044415034
