Feature,Importance
BB_lower,0.06521876
RSI_14,0.064235546
volume_change,0.06417583
Low,0.06355831
Open,0.06355043
20_day_ma,0.06189532
20_day_std,0.06065547
Close,0.060248494
High,0.059373785
MACD,0.058038615
10_day_ma,0.05709767
MACD_signal,0.056935634
daily_return,0.055515043
5_day_ma,0.053800356
volatility_10,0.053498253
Volume,0.053480502
BB_upper,0.048721988
