Feature,Importance
High,0.071515776
10_day_ma,0.07137566
RSI_14,0.06920175
Low,0.06605464
daily_return,0.065772936
volatility_10,0.063067645
volume_change,0.060821973
20_day_std,0.060455233
MACD,0.060442306
20_day_ma,0.05917276
Volume,0.0554008
BB_upper,0.05300795
BB_lower,0.052256968
Open,0.05147526
MACD_signal,0.049889732
Close,0.0469772
5_day_ma,0.043111455
