Feature,Importance
volatility_10,0.083911665
Open,0.07802186
MACD,0.070123054
MACD_signal,0.06891742
RSI_14,0.068720385
Volume,0.06681185
20_day_std,0.063558124
Low,0.057188008
volume_change,0.05674128
High,0.05617384
BB_upper,0.054617655
20_day_ma,0.05335448
BB_lower,0.052905336
5_day_ma,0.049302228
daily_return,0.04770629
Close,0.043102752
10_day_ma,0.028843798
