Feature,Importance
High,0.069079965
Volume,0.0687574
Open,0.068060644
MACD,0.066321306
Close,0.06384424
MACD_signal,0.063284636
20_day_std,0.062844306
5_day_ma,0.06040676
volatility_10,0.060084246
volume_change,0.05583623
20_day_ma,0.05573767
RSI_14,0.055379182
10_day_ma,0.0540165
BB_upper,0.05288031
daily_return,0.050208997
BB_lower,0.048524342
Low,0.044733223
