Feature,Importance
10_day_ma,0.07132931
Low,0.067691915
5_day_ma,0.065903574
daily_return,0.06453625
Open,0.062439967
High,0.06173175
20_day_std,0.06122894
RSI_14,0.059382606
BB_upper,0.058924668
MACD,0.057793587
BB_lower,0.05762339
Volume,0.057379074
volatility_10,0.056302074
volume_change,0.05507587
MACD_signal,0.048733167
20_day_ma,0.047906686
Close,0.046017125
