Feature,Importance
10_day_ma,0.07334378
BB_upper,0.06520101
Volume,0.0625402
20_day_ma,0.062396113
MACD,0.059934504
Open,0.059830733
Low,0.059830617
BB_lower,0.059608616
Close,0.058756255
daily_return,0.05797873
volume_change,0.057729203
volatility_10,0.057289217
20_day_std,0.057199106
5_day_ma,0.05476321
RSI_14,0.053334974
High,0.052803148
MACD_signal,0.04746061
