Feature,Importance
5_day_ma,0.06913966
BB_upper,0.065316275
MACD,0.06490656
Low,0.062773526
10_day_ma,0.06140406
RSI_14,0.060847938
20_day_std,0.059421174
MACD_signal,0.05848478
Open,0.05801645
daily_return,0.05751959
Volume,0.057174727
BB_lower,0.05615278
volume_change,0.056122374
20_day_ma,0.054599173
Close,0.054072134
volatility_10,0.05229873
High,0.051750004
