Feature,Importance
BB_upper,0.0795145
10_day_ma,0.07329852
volatility_10,0.06561744
High,0.06504331
Close,0.06355485
Volume,0.06282455
MACD,0.060646407
volume_change,0.0589731
Open,0.058851976
daily_return,0.05804461
20_day_ma,0.056837194
Low,0.055946272
MACD_signal,0.053936947
5_day_ma,0.048231397
BB_lower,0.046637967
RSI_14,0.046427626
20_day_std,0.04561329
