Feature,Importance
20_day_std,0.067948945
BB_upper,0.06688095
volume_change,0.066832855
Close,0.06539003
RSI_14,0.06433237
daily_return,0.06260329
MACD_signal,0.06174705
5_day_ma,0.060316656
Open,0.058700737
BB_lower,0.05802464
MACD,0.05711989
volatility_10,0.056359127
20_day_ma,0.05431708
High,0.05276874
Low,0.052664347
Volume,0.05024907
10_day_ma,0.04374427
