Feature,Importance
BB_upper,0.073073454
High,0.06700626
volatility_10,0.063091025
20_day_ma,0.062928505
BB_lower,0.06291748
Open,0.061252017
daily_return,0.060370624
10_day_ma,0.059276182
Low,0.05821243
MACD_signal,0.057441365
volume_change,0.057156518
Close,0.056961026
RSI_14,0.05622344
20_day_std,0.055920202
MACD,0.05460893
Volume,0.049707286
5_day_ma,0.04385325
