Feature,Importance
20_day_ma,0.07545315
High,0.071745954
BB_lower,0.07056737
Volume,0.06843512
Low,0.06829818
5_day_ma,0.06456342
Open,0.06116607
volume_change,0.05475063
MACD,0.054690737
MACD_signal,0.053815655
volatility_10,0.053739913
BB_upper,0.053486325
20_day_std,0.052304294
RSI_14,0.050456095
Close,0.050375424
10_day_ma,0.0501174
daily_return,0.04603425
