Feature,Importance
High,0.07876223
Close,0.0770917
Low,0.073102966
MACD_signal,0.07010087
BB_upper,0.06797622
RSI_14,0.060045917
5_day_ma,0.056466006
Volume,0.05584974
MACD,0.055278897
10_day_ma,0.054104332
BB_lower,0.0535575
Open,0.052395754
20_day_std,0.05169208
volatility_10,0.049606424
volume_change,0.049581345
20_day_ma,0.04819878
daily_return,0.046189245
