Feature,Importance
10_day_ma,0.0727994
volatility_10,0.06945758
BB_lower,0.06937515
RSI_14,0.067464516
5_day_ma,0.06740215
Close,0.06507961
BB_upper,0.06252524
20_day_std,0.06013522
MACD_signal,0.05621887
Open,0.054822344
volume_change,0.0548116
20_day_ma,0.05401779
Volume,0.05210053
daily_return,0.051532686
MACD,0.049124192
High,0.04808847
Low,0.045044597
