Feature,Importance
Low,0.104435846
High,0.07178849
5_day_ma,0.068723634
BB_lower,0.065426074
volume_change,0.06354678
Volume,0.0574287
MACD,0.057241123
volatility_10,0.056898236
20_day_ma,0.055123944
Close,0.054947376
20_day_std,0.052752472
BB_upper,0.05148171
Open,0.05099564
daily_return,0.05017252
RSI_14,0.049146462
10_day_ma,0.048450302
MACD_signal,0.041440696
