Feature,Importance
Low,0.072403006
Open,0.06795765
BB_upper,0.06694461
MACD_signal,0.06527965
volume_change,0.06413669
daily_return,0.06248661
Close,0.06232545
MACD,0.061770573
BB_lower,0.06086824
High,0.06074175
20_day_ma,0.05993323
RSI_14,0.054965775
5_day_ma,0.053484518
10_day_ma,0.047365304
Volume,0.04716074
volatility_10,0.04633131
20_day_std,0.045844883
