Feature,Importance
Low,0.06753288
5_day_ma,0.065466315
10_day_ma,0.063037574
RSI_14,0.061988782
Open,0.06161539
BB_lower,0.06090623
20_day_std,0.060003117
BB_upper,0.059970815
High,0.058767308
20_day_ma,0.058278367
volume_change,0.057520617
MACD,0.057372984
MACD_signal,0.056569528
volatility_10,0.05318053
Close,0.052792273
Volume,0.0527553
daily_return,0.05224204
