Feature,Importance
10_day_ma,0.06690629
Open,0.066668175
Low,0.06389435
Volume,0.0626379
5_day_ma,0.062263943
volume_change,0.060644023
20_day_ma,0.059554737
MACD_signal,0.059335526
BB_upper,0.058993388
volatility_10,0.058622286
20_day_std,0.058054056
daily_return,0.055708908
BB_lower,0.055630032
RSI_14,0.05511989
MACD,0.05484438
High,0.051444244
Close,0.04967784
