Feature,Importance
10_day_ma,0.07155949
volume_change,0.06925871
BB_upper,0.068457544
Open,0.06845611
Low,0.065374546
High,0.059924714
MACD,0.059414733
Volume,0.05856009
daily_return,0.05805563
5_day_ma,0.057547115
20_day_ma,0.054758273
volatility_10,0.052519266
RSI_14,0.052145235
MACD_signal,0.05185313
Close,0.051480778
20_day_std,0.050335135
BB_lower,0.05029948
