Feature,Importance
High,0.07490375
10_day_ma,0.07312181
Open,0.06861941
volatility_10,0.063647844
volume_change,0.062319536
Low,0.060191233
20_day_ma,0.060034923
Close,0.05892378
Volume,0.057081264
daily_return,0.056788184
MACD_signal,0.056590386
5_day_ma,0.054073516
BB_lower,0.053769264
MACD,0.052991062
20_day_std,0.050231993
RSI_14,0.0485069
BB_upper,0.0482052
