Feature,Importance
5_day_ma,0.08028918
Close,0.07688858
10_day_ma,0.07555862
Low,0.07302635
Volume,0.06828672
volume_change,0.066806294
volatility_10,0.06379318
BB_lower,0.05636529
20_day_std,0.055192947
MACD,0.051670697
20_day_ma,0.051024444
BB_upper,0.048432905
Open,0.04732852
MACD_signal,0.04720172
daily_return,0.046814453
RSI_14,0.045780197
High,0.045539916
