Feature,Importance
BB_lower,0.07415825
20_day_ma,0.07192444
Open,0.07151813
RSI_14,0.068994634
daily_return,0.06262674
BB_upper,0.06066041
20_day_std,0.060213838
volatility_10,0.05905827
High,0.058890793
MACD,0.058364592
5_day_ma,0.057425942
Volume,0.054439
volume_change,0.05399334
10_day_ma,0.052502193
Close,0.049317256
MACD_signal,0.045756344
Low,0.04015578
