Feature,Importance
High,0.07398844
Open,0.06923608
10_day_ma,0.06602404
volume_change,0.06552748
Low,0.061263014
volatility_10,0.05922338
MACD_signal,0.058210928
BB_upper,0.05806628
daily_return,0.05794788
Close,0.05647993
MACD,0.05579904
RSI_14,0.055610914
Volume,0.053939737
BB_lower,0.053919926
20_day_ma,0.053436834
5_day_ma,0.052511998
20_day_std,0.048814125
