Feature,Importance
BB_upper,0.080215
MACD_signal,0.06763975
Low,0.066643745
High,0.060868103
volatility_10,0.060632385
5_day_ma,0.058866154
RSI_14,0.05687319
MACD,0.056818515
10_day_ma,0.056616884
volume_change,0.05633307
20_day_std,0.056235876
BB_lower,0.05620572
Volume,0.05565773
Close,0.05562362
daily_return,0.055109784
Open,0.051405564
20_day_ma,0.04825484
