Feature,Importance
volatility_10,0.0810434
MACD_signal,0.07004339
MACD,0.06793806
5_day_ma,0.06547023
RSI_14,0.06277973
High,0.0611672
BB_lower,0.06089154
daily_return,0.058223214
volume_change,0.057966005
Open,0.057708364
Close,0.057385843
Volume,0.055889584
Low,0.05234893
10_day_ma,0.051716845
20_day_std,0.050057847
BB_upper,0.046858612
20_day_ma,0.042511128
