Feature,Importance
BB_upper,0.08406573
daily_return,0.06407933
Volume,0.062446453
10_day_ma,0.061552245
Low,0.06048565
Open,0.059830904
BB_lower,0.05977518
5_day_ma,0.05883216
MACD,0.05850384
Close,0.05755612
RSI_14,0.055566274
volume_change,0.055164836
High,0.05483826
20_day_std,0.05411141
20_day_ma,0.05161186
volatility_10,0.05114642
MACD_signal,0.050433256
