Feature,Importance
BB_upper,0.07113205
5_day_ma,0.07074029
Low,0.06868907
Close,0.06848133
MACD_signal,0.06759295
RSI_14,0.06541914
MACD,0.06373597
High,0.060076606
Open,0.0581709
10_day_ma,0.057055198
20_day_std,0.056568086
volume_change,0.055061497
20_day_ma,0.054084152
volatility_10,0.050641518
daily_return,0.046951104
Volume,0.043823116
BB_lower,0.04177701
