Feature,Importance
BB_upper,0.07026608
20_day_ma,0.06908117
volatility_10,0.06622838
Volume,0.06512538
volume_change,0.062010977
BB_lower,0.060975384
MACD,0.05937362
5_day_ma,0.059271466
Open,0.058649726
High,0.057681758
MACD_signal,0.055431273
Close,0.054125763
Low,0.052732497
10_day_ma,0.052568134
daily_return,0.052200872
RSI_14,0.052194383
20_day_std,0.052083097
