Feature,Importance
20_day_ma,0.0694002
BB_upper,0.06741961
MACD_signal,0.06741084
10_day_ma,0.06702037
MACD,0.06457527
High,0.06431352
BB_lower,0.061703518
Low,0.06085117
volatility_10,0.059573065
RSI_14,0.056324013
volume_change,0.055661693
daily_return,0.055478282
Close,0.054176886
Open,0.05231501
20_day_std,0.0505962
Volume,0.05023622
5_day_ma,0.042944122
