Feature,Importance
BB_lower,0.06608595
5_day_ma,0.065186016
BB_upper,0.062185
10_day_ma,0.061661135
Close,0.061283834
volume_change,0.061090928
Open,0.060565904
20_day_std,0.060411394
MACD,0.060301185
Low,0.058960933
20_day_ma,0.058490988
High,0.05714337
daily_return,0.05680633
volatility_10,0.05325667
RSI_14,0.052533448
MACD_signal,0.052507363
Volume,0.051529538
