Feature,Importance
Close,0.07014347
10_day_ma,0.06894563
20_day_std,0.06794468
Low,0.06630074
BB_lower,0.063860424
volume_change,0.06303214
20_day_ma,0.059738863
5_day_ma,0.058820266
High,0.058531523
MACD,0.057890326
BB_upper,0.056512654
MACD_signal,0.056167055
volatility_10,0.05428497
RSI_14,0.053756762
daily_return,0.053299163
Volume,0.048453324
Open,0.04231803
