Feature,Importance
MACD,0.0707238
Close,0.06384619
High,0.06336742
5_day_ma,0.063260905
20_day_std,0.06229903
Volume,0.060779233
20_day_ma,0.06077212
Open,0.06038625
10_day_ma,0.058682844
RSI_14,0.057938974
daily_return,0.05729142
BB_lower,0.05680539
BB_upper,0.055083875
volatility_10,0.052919526
MACD_signal,0.05239741
volume_change,0.051745493
Low,0.051700186
