Feature,Importance
Low,0.077404045
BB_upper,0.071948245
5_day_ma,0.07010525
High,0.0691412
volatility_10,0.06452576
MACD,0.06215272
Volume,0.058930486
20_day_ma,0.05882606
10_day_ma,0.058438927
20_day_std,0.056225467
volume_change,0.055976827
Open,0.055027798
daily_return,0.051992856
Close,0.050315198
MACD_signal,0.04869944
BB_lower,0.04780306
RSI_14,0.042486575
