Feature,Importance
Low,0.08635556
BB_lower,0.067883626
10_day_ma,0.06708669
20_day_std,0.06227993
High,0.062060248
RSI_14,0.061427403
BB_upper,0.06085027
5_day_ma,0.060567904
MACD_signal,0.060473572
daily_return,0.05977883
Volume,0.055634882
Close,0.054973412
Open,0.05026572
volatility_10,0.049378913
volume_change,0.048967008
MACD,0.04783078
20_day_ma,0.044185244
