Feature,Importance
BB_upper,0.07316886
5_day_ma,0.068155035
Low,0.0651004
MACD,0.0635179
Close,0.06326049
MACD_signal,0.06294569
10_day_ma,0.06258415
volume_change,0.060482185
RSI_14,0.059781965
High,0.05707977
Open,0.057029724
20_day_std,0.05665388
volatility_10,0.053794377
BB_lower,0.052562676
daily_return,0.04980466
20_day_ma,0.04725406
Volume,0.04682422
