Feature,Importance
20_day_ma,0.066082835
MACD_signal,0.06523523
BB_lower,0.06403847
20_day_std,0.0638843
10_day_ma,0.06310412
BB_upper,0.060919024
MACD,0.060866076
5_day_ma,0.0599784
volatility_10,0.059757844
High,0.05871078
Open,0.057959877
Volume,0.056207053
volume_change,0.054671377
Close,0.054368347
RSI_14,0.053033516
daily_return,0.051418945
Low,0.049763765
