Feature,Importance
20_day_ma,0.073409356
BB_lower,0.07160851
High,0.071213774
Volume,0.068372644
5_day_ma,0.067325
MACD,0.06283654
Low,0.060188387
BB_upper,0.059656966
Open,0.05721899
volatility_10,0.05606572
10_day_ma,0.053355787
Close,0.052546836
RSI_14,0.051153798
volume_change,0.051067404
20_day_std,0.05040898
MACD_signal,0.04935295
daily_return,0.04421832
