Feature,Importance
10_day_ma,0.07140097
BB_lower,0.066915594
Low,0.064263284
20_day_std,0.063226506
MACD,0.062395886
Open,0.0618516
High,0.06178568
5_day_ma,0.057318456
MACD_signal,0.05702449
20_day_ma,0.05612216
volume_change,0.0554851
Close,0.05536512
Volume,0.054489605
volatility_10,0.05443277
BB_upper,0.052918978
RSI_14,0.052561164
daily_return,0.05244256
