Feature,Importance
Low,0.07177829
High,0.066519596
5_day_ma,0.066407904
MACD,0.06525055
20_day_std,0.06462707
volume_change,0.06140568
daily_return,0.059461296
Close,0.0589627
BB_lower,0.05810862
20_day_ma,0.05725856
volatility_10,0.05596057
BB_upper,0.055681176
Volume,0.054537386
MACD_signal,0.05440573
RSI_14,0.051085744
Open,0.05070397
10_day_ma,0.04784516
