Feature,Importance
BB_upper,0.08259301
MACD,0.066853546
Close,0.066277094
BB_lower,0.06267191
10_day_ma,0.062393706
High,0.061791547
Low,0.061616827
Open,0.0591355
MACD_signal,0.057013005
volume_change,0.056775905
20_day_std,0.05668507
20_day_ma,0.05551833
volatility_10,0.05287777
daily_return,0.051464334
5_day_ma,0.049333207
RSI_14,0.048730396
Volume,0.048268832
