Feature,Importance
High,0.0695733
BB_lower,0.0694719
Low,0.06457115
10_day_ma,0.06405788
Open,0.06165513
BB_upper,0.061402924
20_day_std,0.060936313
20_day_ma,0.060015503
Close,0.059568048
5_day_ma,0.05627352
MACD,0.056029156
RSI_14,0.055995274
volume_change,0.054408807
daily_return,0.053038552
Volume,0.052241657
volatility_10,0.05056004
MACD_signal,0.050200794
