Feature,Importance
High,0.06976911
20_day_ma,0.068951614
Close,0.06691342
MACD_signal,0.06652323
Low,0.066075094
BB_upper,0.062809676
20_day_std,0.06241574
Volume,0.060490176
RSI_14,0.058141503
Open,0.057274632
volume_change,0.056835704
MACD,0.056102403
daily_return,0.054755293
10_day_ma,0.05232322
volatility_10,0.05125928
BB_lower,0.04771742
5_day_ma,0.04164242
