Feature,Importance
High,0.06824015
volume_change,0.06624031
BB_upper,0.065699376
Low,0.06267798
10_day_ma,0.062145002
5_day_ma,0.06081866
MACD,0.05942609
BB_lower,0.058224916
Volume,0.056911904
volatility_10,0.05645038
daily_return,0.056316227
20_day_ma,0.056003515
20_day_std,0.05518131
Open,0.05513848
MACD_signal,0.054304644
Close,0.054187562
RSI_14,0.052033544
