Feature,Importance
20_day_ma,0.081052355
RSI_14,0.076838516
volume_change,0.069081254
5_day_ma,0.06794885
20_day_std,0.065733895
volatility_10,0.06496677
Close,0.06314586
BB_upper,0.06061538
10_day_ma,0.05991863
High,0.058582064
MACD,0.05445027
Open,0.053195022
Low,0.052576732
daily_return,0.049251128
MACD_signal,0.046238385
BB_lower,0.03837656
Volume,0.038028292
