Feature,Importance
Low,0.0776478
High,0.07055288
volume_change,0.063595995
BB_upper,0.06342483
Volume,0.060468372
Close,0.06035128
MACD_signal,0.059779547
5_day_ma,0.058961075
daily_return,0.057501182
volatility_10,0.05591456
Open,0.055413604
20_day_std,0.055245724
BB_lower,0.054837238
MACD,0.05462417
10_day_ma,0.051524498
RSI_14,0.0507661
20_day_ma,0.04939117
