Feature,Importance
20_day_ma,0.074255615
volatility_10,0.067927614
MACD,0.06722445
Open,0.06275531
RSI_14,0.061819453
Close,0.060874317
20_day_std,0.05964174
BB_upper,0.058808923
MACD_signal,0.05871141
volume_change,0.058020934
BB_lower,0.05573749
10_day_ma,0.055371013
Volume,0.054421164
High,0.0539412
daily_return,0.053089894
Low,0.05081407
5_day_ma,0.046585485
