Feature,Importance
MACD,0.069066316
20_day_std,0.0683128
BB_upper,0.06363509
5_day_ma,0.06299617
High,0.061922688
MACD_signal,0.061198905
volume_change,0.060749296
Volume,0.060605355
Close,0.060273018
Low,0.05916935
RSI_14,0.057473842
volatility_10,0.05717223
Open,0.056929912
daily_return,0.05548029
BB_lower,0.052390136
10_day_ma,0.049616795
20_day_ma,0.04300782
