Feature,Importance
MACD,0.075922556
BB_upper,0.07590662
10_day_ma,0.07586247
Close,0.07408711
Volume,0.07396655
volume_change,0.06668477
High,0.065863535
BB_lower,0.06021651
MACD_signal,0.059079424
daily_return,0.057965815
5_day_ma,0.052140485
volatility_10,0.04851626
20_day_ma,0.048174202
Open,0.045893658
Low,0.045183513
RSI_14,0.042636048
20_day_std,0.03190046
