Feature,Importance
Open,0.07096333
5_day_ma,0.068700045
daily_return,0.06176512
MACD,0.06151015
BB_lower,0.06089254
volume_change,0.060838353
volatility_10,0.060575083
Low,0.05975035
BB_upper,0.059507918
Volume,0.05857827
MACD_signal,0.05793345
10_day_ma,0.057335924
RSI_14,0.054911144
20_day_std,0.054169033
20_day_ma,0.053832915
Close,0.05314128
High,0.045595117
