Feature,Importance
Low,0.07219021
BB_upper,0.06597522
Open,0.06522484
Close,0.064876005
MACD,0.063902654
20_day_ma,0.06076976
volume_change,0.059503354
20_day_std,0.059071008
BB_lower,0.058390632
High,0.057995323
daily_return,0.057844464
5_day_ma,0.056154225
RSI_14,0.05513289
10_day_ma,0.052949466
Volume,0.050213225
volatility_10,0.049928237
MACD_signal,0.049878515
