Feature,Importance
BB_lower,0.076476425
Low,0.068786144
20_day_std,0.06796415
BB_upper,0.06790935
10_day_ma,0.06276394
volume_change,0.06262214
MACD_signal,0.06196578
Volume,0.06067184
20_day_ma,0.0605808
daily_return,0.05945879
RSI_14,0.058407675
MACD,0.05340904
volatility_10,0.052948814
Open,0.04859169
5_day_ma,0.04797606
Close,0.047249928
High,0.042217463
