Feature,Importance
Low,0.074456796
10_day_ma,0.06877741
MACD_signal,0.0662749
BB_upper,0.06556335
MACD,0.063465066
RSI_14,0.061294515
20_day_ma,0.060613457
volume_change,0.05835319
Open,0.058231525
BB_lower,0.058213808
High,0.05621824
5_day_ma,0.055875536
20_day_std,0.051673356
daily_return,0.051042914
volatility_10,0.050997905
Close,0.04951517
Volume,0.049432863
