Feature,Importance
BB_lower,0.06607072
volatility_10,0.06593435
Volume,0.06481981
Low,0.06308817
volume_change,0.06082109
20_day_ma,0.05982171
MACD,0.059251238
High,0.05914529
5_day_ma,0.05906383
RSI_14,0.058363806
10_day_ma,0.057515275
daily_return,0.057210356
20_day_std,0.057112385
Open,0.056041148
MACD_signal,0.054309353
Close,0.05216717
BB_upper,0.04926427
