Feature,Importance
BB_upper,0.09601416
10_day_ma,0.07172512
20_day_std,0.070372805
volatility_10,0.06927557
Open,0.06844407
20_day_ma,0.06037245
RSI_14,0.059801597
High,0.059296224
volume_change,0.058157735
MACD,0.05808645
daily_return,0.0578543
MACD_signal,0.057245795
5_day_ma,0.052519735
Close,0.052502815
BB_lower,0.043177184
Volume,0.038564544
Low,0.026589384
