Feature,Importance
BB_upper,0.0659685
Low,0.06574521
BB_lower,0.06263657
MACD_signal,0.060838528
High,0.060829695
20_day_ma,0.059890714
RSI_14,0.058810182
MACD,0.05846685
20_day_std,0.0580106
Close,0.05786917
daily_return,0.05748291
5_day_ma,0.057383027
10_day_ma,0.056252394
Open,0.056198195
volume_change,0.05552332
volatility_10,0.054716595
Volume,0.05337757
