Feature,Importance
20_day_ma,0.06714478
Volume,0.06404754
20_day_std,0.0638534
volatility_10,0.06324938
BB_lower,0.06293632
Open,0.062488057
MACD_signal,0.06162311
10_day_ma,0.061462905
MACD,0.060915742
Low,0.05838263
BB_upper,0.05662688
5_day_ma,0.05611711
RSI_14,0.05499754
Close,0.053708974
volume_change,0.05319412
daily_return,0.05075986
High,0.048491564
