Feature,Importance
BB_upper,0.079994306
MACD_signal,0.06888192
BB_lower,0.067552835
10_day_ma,0.06754286
volume_change,0.06702134
volatility_10,0.061883282
daily_return,0.060148675
20_day_std,0.05809092
Low,0.05700967
RSI_14,0.055442363
High,0.054931458
Open,0.054368198
Volume,0.05364971
20_day_ma,0.050376754
Close,0.04982245
MACD,0.048367254
5_day_ma,0.04491599
