Feature,Importance
BB_upper,0.06906311
Open,0.066363655
20_day_std,0.06386779
MACD_signal,0.06270693
Low,0.061841954
daily_return,0.06164541
BB_lower,0.061390113
RSI_14,0.060865317
volume_change,0.058854703
MACD,0.057827003
10_day_ma,0.057442203
5_day_ma,0.05732118
Volume,0.057253975
volatility_10,0.055150095
High,0.054934464
20_day_ma,0.04971183
Close,0.043760218
