Feature,Importance
Volume,0.068560176
volatility_10,0.06709248
volume_change,0.065980636
MACD,0.0659637
daily_return,0.06177101
20_day_std,0.06143722
5_day_ma,0.06133831
MACD_signal,0.060218617
Open,0.05963654
BB_upper,0.05898451
20_day_ma,0.057695255
BB_lower,0.056821186
Low,0.053905405
Close,0.052358963
RSI_14,0.05086942
High,0.05076438
10_day_ma,0.0466022
