Feature,Importance
High,0.07130924
volume_change,0.06615713
RSI_14,0.06459377
volatility_10,0.062226024
Volume,0.060565148
Open,0.060179755
BB_lower,0.060062137
Low,0.05905629
MACD_signal,0.058176164
20_day_ma,0.057224467
10_day_ma,0.057099577
5_day_ma,0.056648508
MACD,0.05653041
BB_upper,0.054435026
Close,0.052678894
daily_return,0.05238751
20_day_std,0.05066984
