Feature,Importance
20_day_ma,0.07325465
10_day_ma,0.07151827
BB_upper,0.067846455
volatility_10,0.066901065
Volume,0.065320514
BB_lower,0.06358892
daily_return,0.062133282
5_day_ma,0.060403753
20_day_std,0.057725005
High,0.05751049
MACD,0.057479694
MACD_signal,0.05730635
Low,0.056288235
volume_change,0.052136514
RSI_14,0.04731878
Close,0.04242565
Open,0.04084229
