Feature,Importance
MACD,0.06735733
Low,0.06455507
BB_lower,0.06303358
BB_upper,0.06289341
Open,0.061638843
RSI_14,0.06146651
10_day_ma,0.060999803
20_day_ma,0.06064708
Volume,0.057284832
5_day_ma,0.057218354
daily_return,0.056613185
High,0.05654466
volatility_10,0.0551286
Close,0.05448348
MACD_signal,0.05342353
20_day_std,0.05339924
volume_change,0.053312484
