Feature,Importance
20_day_std,0.07111199
High,0.07064036
RSI_14,0.07061411
Close,0.07040071
BB_lower,0.067616776
MACD,0.06341021
BB_upper,0.061596464
Volume,0.058317386
volatility_10,0.058289744
5_day_ma,0.058202263
volume_change,0.058174167
MACD_signal,0.057801444
daily_return,0.05619793
10_day_ma,0.0505183
Open,0.046778135
20_day_ma,0.04383961
Low,0.036490414
