Feature,Importance
MACD,0.07016103
RSI_14,0.067084946
volatility_10,0.065844566
Close,0.06265785
High,0.061804272
5_day_ma,0.06066244
BB_upper,0.06031612
Volume,0.05968553
MACD_signal,0.059051923
volume_change,0.058781996
Open,0.057117406
10_day_ma,0.05663144
daily_return,0.0561977
20_day_std,0.055689726
BB_lower,0.052374933
20_day_ma,0.052046563
Low,0.043891627
