Feature,Importance
volume_change,0.07015662
Low,0.06754276
10_day_ma,0.06700545
MACD,0.0654184
BB_upper,0.06369324
Open,0.061494138
5_day_ma,0.061352625
BB_lower,0.060807552
MACD_signal,0.060190804
Close,0.056202907
RSI_14,0.05600602
volatility_10,0.05504063
Volume,0.05501733
20_day_std,0.053439483
High,0.053007293
daily_return,0.05214648
20_day_ma,0.041478276
