Feature,Importance
10_day_ma,0.07282014
BB_upper,0.0687737
20_day_ma,0.067525275
BB_lower,0.06483002
5_day_ma,0.06370189
RSI_14,0.061355043
Open,0.061263837
volume_change,0.05957245
Volume,0.05779757
20_day_std,0.05623074
MACD,0.05579377
MACD_signal,0.05517205
Close,0.054019887
volatility_10,0.052874897
Low,0.05235588
daily_return,0.049138565
High,0.04677436
