Feature,Importance
BB_upper,0.07009625
5_day_ma,0.065135255
10_day_ma,0.06468856
20_day_ma,0.06436494
20_day_std,0.064252995
BB_lower,0.06414457
RSI_14,0.062180694
Volume,0.060172804
MACD_signal,0.05871624
volume_change,0.05638916
High,0.055997476
MACD,0.055993415
Close,0.05597869
daily_return,0.055354193
Low,0.053987954
volatility_10,0.049302775
Open,0.04324398
