Feature,Importance
20_day_std,0.08268495
Low,0.07189938
MACD_signal,0.06887281
RSI_14,0.0659181
volume_change,0.06566593
High,0.06326917
Volume,0.06186221
volatility_10,0.05947902
BB_upper,0.05812645
daily_return,0.056295607
Close,0.054674696
BB_lower,0.05453589
5_day_ma,0.053686537
10_day_ma,0.052755583
Open,0.046531033
MACD,0.04225497
20_day_ma,0.04148757
