Feature,Importance
Open,0.08018868
Close,0.07142179
MACD_signal,0.06921399
RSI_14,0.06472861
volume_change,0.06034583
Low,0.058895525
MACD,0.058791503
volatility_10,0.0581966
daily_return,0.057038065
BB_lower,0.056971554
20_day_std,0.056573585
BB_upper,0.05526173
Volume,0.053742047
5_day_ma,0.052668247
20_day_ma,0.051325288
10_day_ma,0.047588132
High,0.047048755
