Feature,Importance
Open,0.07184629
5_day_ma,0.06510408
volatility_10,0.061601426
BB_upper,0.060913563
daily_return,0.06072855
20_day_ma,0.060668457
MACD_signal,0.059768043
BB_lower,0.05954618
MACD,0.059542965
RSI_14,0.059090093
High,0.05841666
10_day_ma,0.05821427
Close,0.05569038
Volume,0.055363145
volume_change,0.055273116
Low,0.04969434
20_day_std,0.048538417
