Feature,Importance
BB_lower,0.06739334
volume_change,0.067225896
Open,0.062056836
RSI_14,0.061861098
Close,0.06089395
High,0.060608238
MACD,0.060512986
20_day_std,0.060476318
volatility_10,0.05882874
10_day_ma,0.0585418
daily_return,0.058236048
20_day_ma,0.056689087
Low,0.056265984
5_day_ma,0.0533449
MACD_signal,0.05296843
BB_upper,0.052115325
Volume,0.05198103
