Feature,Importance
Low,0.06880729
10_day_ma,0.06852546
RSI_14,0.06438969
MACD_signal,0.0638758
Close,0.06270386
High,0.062475618
20_day_std,0.06145968
BB_lower,0.060359295
5_day_ma,0.060186718
BB_upper,0.059777517
volume_change,0.059392195
20_day_ma,0.05719478
Volume,0.05719406
volatility_10,0.055921305
MACD,0.05162795
daily_return,0.051267713
Open,0.034841046
