Feature,Importance
MACD,0.07249894
10_day_ma,0.07208719
Low,0.06588523
20_day_ma,0.06507939
BB_upper,0.06154801
MACD_signal,0.06121308
High,0.06036706
Close,0.05965908
volume_change,0.057713207
Open,0.056963548
20_day_std,0.054428928
daily_return,0.053907566
BB_lower,0.05308006
5_day_ma,0.05296498
Volume,0.052552845
RSI_14,0.051439032
volatility_10,0.048611797
