Feature,Importance
BB_upper,0.07181306
High,0.06897695
Close,0.066662274
RSI_14,0.06473768
20_day_std,0.061181076
MACD,0.060892683
BB_lower,0.060857028
Volume,0.060708433
Open,0.06032486
volume_change,0.059157915
20_day_ma,0.057666425
5_day_ma,0.05619731
10_day_ma,0.055824406
daily_return,0.051577035
MACD_signal,0.048964977
Low,0.04764347
volatility_10,0.04681438
