Feature,Importance
10_day_ma,0.072235115
RSI_14,0.06978604
20_day_ma,0.06925971
High,0.06713404
MACD,0.0647975
Low,0.06222029
BB_upper,0.06028026
BB_lower,0.058236763
20_day_std,0.058220543
Volume,0.05607917
volume_change,0.055481125
5_day_ma,0.05363616
Close,0.05356405
MACD_signal,0.051646844
Open,0.050647564
daily_return,0.049767215
volatility_10,0.047007628
