Feature,Importance
RSI_14,0.07055629
BB_upper,0.06963413
BB_lower,0.06343302
Low,0.06182871
Volume,0.06160502
20_day_ma,0.05885344
20_day_std,0.058301263
10_day_ma,0.05797834
Close,0.057867303
MACD_signal,0.05758957
volume_change,0.057153337
volatility_10,0.05676593
High,0.055696703
daily_return,0.05422013
Open,0.05330273
MACD,0.053079132
5_day_ma,0.05213503
