Feature,Importance
20_day_std,0.07499761
MACD_signal,0.07046177
BB_upper,0.06865254
volatility_10,0.06407172
BB_lower,0.062436428
10_day_ma,0.06176828
Volume,0.061484918
MACD,0.06047771
Open,0.058731
daily_return,0.05764826
volume_change,0.05730969
Low,0.054885317
RSI_14,0.054846145
Close,0.050512183
20_day_ma,0.04960211
High,0.04606949
5_day_ma,0.046044804
