Feature,Importance
BB_lower,0.07310936
5_day_ma,0.067900784
10_day_ma,0.06674192
Low,0.065819606
20_day_std,0.06554262
MACD_signal,0.06303674
Open,0.06281639
MACD,0.058236305
volatility_10,0.057938468
daily_return,0.056771234
RSI_14,0.055557925
Close,0.054198124
20_day_ma,0.05340404
High,0.051051684
BB_upper,0.05085848
volume_change,0.0493933
Volume,0.047622997
