Feature,Importance
volume_change,0.077217795
daily_return,0.067977935
5_day_ma,0.06711179
RSI_14,0.06110652
BB_upper,0.060722124
20_day_ma,0.060573347
High,0.058757115
volatility_10,0.058173526
Low,0.057244655
Volume,0.056661837
20_day_std,0.056197133
Close,0.056018107
Open,0.055352848
MACD,0.05375484
BB_lower,0.053130567
10_day_ma,0.052111395
MACD_signal,0.047888502
