Feature,Importance
10_day_ma,0.077729695
RSI_14,0.07148176
20_day_ma,0.07073481
Open,0.06884189
MACD,0.068107486
BB_upper,0.06395759
20_day_std,0.061325204
volatility_10,0.060206156
Low,0.058653545
Close,0.05789747
Volume,0.054958176
5_day_ma,0.052684017
volume_change,0.052490566
BB_lower,0.052406166
daily_return,0.050488174
MACD_signal,0.039863866
High,0.03817352
