Feature,Importance
Open,0.07152141
Volume,0.071340784
10_day_ma,0.06866265
RSI_14,0.066469006
Low,0.06453707
volume_change,0.06264024
20_day_std,0.060679454
Close,0.060594123
daily_return,0.058543704
BB_lower,0.057612605
volatility_10,0.057248376
MACD_signal,0.054139543
5_day_ma,0.053619176
MACD,0.05339048
BB_upper,0.052926984
High,0.044934668
20_day_ma,0.041139685
