Feature,Importance
10_day_ma,0.069416046
Low,0.06757059
BB_upper,0.06465379
BB_lower,0.061218526
20_day_ma,0.06093608
RSI_14,0.060186878
MACD_signal,0.05949068
MACD,0.059215397
volatility_10,0.058233388
20_day_std,0.05782074
Open,0.05630279
Close,0.0562919
volume_change,0.0558437
5_day_ma,0.05402267
High,0.05337358
daily_return,0.052908376
Volume,0.05251485
