Feature,Importance
volume_change,0.06586227
5_day_ma,0.0634765
Volume,0.06346077
Low,0.063406445
BB_lower,0.0627382
MACD_signal,0.062010482
Open,0.061730456
MACD,0.06049151
20_day_ma,0.060062468
RSI_14,0.059002943
20_day_std,0.05868636
BB_upper,0.05798818
daily_return,0.05636604
10_day_ma,0.05601268
High,0.054153554
volatility_10,0.053485543
Close,0.041065663
