Feature,Importance
5_day_ma,0.083227016
Close,0.083101876
Open,0.08263313
BB_upper,0.070106335
10_day_ma,0.0694887
BB_lower,0.058913276
volatility_10,0.056134786
RSI_14,0.055208508
High,0.05487188
Volume,0.05205104
20_day_std,0.051737055
volume_change,0.051333573
daily_return,0.050200958
MACD_signal,0.048716225
MACD,0.045480702
Low,0.044113565
20_day_ma,0.042681385
