Feature,Importance
Low,0.07309885
MACD,0.069774106
High,0.067183115
BB_lower,0.06539717
BB_upper,0.065357834
Close,0.06288751
RSI_14,0.06282231
5_day_ma,0.057323683
Open,0.057224546
daily_return,0.05652426
volume_change,0.0561439
Volume,0.055593684
volatility_10,0.053236984
10_day_ma,0.050922114
MACD_signal,0.049650617
20_day_std,0.04896488
20_day_ma,0.047894478
