Feature,Importance
20_day_ma,0.064867824
Open,0.063239865
Close,0.06264216
RSI_14,0.062381487
High,0.062378366
volume_change,0.060924295
daily_return,0.059897594
20_day_std,0.059793007
MACD_signal,0.059546273
Low,0.059301477
5_day_ma,0.05673476
MACD,0.05666621
Volume,0.05557024
BB_lower,0.055400718
volatility_10,0.05524142
BB_upper,0.053354822
10_day_ma,0.0520595
