Feature,Importance
BB_lower,0.0712609
Low,0.0667338
volatility_10,0.06537509
daily_return,0.06451598
Volume,0.062379107
20_day_ma,0.061388418
BB_upper,0.060889177
Close,0.05956038
Open,0.059101123
10_day_ma,0.05861055
20_day_std,0.05711186
5_day_ma,0.054773413
volume_change,0.054027364
High,0.051949162
MACD,0.05189808
MACD_signal,0.05030125
RSI_14,0.050124325
