Feature,Importance
High,0.07270683
Open,0.07179971
MACD,0.0700057
20_day_std,0.06292912
RSI_14,0.06258337
BB_lower,0.059895672
5_day_ma,0.05915089
BB_upper,0.05873142
Low,0.057775564
volatility_10,0.057429615
Volume,0.056152392
MACD_signal,0.05509365
10_day_ma,0.054712992
daily_return,0.05278711
Close,0.05043602
20_day_ma,0.050352626
volume_change,0.047457285
