Feature,Importance
High,0.06957921
BB_lower,0.069332674
MACD,0.06302294
Close,0.062269483
10_day_ma,0.06186649
20_day_ma,0.061486423
5_day_ma,0.0608
20_day_std,0.060756326
Low,0.060280852
daily_return,0.06011794
MACD_signal,0.058836717
Volume,0.056405902
RSI_14,0.05586243
BB_upper,0.053072743
volume_change,0.05125969
Open,0.04816211
volatility_10,0.046888106
