Feature,Importance
5_day_ma,0.07353629
10_day_ma,0.07135694
volume_change,0.07065237
High,0.069631554
Close,0.064932264
Open,0.06167898
Low,0.06015448
BB_upper,0.05963115
MACD_signal,0.05916209
RSI_14,0.054718368
Volume,0.054045282
20_day_ma,0.053864077
volatility_10,0.053682044
MACD,0.05127197
BB_lower,0.050556872
daily_return,0.048947617
20_day_std,0.042177685
