Feature,Importance
volume_change,0.066568956
10_day_ma,0.0664437
BB_upper,0.065653406
Low,0.064469084
20_day_ma,0.06228887
5_day_ma,0.06165312
MACD,0.061477866
Volume,0.06072268
RSI_14,0.06020677
MACD_signal,0.05892333
Close,0.058360137
Open,0.055092867
BB_lower,0.054484747
daily_return,0.052250482
20_day_std,0.051641818
volatility_10,0.050569285
High,0.049192857
