Feature,Importance
Open,0.07451359
Volume,0.069786675
20_day_ma,0.068013564
Low,0.065938324
High,0.065693706
5_day_ma,0.06184649
BB_lower,0.061555263
BB_upper,0.059096064
20_day_std,0.058036298
volatility_10,0.05706012
RSI_14,0.056567147
MACD_signal,0.055973403
volume_change,0.053897228
10_day_ma,0.048876308
MACD,0.048729554
daily_return,0.047644522
Close,0.046771735
