Feature,Importance
10_day_ma,0.072519615
20_day_ma,0.06973041
Close,0.06265467
daily_return,0.06157173
5_day_ma,0.06081317
Open,0.060673334
BB_upper,0.06058384
High,0.060299587
MACD_signal,0.059788447
RSI_14,0.05859293
BB_lower,0.058191907
volume_change,0.057019673
20_day_std,0.05658726
Volume,0.050911047
Low,0.050610058
MACD,0.050494168
volatility_10,0.048958194
