Feature,Importance
10_day_ma,0.07303372
High,0.06619085
20_day_ma,0.06342255
RSI_14,0.0628133
MACD,0.061833482
Low,0.061399177
BB_upper,0.06062415
Open,0.060165726
Volume,0.05903354
volatility_10,0.058901515
BB_lower,0.05861939
daily_return,0.05835441
volume_change,0.05687264
5_day_ma,0.054856434
20_day_std,0.05393178
MACD_signal,0.0498101
Close,0.040137284
