Feature,Importance
Open,0.06928521
BB_upper,0.068182945
Low,0.06442171
20_day_std,0.061662618
MACD,0.061150555
MACD_signal,0.060723934
10_day_ma,0.06020057
daily_return,0.059880294
volatility_10,0.059677985
BB_lower,0.05779923
5_day_ma,0.055578116
volume_change,0.054986678
20_day_ma,0.054858204
High,0.054065056
Close,0.05379704
RSI_14,0.05300799
Volume,0.050721906
