Feature,Importance
20_day_std,0.07531323
Low,0.07207787
BB_lower,0.06726853
5_day_ma,0.06708254
RSI_14,0.063601
20_day_ma,0.0627325
BB_upper,0.060951546
MACD_signal,0.059532236
daily_return,0.059160594
volume_change,0.058308654
Close,0.056699052
Volume,0.05613457
High,0.055840876
10_day_ma,0.05396582
volatility_10,0.048995994
MACD,0.045889135
Open,0.036445923
