Feature,Importance
BB_upper,0.07436189
Low,0.06793784
MACD_signal,0.06559669
10_day_ma,0.062277798
20_day_std,0.062173206
volume_change,0.06005113
daily_return,0.059507452
BB_lower,0.05889928
MACD,0.057513405
5_day_ma,0.05744248
RSI_14,0.057286948
volatility_10,0.054992076
Volume,0.053657748
Open,0.05357006
High,0.053147107
Close,0.051510185
20_day_ma,0.05007477
