Feature,Importance
Low,0.06940692
daily_return,0.06790774
Volume,0.06495326
20_day_std,0.063195415
BB_upper,0.061994493
Open,0.061302364
10_day_ma,0.06065434
MACD,0.060120326
volume_change,0.05890097
volatility_10,0.05872777
5_day_ma,0.058235183
RSI_14,0.05651098
BB_lower,0.054618895
Close,0.054456223
High,0.05415515
MACD_signal,0.048039127
20_day_ma,0.046820834
