Feature,Importance
MACD,0.06509197
20_day_ma,0.06416012
volume_change,0.06413378
volatility_10,0.0637275
RSI_14,0.06300856
20_day_std,0.06186845
MACD_signal,0.059924696
Close,0.05841735
Open,0.058335066
daily_return,0.05826847
Volume,0.057637557
10_day_ma,0.057341043
High,0.056872286
BB_upper,0.05623684
5_day_ma,0.054703087
Low,0.051379383
BB_lower,0.048893884
