Feature,Importance
20_day_ma,0.070640855
BB_upper,0.06913696
20_day_std,0.06541525
High,0.06428368
5_day_ma,0.06214214
BB_lower,0.06076177
RSI_14,0.059858825
volume_change,0.057946585
Open,0.056668576
MACD,0.056619663
10_day_ma,0.0559743
Volume,0.055068463
MACD_signal,0.054982558
volatility_10,0.05402369
Close,0.053846978
daily_return,0.052856624
Low,0.049773116
