Feature,Importance
Low,0.08701218
Open,0.08110538
BB_lower,0.061505873
volatility_10,0.06064365
5_day_ma,0.06019687
MACD,0.05985362
Close,0.05963845
volume_change,0.05765434
20_day_std,0.05707423
BB_upper,0.056839902
High,0.05510894
20_day_ma,0.05411356
MACD_signal,0.053043682
Volume,0.052160848
daily_return,0.051467415
10_day_ma,0.050525002
RSI_14,0.042056013
