Feature,Importance
BB_upper,0.06770169
20_day_std,0.06543569
BB_lower,0.062307794
5_day_ma,0.061921123
RSI_14,0.060998693
20_day_ma,0.05987006
Low,0.059802983
MACD_signal,0.059146482
High,0.058928784
Close,0.058703404
10_day_ma,0.05839516
Volume,0.057876475
MACD,0.056258004
volume_change,0.056194242
volatility_10,0.055281818
daily_return,0.05100391
Open,0.050173674
