Feature,Importance
10_day_ma,0.090044245
High,0.07279032
Open,0.071140595
volume_change,0.06911655
Close,0.067887135
BB_upper,0.06348725
5_day_ma,0.06176598
BB_lower,0.05912672
daily_return,0.058398634
Low,0.057737574
Volume,0.056958348
20_day_std,0.055044174
volatility_10,0.052773993
MACD_signal,0.05056446
RSI_14,0.047022205
MACD,0.044947095
20_day_ma,0.02119466
