Feature,Importance
MACD_signal,0.06704423
MACD,0.066669814
10_day_ma,0.06464639
Low,0.06404686
BB_upper,0.06256001
5_day_ma,0.062165093
20_day_std,0.06060404
daily_return,0.059796106
High,0.058753546
volatility_10,0.057762727
BB_lower,0.056639604
RSI_14,0.055324655
20_day_ma,0.054599103
Volume,0.054409556
Open,0.051930334
Close,0.051850945
volume_change,0.051196963
