Feature,Importance
BB_upper,0.06581367
Open,0.064987674
daily_return,0.06328418
5_day_ma,0.06295363
MACD,0.06272959
Volume,0.062529705
High,0.061802797
Low,0.060797166
20_day_std,0.05890812
volatility_10,0.058641095
volume_change,0.05826146
RSI_14,0.056067135
BB_lower,0.055778336
10_day_ma,0.055309005
MACD_signal,0.052934714
20_day_ma,0.050228335
Close,0.048973363
