Feature,Importance
10_day_ma,0.072003774
MACD_signal,0.07061363
BB_upper,0.06618807
BB_lower,0.064457245
volatility_10,0.061626185
MACD,0.06148298
Volume,0.06121605
Open,0.060936764
Low,0.060741838
daily_return,0.05969514
20_day_std,0.057391696
20_day_ma,0.05441876
RSI_14,0.05344349
5_day_ma,0.052687217
Close,0.052074622
volume_change,0.04907457
High,0.04194806
