Feature,Importance
RSI_14,0.0663874
Open,0.062434956
High,0.061450683
5_day_ma,0.06122868
MACD,0.061037768
20_day_std,0.06080568
Close,0.05999774
Low,0.058880463
MACD_signal,0.058429897
volume_change,0.05777793
daily_return,0.05775095
BB_lower,0.057433542
BB_upper,0.056773238
20_day_ma,0.05652875
Volume,0.05449872
10_day_ma,0.054412533
volatility_10,0.05417114
