Feature,Importance
Low,0.066807374
20_day_std,0.06488918
10_day_ma,0.06407067
20_day_ma,0.06263604
Close,0.06255121
BB_upper,0.062537655
High,0.06197852
5_day_ma,0.060033236
BB_lower,0.059569668
Open,0.05779043
daily_return,0.057555694
MACD_signal,0.055663068
MACD,0.055610515
RSI_14,0.0548243
volume_change,0.052221134
volatility_10,0.05122747
Volume,0.050033808
