Feature,Importance
Low,0.09807206
10_day_ma,0.09638947
Open,0.07968834
20_day_ma,0.065661855
High,0.06395345
volatility_10,0.059927896
Volume,0.059551418
BB_lower,0.05668389
BB_upper,0.05461932
Close,0.052978083
RSI_14,0.05131296
MACD,0.048936468
daily_return,0.04581106
volume_change,0.04566961
5_day_ma,0.04544689
20_day_std,0.040448174
MACD_signal,0.034849033
