Feature,Importance
Low,0.08228704
High,0.07163566
Open,0.07016219
volume_change,0.06849312
volatility_10,0.066800274
MACD,0.06233608
RSI_14,0.05829021
Close,0.0573379
MACD_signal,0.056661937
20_day_std,0.056647528
BB_lower,0.054365437
daily_return,0.051888607
5_day_ma,0.051417597
10_day_ma,0.050010618
20_day_ma,0.049626794
BB_upper,0.047830418
Volume,0.044208556
