Feature,Importance
BB_lower,0.0738538
10_day_ma,0.07057879
High,0.06835141
Low,0.06557363
MACD_signal,0.06542452
20_day_ma,0.06440087
BB_upper,0.0639206
Open,0.06071298
5_day_ma,0.05870038
volatility_10,0.05775339
Volume,0.056888334
RSI_14,0.05456124
Close,0.054461543
20_day_std,0.05151241
volume_change,0.044988234
MACD,0.04439982
daily_return,0.04391799
