Feature,Importance
volatility_10,0.06822231
BB_lower,0.06681392
5_day_ma,0.06668289
High,0.06558914
BB_upper,0.0635402
volume_change,0.061385937
10_day_ma,0.0593996
MACD,0.05918478
Volume,0.058686737
Open,0.057868157
daily_return,0.05725561
MACD_signal,0.05537188
Low,0.055202644
20_day_ma,0.054900773
20_day_std,0.054602675
Close,0.04850665
RSI_14,0.046786163
