Feature,Importance
BB_upper,0.07175205
10_day_ma,0.07173309
Low,0.07171006
Volume,0.06765669
5_day_ma,0.0652718
Open,0.06504791
daily_return,0.06370231
20_day_ma,0.059185892
MACD,0.05720089
volume_change,0.054866042
20_day_std,0.0530191
volatility_10,0.052483197
BB_lower,0.052407417
RSI_14,0.05199983
Close,0.04831826
MACD_signal,0.047668014
High,0.04597749
