Feature,Importance
BB_upper,0.071359746
MACD_signal,0.07059052
Low,0.06592626
Close,0.059502326
10_day_ma,0.05915521
MACD,0.059018213
volatility_10,0.058563437
daily_return,0.058483697
20_day_ma,0.05811209
High,0.057333667
BB_lower,0.056985147
volume_change,0.055386852
RSI_14,0.055372786
5_day_ma,0.05527877
20_day_std,0.055270966
Volume,0.054029778
Open,0.04963057
