Feature,Importance
Low,0.0745211
volatility_10,0.07022491
volume_change,0.066471994
20_day_std,0.06635531
MACD,0.06533763
RSI_14,0.061294015
10_day_ma,0.060781676
BB_lower,0.05966639
Close,0.058773823
daily_return,0.056198437
5_day_ma,0.05474051
BB_upper,0.0545954
Volume,0.054516893
High,0.05331278
Open,0.05232653
20_day_ma,0.052019455
MACD_signal,0.0388631
