Feature,Importance
Open,0.067670666
Low,0.065062955
BB_lower,0.06498799
10_day_ma,0.06365202
volume_change,0.062737666
BB_upper,0.062182106
20_day_ma,0.060784448
Close,0.060417634
MACD_signal,0.058654588
High,0.05734934
volatility_10,0.05614
daily_return,0.05473999
20_day_std,0.054495048
RSI_14,0.05425678
Volume,0.053888727
5_day_ma,0.051617336
MACD,0.051362768
