Feature,Importance
Open,0.06901592
Close,0.06494565
MACD,0.06470151
20_day_ma,0.06424698
MACD_signal,0.06324463
Low,0.061053455
High,0.059665147
RSI_14,0.057277873
BB_lower,0.057166103
volatility_10,0.057040934
volume_change,0.057016212
20_day_std,0.055680525
10_day_ma,0.05561067
daily_return,0.05471331
BB_upper,0.0532765
5_day_ma,0.052685507
Volume,0.05265903
