Feature,Importance
RSI_14,0.0732092
High,0.06887906
Open,0.06832009
10_day_ma,0.06831491
BB_upper,0.065666296
MACD,0.061278947
Close,0.0606688
5_day_ma,0.05935669
Low,0.058979385
daily_return,0.05696509
MACD_signal,0.055064958
20_day_ma,0.053761955
volatility_10,0.053122338
volume_change,0.05178241
20_day_std,0.05158347
BB_lower,0.05025999
Volume,0.042786427
