Feature,Importance
MACD,0.069433205
High,0.067746215
Open,0.065630764
volume_change,0.06354068
BB_lower,0.060163375
BB_upper,0.05994818
5_day_ma,0.059853535
daily_return,0.058922894
20_day_std,0.057322826
Close,0.056771223
20_day_ma,0.056220893
10_day_ma,0.055725332
Low,0.05515359
volatility_10,0.0545674
MACD_signal,0.05455737
Volume,0.05392989
RSI_14,0.050512653
