Feature,Importance
BB_lower,0.073628455
MACD_signal,0.06870392
10_day_ma,0.06786136
20_day_ma,0.06351862
5_day_ma,0.061511658
volatility_10,0.061305422
Volume,0.060785253
Open,0.059133798
daily_return,0.058297515
BB_upper,0.056472465
MACD,0.0554163
20_day_std,0.055131834
Close,0.05421096
High,0.054099213
volume_change,0.053135063
Low,0.051931355
RSI_14,0.044856768
