Feature,Importance
Low,0.08562202
10_day_ma,0.0728034
RSI_14,0.071682125
volume_change,0.06226483
Volume,0.061745856
Close,0.060355287
MACD,0.059297536
High,0.058892153
Open,0.056569178
MACD_signal,0.05615665
20_day_std,0.054739233
volatility_10,0.05376069
BB_upper,0.0532534
5_day_ma,0.049644984
20_day_ma,0.04846271
daily_return,0.04754
BB_lower,0.047210027
