Feature,Importance
20_day_ma,0.076667316
MACD,0.068842895
Open,0.06694763
MACD_signal,0.06504595
volatility_10,0.0639598
Close,0.063654736
volume_change,0.06262944
daily_return,0.06205621
BB_lower,0.060311634
10_day_ma,0.06029941
Volume,0.057722278
20_day_std,0.055844586
5_day_ma,0.052986022
Low,0.04960591
High,0.049325593
RSI_14,0.043456867
BB_upper,0.04064374
