Feature,Importance
MACD,0.06842991
BB_lower,0.06582506
20_day_ma,0.0623673
Open,0.062220667
Low,0.061907455
volume_change,0.061579946
Volume,0.06151263
20_day_std,0.060216703
volatility_10,0.058553807
High,0.058212984
RSI_14,0.05798743
BB_upper,0.057097927
MACD_signal,0.05655139
daily_return,0.054707132
Close,0.051546406
10_day_ma,0.051499456
5_day_ma,0.04978383
