Feature,Importance
BB_lower,0.06985364
RSI_14,0.06437444
High,0.06345368
volume_change,0.062641814
MACD,0.061982602
Open,0.05997475
20_day_std,0.059675217
Low,0.059283987
5_day_ma,0.05856084
20_day_ma,0.05839959
volatility_10,0.056916203
Close,0.056706715
daily_return,0.055462293
BB_upper,0.055396423
Volume,0.054484412
MACD_signal,0.05411574
10_day_ma,0.048717633
