Feature,Importance
BB_lower,0.07618698
MACD_signal,0.07281865
5_day_ma,0.06722026
High,0.06396843
volatility_10,0.062885575
Open,0.061415784
Low,0.06059161
Volume,0.060493436
volume_change,0.0604206
daily_return,0.057173733
10_day_ma,0.056860797
RSI_14,0.056460798
20_day_std,0.05344649
Close,0.05311841
MACD,0.049491473
BB_upper,0.04616187
20_day_ma,0.04128511
