Feature,Importance
20_day_std,0.06819906
Low,0.067414634
MACD_signal,0.06453462
RSI_14,0.06343839
volume_change,0.06313693
High,0.06160704
Close,0.060812313
BB_lower,0.059494656
20_day_ma,0.058980573
5_day_ma,0.05717109
daily_return,0.056840394
MACD,0.05650077
Open,0.055661127
Volume,0.053347174
BB_upper,0.051932078
volatility_10,0.05152742
10_day_ma,0.049401693
