Feature,Importance
BB_lower,0.0724112
10_day_ma,0.0684341
Low,0.06631113
daily_return,0.06397697
BB_upper,0.06379671
volume_change,0.06348362
20_day_std,0.061548926
20_day_ma,0.058605723
Open,0.05795791
RSI_14,0.05716769
MACD,0.055693123
volatility_10,0.055390947
High,0.05347185
5_day_ma,0.053463202
Volume,0.053446848
MACD_signal,0.0480638
Close,0.046776198
