Feature,Importance
Low,0.07450202
BB_lower,0.07060591
20_day_ma,0.06353923
20_day_std,0.06336346
5_day_ma,0.06234782
Close,0.06190442
10_day_ma,0.06180396
MACD,0.06089988
RSI_14,0.059215844
volatility_10,0.057836205
Open,0.054977145
daily_return,0.054817177
MACD_signal,0.05352782
BB_upper,0.05212302
Volume,0.050913654
High,0.049025558
volume_change,0.048596893
