Feature,Importance
20_day_ma,0.0906091
volume_change,0.07019212
RSI_14,0.06991998
MACD_signal,0.06844379
Low,0.064199775
Open,0.062446367
Volume,0.0592709
20_day_std,0.058839113
High,0.057697553
10_day_ma,0.05336879
volatility_10,0.05311296
BB_lower,0.050868303
BB_upper,0.05000406
Close,0.049346108
5_day_ma,0.047807306
MACD,0.047004756
daily_return,0.046869073
