Feature,Importance
BB_upper,0.0887934
MACD,0.076943316
20_day_std,0.07643092
MACD_signal,0.06640699
Low,0.064630024
RSI_14,0.05903456
volume_change,0.058079906
BB_lower,0.055983502
10_day_ma,0.05581551
Volume,0.055814173
5_day_ma,0.055766433
20_day_ma,0.054921445
volatility_10,0.05413404
Close,0.050283916
daily_return,0.048141494
High,0.04676769
Open,0.032052618
