Feature,Importance
Low,0.09383022
Open,0.07629537
BB_upper,0.07388993
volatility_10,0.06644577
MACD_signal,0.064731516
MACD,0.06429374
High,0.0624024
RSI_14,0.061871387
Close,0.05969827
5_day_ma,0.055939272
20_day_ma,0.049498647
20_day_std,0.04919595
volume_change,0.04911682
daily_return,0.04568036
10_day_ma,0.045636658
BB_lower,0.04366874
Volume,0.03780492
