Feature,Importance
Open,0.07372998
MACD_signal,0.07140924
10_day_ma,0.06469772
High,0.06382928
20_day_ma,0.063387804
20_day_std,0.062748596
BB_lower,0.060713418
Low,0.059914287
5_day_ma,0.05843396
volatility_10,0.056551754
Volume,0.056251075
daily_return,0.05404106
BB_upper,0.05284578
RSI_14,0.051031467
volume_change,0.05040442
Close,0.050143823
MACD,0.049866334
