Feature,Importance
MACD,0.07166484
Low,0.07110991
MACD_signal,0.06273004
5_day_ma,0.062408704
High,0.061624322
BB_upper,0.06009142
RSI_14,0.059461527
10_day_ma,0.059233848
20_day_ma,0.058852457
Close,0.058200262
daily_return,0.057526276
20_day_std,0.055211343
volatility_10,0.05476316
volume_change,0.05334018
Volume,0.05271574
Open,0.05189216
BB_lower,0.04917383
