Feature,Importance
High,0.07773233
BB_upper,0.072449274
MACD_signal,0.06880123
MACD,0.066742145
volatility_10,0.06665971
Close,0.06563696
volume_change,0.05849757
Low,0.056503505
BB_lower,0.056452066
20_day_std,0.05543075
10_day_ma,0.05341243
RSI_14,0.052710503
Open,0.052213524
5_day_ma,0.051553637
daily_return,0.051506195
Volume,0.049618877
20_day_ma,0.04407925
