Feature,Importance
BB_upper,0.06864939
10_day_ma,0.06748446
volume_change,0.06604292
Low,0.06561712
Open,0.06384609
5_day_ma,0.06108227
MACD,0.059705585
20_day_std,0.058527716
High,0.056727167
BB_lower,0.05593179
volatility_10,0.055501513
Volume,0.05537474
RSI_14,0.054465536
MACD_signal,0.05443775
20_day_ma,0.05430158
Close,0.053001773
daily_return,0.04930266
