Feature,Importance
10_day_ma,0.06786695
Open,0.0642111
MACD_signal,0.06411763
High,0.061810352
5_day_ma,0.061796185
daily_return,0.059075907
20_day_ma,0.05874652
MACD,0.058740012
BB_lower,0.058693826
BB_upper,0.058192343
volatility_10,0.05716636
20_day_std,0.05639845
Close,0.05591779
Low,0.054964375
Volume,0.054586876
RSI_14,0.05433653
volume_change,0.053378757
