Feature,Importance
5_day_ma,0.066962086
Open,0.06632422
MACD_signal,0.06487859
20_day_ma,0.064226
Low,0.06302634
RSI_14,0.06300316
20_day_std,0.060519345
BB_upper,0.06025187
volume_change,0.05812216
daily_return,0.05786719
High,0.057112396
Volume,0.054854102
BB_lower,0.05398919
volatility_10,0.0537145
Close,0.05229371
10_day_ma,0.051694993
MACD,0.051160205
