Feature,Importance
MACD,0.068564065
Volume,0.06737568
20_day_ma,0.06668296
20_day_std,0.06599974
5_day_ma,0.063186556
volatility_10,0.06281751
RSI_14,0.06256386
BB_lower,0.06237419
Low,0.059135325
volume_change,0.058318432
MACD_signal,0.056383856
Open,0.052723713
BB_upper,0.052526217
10_day_ma,0.051390428
Close,0.05032986
daily_return,0.04990705
High,0.04972053
