Feature,Importance
10_day_ma,0.06681288
5_day_ma,0.064564764
BB_upper,0.064218216
20_day_ma,0.06374126
High,0.06310205
RSI_14,0.06233532
MACD,0.061683107
daily_return,0.06145511
Volume,0.060169112
MACD_signal,0.060000055
Open,0.057639457
BB_lower,0.05729973
20_day_std,0.05715209
volume_change,0.055339567
volatility_10,0.052695386
Close,0.04639588
Low,0.045395944
