Feature,Importance
Close,0.07842884
20_day_ma,0.075837895
MACD,0.07248936
volume_change,0.07247502
10_day_ma,0.0685398
RSI_14,0.06113394
High,0.05941938
5_day_ma,0.05901545
BB_lower,0.056753393
BB_upper,0.054608766
MACD_signal,0.05298347
volatility_10,0.051724017
Low,0.05041032
Volume,0.05034749
daily_return,0.049182568
20_day_std,0.045516673
Open,0.041133527
