Feature,Importance
daily_return,0.06786906
10_day_ma,0.067744315
BB_upper,0.06734324
5_day_ma,0.06549541
Open,0.06365732
20_day_std,0.062019575
volatility_10,0.058944333
High,0.058792546
BB_lower,0.057157543
MACD,0.057127383
MACD_signal,0.0570921
volume_change,0.056641698
Low,0.055174325
20_day_ma,0.053910345
Close,0.051951226
RSI_14,0.050487712
Volume,0.04859184
