Feature,Importance
10_day_ma,0.07382374
MACD_signal,0.069927864
High,0.06727403
20_day_std,0.06496669
5_day_ma,0.06451679
BB_upper,0.063928895
MACD,0.063478425
Close,0.061915528
RSI_14,0.061517797
volatility_10,0.05967265
Open,0.059658293
volume_change,0.05681011
daily_return,0.05651402
BB_lower,0.053863745
Volume,0.04839201
Low,0.042623796
20_day_ma,0.03111552
