Feature,Importance
volatility_10,0.08742604
5_day_ma,0.07573261
Low,0.07569811
20_day_ma,0.070498705
MACD,0.06808723
High,0.06431186
daily_return,0.06248997
BB_upper,0.062397014
Close,0.056225594
BB_lower,0.053274993
volume_change,0.053112876
Volume,0.05035506
20_day_std,0.0466341
RSI_14,0.04543603
10_day_ma,0.04478087
Open,0.04402709
MACD_signal,0.039511807
