Feature,Importance
MACD,0.076111354
volume_change,0.06581126
BB_lower,0.064249165
20_day_std,0.064131215
Volume,0.06282285
BB_upper,0.060404457
MACD_signal,0.05985022
5_day_ma,0.058599137
High,0.0584525
Close,0.05813159
RSI_14,0.055445496
Low,0.053490832
10_day_ma,0.05339048
20_day_ma,0.053113256
Open,0.05287179
daily_return,0.051666588
volatility_10,0.051457737
