Feature,Importance
Open,0.078930475
volume_change,0.07568246
High,0.074637085
20_day_std,0.06986562
MACD_signal,0.06627945
Close,0.064473405
MACD,0.0629088
daily_return,0.05890563
Volume,0.056687012
Low,0.056225378
BB_lower,0.055695046
20_day_ma,0.052262362
BB_upper,0.050953247
RSI_14,0.04871014
10_day_ma,0.045086224
volatility_10,0.04336781
5_day_ma,0.039329857
