Feature,Importance
Open,0.07881178
10_day_ma,0.07298501
20_day_ma,0.06206714
5_day_ma,0.060751252
Low,0.06042422
volatility_10,0.060264457
BB_upper,0.059961382
volume_change,0.05875863
MACD,0.05822801
Close,0.057276327
Volume,0.05622596
High,0.055178393
MACD_signal,0.054558244
RSI_14,0.052343547
daily_return,0.05223078
20_day_std,0.050810993
BB_lower,0.04912383
