Feature,Importance
BB_upper,0.07027521
MACD,0.068041295
RSI_14,0.06468702
Volume,0.06299557
20_day_ma,0.06220122
High,0.06192785
Close,0.06189439
BB_lower,0.06180569
volume_change,0.058687177
MACD_signal,0.0571485
volatility_10,0.05544157
daily_return,0.05538457
5_day_ma,0.05530209
10_day_ma,0.055276047
Low,0.05523183
20_day_std,0.049391296
Open,0.044308703
