Feature,Importance
Close,0.07465745
10_day_ma,0.07381439
20_day_ma,0.072762266
High,0.07197511
BB_lower,0.0665765
5_day_ma,0.064719826
20_day_std,0.06071893
Low,0.05901492
volume_change,0.05800191
RSI_14,0.05463402
MACD,0.05363824
volatility_10,0.05334543
Volume,0.051732514
BB_upper,0.04979031
daily_return,0.048230376
MACD_signal,0.045114867
Open,0.041272998
