Feature,Importance
5_day_ma,0.0717917
volume_change,0.068642326
20_day_ma,0.062361076
MACD,0.062160138
daily_return,0.061399955
High,0.061206765
volatility_10,0.06061841
10_day_ma,0.058555465
20_day_std,0.058036774
Low,0.05779338
Open,0.057542134
RSI_14,0.057089448
Close,0.05702516
Volume,0.055888046
BB_upper,0.05325624
MACD_signal,0.048462145
BB_lower,0.048170827
