Feature,Importance
Low,0.074748546
Close,0.07199599
20_day_std,0.07158989
Open,0.06928458
High,0.06880244
BB_upper,0.06505308
BB_lower,0.06170248
MACD_signal,0.059072983
MACD,0.053987812
daily_return,0.052269716
20_day_ma,0.05145537
volume_change,0.051352922
10_day_ma,0.051038105
RSI_14,0.05008284
volatility_10,0.049793817
Volume,0.04957693
5_day_ma,0.04819252
