Feature,Importance
Close,0.09686586
Low,0.080311425
Open,0.07291686
5_day_ma,0.07114624
MACD_signal,0.0670487
MACD,0.06431217
20_day_ma,0.061966304
RSI_14,0.059962455
BB_upper,0.056903627
High,0.049618337
10_day_ma,0.04907429
BB_lower,0.047783945
volume_change,0.04666598
daily_return,0.045977246
volatility_10,0.04389692
Volume,0.043009706
20_day_std,0.0425399
