Feature,Importance
MACD,0.06771555
Close,0.0657234
5_day_ma,0.065232396
Open,0.06515971
Low,0.0625646
MACD_signal,0.06121285
BB_lower,0.06106069
High,0.060242236
20_day_std,0.05956252
20_day_ma,0.058208536
daily_return,0.055201557
volatility_10,0.055172153
RSI_14,0.055014487
10_day_ma,0.054218076
volume_change,0.0539745
BB_upper,0.050803393
Volume,0.04893335
