Feature,Importance
Low,0.07462167
BB_lower,0.07396545
Open,0.073154345
20_day_std,0.06182756
20_day_ma,0.06163359
MACD_signal,0.060531694
10_day_ma,0.059543516
BB_upper,0.057166703
5_day_ma,0.056934766
MACD,0.05687416
volume_change,0.05637679
daily_return,0.055454884
Volume,0.05222093
volatility_10,0.05148875
High,0.051208325
Close,0.049702834
RSI_14,0.047293987
