Feature,Importance
Close,0.07296408
High,0.07213527
Volume,0.064222
volatility_10,0.06302175
Open,0.062350623
MACD_signal,0.061365377
BB_lower,0.060399488
RSI_14,0.058397345
daily_return,0.058204304
BB_upper,0.05812169
10_day_ma,0.0569432
volume_change,0.056202915
MACD,0.05516754
5_day_ma,0.05202925
Low,0.049698766
20_day_ma,0.049399886
20_day_std,0.04937648
