Feature,Importance
High,0.073938884
BB_lower,0.07121478
Low,0.06761634
MACD,0.063666925
20_day_ma,0.063450135
5_day_ma,0.06344667
MACD_signal,0.0629775
RSI_14,0.06017241
10_day_ma,0.059083823
Open,0.058029465
20_day_std,0.05776754
BB_upper,0.05496509
Close,0.051110964
volatility_10,0.049947143
daily_return,0.04834623
volume_change,0.04781564
Volume,0.046450432
