Feature,Importance
10_day_ma,0.09899599
volatility_10,0.08011015
Low,0.072394416
Close,0.06875191
BB_upper,0.06723485
BB_lower,0.066659264
Open,0.06337542
daily_return,0.061669793
volume_change,0.0611548
RSI_14,0.059759572
MACD,0.05777053
MACD_signal,0.051821154
20_day_std,0.047994286
Volume,0.040468983
5_day_ma,0.038923394
20_day_ma,0.03180977
High,0.031105757
