Feature,Importance
BB_upper,0.07131157
Low,0.06831321
MACD_signal,0.06656116
20_day_ma,0.065246314
High,0.06297387
volatility_10,0.061231017
RSI_14,0.059908837
volume_change,0.05823908
MACD,0.057994865
daily_return,0.057270575
20_day_std,0.05535074
Close,0.055098034
Open,0.05454464
Volume,0.05382222
10_day_ma,0.05326149
BB_lower,0.050344326
5_day_ma,0.048528124
