Feature,Importance
volume_change,0.07014813
MACD_signal,0.069705345
High,0.06898873
Low,0.068815164
10_day_ma,0.06566441
RSI_14,0.06183268
5_day_ma,0.059457403
20_day_ma,0.058139607
volatility_10,0.05792788
Close,0.057080526
BB_lower,0.05652886
Open,0.054976955
20_day_std,0.053927325
MACD,0.051755637
Volume,0.051255893
daily_return,0.049271937
BB_upper,0.044523623
