Feature,Importance
Low,0.07527936
volatility_10,0.06784687
MACD,0.06512261
5_day_ma,0.06288414
MACD_signal,0.062477868
Open,0.058400903
Volume,0.05784534
Close,0.057393137
High,0.05719836
BB_lower,0.056753755
20_day_ma,0.055963226
20_day_std,0.05530741
volume_change,0.055300903
daily_return,0.05439179
BB_upper,0.054266393
10_day_ma,0.052859694
RSI_14,0.050708175
