Feature,Importance
Open,0.077632494
MACD,0.06986113
20_day_ma,0.06700445
5_day_ma,0.063350715
BB_lower,0.06176104
volatility_10,0.061266005
Low,0.060801685
daily_return,0.056897804
volume_change,0.056226216
10_day_ma,0.056213796
20_day_std,0.054781772
MACD_signal,0.053893726
Volume,0.053601258
RSI_14,0.053166732
BB_upper,0.052014384
High,0.051437214
Close,0.05008959
