Feature,Importance
5_day_ma,0.068710424
MACD,0.0649593
20_day_std,0.063550174
RSI_14,0.063499175
High,0.061482284
Open,0.061335333
10_day_ma,0.060958505
20_day_ma,0.060279354
BB_lower,0.05893166
MACD_signal,0.057682604
volatility_10,0.057242464
volume_change,0.05694214
Close,0.055562135
daily_return,0.054737713
Volume,0.054149557
BB_upper,0.05320079
Low,0.0467764
