Feature,Importance
20_day_ma,0.08656713
High,0.07690314
20_day_std,0.06823929
10_day_ma,0.06659342
BB_lower,0.064961135
BB_upper,0.06302989
Low,0.05794329
volatility_10,0.05570388
MACD_signal,0.055681437
Close,0.0543388
RSI_14,0.053378634
volume_change,0.05286656
Volume,0.052073814
daily_return,0.048880745
5_day_ma,0.04875462
MACD,0.04839781
Open,0.04568642
