Feature,Importance
Low,0.0679881
MACD,0.06486988
BB_lower,0.062762566
20_day_std,0.061323646
High,0.061104074
20_day_ma,0.0604049
BB_upper,0.060286228
RSI_14,0.05975395
10_day_ma,0.059197884
5_day_ma,0.05877106
daily_return,0.057628945
Volume,0.056811914
Open,0.0564681
MACD_signal,0.055953205
volatility_10,0.053972255
Close,0.051602736
volume_change,0.051100474
