Feature,Importance
MACD_signal,0.0643682
Low,0.06404873
BB_lower,0.06378352
BB_upper,0.063375264
MACD,0.062611096
5_day_ma,0.06052527
High,0.059781004
daily_return,0.05932581
Volume,0.05904681
20_day_std,0.058793377
20_day_ma,0.056375988
volume_change,0.05631177
volatility_10,0.05629662
10_day_ma,0.05577042
RSI_14,0.05569166
Open,0.05291058
Close,0.050983872
