Feature,Importance
MACD_signal,0.08685674
MACD,0.07279071
Volume,0.07098179
BB_lower,0.07002199
10_day_ma,0.06858347
Open,0.06480899
5_day_ma,0.0630432
volatility_10,0.06264095
daily_return,0.060911965
20_day_std,0.056627262
volume_change,0.051773082
BB_upper,0.049713463
Low,0.04626754
Close,0.045021534
High,0.044965375
RSI_14,0.043552104
20_day_ma,0.04143987
