Feature,Importance
volume_change,0.07328302
5_day_ma,0.07160165
Low,0.07055823
daily_return,0.07014713
Volume,0.06752539
volatility_10,0.06702254
RSI_14,0.06470089
MACD,0.06468665
20_day_ma,0.060286462
Close,0.05952701
Open,0.0580643
BB_upper,0.054658856
BB_lower,0.048559
20_day_std,0.048367478
MACD_signal,0.04498184
High,0.039814144
10_day_ma,0.036215458
