Feature,Importance
High,0.067905076
volume_change,0.063853666
BB_upper,0.06240737
BB_lower,0.060858943
RSI_14,0.06066886
20_day_ma,0.060043965
Open,0.05958435
MACD_signal,0.059010256
MACD,0.058397617
10_day_ma,0.057674322
Volume,0.057471048
5_day_ma,0.056744743
20_day_std,0.056588523
daily_return,0.05646336
volatility_10,0.05616314
Low,0.055184
Close,0.050980788
