Feature,Importance
Open,0.071836405
20_day_ma,0.06886163
Close,0.06408743
MACD,0.064016424
Low,0.06220295
20_day_std,0.06019242
High,0.059956633
Volume,0.05981399
MACD_signal,0.059626766
BB_lower,0.057606064
BB_upper,0.05756527
10_day_ma,0.057496645
volume_change,0.054093495
daily_return,0.05215402
5_day_ma,0.0517063
RSI_14,0.04990042
volatility_10,0.04888308
