Feature,Importance
MACD_signal,0.06741601
High,0.06599735
BB_upper,0.06494643
Low,0.063826375
daily_return,0.062547326
volatility_10,0.06196557
MACD,0.06179059
BB_lower,0.060198605
20_day_std,0.059746508
volume_change,0.058864553
20_day_ma,0.057146527
10_day_ma,0.05681615
Close,0.05620979
5_day_ma,0.05384577
Volume,0.051869065
RSI_14,0.051097408
Open,0.045715928
