Feature,Importance
MACD_signal,0.06779017
volatility_10,0.0676139
Close,0.062900275
High,0.06247724
MACD,0.06112901
5_day_ma,0.06101592
20_day_ma,0.06079876
Low,0.06025283
BB_lower,0.059956424
Open,0.05760108
20_day_std,0.057339195
volume_change,0.056966268
RSI_14,0.055542152
10_day_ma,0.05517444
Volume,0.05391627
daily_return,0.053104877
BB_upper,0.046421215
