Feature,Importance
volatility_10,0.086285114
5_day_ma,0.07962743
MACD,0.07418552
Close,0.07253858
BB_upper,0.06761702
RSI_14,0.067461446
High,0.06586885
daily_return,0.06455292
Open,0.06451441
volume_change,0.0595967
20_day_ma,0.05678957
Low,0.05558548
Volume,0.05021351
MACD_signal,0.04127281
20_day_std,0.03938471
10_day_ma,0.028654052
BB_lower,0.025851943
