Feature,Importance
MACD,0.068185955
Open,0.0678092
volume_change,0.06713968
5_day_ma,0.06703258
Low,0.06343002
BB_lower,0.06116576
RSI_14,0.061055563
Close,0.060738966
daily_return,0.057691745
High,0.05673954
BB_upper,0.054496065
20_day_ma,0.054218624
Volume,0.05402606
volatility_10,0.053836618
10_day_ma,0.053164225
20_day_std,0.052466977
MACD_signal,0.046802446
