Feature,Importance
RSI_14,0.06696464
Open,0.064691946
Volume,0.06430928
BB_lower,0.064111575
BB_upper,0.062255636
Low,0.062049143
High,0.05941877
20_day_std,0.05911989
10_day_ma,0.059103627
volume_change,0.058810145
20_day_ma,0.058568455
MACD_signal,0.057877965
volatility_10,0.057083264
5_day_ma,0.05517547
daily_return,0.054129146
MACD,0.04990515
Close,0.04642591
