Feature,Importance
5_day_ma,0.08081133
Open,0.068119384
MACD,0.06631332
Low,0.06478339
20_day_ma,0.0644144
10_day_ma,0.061468177
Volume,0.06136728
RSI_14,0.05948691
20_day_std,0.057418264
MACD_signal,0.056826368
BB_upper,0.055672113
BB_lower,0.054639667
daily_return,0.05449694
volume_change,0.05073304
volatility_10,0.050598517
Close,0.0497564
High,0.043094512
