Feature,Importance
Low,0.07351392
RSI_14,0.06547897
BB_upper,0.0643116
BB_lower,0.06341882
10_day_ma,0.06233063
MACD,0.06129161
20_day_std,0.06103871
High,0.059434444
volume_change,0.05866762
Volume,0.055938646
20_day_ma,0.055763833
5_day_ma,0.054185927
Close,0.05412714
MACD_signal,0.05393696
volatility_10,0.05344145
daily_return,0.0526134
Open,0.050506312
