Feature,Importance
BB_upper,0.08222767
5_day_ma,0.072599374
Open,0.07160524
Close,0.06510607
10_day_ma,0.06333262
MACD,0.062171035
Low,0.061126273
volatility_10,0.059535682
20_day_ma,0.057010837
volume_change,0.05585598
daily_return,0.055536147
Volume,0.051976014
MACD_signal,0.05158509
RSI_14,0.05104129
BB_lower,0.049758676
20_day_std,0.04939668
High,0.04013526
