Feature,Importance
Open,0.08509844
20_day_ma,0.067756504
High,0.0659126
MACD_signal,0.06522538
BB_lower,0.063561544
RSI_14,0.060303178
Volume,0.059270084
daily_return,0.05805492
10_day_ma,0.05799375
MACD,0.056706145
5_day_ma,0.05403537
volatility_10,0.054004174
20_day_std,0.05321227
Close,0.052845396
volume_change,0.051702138
Low,0.04881624
BB_upper,0.04550185
