Feature,Importance
Open,0.06764869
MACD_signal,0.06743128
Close,0.06723247
Low,0.064662986
10_day_ma,0.062073365
High,0.061422393
BB_lower,0.060912047
5_day_ma,0.06040139
Volume,0.060123242
BB_upper,0.059259195
MACD,0.057926096
20_day_ma,0.055798367
daily_return,0.053810902
RSI_14,0.05196009
volatility_10,0.051670127
volume_change,0.050994527
20_day_std,0.046672933
