Feature,Importance
Low,0.073861375
MACD,0.071415134
BB_upper,0.0684754
Close,0.062579006
Volume,0.061001286
Open,0.059828904
volume_change,0.057589278
5_day_ma,0.05699824
RSI_14,0.056851722
20_day_std,0.05614975
MACD_signal,0.05607833
BB_lower,0.05604783
10_day_ma,0.0559627
volatility_10,0.054096315
daily_return,0.053095154
20_day_ma,0.05120469
High,0.048764758
