Feature,Importance
10_day_ma,0.07271856
BB_upper,0.06718483
MACD_signal,0.06495746
BB_lower,0.064335614
20_day_ma,0.06428602
volume_change,0.06416711
MACD,0.062002018
High,0.059137966
Close,0.057234637
5_day_ma,0.05673292
volatility_10,0.056324247
Low,0.055868495
20_day_std,0.054973405
Volume,0.05478584
daily_return,0.051279336
RSI_14,0.048213754
Open,0.045797784
