Feature,Importance
BB_lower,0.07002947
20_day_ma,0.06632344
volume_change,0.06596213
MACD_signal,0.061753448
High,0.06022488
MACD,0.06001102
RSI_14,0.05960723
Open,0.059484523
Low,0.058013897
daily_return,0.057264823
volatility_10,0.057251602
Close,0.05592856
20_day_std,0.055902395
Volume,0.055133663
10_day_ma,0.052690264
5_day_ma,0.052602574
BB_upper,0.051816065
