Feature,Importance
Low,0.085374
Open,0.06772124
10_day_ma,0.066676274
High,0.064212956
volume_change,0.06257864
BB_lower,0.061815258
MACD_signal,0.061400857
5_day_ma,0.058879644
BB_upper,0.058705542
20_day_ma,0.05770271
Close,0.052699953
RSI_14,0.052445874
MACD,0.05108606
volatility_10,0.050812293
20_day_std,0.05036048
daily_return,0.048831694
Volume,0.048696592
