Feature,Importance
BB_upper,0.082208835
Open,0.06524781
daily_return,0.06431004
BB_lower,0.061885748
volatility_10,0.05939268
20_day_ma,0.05900438
MACD,0.05891901
20_day_std,0.056810506
High,0.056570467
volume_change,0.05654434
10_day_ma,0.056401838
MACD_signal,0.055826556
RSI_14,0.055632208
Volume,0.054883607
5_day_ma,0.053370915
Close,0.052569304
Low,0.05042176
