Feature,Importance
volume_change,0.07069925
Close,0.06989817
20_day_std,0.06987757
Low,0.0697157
BB_lower,0.0603442
20_day_ma,0.059261147
BB_upper,0.05917083
volatility_10,0.05819171
Volume,0.05792163
10_day_ma,0.05770779
MACD,0.057071872
RSI_14,0.057047334
daily_return,0.05535619
MACD_signal,0.053904243
High,0.05220452
5_day_ma,0.04615001
Open,0.045477845
