Feature,Importance
Low,0.077091604
5_day_ma,0.07303683
Close,0.07231653
MACD_signal,0.0680036
Open,0.06577717
20_day_std,0.06318134
High,0.061370075
RSI_14,0.058905296
MACD,0.05753103
10_day_ma,0.054046724
BB_upper,0.053919222
volume_change,0.052708473
Volume,0.050929196
volatility_10,0.05040411
20_day_ma,0.04923925
daily_return,0.046903867
BB_lower,0.044635702
