Feature,Importance
Close,0.069166385
5_day_ma,0.0682997
20_day_ma,0.0670377
Low,0.06628134
MACD,0.063760825
Volume,0.062727235
High,0.061680544
BB_lower,0.060126644
daily_return,0.058369607
Open,0.05523945
20_day_std,0.05336995
volume_change,0.052620742
volatility_10,0.052617006
MACD_signal,0.05223827
BB_upper,0.052166566
10_day_ma,0.052152537
RSI_14,0.052145507
