Feature,Importance
MACD_signal,0.07117366
MACD,0.067355186
20_day_std,0.06579917
BB_lower,0.06402143
Low,0.061456952
volume_change,0.06133088
daily_return,0.05931981
Open,0.058908574
10_day_ma,0.058070667
volatility_10,0.05716983
5_day_ma,0.05669905
Close,0.055502627
20_day_ma,0.055491183
BB_upper,0.05536765
RSI_14,0.05174092
High,0.05051844
Volume,0.050073963
