Feature,Importance
MACD,0.0676475
20_day_std,0.06706919
MACD_signal,0.06576881
5_day_ma,0.06571917
High,0.06414931
BB_upper,0.06257291
RSI_14,0.061263334
daily_return,0.05847892
Low,0.056816097
10_day_ma,0.056453735
BB_lower,0.05593845
Close,0.0558036
volatility_10,0.055236883
20_day_ma,0.05310192
volume_change,0.05252411
Open,0.051971644
Volume,0.04948447
