Feature,Importance
10_day_ma,0.082490735
Low,0.08126581
BB_upper,0.06690082
5_day_ma,0.06524592
MACD,0.063850254
RSI_14,0.06353958
20_day_ma,0.060567945
MACD_signal,0.05916327
BB_lower,0.057837002
volume_change,0.05372844
Close,0.05342329
High,0.052700326
Open,0.052094795
volatility_10,0.051075608
Volume,0.049325533
daily_return,0.04486849
20_day_std,0.041922208
