Feature,Importance
Low,0.093494534
20_day_ma,0.0751438
Close,0.07221883
High,0.06905091
Volume,0.06392689
10_day_ma,0.06328026
Open,0.062140178
BB_upper,0.059650928
volume_change,0.05771553
RSI_14,0.05625615
5_day_ma,0.05611062
MACD_signal,0.05307251
MACD,0.04951356
20_day_std,0.047469966
volatility_10,0.044787496
daily_return,0.043769043
BB_lower,0.032398798
