Feature,Importance
Low,0.095785126
High,0.0820936
Open,0.06746372
10_day_ma,0.06509673
MACD,0.06194645
20_day_std,0.059654906
5_day_ma,0.057252854
volume_change,0.056815553
BB_lower,0.05524616
Volume,0.054482043
daily_return,0.05352494
20_day_ma,0.053489104
BB_upper,0.050470687
volatility_10,0.050158262
MACD_signal,0.04740459
Close,0.045128603
RSI_14,0.043986615
