Feature,Importance
Open,0.073884614
10_day_ma,0.06986355
volatility_10,0.0639906
20_day_ma,0.060537286
MACD,0.060431197
5_day_ma,0.060179055
Volume,0.059677444
volume_change,0.059543297
MACD_signal,0.05953412
BB_upper,0.059285164
RSI_14,0.05695394
BB_lower,0.05652219
daily_return,0.05479976
High,0.053018194
20_day_std,0.05301416
Low,0.05217336
Close,0.046592023
