Feature,Importance
5_day_ma,0.079925194
daily_return,0.06790699
MACD,0.06780609
10_day_ma,0.063080415
RSI_14,0.06303287
BB_lower,0.061957084
volume_change,0.060877956
Open,0.059162978
volatility_10,0.058117423
BB_upper,0.056912795
Low,0.056775358
Volume,0.05607021
20_day_ma,0.054685406
Close,0.05443031
20_day_std,0.05173294
MACD_signal,0.045048617
High,0.04247742
