Feature,Importance
Low,0.06406504
10_day_ma,0.06384191
BB_upper,0.06331565
20_day_std,0.063165225
MACD,0.06266165
20_day_ma,0.06254574
Open,0.060730636
5_day_ma,0.06068387
MACD_signal,0.060320135
RSI_14,0.059834905
volume_change,0.058118768
BB_lower,0.05664546
Volume,0.05638814
daily_return,0.05529446
High,0.05305496
volatility_10,0.051486097
Close,0.047847323
