Feature,Importance
BB_lower,0.08377601
High,0.07215685
daily_return,0.07016136
MACD_signal,0.066867344
5_day_ma,0.061957225
volatility_10,0.060703043
volume_change,0.060458172
Close,0.060389135
Volume,0.0602833
RSI_14,0.056781787
20_day_std,0.05671585
MACD,0.05584216
10_day_ma,0.05548466
BB_upper,0.052143145
Low,0.043736354
20_day_ma,0.0430734
Open,0.039470214
