Feature,Importance
RSI_14,0.06826419
Open,0.06823416
BB_lower,0.06417107
5_day_ma,0.06224066
10_day_ma,0.061074816
Close,0.06100204
High,0.060383573
Low,0.059220236
20_day_std,0.05799328
BB_upper,0.057867818
daily_return,0.057506576
Volume,0.057029206
volatility_10,0.056503374
volume_change,0.05480734
20_day_ma,0.054787416
MACD,0.05088733
MACD_signal,0.048026912
