Feature,Importance
Low,0.08760545
High,0.07819199
Close,0.07698647
MACD,0.06949507
RSI_14,0.06599966
Volume,0.061119754
Open,0.05956071
BB_upper,0.058123264
MACD_signal,0.05215619
5_day_ma,0.051830642
10_day_ma,0.051790565
BB_lower,0.051336654
volume_change,0.050745092
volatility_10,0.04876371
daily_return,0.045778245
20_day_ma,0.045476384
20_day_std,0.045040146
