Feature,Importance
BB_lower,0.07972245
MACD,0.0705082
volume_change,0.068345346
Close,0.06632428
daily_return,0.0658074
High,0.061787177
Open,0.059999567
Low,0.059604317
Volume,0.059513353
RSI_14,0.05827922
20_day_std,0.05578182
BB_upper,0.055179972
MACD_signal,0.054535076
volatility_10,0.053863928
20_day_ma,0.051900953
10_day_ma,0.046480753
5_day_ma,0.03236621
