Feature,Importance
20_day_std,0.074093536
BB_upper,0.07384095
Low,0.07360933
MACD,0.06900873
volatility_10,0.06154953
RSI_14,0.06150053
Volume,0.060743168
5_day_ma,0.060215868
volume_change,0.057937965
10_day_ma,0.05483737
daily_return,0.054759882
Close,0.05401108
BB_lower,0.05290381
MACD_signal,0.051412027
20_day_ma,0.048341725
High,0.047351636
Open,0.04388289
