Feature,Importance
volume_change,0.0740734
High,0.06321472
Low,0.062453713
RSI_14,0.06175339
volatility_10,0.06167093
MACD,0.06151722
10_day_ma,0.06101022
daily_return,0.058930654
MACD_signal,0.05881454
BB_upper,0.058017507
Volume,0.057818666
Open,0.057015106
20_day_ma,0.05560338
5_day_ma,0.05553956
20_day_std,0.054112554
Close,0.050544385
BB_lower,0.0479101
