Feature,Importance
5_day_ma,0.07319447
Open,0.06919299
High,0.06633476
daily_return,0.06441998
RSI_14,0.06437212
Low,0.062625416
10_day_ma,0.061988156
BB_upper,0.05876368
Volume,0.05725716
BB_lower,0.057052117
volatility_10,0.056022335
volume_change,0.055946123
Close,0.05503785
20_day_std,0.051974073
MACD_signal,0.04981331
20_day_ma,0.048011906
MACD,0.047993556
