Feature,Importance
10_day_ma,0.074874386
MACD,0.0718194
Close,0.06954909
20_day_ma,0.06938492
BB_lower,0.06816047
High,0.06697729
20_day_std,0.06393507
RSI_14,0.059058506
Open,0.058003075
BB_upper,0.057672657
Low,0.05609418
daily_return,0.05359799
volatility_10,0.052383177
volume_change,0.04990063
Volume,0.048498265
5_day_ma,0.047846686
MACD_signal,0.032244217
