Feature,Importance
MACD,0.06643559
RSI_14,0.065447174
volatility_10,0.06477015
20_day_ma,0.06400621
volume_change,0.063486144
5_day_ma,0.063324235
Open,0.05906233
MACD_signal,0.05878096
High,0.058753055
20_day_std,0.05714446
Close,0.056540474
BB_upper,0.05606874
10_day_ma,0.05556871
daily_return,0.05552837
BB_lower,0.05477738
Volume,0.054616425
Low,0.045689624
