Feature,Importance
10_day_ma,0.07507227
MACD,0.06866551
MACD_signal,0.06693436
RSI_14,0.064185865
daily_return,0.062192574
20_day_std,0.062188365
volatility_10,0.06201563
20_day_ma,0.05939349
volume_change,0.059240118
BB_upper,0.057945974
Open,0.05740989
Volume,0.057042006
High,0.054673716
5_day_ma,0.050736185
BB_lower,0.0501506
Low,0.046510737
Close,0.045642715
