Feature,Importance
5_day_ma,0.07412302
MACD_signal,0.07404328
High,0.06545501
20_day_std,0.065389514
BB_lower,0.06532614
Volume,0.06467307
RSI_14,0.061114687
volatility_10,0.060426462
daily_return,0.05841262
BB_upper,0.05445166
volume_change,0.0535187
20_day_ma,0.053164136
MACD,0.052678164
Open,0.05161846
Close,0.050070923
Low,0.049669616
10_day_ma,0.04586455
