Feature,Importance
Open,0.07683883
Low,0.069340184
BB_upper,0.06629861
BB_lower,0.06524541
20_day_ma,0.062405396
20_day_std,0.062267818
High,0.06146768
10_day_ma,0.060444985
Volume,0.05561979
RSI_14,0.05547558
volume_change,0.055013128
Close,0.05398929
5_day_ma,0.053799402
MACD_signal,0.052081652
volatility_10,0.0507626
daily_return,0.05059813
MACD,0.048351504
