Feature,Importance
BB_lower,0.07694978
High,0.07544923
10_day_ma,0.068758234
MACD_signal,0.06577091
MACD,0.063572966
Close,0.061509904
BB_upper,0.06042522
5_day_ma,0.0584269
Low,0.058153436
Open,0.056061488
volatility_10,0.052729115
RSI_14,0.05243123
20_day_std,0.05129569
20_day_ma,0.050535038
daily_return,0.05004845
volume_change,0.04939403
Volume,0.04848837
