Feature,Importance
High,0.074589774
10_day_ma,0.06939755
Low,0.069388814
Close,0.068474196
MACD_signal,0.066171326
BB_upper,0.064904764
BB_lower,0.06321257
Volume,0.0578748
volume_change,0.05770436
Open,0.057397563
volatility_10,0.0550326
5_day_ma,0.054444432
20_day_std,0.052880183
RSI_14,0.049887322
daily_return,0.04826592
MACD,0.047930628
20_day_ma,0.04244315
