Feature,Importance
Low,0.08229577
MACD_signal,0.08103214
volume_change,0.06997921
RSI_14,0.06512621
MACD,0.06510533
BB_upper,0.0647616
5_day_ma,0.06221706
10_day_ma,0.05917446
20_day_ma,0.054590784
High,0.054384608
Close,0.05337709
BB_lower,0.052493297
Open,0.048700828
volatility_10,0.04858298
daily_return,0.04827836
20_day_std,0.04770525
Volume,0.042195
