Feature,Importance
20_day_ma,0.08077423
High,0.07008491
BB_lower,0.06826197
10_day_ma,0.0675781
Low,0.061715007
RSI_14,0.05992683
Open,0.059655387
5_day_ma,0.058679383
20_day_std,0.058220394
Volume,0.057318285
BB_upper,0.05543444
volatility_10,0.054109566
volume_change,0.053571843
daily_return,0.051331982
Close,0.050392848
MACD_signal,0.049563978
MACD,0.043380763
