Feature,Importance
Open,0.075119235
10_day_ma,0.07414625
Low,0.06583698
volatility_10,0.0636113
Volume,0.063388534
5_day_ma,0.05912209
BB_upper,0.05746876
20_day_ma,0.057363454
MACD,0.05712255
BB_lower,0.05672442
RSI_14,0.05616703
Close,0.055774838
MACD_signal,0.053520013
High,0.053398
daily_return,0.052451897
volume_change,0.052030377
20_day_std,0.046754286
