Feature,Importance
MACD,0.06892957
Low,0.066359855
BB_upper,0.06444549
BB_lower,0.063438535
20_day_std,0.06321681
RSI_14,0.06089759
Open,0.058548342
High,0.057779364
20_day_ma,0.057047673
5_day_ma,0.056921486
Close,0.056468263
MACD_signal,0.055894766
volatility_10,0.055795763
daily_return,0.054842558
volume_change,0.054659273
Volume,0.05329707
10_day_ma,0.051457573
