Feature,Importance
High,0.075017676
BB_upper,0.072975576
Low,0.066569895
MACD,0.06382269
MACD_signal,0.06279524
RSI_14,0.06174215
Close,0.059637457
20_day_ma,0.05870274
Open,0.057848345
20_day_std,0.055186782
volatility_10,0.054285455
volume_change,0.0541198
10_day_ma,0.053676564
BB_lower,0.053640842
daily_return,0.05297081
Volume,0.052780543
5_day_ma,0.04422745
