Feature,Importance
Open,0.06510753
20_day_ma,0.06400762
BB_lower,0.06398216
MACD,0.063831344
Low,0.063167945
BB_upper,0.062037103
volume_change,0.06011149
Close,0.059244327
High,0.05857197
10_day_ma,0.05829679
20_day_std,0.057015836
MACD_signal,0.056902476
5_day_ma,0.056699727
daily_return,0.05426673
volatility_10,0.053617105
RSI_14,0.053204663
Volume,0.04993512
