Feature,Importance
Low,0.07163409
High,0.063877866
BB_lower,0.063873746
20_day_ma,0.06339343
daily_return,0.06291432
volume_change,0.061101384
RSI_14,0.059696656
MACD,0.05947877
Volume,0.058391456
BB_upper,0.058332015
5_day_ma,0.05774575
Close,0.05668372
MACD_signal,0.054805826
20_day_std,0.05472195
10_day_ma,0.052795976
Open,0.05095857
volatility_10,0.04959444
