Feature,Importance
Low,0.08971112
10_day_ma,0.08296544
20_day_std,0.07150237
Close,0.07143899
High,0.07068988
BB_lower,0.06634795
BB_upper,0.06280584
Open,0.059901103
MACD_signal,0.057168365
volatility_10,0.05616172
volume_change,0.050331432
RSI_14,0.049601324
daily_return,0.04750411
MACD,0.04664097
Volume,0.040424332
20_day_ma,0.04008929
5_day_ma,0.036715746
