Feature,Importance
20_day_ma,0.08357504
10_day_ma,0.08229372
Close,0.07084222
Open,0.06917102
MACD_signal,0.064627886
Volume,0.057932436
BB_upper,0.056809265
daily_return,0.05661077
RSI_14,0.056090333
volatility_10,0.054308366
MACD,0.053656932
High,0.051044546
20_day_std,0.049549162
Low,0.04937579
volume_change,0.049295757
5_day_ma,0.04752497
BB_lower,0.047291763
