Feature,Importance
20_day_std,0.06432791
MACD,0.06423015
volatility_10,0.062048543
10_day_ma,0.061229885
BB_lower,0.06066229
BB_upper,0.059327133
20_day_ma,0.058568683
Volume,0.058531668
MACD_signal,0.058421094
5_day_ma,0.058132354
Open,0.05811331
volume_change,0.05757367
Low,0.057539213
RSI_14,0.057424862
Close,0.0562184
High,0.05452934
daily_return,0.05312142
