Feature,Importance
BB_upper,0.07082595
daily_return,0.07074099
Volume,0.07002021
5_day_ma,0.066636495
Low,0.06377718
20_day_std,0.060409002
MACD_signal,0.05721118
High,0.05636783
MACD,0.05563751
Open,0.055623718
BB_lower,0.055355914
10_day_ma,0.055248905
volume_change,0.05423149
RSI_14,0.05404079
Close,0.051538683
volatility_10,0.051337138
20_day_ma,0.05099699
