Feature,Importance
20_day_ma,0.07195363
Low,0.06572609
BB_upper,0.06407707
MACD,0.06362166
RSI_14,0.06302279
5_day_ma,0.062440455
High,0.060019396
daily_return,0.059257697
volume_change,0.058985204
volatility_10,0.05746461
MACD_signal,0.056791104
20_day_std,0.056584563
Volume,0.055953015
10_day_ma,0.055323932
Close,0.053782444
BB_lower,0.052349575
Open,0.042646702
