Feature,Importance
BB_upper,0.07405616
daily_return,0.07214187
Open,0.06454228
5_day_ma,0.06303071
BB_lower,0.062802956
20_day_ma,0.062340472
20_day_std,0.060580075
volume_change,0.05892331
Low,0.05817644
MACD_signal,0.05670137
High,0.05566676
volatility_10,0.055094622
MACD,0.054335807
10_day_ma,0.053774282
RSI_14,0.0508936
Volume,0.04937758
Close,0.047561735
