Feature,Importance
BB_upper,0.069205
MACD,0.06474987
High,0.06287472
Low,0.060836185
BB_lower,0.0607057
10_day_ma,0.0604874
volume_change,0.059418183
20_day_std,0.058712374
MACD_signal,0.05835379
5_day_ma,0.057948124
Open,0.057213932
RSI_14,0.056998335
Volume,0.056333173
daily_return,0.05597073
20_day_ma,0.05435217
volatility_10,0.054036014
Close,0.051804226
