Feature,Importance
10_day_ma,0.07991579
20_day_ma,0.06975075
Open,0.066124156
MACD_signal,0.065648854
volatility_10,0.064708255
5_day_ma,0.060446836
Close,0.05941511
Low,0.059127696
BB_lower,0.058026813
High,0.05765478
daily_return,0.056599878
20_day_std,0.056599133
RSI_14,0.053241305
MACD,0.052602462
Volume,0.049321458
volume_change,0.045414943
BB_upper,0.045401767
