Feature,Importance
20_day_ma,0.068297274
MACD,0.06635889
MACD_signal,0.06552905
Open,0.06492321
10_day_ma,0.06388443
volatility_10,0.06295733
daily_return,0.06275539
Close,0.058711194
BB_lower,0.057324883
High,0.056010865
Low,0.05581127
RSI_14,0.0545391
5_day_ma,0.054402232
20_day_std,0.054114476
volume_change,0.052329604
BB_upper,0.051677883
Volume,0.050372835
