Feature,Importance
BB_upper,0.070248835
daily_return,0.06681177
High,0.06579672
10_day_ma,0.064525984
Volume,0.06382238
MACD,0.063358575
5_day_ma,0.062172163
20_day_std,0.06053927
Open,0.059440598
BB_lower,0.05700713
volatility_10,0.054386966
volume_change,0.05397848
Low,0.05342602
RSI_14,0.052699633
MACD_signal,0.05231462
20_day_ma,0.051381525
Close,0.04808928
