Feature,Importance
BB_upper,0.073121816
Volume,0.0657617
MACD,0.06357529
5_day_ma,0.0622281
20_day_ma,0.061919127
MACD_signal,0.06139784
volatility_10,0.06072232
High,0.060223803
RSI_14,0.0597049
20_day_std,0.05953591
Low,0.05677827
BB_lower,0.0562942
volume_change,0.05487257
daily_return,0.054310616
10_day_ma,0.05100291
Open,0.05047955
Close,0.04807107
