Feature,Importance
Volume,0.07515355
MACD,0.07005669
20_day_std,0.06525145
20_day_ma,0.06458034
volume_change,0.06364734
BB_upper,0.06293248
Close,0.06099817
volatility_10,0.060723677
RSI_14,0.059927527
MACD_signal,0.058271486
High,0.056708068
BB_lower,0.056682307
5_day_ma,0.055659782
daily_return,0.048750248
10_day_ma,0.04867113
Low,0.046707265
Open,0.045278523
