Feature,Importance
High,0.07512062
10_day_ma,0.06880733
20_day_ma,0.06601522
Open,0.064083554
5_day_ma,0.06180475
Low,0.061550453
20_day_std,0.0614562
RSI_14,0.059317045
Volume,0.058668
BB_upper,0.057419486
BB_lower,0.057369586
volume_change,0.0559771
daily_return,0.055862866
MACD,0.05104497
MACD_signal,0.049461994
volatility_10,0.048443295
Close,0.04759749
