Feature,Importance
High,0.07655327
BB_lower,0.06631043
MACD,0.06373482
RSI_14,0.06358903
Low,0.0634416
10_day_ma,0.062222224
5_day_ma,0.060407043
Close,0.059542425
20_day_std,0.05900027
volume_change,0.058017086
daily_return,0.057667166
Open,0.057156272
volatility_10,0.055512294
Volume,0.050845657
BB_upper,0.050015427
MACD_signal,0.04865175
20_day_ma,0.047333255
