Feature,Importance
20_day_ma,0.074634835
BB_upper,0.06976386
MACD_signal,0.067050606
High,0.06528809
RSI_14,0.06381521
volatility_10,0.06342233
5_day_ma,0.061613373
volume_change,0.060657598
daily_return,0.05842001
BB_lower,0.05725964
Volume,0.05554764
Low,0.055323247
Close,0.05517552
10_day_ma,0.052843835
MACD,0.050150238
20_day_std,0.04467379
Open,0.04436022
