Feature,Importance
BB_upper,0.071800485
BB_lower,0.068278015
Open,0.06682855
20_day_std,0.066164315
RSI_14,0.06238162
Low,0.06105273
volatility_10,0.060719732
MACD_signal,0.060348652
daily_return,0.05904856
MACD,0.0580245
Volume,0.05661331
volume_change,0.055685394
High,0.05348889
Close,0.05250382
20_day_ma,0.050088335
5_day_ma,0.049811374
10_day_ma,0.04716174
