Feature,Importance
Low,0.08615749
5_day_ma,0.07217615
High,0.065286145
RSI_14,0.06487925
volume_change,0.06344351
MACD_signal,0.062334374
volatility_10,0.061117135
10_day_ma,0.058506
daily_return,0.057408337
Open,0.05641245
BB_upper,0.054550532
20_day_std,0.054244444
BB_lower,0.051721644
MACD,0.049587853
Close,0.04926906
Volume,0.048231658
20_day_ma,0.04467392
