Feature,Importance
Low,0.07923778
20_day_ma,0.065811634
RSI_14,0.06508646
BB_lower,0.061919976
BB_upper,0.060335968
20_day_std,0.058499303
Close,0.058064297
volume_change,0.05725068
daily_return,0.056738425
10_day_ma,0.05606083
5_day_ma,0.055671625
Volume,0.055662867
MACD,0.055492554
Open,0.055171262
volatility_10,0.05408776
High,0.05348157
MACD_signal,0.051426925
