Feature,Importance
10_day_ma,0.07408516
Open,0.069991186
20_day_ma,0.06667847
BB_lower,0.06478617
daily_return,0.06391286
High,0.06277175
RSI_14,0.061137423
volatility_10,0.05903297
Close,0.058645032
MACD_signal,0.057801038
Volume,0.05716391
BB_upper,0.055915
20_day_std,0.055181373
Low,0.05472467
MACD,0.05048064
volume_change,0.050161246
5_day_ma,0.037531015
