Feature,Importance
High,0.06922927
volatility_10,0.06708514
20_day_ma,0.06618897
MACD,0.06406303
BB_upper,0.063938394
BB_lower,0.06277453
20_day_std,0.062194094
Close,0.059784874
5_day_ma,0.05891501
volume_change,0.058491096
10_day_ma,0.057862744
Volume,0.05654805
Open,0.055775143
Low,0.04996026
RSI_14,0.049268782
MACD_signal,0.049075127
daily_return,0.04884547
