Feature,Importance
High,0.066205986
Open,0.06550359
10_day_ma,0.064307
MACD_signal,0.06370188
BB_upper,0.06109034
daily_return,0.060098767
BB_lower,0.05991424
Low,0.0585984
20_day_std,0.05792986
RSI_14,0.057611737
MACD,0.05734785
volatility_10,0.057336267
5_day_ma,0.05711443
Volume,0.05554098
Close,0.054338656
20_day_ma,0.05324263
volume_change,0.050117396
