Feature,Importance
Low,0.083517954
Close,0.07855421
BB_upper,0.07168227
High,0.07110774
volatility_10,0.06458492
20_day_std,0.063426435
Open,0.063186236
BB_lower,0.05724354
5_day_ma,0.057175484
daily_return,0.055994444
volume_change,0.052549668
MACD_signal,0.052036434
Volume,0.051104132
MACD,0.050609585
10_day_ma,0.04700077
RSI_14,0.041020554
20_day_ma,0.039205585
