Feature,Importance
Open,0.073252745
RSI_14,0.07062904
BB_upper,0.06780916
High,0.065269895
Close,0.063356146
daily_return,0.059770368
10_day_ma,0.058832567
BB_lower,0.058329716
MACD,0.057236046
MACD_signal,0.055684574
20_day_ma,0.055229828
volatility_10,0.0541435
Low,0.0541304
20_day_std,0.05278387
volume_change,0.051694818
Volume,0.051665045
5_day_ma,0.050182354
