Feature,Importance
MACD,0.07100034
High,0.07027702
Low,0.06911161
BB_lower,0.06873334
daily_return,0.062192395
volume_change,0.06139076
MACD_signal,0.06079619
5_day_ma,0.060061436
RSI_14,0.059998102
Close,0.05942322
20_day_std,0.058530204
10_day_ma,0.05520177
volatility_10,0.05386531
Volume,0.050476715
Open,0.04867898
BB_upper,0.045693703
20_day_ma,0.04456888
