Feature,Importance
20_day_std,0.070450336
Close,0.06835887
10_day_ma,0.068342574
volatility_10,0.06565651
volume_change,0.0640673
BB_upper,0.061078917
MACD,0.060222723
BB_lower,0.059338342
Low,0.05933799
20_day_ma,0.05892766
5_day_ma,0.05748612
daily_return,0.055849284
High,0.05490907
MACD_signal,0.052494198
Volume,0.052226305
RSI_14,0.04605181
Open,0.045202
