Feature,Importance
volatility_10,0.10753873
5_day_ma,0.08267831
High,0.06965687
RSI_14,0.063976064
BB_lower,0.060252726
20_day_ma,0.057175063
BB_upper,0.055173
volume_change,0.054417644
Close,0.05365302
20_day_std,0.053061236
Volume,0.052648272
MACD_signal,0.052596487
Low,0.051763676
daily_return,0.051139064
MACD,0.0492581
10_day_ma,0.042560227
Open,0.04245145
