Feature,Importance
10_day_ma,0.07199035
MACD,0.07075211
MACD_signal,0.068919025
RSI_14,0.06473802
20_day_std,0.06259582
High,0.06083742
BB_upper,0.05914994
Open,0.05911598
daily_return,0.058633946
volatility_10,0.05764965
Volume,0.055354156
BB_lower,0.05406451
5_day_ma,0.05373771
Low,0.053257782
volume_change,0.052785307
20_day_ma,0.052331213
Close,0.04408706
