Feature,Importance
BB_upper,0.067995965
Low,0.066954836
Open,0.06685092
daily_return,0.0664352
20_day_std,0.063265406
Volume,0.062433716
5_day_ma,0.06056887
volume_change,0.05908073
10_day_ma,0.05875626
MACD,0.05768221
20_day_ma,0.056299828
RSI_14,0.05571199
volatility_10,0.054436244
High,0.05351239
Close,0.05122971
MACD_signal,0.049559124
BB_lower,0.049226597
