Feature,Importance
10_day_ma,0.084675714
Low,0.07686908
Open,0.068487994
Close,0.064309545
MACD,0.06041929
volume_change,0.058745436
High,0.05859396
BB_lower,0.057197303
RSI_14,0.054288987
MACD_signal,0.053894617
daily_return,0.053758916
BB_upper,0.05291573
20_day_std,0.051980074
Volume,0.051734008
5_day_ma,0.051604755
20_day_ma,0.050539434
volatility_10,0.04998514
