Feature,Importance
10_day_ma,0.07120268
Low,0.06929547
High,0.06723552
Open,0.065205246
20_day_ma,0.060687046
MACD,0.05856351
RSI_14,0.058190115
volatility_10,0.058131676
BB_lower,0.05796022
Volume,0.057849433
MACD_signal,0.056546286
Close,0.055542942
BB_upper,0.054931123
daily_return,0.054864455
5_day_ma,0.053611923
volume_change,0.051791646
20_day_std,0.048390694
