Feature,Importance
MACD_signal,0.071607284
Low,0.063924424
Open,0.063122034
20_day_std,0.062163834
BB_lower,0.061408404
volume_change,0.060832694
5_day_ma,0.060543098
BB_upper,0.059502378
MACD,0.05885448
Volume,0.0564315
daily_return,0.05610066
RSI_14,0.05544618
20_day_ma,0.055414163
volatility_10,0.055393238
High,0.05351787
10_day_ma,0.053432763
Close,0.052305136
