Feature,Importance
20_day_std,0.06995565
RSI_14,0.06633268
BB_lower,0.0660788
20_day_ma,0.0625352
MACD_signal,0.059839975
Low,0.059268236
daily_return,0.05883536
volatility_10,0.05883111
High,0.057739936
5_day_ma,0.057686478
Close,0.057673585
Open,0.057579376
BB_upper,0.05675302
volume_change,0.056336556
10_day_ma,0.051996265
Volume,0.051289253
MACD,0.051268492
