Feature,Importance
Open,0.07377926
5_day_ma,0.06264279
Low,0.062108677
RSI_14,0.061714403
daily_return,0.060865723
20_day_ma,0.059281375
MACD_signal,0.059277818
BB_upper,0.05836147
20_day_std,0.05830713
volatility_10,0.057514947
volume_change,0.057010565
High,0.056870915
10_day_ma,0.056592446
BB_lower,0.05648508
MACD,0.055165213
Volume,0.053853244
Close,0.050168928
