Feature,Importance
5_day_ma,0.082882896
Low,0.07131632
20_day_std,0.06665795
MACD_signal,0.06570513
10_day_ma,0.06455721
BB_upper,0.06433327
daily_return,0.059888836
volatility_10,0.05973469
RSI_14,0.059465215
Volume,0.05709961
High,0.055997077
BB_lower,0.054537725
MACD,0.05351046
20_day_ma,0.051125906
volume_change,0.04998674
Open,0.044777952
Close,0.038422994
