Feature,Importance
20_day_ma,0.06601096
10_day_ma,0.06600224
MACD_signal,0.06540264
BB_lower,0.06510724
MACD,0.06414252
volatility_10,0.06332292
Volume,0.06314032
BB_upper,0.0597898
20_day_std,0.058957193
5_day_ma,0.058259174
volume_change,0.05806976
Low,0.05345653
daily_return,0.052825365
RSI_14,0.052232496
High,0.051975768
Open,0.051439703
Close,0.049865313
