Feature,Importance
volatility_10,0.08156098
RSI_14,0.07481101
MACD,0.06976331
Open,0.06953413
MACD_signal,0.06743535
Close,0.06577403
Volume,0.062045407
20_day_std,0.060053777
Low,0.05679418
5_day_ma,0.05662491
volume_change,0.055649944
20_day_ma,0.053991206
High,0.05191896
daily_return,0.050386585
BB_upper,0.05036843
BB_lower,0.03974708
10_day_ma,0.033540796
