Feature,Importance
MACD,0.07432659
MACD_signal,0.072465144
Low,0.069828466
Open,0.06472473
volume_change,0.06277481
BB_upper,0.061230324
BB_lower,0.060538314
5_day_ma,0.06042233
Close,0.05885143
Volume,0.055641145
RSI_14,0.05441842
10_day_ma,0.054122232
High,0.052448962
volatility_10,0.051861256
20_day_std,0.051465124
20_day_ma,0.047473952
daily_return,0.04740672
