Feature,Importance
MACD,0.06736825
10_day_ma,0.06568086
High,0.06442677
MACD_signal,0.06397101
Low,0.062482562
volatility_10,0.06195387
Close,0.060989667
BB_lower,0.060806215
20_day_ma,0.059811383
5_day_ma,0.05884368
BB_upper,0.05747162
Volume,0.05717707
daily_return,0.056567457
RSI_14,0.05216247
volume_change,0.051314164
20_day_std,0.050245322
Open,0.048727583
