Feature,Importance
BB_upper,0.07088291
20_day_ma,0.06939552
BB_lower,0.0682827
volume_change,0.06555747
volatility_10,0.060896054
Volume,0.060099084
High,0.05966556
MACD,0.059443716
5_day_ma,0.058240432
Open,0.057454765
MACD_signal,0.057262808
Close,0.05566222
daily_return,0.05520497
RSI_14,0.052532464
Low,0.051145304
10_day_ma,0.049828578
20_day_std,0.048445392
