Feature,Importance
Open,0.07695705
Close,0.06915325
10_day_ma,0.06759366
volume_change,0.06484521
High,0.06445156
20_day_std,0.063955046
MACD,0.063215226
Volume,0.060629565
20_day_ma,0.06042002
MACD_signal,0.059327766
RSI_14,0.057689894
daily_return,0.054260187
BB_upper,0.05143238
volatility_10,0.048979476
5_day_ma,0.04742918
BB_lower,0.045061383
Low,0.044599142
