Feature,Importance
20_day_ma,0.08296335
Volume,0.07723012
BB_upper,0.06896263
High,0.066879414
volatility_10,0.0640277
BB_lower,0.063052654
10_day_ma,0.06054564
Open,0.060071994
Low,0.059992205
volume_change,0.058186177
Close,0.05523643
5_day_ma,0.050310723
daily_return,0.050159726
RSI_14,0.047606632
MACD,0.046206992
20_day_std,0.0454961
MACD_signal,0.04307158
