Feature,Importance
BB_upper,0.07217857
20_day_std,0.06806293
20_day_ma,0.06449469
Open,0.06245358
10_day_ma,0.06214507
daily_return,0.061657473
RSI_14,0.059941188
volatility_10,0.059811585
Low,0.05831202
5_day_ma,0.05684564
Close,0.056284506
Volume,0.056176815
MACD_signal,0.05479671
volume_change,0.05318931
BB_lower,0.052258275
MACD,0.050925322
High,0.050466266
