Feature,Importance
BB_upper,0.074878275
20_day_ma,0.069203764
volume_change,0.06765802
Low,0.06590109
5_day_ma,0.06393431
MACD_signal,0.06208823
daily_return,0.060692325
RSI_14,0.060491294
High,0.059747078
Close,0.058969975
20_day_std,0.058103558
10_day_ma,0.056852546
MACD,0.05673629
Open,0.05148169
BB_lower,0.046650432
volatility_10,0.04661091
Volume,0.040000215
