Feature,Importance
Low,0.069207154
BB_upper,0.068001516
RSI_14,0.06319486
BB_lower,0.06302652
20_day_ma,0.06277198
20_day_std,0.06201728
Close,0.06068715
5_day_ma,0.060276456
10_day_ma,0.058694884
Volume,0.055977147
MACD_signal,0.055275984
volatility_10,0.054438807
MACD,0.054352313
daily_return,0.054239694
volume_change,0.054162417
High,0.052384295
Open,0.051291566
