Feature,Importance
High,0.068821505
Low,0.0681285
5_day_ma,0.065593675
MACD,0.06465566
BB_lower,0.063218385
Volume,0.061392777
10_day_ma,0.060929265
BB_upper,0.060347773
20_day_std,0.05963029
Close,0.05830433
MACD_signal,0.055557515
20_day_ma,0.055547852
Open,0.054245304
RSI_14,0.05314903
daily_return,0.05207608
volume_change,0.05160654
volatility_10,0.046795607
