Feature,Importance
Low,0.06784588
MACD,0.06578868
BB_upper,0.06389344
Close,0.06350818
20_day_ma,0.063211195
20_day_std,0.063013226
High,0.06287992
BB_lower,0.06038838
5_day_ma,0.060135584
RSI_14,0.05910912
10_day_ma,0.056721106
volatility_10,0.054071266
MACD_signal,0.0539198
Open,0.05376809
daily_return,0.05293142
volume_change,0.052392088
Volume,0.04642268
