Feature,Importance
MACD_signal,0.07008136
BB_lower,0.064860575
20_day_ma,0.06480737
Volume,0.06371378
volatility_10,0.06367168
10_day_ma,0.06224723
20_day_std,0.061642442
Open,0.060757577
MACD,0.06045122
BB_upper,0.059238773
5_day_ma,0.05676028
daily_return,0.055934977
RSI_14,0.053776015
High,0.053020418
Low,0.05200548
volume_change,0.05088152
Close,0.04614924
