Feature,Importance
Open,0.0883553
10_day_ma,0.08572267
5_day_ma,0.07796076
volatility_10,0.070974916
Low,0.0613946
BB_upper,0.058587287
volume_change,0.057879735
20_day_ma,0.054935828
MACD,0.05459051
MACD_signal,0.054412827
High,0.050068203
BB_lower,0.04972206
Close,0.04963431
RSI_14,0.048582766
Volume,0.04781411
daily_return,0.045137536
20_day_std,0.04422663
