Feature,Importance
20_day_ma,0.066726275
Low,0.06578821
volume_change,0.06366336
High,0.062430944
Open,0.061842337
BB_lower,0.061293457
BB_upper,0.06035554
MACD_signal,0.059766542
20_day_std,0.0595719
5_day_ma,0.059337366
10_day_ma,0.0580028
volatility_10,0.05656659
Close,0.05565842
daily_return,0.054252993
RSI_14,0.05388797
Volume,0.050709758
MACD,0.050145574
