Feature,Importance
5_day_ma,0.0795529
Low,0.0795378
RSI_14,0.06629194
BB_upper,0.06377404
BB_lower,0.063231304
daily_return,0.05959706
20_day_std,0.058778785
10_day_ma,0.05770841
volume_change,0.055589072
Volume,0.05507594
Open,0.0545739
volatility_10,0.054215938
High,0.053901814
20_day_ma,0.053788487
MACD,0.051731654
Close,0.047658347
MACD_signal,0.044992667
