Feature,Importance
Close,0.07446214
Low,0.07383762
High,0.06762993
Open,0.0646856
BB_upper,0.062343318
MACD,0.061583214
20_day_ma,0.060204204
20_day_std,0.057671905
BB_lower,0.055670507
10_day_ma,0.05522297
MACD_signal,0.053709615
volume_change,0.053381253
RSI_14,0.052484114
daily_return,0.052366488
Volume,0.052248865
volatility_10,0.0518489
5_day_ma,0.050649345
