Feature,Importance
MACD,0.0673723
MACD_signal,0.06508573
volatility_10,0.06314184
BB_lower,0.06208863
Open,0.061892822
daily_return,0.061212473
BB_upper,0.061086085
20_day_std,0.06096147
5_day_ma,0.059147608
Low,0.05834036
10_day_ma,0.05710592
RSI_14,0.056473892
High,0.055090353
20_day_ma,0.05435114
volume_change,0.053190656
Close,0.052429244
Volume,0.051029447
