Feature,Importance
BB_upper,0.073001504
Open,0.07148266
volatility_10,0.06391406
daily_return,0.06221054
20_day_std,0.06059987
5_day_ma,0.05951343
BB_lower,0.058394443
RSI_14,0.058351748
volume_change,0.05752289
10_day_ma,0.056399368
Low,0.05539201
20_day_ma,0.05483095
High,0.054396268
MACD,0.05432596
Volume,0.054244973
MACD_signal,0.05372217
Close,0.05169713
