Feature,Importance
Low,0.0872267
BB_lower,0.07743318
20_day_ma,0.06775925
10_day_ma,0.065187335
Close,0.062942214
volume_change,0.06111979
5_day_ma,0.060644995
20_day_std,0.060090363
RSI_14,0.05968621
daily_return,0.05346931
Open,0.053087167
High,0.052126966
MACD,0.050977312
volatility_10,0.050303157
BB_upper,0.047194064
MACD_signal,0.045946177
Volume,0.04480583
