Feature,Importance
Close,0.07369484
Low,0.07226176
High,0.067862175
20_day_std,0.06730283
BB_upper,0.066148676
BB_lower,0.06398831
MACD_signal,0.06251149
Open,0.06184358
daily_return,0.054219976
10_day_ma,0.053677388
volume_change,0.053646848
5_day_ma,0.05283876
RSI_14,0.052597787
Volume,0.05209727
20_day_ma,0.04988278
volatility_10,0.047832064
MACD,0.04759343
