Feature,Importance
10_day_ma,0.07943238
High,0.07710566
20_day_ma,0.071990244
MACD,0.07071227
Low,0.06890899
MACD_signal,0.062131554
Close,0.05940111
20_day_std,0.05930922
Open,0.057218317
volatility_10,0.05614844
RSI_14,0.054217618
daily_return,0.05182184
Volume,0.04909358
5_day_ma,0.046764173
BB_upper,0.04617876
BB_lower,0.045771662
volume_change,0.04379423
