Feature,Importance
MACD,0.06650403
High,0.06572575
BB_upper,0.06469013
BB_lower,0.06415224
10_day_ma,0.06400687
20_day_ma,0.06365947
5_day_ma,0.06352088
Close,0.060441695
Volume,0.057289045
MACD_signal,0.056999106
volume_change,0.055113018
RSI_14,0.05507433
daily_return,0.054400068
Open,0.05422358
Low,0.053616203
20_day_std,0.052887328
volatility_10,0.04769625
