Feature,Importance
Low,0.069952905
BB_upper,0.06902291
RSI_14,0.066713825
BB_lower,0.064320825
volume_change,0.06394812
MACD,0.06255376
20_day_std,0.061591256
Close,0.060969617
Open,0.058751922
High,0.058558416
20_day_ma,0.0574386
daily_return,0.054727014
MACD_signal,0.053955
10_day_ma,0.053303175
volatility_10,0.05184858
Volume,0.04636941
5_day_ma,0.045974623
