Feature,Importance
BB_lower,0.06989546
High,0.06485344
Close,0.0642555
Low,0.0638637
Open,0.06295331
20_day_ma,0.0625982
volume_change,0.058834035
5_day_ma,0.058438607
RSI_14,0.058368497
MACD_signal,0.056741264
BB_upper,0.056670107
10_day_ma,0.056483254
20_day_std,0.05555014
Volume,0.055054665
volatility_10,0.05410379
daily_return,0.052507196
MACD,0.048828878
