Feature,Importance
MACD,0.07110629
High,0.06919147
Close,0.06842748
Low,0.067824185
20_day_ma,0.06556082
BB_upper,0.06481674
Volume,0.061769523
BB_lower,0.05984097
volatility_10,0.057197373
daily_return,0.056145143
Open,0.054905493
20_day_std,0.051858105
MACD_signal,0.051417112
RSI_14,0.051029824
10_day_ma,0.050293736
5_day_ma,0.04952897
volume_change,0.049086753
