Feature,Importance
10_day_ma,0.07519406
Close,0.06464419
BB_lower,0.06334788
Volume,0.06310808
volatility_10,0.061440412
daily_return,0.061325293
5_day_ma,0.06128732
BB_upper,0.06112343
High,0.05996425
RSI_14,0.05858782
MACD_signal,0.05748714
20_day_ma,0.054650486
Open,0.053480357
Low,0.053432725
MACD,0.051313706
volume_change,0.05004237
20_day_std,0.049570467
