Feature,Importance
10_day_ma,0.08716666
Low,0.07890487
Open,0.078566425
5_day_ma,0.07027583
High,0.068967536
RSI_14,0.06449883
volatility_10,0.06243336
Close,0.06233595
20_day_ma,0.06115516
volume_change,0.056903336
MACD_signal,0.054116514
MACD,0.053983554
daily_return,0.04286679
20_day_std,0.04003799
Volume,0.040023655
BB_lower,0.03969811
BB_upper,0.03806554
