Feature,Importance
BB_lower,0.071145095
volatility_10,0.06903894
5_day_ma,0.06883877
Open,0.068187565
MACD,0.067720555
Close,0.06338276
RSI_14,0.060182944
20_day_std,0.057861317
BB_upper,0.057317365
Volume,0.056485005
daily_return,0.056257453
volume_change,0.054739833
High,0.054109752
10_day_ma,0.05383141
20_day_ma,0.0509574
Low,0.047084365
MACD_signal,0.042859424
