Feature,Importance
5_day_ma,0.07454543
MACD_signal,0.072687484
Low,0.0696863
volume_change,0.06777966
Open,0.06660393
20_day_std,0.063440695
daily_return,0.062204294
High,0.062153436
BB_upper,0.056700986
10_day_ma,0.05533009
MACD,0.05391255
volatility_10,0.053174987
BB_lower,0.051402085
RSI_14,0.051398665
Close,0.04952295
Volume,0.046436753
20_day_ma,0.043019693
