Feature,Importance
MACD,0.06800832
BB_lower,0.06638012
Low,0.066333294
Close,0.0646328
High,0.06254702
Open,0.062329397
BB_upper,0.05817845
20_day_ma,0.05774107
volume_change,0.057480756
MACD_signal,0.057294484
20_day_std,0.057239916
RSI_14,0.056155935
5_day_ma,0.05614348
Volume,0.05329529
daily_return,0.053230863
volatility_10,0.053000063
10_day_ma,0.050008778
