Feature,Importance
High,0.07692514
Low,0.07547623
20_day_std,0.07197501
volume_change,0.06675009
Open,0.06538359
MACD_signal,0.06449207
RSI_14,0.0620697
10_day_ma,0.06195828
Close,0.058478195
volatility_10,0.0578763
daily_return,0.055569697
5_day_ma,0.05371277
MACD,0.051970556
BB_upper,0.05007333
Volume,0.045520134
BB_lower,0.04140139
20_day_ma,0.040367514
