Feature,Importance
MACD,0.06459398
BB_lower,0.06401475
20_day_ma,0.06399682
Low,0.06202836
volume_change,0.061082784
RSI_14,0.05970972
10_day_ma,0.05969968
BB_upper,0.059400328
High,0.058969744
daily_return,0.058345966
Volume,0.058329068
20_day_std,0.058219366
Open,0.056713182
volatility_10,0.055053942
5_day_ma,0.054851003
MACD_signal,0.053964328
Close,0.051026966
