Feature,Importance
RSI_14,0.07206572
Volume,0.06855762
Close,0.06765663
BB_upper,0.065682776
High,0.06442998
volatility_10,0.06283707
MACD,0.062688686
daily_return,0.061528295
MACD_signal,0.059096392
volume_change,0.058535222
10_day_ma,0.057474747
BB_lower,0.056819312
20_day_std,0.053589057
5_day_ma,0.052717917
Open,0.047915045
Low,0.044676617
20_day_ma,0.043728832
