Feature,Importance
10_day_ma,0.0662672
RSI_14,0.06520451
5_day_ma,0.06376915
20_day_ma,0.06325907
BB_lower,0.061219376
Low,0.060828056
BB_upper,0.06081843
MACD,0.060529888
High,0.060305107
volume_change,0.057857692
MACD_signal,0.057625327
daily_return,0.05618381
Close,0.05472371
Volume,0.054156743
Open,0.052990478
volatility_10,0.052324254
20_day_std,0.05193713
