Feature,Importance
Low,0.07968681
Open,0.07679194
volatility_10,0.07237974
BB_upper,0.07031236
Close,0.06601229
20_day_ma,0.06236901
5_day_ma,0.056699846
volume_change,0.05669773
MACD_signal,0.05557109
daily_return,0.05480424
10_day_ma,0.05465873
MACD,0.052129004
BB_lower,0.051941488
High,0.049174905
RSI_14,0.04889252
20_day_std,0.048767503
Volume,0.043110758
