Feature,Importance
BB_upper,0.076552406
Low,0.07379412
volume_change,0.06590332
5_day_ma,0.06475948
High,0.06335769
Close,0.06319676
MACD_signal,0.059854265
MACD,0.057026844
10_day_ma,0.056956958
20_day_std,0.05685516
RSI_14,0.055739406
Open,0.054490767
daily_return,0.0543809
20_day_ma,0.050141703
volatility_10,0.049935114
Volume,0.049362198
BB_lower,0.04769296
