Feature,Importance
BB_lower,0.07035052
MACD_signal,0.06875227
20_day_ma,0.06678781
BB_upper,0.065781154
10_day_ma,0.06299067
volatility_10,0.062317964
20_day_std,0.06061331
Low,0.058931533
Volume,0.057578977
MACD,0.057550512
Open,0.05716766
5_day_ma,0.056345984
High,0.056253057
volume_change,0.054938927
daily_return,0.054193184
RSI_14,0.05128884
Close,0.0381576
