Feature,Importance
Close,0.06862546
20_day_ma,0.06527327
RSI_14,0.0640972
Low,0.062399648
Open,0.060943235
20_day_std,0.06091919
High,0.060902216
MACD_signal,0.05968654
volume_change,0.058353703
Volume,0.057464764
MACD,0.057445694
BB_upper,0.056749977
volatility_10,0.056350917
BB_lower,0.05560532
5_day_ma,0.053207297
daily_return,0.0521056
10_day_ma,0.049869943
