Feature,Importance
Low,0.07444973
BB_upper,0.07135077
High,0.068145216
RSI_14,0.063995466
volume_change,0.06336149
20_day_std,0.060241204
MACD,0.06010016
BB_lower,0.059588403
10_day_ma,0.058822423
daily_return,0.057731025
Close,0.056291033
MACD_signal,0.055912625
Open,0.055048205
5_day_ma,0.05401099
Volume,0.05312339
20_day_ma,0.04481303
volatility_10,0.043014813
