Feature,Importance
Volume,0.06796984
5_day_ma,0.06468581
daily_return,0.06454697
BB_upper,0.06336024
Low,0.06158012
BB_lower,0.060885772
Open,0.060685158
volatility_10,0.06011109
20_day_std,0.059197128
10_day_ma,0.05899511
MACD,0.058192797
Close,0.056496415
RSI_14,0.05611524
volume_change,0.053520817
20_day_ma,0.05221347
MACD_signal,0.051660806
High,0.04978326
