Feature,Importance
BB_upper,0.067157514
5_day_ma,0.06375535
MACD_signal,0.06365524
Close,0.06295486
20_day_std,0.062080063
Open,0.061048064
Low,0.0588029
Volume,0.05809424
MACD,0.05806509
10_day_ma,0.058040563
daily_return,0.057819158
20_day_ma,0.057414886
BB_lower,0.056061026
volume_change,0.055928096
High,0.0545907
RSI_14,0.053316902
volatility_10,0.051215343
