Feature,Importance
High,0.07027782
MACD_signal,0.068428256
daily_return,0.06697567
5_day_ma,0.06580607
Low,0.06567013
RSI_14,0.06536392
BB_lower,0.0632367
20_day_std,0.06270615
Volume,0.059132103
MACD,0.05719482
Open,0.05661878
10_day_ma,0.05485285
volatility_10,0.052951068
BB_upper,0.052258436
volume_change,0.051717423
Close,0.044248823
20_day_ma,0.042560946
