Feature,Importance
High,0.072798304
Low,0.06945759
BB_lower,0.06801648
MACD,0.06789258
Open,0.06349697
volume_change,0.06275109
daily_return,0.06080984
Close,0.0591985
Volume,0.058528543
RSI_14,0.05768933
volatility_10,0.05399055
10_day_ma,0.053965583
MACD_signal,0.05214355
5_day_ma,0.051067542
20_day_ma,0.05070586
BB_upper,0.049132988
20_day_std,0.048354685
