Feature,Importance
High,0.06866706
BB_upper,0.06695553
MACD_signal,0.063561276
Open,0.062738955
Low,0.06250849
volatility_10,0.062348247
BB_lower,0.061610747
MACD,0.06116266
volume_change,0.0601819
RSI_14,0.058341015
daily_return,0.057520352
10_day_ma,0.05729231
Close,0.056326043
5_day_ma,0.054409422
20_day_ma,0.05168822
Volume,0.047589164
20_day_std,0.047098506
