Feature,Importance
10_day_ma,0.083958365
Low,0.06780951
MACD,0.06666429
Close,0.06617724
BB_upper,0.064951226
20_day_ma,0.06350567
20_day_std,0.06343037
daily_return,0.061296638
BB_lower,0.058425788
RSI_14,0.0575582
volume_change,0.054953977
Open,0.050423473
volatility_10,0.049423996
5_day_ma,0.04836955
Volume,0.048118185
MACD_signal,0.04799625
High,0.04693727
