Feature,Importance
10_day_ma,0.086169474
High,0.0728937
Low,0.068197146
20_day_std,0.06620745
Open,0.06538066
5_day_ma,0.06407933
Close,0.060423438
MACD_signal,0.05817919
BB_lower,0.057433203
Volume,0.055716008
MACD,0.053487528
daily_return,0.051407732
RSI_14,0.050210655
volume_change,0.049099945
volatility_10,0.04832795
20_day_ma,0.047614764
BB_upper,0.045171857
