Feature,Importance
Low,0.07141106
Close,0.06280842
High,0.06272531
20_day_std,0.062542
20_day_ma,0.062157333
daily_return,0.061935112
BB_lower,0.061456636
MACD_signal,0.05911615
MACD,0.058868192
volatility_10,0.05846065
5_day_ma,0.05672987
10_day_ma,0.056721102
volume_change,0.05496888
Volume,0.054697473
BB_upper,0.054451544
RSI_14,0.051335752
Open,0.049614485
