Feature,Importance
BB_lower,0.06853417
MACD,0.063818395
BB_upper,0.06379995
Low,0.063235946
Volume,0.06264497
High,0.061238598
RSI_14,0.060848475
10_day_ma,0.060598537
Open,0.058975793
MACD_signal,0.058635052
daily_return,0.058534466
20_day_std,0.056220997
volume_change,0.056196097
20_day_ma,0.055857208
Close,0.052013602
5_day_ma,0.05123939
volatility_10,0.04760833
