Feature,Importance
Close,0.076077
High,0.07378304
MACD,0.07135111
Low,0.06695852
BB_upper,0.06537676
MACD_signal,0.06449399
5_day_ma,0.061557088
20_day_ma,0.058801904
RSI_14,0.058195397
daily_return,0.05788879
volatility_10,0.056227483
Open,0.055905413
volume_change,0.05067352
BB_lower,0.04988378
20_day_std,0.049766585
10_day_ma,0.044040024
Volume,0.0390196
