Feature,Importance
Low,0.08160851
BB_upper,0.069278516
20_day_ma,0.06631742
volume_change,0.06510197
High,0.064827316
MACD,0.06392903
RSI_14,0.06114524
5_day_ma,0.060976338
Close,0.058824494
BB_lower,0.057957496
MACD_signal,0.05672697
20_day_std,0.05521426
Open,0.05169556
daily_return,0.04940127
Volume,0.04926901
volatility_10,0.046433292
10_day_ma,0.041293334
