Feature,Importance
5_day_ma,0.0734129
MACD,0.07261418
Open,0.067055576
20_day_ma,0.06392032
BB_upper,0.0628442
MACD_signal,0.061726317
volatility_10,0.058867414
daily_return,0.058286022
Volume,0.05740408
BB_lower,0.05707254
High,0.055475555
Low,0.05489233
volume_change,0.05475923
RSI_14,0.054067668
20_day_std,0.052050278
10_day_ma,0.048251305
Close,0.047300093
