Feature,Importance
10_day_ma,0.094492994
Open,0.08216826
MACD,0.07268581
Close,0.0719776
volatility_10,0.06923234
daily_return,0.0675704
20_day_ma,0.06326527
BB_lower,0.05723117
volume_change,0.053163227
5_day_ma,0.05309342
High,0.051029287
Volume,0.050988153
20_day_std,0.046683803
BB_upper,0.045368697
Low,0.04261277
MACD_signal,0.040523436
RSI_14,0.03791343
