Feature,Importance
Open,0.08485099
volatility_10,0.07583228
High,0.07438391
Volume,0.06650259
BB_lower,0.06479274
MACD,0.064285845
Close,0.06279178
10_day_ma,0.05926595
volume_change,0.057166144
daily_return,0.056165185
20_day_std,0.05311039
5_day_ma,0.051755745
MACD_signal,0.050064627
20_day_ma,0.04881036
BB_upper,0.0479483
Low,0.04387625
RSI_14,0.03839693
