Feature,Importance
20_day_std,0.071380794
MACD,0.068799034
5_day_ma,0.06727702
Low,0.0643835
High,0.062020034
BB_lower,0.061365068
BB_upper,0.06059526
daily_return,0.05918884
RSI_14,0.058341686
volatility_10,0.058169052
Volume,0.057741925
MACD_signal,0.05723891
Open,0.05676894
20_day_ma,0.054611363
Close,0.052668795
volume_change,0.04781773
10_day_ma,0.041632075
