Feature,Importance
20_day_ma,0.070979364
10_day_ma,0.067480616
BB_upper,0.06636035
Low,0.06334227
Open,0.062458385
volume_change,0.060814247
RSI_14,0.05878064
20_day_std,0.057642333
BB_lower,0.056770977
5_day_ma,0.05668309
Close,0.056538586
daily_return,0.056386515
volatility_10,0.05543306
MACD,0.05419061
Volume,0.05398545
High,0.051980164
MACD_signal,0.050173376
