Feature,Importance
10_day_ma,0.07471506
Open,0.06923849
5_day_ma,0.062553406
High,0.0621995
volatility_10,0.06162097
MACD,0.06038545
20_day_ma,0.05927286
MACD_signal,0.05849456
BB_upper,0.057018463
Close,0.056147106
RSI_14,0.056063775
Volume,0.055322945
Low,0.055065442
daily_return,0.054269552
BB_lower,0.053191833
20_day_std,0.052279692
volume_change,0.052160915
