Feature,Importance
BB_upper,0.07168567
MACD,0.069307014
BB_lower,0.06796271
MACD_signal,0.06732061
Low,0.06366095
volatility_10,0.06089127
Close,0.058091957
10_day_ma,0.05732681
RSI_14,0.05709446
High,0.05614012
daily_return,0.055311892
volume_change,0.055284195
Open,0.05492681
20_day_std,0.053552967
20_day_ma,0.051248454
Volume,0.050627302
5_day_ma,0.04956687
