Feature,Importance
daily_return,0.06621729
Close,0.06553584
BB_lower,0.06523643
volatility_10,0.06421927
10_day_ma,0.06390646
Volume,0.06269484
20_day_std,0.062258333
20_day_ma,0.058642313
MACD_signal,0.05830224
Low,0.057760175
MACD,0.056992814
High,0.056609865
BB_upper,0.05648616
volume_change,0.052789886
RSI_14,0.052326698
Open,0.05202807
5_day_ma,0.047993306
