Feature,Importance
Open,0.08671991
Close,0.06829329
20_day_std,0.06746933
BB_upper,0.06667044
volatility_10,0.06442322
volume_change,0.060871445
MACD,0.060858015
RSI_14,0.059316464
MACD_signal,0.059048016
10_day_ma,0.05886401
5_day_ma,0.055125542
High,0.054855086
20_day_ma,0.051758125
Low,0.051438794
daily_return,0.0456168
Volume,0.044656076
BB_lower,0.044015434
