Feature,Importance
Open,0.071528114
10_day_ma,0.06762797
Volume,0.06609544
5_day_ma,0.06505915
Low,0.06472458
High,0.06252561
volatility_10,0.058485746
20_day_ma,0.058175247
volume_change,0.057082787
Close,0.056131776
MACD,0.05524316
BB_lower,0.054963026
MACD_signal,0.054128334
BB_upper,0.052499253
20_day_std,0.052214816
daily_return,0.05220262
RSI_14,0.051312294
