Feature,Importance
daily_return,0.06998978
BB_upper,0.066395506
20_day_ma,0.064934745
5_day_ma,0.06333145
Low,0.06324972
High,0.061532192
Close,0.059452515
BB_lower,0.058428183
volume_change,0.05736131
volatility_10,0.057164416
Open,0.056300286
10_day_ma,0.05487269
20_day_std,0.05486015
MACD_signal,0.05415474
MACD,0.054115646
RSI_14,0.052825622
Volume,0.05103107
