Feature,Importance
daily_return,0.071117245
Open,0.069424465
5_day_ma,0.06587089
Volume,0.06266604
Low,0.062078986
volume_change,0.061986566
volatility_10,0.060668264
Close,0.059367646
High,0.05919763
MACD,0.059011057
RSI_14,0.056371573
BB_upper,0.055166807
20_day_ma,0.05512076
20_day_std,0.053923164
BB_lower,0.050904535
MACD_signal,0.049607467
10_day_ma,0.0475169
