Feature,Importance
Close,0.074180886
10_day_ma,0.069099374
High,0.06683401
Low,0.06453957
BB_upper,0.061848763
Open,0.060911614
MACD,0.060799833
BB_lower,0.06053598
daily_return,0.059285667
RSI_14,0.05857139
20_day_ma,0.057719566
20_day_std,0.056404915
Volume,0.054533713
volume_change,0.053521805
MACD_signal,0.051509872
volatility_10,0.05108889
5_day_ma,0.038614195
