Feature,Importance
BB_lower,0.08020123
High,0.07844101
20_day_ma,0.072607465
10_day_ma,0.06884838
MACD_signal,0.06595902
Open,0.062139273
Close,0.0619018
Volume,0.05971463
20_day_std,0.05854478
BB_upper,0.05689939
RSI_14,0.055661295
Low,0.053365927
5_day_ma,0.04998057
volatility_10,0.049114093
volume_change,0.046083014
MACD,0.046043336
daily_return,0.03449481
