Feature,Importance
BB_upper,0.073581465
10_day_ma,0.070670225
5_day_ma,0.06904035
20_day_ma,0.06454583
High,0.06292025
volume_change,0.06143043
Low,0.0595041
BB_lower,0.057256147
volatility_10,0.057012968
Open,0.056615446
daily_return,0.05599
RSI_14,0.055830948
20_day_std,0.05411024
MACD,0.052336466
Volume,0.05179475
MACD_signal,0.049957838
Close,0.047402557
