Feature,Importance
High,0.071415134
Low,0.07069884
Open,0.06875626
5_day_ma,0.06835251
BB_lower,0.06542136
20_day_ma,0.06533919
Volume,0.062934995
MACD_signal,0.059303585
20_day_std,0.055754352
RSI_14,0.054227658
BB_upper,0.053695787
volume_change,0.05288588
10_day_ma,0.051679704
MACD,0.050389152
volatility_10,0.050185602
daily_return,0.049646374
Close,0.049313568
