Feature,Importance
MACD,0.07577991
20_day_ma,0.068698965
Low,0.06727767
Open,0.06503838
10_day_ma,0.061878726
BB_upper,0.061408408
Close,0.059846308
20_day_std,0.057521366
BB_lower,0.05654709
High,0.05605848
volume_change,0.056045633
volatility_10,0.05522464
daily_return,0.054040037
Volume,0.053880375
RSI_14,0.052364364
5_day_ma,0.050976202
MACD_signal,0.04741345
