Feature,Importance
Open,0.074317604
10_day_ma,0.070834264
Low,0.063402936
Volume,0.06286122
volatility_10,0.06252245
5_day_ma,0.061386034
Close,0.058716416
High,0.05827238
MACD_signal,0.057665862
20_day_ma,0.054914553
20_day_std,0.05445824
volume_change,0.053952564
BB_lower,0.053632878
daily_return,0.05360624
BB_upper,0.053511906
MACD,0.05298694
RSI_14,0.05295747
