Feature,Importance
10_day_ma,0.08172319
BB_upper,0.07098471
5_day_ma,0.067118846
volume_change,0.066214345
High,0.06346772
RSI_14,0.0629689
MACD_signal,0.06077338
Open,0.059987795
Close,0.05972407
Low,0.059234224
MACD,0.05630717
Volume,0.055797756
BB_lower,0.05286321
daily_return,0.05129413
volatility_10,0.048620027
20_day_ma,0.04385993
20_day_std,0.039060615
