Feature,Importance
Low,0.0903093
MACD_signal,0.07134021
daily_return,0.0640473
20_day_std,0.06391353
Close,0.063669465
5_day_ma,0.06181579
High,0.059689898
volatility_10,0.05681987
BB_lower,0.05655758
Volume,0.056099486
volume_change,0.055009488
BB_upper,0.053720262
RSI_14,0.05227957
10_day_ma,0.05175078
MACD,0.051349677
Open,0.049605004
20_day_ma,0.042022623
