Feature,Importance
BB_upper,0.075328276
volume_change,0.066565156
20_day_ma,0.06585952
10_day_ma,0.0650354
Volume,0.063647225
RSI_14,0.06171239
BB_lower,0.06047555
5_day_ma,0.05933265
MACD,0.05869552
High,0.05810143
Low,0.055960618
Close,0.05584203
20_day_std,0.05269376
MACD_signal,0.052461088
daily_return,0.050478704
Open,0.049091525
volatility_10,0.04871913
