Feature,Importance
Low,0.07379175
High,0.063611284
Close,0.06347007
Open,0.061602414
20_day_std,0.061189767
MACD_signal,0.060937617
volatility_10,0.058912404
5_day_ma,0.05856723
BB_lower,0.058384385
10_day_ma,0.05823719
MACD,0.057683382
RSI_14,0.055352386
Volume,0.055054437
BB_upper,0.05502866
daily_return,0.054899264
volume_change,0.052743465
20_day_ma,0.050534334
