Feature,Importance
High,0.09708258
20_day_ma,0.076118656
BB_lower,0.07415963
Open,0.07287267
5_day_ma,0.06925218
Low,0.061746407
Close,0.061129693
volatility_10,0.060087956
MACD,0.05791232
Volume,0.052429598
MACD_signal,0.051567998
daily_return,0.0511155
10_day_ma,0.046690427
volume_change,0.044636656
20_day_std,0.043041505
BB_upper,0.04067963
RSI_14,0.039476566
