Feature,Importance
volatility_10,0.07319694
10_day_ma,0.071105756
High,0.06905595
20_day_std,0.06506722
BB_lower,0.06492874
RSI_14,0.0630347
5_day_ma,0.06262904
MACD,0.057980932
BB_upper,0.057832442
Low,0.05590102
Volume,0.055668198
daily_return,0.05334022
20_day_ma,0.05291566
Open,0.051931854
Close,0.050052464
volume_change,0.04790689
MACD_signal,0.047451984
