Feature,Importance
BB_lower,0.07346595
High,0.06758867
Open,0.067017786
Close,0.06387935
20_day_ma,0.06307216
volatility_10,0.061129354
MACD_signal,0.06081338
Low,0.058264844
5_day_ma,0.057663463
MACD,0.05663448
20_day_std,0.054842003
10_day_ma,0.05473758
volume_change,0.054643072
daily_return,0.054053925
Volume,0.053141315
BB_upper,0.052153192
RSI_14,0.046899483
