Feature,Importance
20_day_ma,0.07404448
Open,0.073453955
BB_lower,0.07308997
volume_change,0.06590916
RSI_14,0.063138895
10_day_ma,0.059570886
MACD_signal,0.058971923
5_day_ma,0.058877952
Low,0.05705049
daily_return,0.056317966
volatility_10,0.05603916
Close,0.053478908
Volume,0.05272076
MACD,0.05076876
20_day_std,0.049162783
High,0.048796326
BB_upper,0.048607588
