Feature,Importance
Low,0.07817188
MACD,0.073694
5_day_ma,0.072003506
MACD_signal,0.067011304
Open,0.0626275
volatility_10,0.060770668
High,0.058731716
Volume,0.0572541
volume_change,0.056531932
BB_upper,0.055931613
20_day_std,0.055586383
Close,0.055497266
RSI_14,0.05435524
daily_return,0.053648986
10_day_ma,0.052018195
BB_lower,0.051245507
20_day_ma,0.03492016
