Feature,Importance
volume_change,0.07763689
Low,0.06724309
volatility_10,0.06474109
10_day_ma,0.064366244
BB_upper,0.06335009
5_day_ma,0.060016867
Volume,0.05980709
MACD,0.05958523
20_day_std,0.0588256
High,0.05808372
BB_lower,0.05637973
daily_return,0.05598224
20_day_ma,0.05331842
RSI_14,0.05315245
Open,0.051634558
MACD_signal,0.050989635
Close,0.044887003
