Feature,Importance
High,0.0724722
MACD,0.06557043
Close,0.06522845
Low,0.064995795
BB_lower,0.063332774
5_day_ma,0.0631041
20_day_std,0.061741263
BB_upper,0.060898732
MACD_signal,0.057314493
Open,0.05645427
daily_return,0.055818494
volatility_10,0.054888606
20_day_ma,0.053227708
10_day_ma,0.05307142
Volume,0.05120705
volume_change,0.051145256
RSI_14,0.04952898
