Feature,Importance
daily_return,0.06916672
Volume,0.06591865
Low,0.06587006
10_day_ma,0.06250623
RSI_14,0.062228616
MACD,0.061678335
5_day_ma,0.061367124
20_day_std,0.061300457
volume_change,0.060687076
Open,0.059671335
volatility_10,0.05876361
Close,0.057947993
BB_upper,0.05455995
High,0.051539447
BB_lower,0.050959386
20_day_ma,0.049702916
MACD_signal,0.046132047
