Feature,Importance
Open,0.07520921
Volume,0.074333936
Low,0.070795104
daily_return,0.06960902
5_day_ma,0.065315135
BB_upper,0.0646356
20_day_std,0.061926357
volatility_10,0.057965577
MACD_signal,0.057675175
volume_change,0.056760002
10_day_ma,0.055924796
RSI_14,0.054093014
Close,0.053497683
20_day_ma,0.050742496
BB_lower,0.047023904
High,0.042253073
MACD,0.042239867
