Feature,Importance
volatility_10,0.08506262
MACD_signal,0.07424564
RSI_14,0.07340737
MACD,0.07191436
Volume,0.060573317
20_day_std,0.060500726
volume_change,0.05942434
Close,0.05808172
Open,0.056243427
20_day_ma,0.05558562
BB_upper,0.05417899
daily_return,0.053308744
High,0.05289205
10_day_ma,0.051676486
BB_lower,0.05012142
Low,0.04587538
5_day_ma,0.036907732
