Feature,Importance
BB_upper,0.07770391
volume_change,0.075467736
Low,0.069953255
RSI_14,0.06312375
MACD,0.062207013
High,0.060729142
daily_return,0.059401665
MACD_signal,0.05812715
Close,0.057661142
10_day_ma,0.05731231
20_day_ma,0.057310235
20_day_std,0.053431038
5_day_ma,0.052148364
BB_lower,0.05199875
Open,0.050544105
volatility_10,0.046861205
Volume,0.04601921
