Feature,Importance
High,0.08604662
Close,0.07515773
MACD_signal,0.073812485
Volume,0.066715755
Open,0.064983696
20_day_ma,0.061501656
RSI_14,0.06108098
10_day_ma,0.05905227
BB_upper,0.056484137
daily_return,0.054558035
Low,0.053374026
volatility_10,0.04878649
volume_change,0.04848288
5_day_ma,0.04842942
MACD,0.047776505
BB_lower,0.047635157
20_day_std,0.046122096
