Feature,Importance
MACD,0.06605695
BB_lower,0.06581742
MACD_signal,0.06495689
Open,0.06407519
High,0.06376325
20_day_std,0.06317622
10_day_ma,0.059898455
Low,0.058961526
BB_upper,0.05860256
Close,0.058304504
RSI_14,0.056093574
20_day_ma,0.055637386
daily_return,0.05555268
Volume,0.054492302
volatility_10,0.053203158
5_day_ma,0.05225656
volume_change,0.049151372
