Feature,Importance
Open,0.06854884
volume_change,0.06541205
daily_return,0.064784154
RSI_14,0.06355518
MACD_signal,0.06276325
20_day_std,0.0597982
20_day_ma,0.0584311
volatility_10,0.058315642
Close,0.058292627
High,0.057410363
MACD,0.057223126
Low,0.05688676
BB_lower,0.056648206
BB_upper,0.053653933
5_day_ma,0.053397745
10_day_ma,0.053038772
Volume,0.051840045
