Feature,Importance
20_day_ma,0.06715658
MACD,0.063437484
Volume,0.06306323
MACD_signal,0.06264422
BB_lower,0.062093906
volume_change,0.06066504
10_day_ma,0.059132386
Close,0.058776017
BB_upper,0.058759224
Low,0.058413576
High,0.057752736
daily_return,0.057439078
20_day_std,0.05545357
5_day_ma,0.054946262
Open,0.054819908
RSI_14,0.05334022
volatility_10,0.052106563
