Feature,Importance
BB_upper,0.070038594
Low,0.06618408
10_day_ma,0.06545385
20_day_std,0.064725064
Volume,0.06279661
volatility_10,0.061075557
Close,0.060741164
daily_return,0.058052607
20_day_ma,0.057808474
volume_change,0.057095807
MACD,0.056012988
5_day_ma,0.054596476
Open,0.05363774
High,0.0530753
BB_lower,0.0530689
MACD_signal,0.053021368
RSI_14,0.05261537
