Feature,Importance
volume_change,0.06971067
High,0.06858048
daily_return,0.06492674
MACD_signal,0.06270343
20_day_ma,0.06260264
MACD,0.06133813
BB_lower,0.06087604
Low,0.058826834
RSI_14,0.0587523
Open,0.058085147
BB_upper,0.05724771
20_day_std,0.0549428
volatility_10,0.054701947
Close,0.05445253
5_day_ma,0.053110115
10_day_ma,0.049707033
Volume,0.049435377
