Feature,Importance
Open,0.08302321
Volume,0.06483884
BB_upper,0.06427646
5_day_ma,0.061351568
20_day_std,0.061138485
20_day_ma,0.06092795
Low,0.058794677
MACD_signal,0.0587854
10_day_ma,0.057840277
Close,0.057532225
volume_change,0.056592815
RSI_14,0.056083914
BB_lower,0.05411521
High,0.05393041
daily_return,0.053865273
MACD,0.048830364
volatility_10,0.048072908
