Feature,Importance
BB_upper,0.0751325
5_day_ma,0.071770296
volume_change,0.06929674
Open,0.06390979
daily_return,0.063215114
Low,0.06297997
20_day_ma,0.0608511
RSI_14,0.057386313
volatility_10,0.057022836
10_day_ma,0.055376608
High,0.054543022
Close,0.054136336
MACD,0.053886857
20_day_std,0.05366471
MACD_signal,0.052808285
Volume,0.04984278
BB_lower,0.044176795
