Feature,Importance
20_day_ma,0.07056776
High,0.065918684
RSI_14,0.06565661
BB_upper,0.064488955
Low,0.06361617
20_day_std,0.06314453
BB_lower,0.06129187
Open,0.060295165
Close,0.059364818
volume_change,0.057688482
MACD,0.057622645
MACD_signal,0.05624256
10_day_ma,0.0542312
volatility_10,0.054069214
daily_return,0.052572314
5_day_ma,0.05031336
Volume,0.042915653
