Feature,Importance
BB_lower,0.0647076
High,0.0627673
20_day_std,0.06259956
volume_change,0.062581986
Open,0.061739918
Low,0.061594673
RSI_14,0.061523575
Close,0.06007959
20_day_ma,0.05991583
MACD,0.058002684
daily_return,0.05770411
BB_upper,0.05669055
Volume,0.056418728
volatility_10,0.055725772
5_day_ma,0.053981867
MACD_signal,0.052557822
10_day_ma,0.05140848
