Feature,Importance
High,0.07539365
20_day_std,0.07433063
BB_upper,0.06888792
10_day_ma,0.06855887
5_day_ma,0.06585234
MACD_signal,0.06424411
volatility_10,0.061338887
daily_return,0.06071993
Volume,0.060586374
MACD,0.059604645
volume_change,0.05890108
BB_lower,0.055978213
RSI_14,0.052966893
Open,0.04442632
20_day_ma,0.043534677
Close,0.04319398
Low,0.04148152
