Feature,Importance
High,0.073085874
20_day_ma,0.06354677
5_day_ma,0.06273665
10_day_ma,0.061652374
Low,0.061639775
BB_upper,0.06140786
Close,0.061275966
Open,0.060768716
MACD_signal,0.05952429
BB_lower,0.058093138
volume_change,0.058030248
RSI_14,0.056878056
20_day_std,0.054175775
MACD,0.05390818
Volume,0.05163334
daily_return,0.05131915
volatility_10,0.050323825
