Feature,Importance
volatility_10,0.067958534
BB_upper,0.067204095
Low,0.063131765
Open,0.06278573
MACD,0.06141892
RSI_14,0.06127336
Volume,0.060603045
5_day_ma,0.060553685
20_day_std,0.060433384
BB_lower,0.06038839
20_day_ma,0.059315864
daily_return,0.057240188
volume_change,0.0545009
Close,0.052162018
High,0.05118719
MACD_signal,0.050530154
10_day_ma,0.049312755
