Feature,Importance
Low,0.07270568
MACD,0.06701833
RSI_14,0.0654212
BB_lower,0.06499912
volume_change,0.06496187
20_day_std,0.0645307
Close,0.06082153
Volume,0.06042147
volatility_10,0.0583187
20_day_ma,0.058237944
High,0.056990784
10_day_ma,0.056689933
5_day_ma,0.05454545
BB_upper,0.053329106
daily_return,0.04902674
MACD_signal,0.047319327
Open,0.04466213
