Feature,Importance
volatility_10,0.06541822
10_day_ma,0.065250576
Low,0.064483315
High,0.05996474
BB_lower,0.05995327
Close,0.0596904
MACD_signal,0.05926654
daily_return,0.05917213
5_day_ma,0.058863316
20_day_std,0.058169838
MACD,0.058119424
Volume,0.05766175
Open,0.057570845
BB_upper,0.055736512
RSI_14,0.054937173
20_day_ma,0.053659383
volume_change,0.0520826
