Feature,Importance
BB_lower,0.071288094
5_day_ma,0.07056528
20_day_ma,0.06687376
High,0.06650641
Low,0.06644337
MACD,0.0625313
Volume,0.060892012
Open,0.060152296
BB_upper,0.059791416
RSI_14,0.059031196
20_day_std,0.054417938
volatility_10,0.053881057
MACD_signal,0.052735023
volume_change,0.052000213
daily_return,0.051024307
10_day_ma,0.04674183
Close,0.045124494
