Feature,Importance
Low,0.07798504
Open,0.07795036
High,0.07663309
20_day_std,0.06322904
volatility_10,0.060686987
BB_upper,0.06000555
Volume,0.05801354
daily_return,0.056943107
Close,0.055360157
5_day_ma,0.055351257
BB_lower,0.05457135
MACD_signal,0.053812202
MACD,0.052528042
RSI_14,0.05067481
20_day_ma,0.050215695
10_day_ma,0.049650896
volume_change,0.046388865
