Feature,Importance
Low,0.068314895
5_day_ma,0.068159
High,0.06772725
20_day_ma,0.06668976
10_day_ma,0.064487256
MACD_signal,0.06209697
BB_upper,0.059784018
20_day_std,0.058828775
daily_return,0.05875228
MACD,0.057814848
volume_change,0.05749392
Open,0.056309693
BB_lower,0.052857146
Volume,0.052422255
volatility_10,0.051281217
Close,0.048774324
RSI_14,0.048206367
