Feature,Importance
BB_upper,0.07513563
daily_return,0.0685904
10_day_ma,0.06386126
volatility_10,0.06271
BB_lower,0.061707158
Open,0.06110409
20_day_std,0.060121227
20_day_ma,0.05914566
volume_change,0.058969747
Low,0.058716472
High,0.05815061
MACD,0.057418685
MACD_signal,0.054476257
RSI_14,0.053312227
Close,0.049657237
5_day_ma,0.04935714
Volume,0.047566224
