Feature,Importance
20_day_std,0.07223599
volume_change,0.06791466
daily_return,0.06721595
BB_lower,0.062184516
10_day_ma,0.060445562
Low,0.05999028
High,0.058900714
Volume,0.057995424
BB_upper,0.057590622
MACD,0.057335354
RSI_14,0.05724207
5_day_ma,0.05708764
20_day_ma,0.05632597
Open,0.05516744
Close,0.05233901
MACD_signal,0.05225134
volatility_10,0.047777474
