Feature,Importance
High,0.08074357
Close,0.074794404
MACD,0.070438854
20_day_ma,0.06917061
Low,0.063640974
daily_return,0.061275322
volume_change,0.06027243
MACD_signal,0.059761588
5_day_ma,0.05658575
volatility_10,0.056240126
20_day_std,0.054189246
Volume,0.053934522
BB_upper,0.05349404
RSI_14,0.049110685
BB_lower,0.047893696
Open,0.047308616
10_day_ma,0.04114559
