Feature,Importance
High,0.0832051
Low,0.0732614
BB_upper,0.067304276
Volume,0.060690746
volatility_10,0.06030175
BB_lower,0.059274238
volume_change,0.056992028
Close,0.056874108
daily_return,0.056467444
10_day_ma,0.056459393
Open,0.055656713
RSI_14,0.055562686
20_day_std,0.055482674
MACD,0.053475004
5_day_ma,0.052602805
MACD_signal,0.050314106
20_day_ma,0.04607553
