Feature,Importance
volatility_10,0.07038763
BB_upper,0.06947621
10_day_ma,0.06936491
BB_lower,0.06376666
RSI_14,0.06353573
daily_return,0.061112776
Volume,0.06089757
20_day_std,0.05965123
Open,0.058654
5_day_ma,0.05840281
Low,0.057391703
volume_change,0.056565247
20_day_ma,0.052137237
High,0.051213235
MACD,0.05002575
Close,0.048831638
MACD_signal,0.048585672
