Feature,Importance
Low,0.08220113
MACD_signal,0.07133529
Close,0.06730509
BB_upper,0.06517053
daily_return,0.061511308
5_day_ma,0.060838845
RSI_14,0.059852447
MACD,0.059389777
volume_change,0.057071593
Volume,0.056104608
20_day_std,0.05593703
BB_lower,0.053428907
20_day_ma,0.05184428
High,0.05171489
volatility_10,0.050857473
10_day_ma,0.04941262
Open,0.046024207
