Feature,Importance
Low,0.073838934
Open,0.06936396
MACD,0.064338475
High,0.062895484
20_day_ma,0.062349115
MACD_signal,0.060837105
RSI_14,0.060318477
10_day_ma,0.058816742
20_day_std,0.058499314
5_day_ma,0.058338575
volume_change,0.055795882
Close,0.054318868
BB_lower,0.05404233
Volume,0.053140562
BB_upper,0.052584086
daily_return,0.05114959
volatility_10,0.04937246
