Feature,Importance
RSI_14,0.069571145
BB_lower,0.065323584
Volume,0.06430047
BB_upper,0.062075462
High,0.06124991
5_day_ma,0.06118463
10_day_ma,0.060442433
Low,0.060408242
Open,0.059907574
daily_return,0.057565864
volatility_10,0.05718756
20_day_std,0.056722015
MACD_signal,0.056351572
volume_change,0.05539103
20_day_ma,0.054816246
MACD,0.048930213
Close,0.048572034
