Feature,Importance
High,0.08294339
MACD,0.07179378
10_day_ma,0.06852155
BB_upper,0.064153686
Low,0.06335189
Open,0.060095683
RSI_14,0.05977196
BB_lower,0.059581857
Volume,0.056054924
volume_change,0.054637853
5_day_ma,0.054279804
volatility_10,0.05419285
daily_return,0.053118356
Close,0.051604517
20_day_std,0.050909363
MACD_signal,0.050843034
20_day_ma,0.044145513
