Feature,Importance
Low,0.072868615
BB_upper,0.07009982
20_day_ma,0.06741415
volume_change,0.06613888
RSI_14,0.06483497
10_day_ma,0.060002692
20_day_std,0.05859864
High,0.057409678
BB_lower,0.057077013
5_day_ma,0.05575937
Open,0.05557408
daily_return,0.05521289
MACD,0.054839212
MACD_signal,0.05434855
Close,0.052755993
volatility_10,0.049189284
Volume,0.04787617
