Feature,Importance
Low,0.07285724
Open,0.06602638
BB_lower,0.06419613
20_day_std,0.06416859
5_day_ma,0.063398786
volume_change,0.06306555
BB_upper,0.06280921
Volume,0.062404886
RSI_14,0.061162237
daily_return,0.059036013
10_day_ma,0.057874646
volatility_10,0.05578196
20_day_ma,0.054673847
MACD_signal,0.05029958
High,0.05022621
MACD,0.04639483
Close,0.045623846
