Feature,Importance
MACD,0.07188242
20_day_std,0.064294994
5_day_ma,0.06361609
volume_change,0.06360118
Low,0.063349284
Volume,0.06128304
Open,0.061161548
BB_upper,0.059193905
MACD_signal,0.058247156
10_day_ma,0.058208946
RSI_14,0.05777441
BB_lower,0.056941483
volatility_10,0.05557675
daily_return,0.05443752
High,0.052993637
Close,0.05073418
20_day_ma,0.046703417
