Feature,Importance
Low,0.06942331
Open,0.06816075
20_day_std,0.06475973
BB_upper,0.061981563
High,0.061369456
volatility_10,0.06134083
10_day_ma,0.059918534
BB_lower,0.059812825
volume_change,0.0595756
20_day_ma,0.05843685
5_day_ma,0.057985414
MACD_signal,0.057465617
Close,0.055642232
MACD,0.053270295
Volume,0.052546743
RSI_14,0.050246157
daily_return,0.04806404
