Feature,Importance
MACD_signal,0.07280669
Low,0.07002542
Open,0.06877209
20_day_std,0.0630572
20_day_ma,0.062778346
Volume,0.061119765
volatility_10,0.060408365
BB_upper,0.059595585
BB_lower,0.059349332
MACD,0.059347976
daily_return,0.056065876
High,0.05533591
5_day_ma,0.0533015
Close,0.052453455
RSI_14,0.05187511
volume_change,0.04938778
10_day_ma,0.04431963
