Feature,Importance
20_day_ma,0.07539396
Low,0.07105826
RSI_14,0.06676525
Close,0.066472344
BB_lower,0.06516043
High,0.061437983
MACD,0.06066098
MACD_signal,0.05945576
20_day_std,0.058987893
volume_change,0.05835435
BB_upper,0.057911877
5_day_ma,0.052076783
Open,0.051281802
daily_return,0.05114921
Volume,0.050970126
volatility_10,0.050332583
10_day_ma,0.0425304
