Feature,Importance
Open,0.068045154
Low,0.06444777
20_day_std,0.06353764
5_day_ma,0.061875273
volatility_10,0.060880452
20_day_ma,0.059774123
10_day_ma,0.059148543
Volume,0.05897643
BB_lower,0.05866992
MACD_signal,0.05846119
BB_upper,0.05815249
volume_change,0.058068886
daily_return,0.05697448
High,0.056049064
MACD,0.054818884
RSI_14,0.05345464
Close,0.048665047
