Feature,Importance
Low,0.08160937
High,0.076721855
Open,0.07102148
BB_upper,0.069857165
20_day_ma,0.06756712
RSI_14,0.06546824
MACD_signal,0.062735595
volume_change,0.06205944
20_day_std,0.061860785
Close,0.05952952
daily_return,0.05475977
volatility_10,0.052527294
10_day_ma,0.052502863
Volume,0.047273472
BB_lower,0.03945146
MACD,0.038420863
5_day_ma,0.036633685
