Feature,Importance
Low,0.0752911
High,0.072130494
Open,0.0683639
BB_upper,0.06740057
Close,0.06645362
20_day_std,0.06397346
BB_lower,0.060755394
5_day_ma,0.057383526
MACD_signal,0.056022637
10_day_ma,0.05527831
20_day_ma,0.052999113
volatility_10,0.05149204
MACD,0.051419076
RSI_14,0.05118019
volume_change,0.05027397
daily_return,0.049900126
Volume,0.04968245
