Feature,Importance
20_day_std,0.07101552
Open,0.07085509
BB_lower,0.07064134
volume_change,0.06903276
BB_upper,0.06608054
20_day_ma,0.060823973
MACD_signal,0.060079828
daily_return,0.059618652
5_day_ma,0.05670089
MACD,0.056021187
Low,0.05564945
10_day_ma,0.055358082
RSI_14,0.053185046
Close,0.05192788
High,0.05128671
Volume,0.04723793
volatility_10,0.044485107
