Feature,Importance
volume_change,0.06837794
20_day_ma,0.06349337
5_day_ma,0.06336099
Low,0.06319264
Close,0.06286243
20_day_std,0.061385486
BB_upper,0.06107626
BB_lower,0.060643848
MACD_signal,0.058510732
Volume,0.057123978
High,0.05664385
RSI_14,0.056548204
MACD,0.056438066
10_day_ma,0.05408253
Open,0.053539954
volatility_10,0.052973103
daily_return,0.04974661
