Feature,Importance
Low,0.07637395
5_day_ma,0.06430248
BB_lower,0.06398647
BB_upper,0.06389537
RSI_14,0.0621783
MACD_signal,0.060313113
20_day_ma,0.060007237
10_day_ma,0.05963524
20_day_std,0.059569813
daily_return,0.056409463
High,0.054663822
Volume,0.05460327
volume_change,0.054171145
Close,0.053505667
MACD,0.053382486
volatility_10,0.052527443
Open,0.050474726
