Feature,Importance
Volume,0.07612958
BB_upper,0.072016574
Open,0.06938595
20_day_ma,0.06914807
Low,0.068507485
Close,0.06317572
volatility_10,0.06299367
MACD,0.060869865
20_day_std,0.060636103
volume_change,0.059244096
MACD_signal,0.05510771
5_day_ma,0.053247977
daily_return,0.05223387
10_day_ma,0.050600376
RSI_14,0.05010972
BB_lower,0.03841003
High,0.038183138
