Feature,Importance
20_day_ma,0.08705604
5_day_ma,0.08263784
Open,0.072275124
volatility_10,0.06725698
Volume,0.06388236
High,0.06285232
MACD_signal,0.05728807
volume_change,0.057038438
Close,0.0567315
Low,0.056470897
BB_upper,0.055351317
MACD,0.052037988
RSI_14,0.04883728
20_day_std,0.047515023
10_day_ma,0.045526084
BB_lower,0.043806653
daily_return,0.043436076
