Feature,Importance
BB_lower,0.06818869
20_day_ma,0.06592719
High,0.0628086
volume_change,0.06275661
Open,0.0621369
20_day_std,0.060733657
MACD,0.059889574
RSI_14,0.05962137
Volume,0.058170836
volatility_10,0.05628737
10_day_ma,0.056226347
Low,0.056142397
Close,0.055075124
MACD_signal,0.054869212
daily_return,0.05444567
BB_upper,0.053501256
5_day_ma,0.05321922
