Feature,Importance
20_day_std,0.06918114
Low,0.06559571
5_day_ma,0.06535067
RSI_14,0.06379145
MACD_signal,0.06294614
BB_upper,0.062336437
Open,0.059303418
Close,0.058380388
volatility_10,0.057958197
daily_return,0.056619205
High,0.05572359
Volume,0.05521643
MACD,0.055004142
BB_lower,0.0549921
20_day_ma,0.054226864
volume_change,0.052618
10_day_ma,0.050756067
