Feature,Importance
10_day_ma,0.08621071
MACD,0.08248729
Close,0.07679298
BB_upper,0.0688993
20_day_ma,0.06847384
5_day_ma,0.06585046
MACD_signal,0.06119338
Volume,0.054555513
daily_return,0.053753097
Low,0.05370135
RSI_14,0.05224932
High,0.05039517
Open,0.05014292
20_day_std,0.048041616
volume_change,0.047639135
volatility_10,0.04375183
BB_lower,0.03586215
