Feature,Importance
Low,0.07681907
BB_lower,0.06503628
High,0.064428836
5_day_ma,0.06358643
volume_change,0.062292323
10_day_ma,0.061028298
Open,0.060389902
MACD_signal,0.0597098
Close,0.05891287
BB_upper,0.058575857
20_day_ma,0.05740111
Volume,0.05635472
RSI_14,0.054148093
volatility_10,0.05175358
daily_return,0.05117809
MACD,0.049451258
20_day_std,0.048933417
