Feature,Importance
Low,0.082881205
BB_lower,0.06979302
Close,0.06946299
20_day_std,0.0686237
10_day_ma,0.0665768
volume_change,0.06630555
BB_upper,0.06388628
RSI_14,0.062785715
daily_return,0.060184363
MACD_signal,0.056902695
MACD,0.05504116
volatility_10,0.05131353
Volume,0.04755149
20_day_ma,0.047495555
5_day_ma,0.04640212
High,0.04271871
Open,0.042075176
