Feature,Importance
BB_upper,0.0741959
Low,0.067158304
Open,0.065305606
RSI_14,0.06510293
Close,0.0643359
MACD_signal,0.064246856
5_day_ma,0.06327907
High,0.062870696
20_day_std,0.06170162
MACD,0.060715
10_day_ma,0.05863447
volume_change,0.050994728
volatility_10,0.05074049
daily_return,0.04996575
Volume,0.04965613
BB_lower,0.047464803
20_day_ma,0.043631688
