Feature,Importance
MACD,0.07520656
BB_upper,0.07410368
MACD_signal,0.073795654
BB_lower,0.06771597
Volume,0.06266616
Open,0.06260846
volatility_10,0.062089644
5_day_ma,0.060874302
10_day_ma,0.05989255
20_day_std,0.05588233
daily_return,0.05559538
High,0.054235738
RSI_14,0.053113986
volume_change,0.049059074
Close,0.0472914
20_day_ma,0.046003766
Low,0.03986543
