Feature,Importance
volatility_10,0.077071
Low,0.07021361
MACD_signal,0.068435945
5_day_ma,0.065031685
MACD,0.061017945
High,0.057947233
Close,0.05789678
Volume,0.05707858
BB_lower,0.05609229
BB_upper,0.05573165
20_day_std,0.054625988
daily_return,0.054575242
RSI_14,0.05436545
10_day_ma,0.053913213
Open,0.05376822
volume_change,0.053320162
20_day_ma,0.048915036
