Feature,Importance
volatility_10,0.079181306
BB_upper,0.07536179
5_day_ma,0.07205013
MACD_signal,0.06928326
20_day_std,0.067999996
20_day_ma,0.06627299
High,0.065186694
MACD,0.06292311
Open,0.059505988
Low,0.05889723
daily_return,0.05449956
Close,0.053730175
volume_change,0.05346892
Volume,0.053121775
RSI_14,0.04672019
10_day_ma,0.043315876
BB_lower,0.018480977
