Feature,Importance
BB_lower,0.06579374
10_day_ma,0.06504663
20_day_ma,0.06386448
volatility_10,0.06371571
MACD,0.06200527
Volume,0.061527107
MACD_signal,0.061360292
20_day_std,0.060825422
BB_upper,0.06040614
Open,0.05775271
5_day_ma,0.057588696
RSI_14,0.055337537
volume_change,0.054853655
Close,0.054626446
High,0.053742655
daily_return,0.051128346
Low,0.050425064
