Feature,Importance
volume_change,0.068010315
MACD,0.06762945
Low,0.06728547
High,0.06598609
5_day_ma,0.06251708
20_day_std,0.06085888
Open,0.060020924
volatility_10,0.05809971
Close,0.05701373
10_day_ma,0.055524804
daily_return,0.055240117
Volume,0.05492256
20_day_ma,0.054533754
BB_lower,0.054004837
MACD_signal,0.05331863
BB_upper,0.053114757
RSI_14,0.05191889
