Feature,Importance
10_day_ma,0.08132003
BB_upper,0.0751406
High,0.07224762
MACD_signal,0.066513196
MACD,0.064695425
Close,0.063150845
RSI_14,0.060724154
20_day_ma,0.06056809
volatility_10,0.059947282
Low,0.0571957
daily_return,0.056078967
BB_lower,0.054306056
Open,0.050154053
Volume,0.049321394
5_day_ma,0.04397691
20_day_std,0.043618213
volume_change,0.041041415
