Feature,Importance
MACD,0.08268917
Open,0.07458821
volatility_10,0.072364286
10_day_ma,0.066438615
Close,0.06641923
5_day_ma,0.06604873
MACD_signal,0.05782566
High,0.055844415
BB_upper,0.055377632
RSI_14,0.055355366
daily_return,0.054940388
Volume,0.05272077
20_day_std,0.05177069
volume_change,0.051179055
Low,0.0502227
20_day_ma,0.044661142
BB_lower,0.041553937
