Feature,Importance
MACD_signal,0.0709818
Low,0.06940399
20_day_std,0.06851173
daily_return,0.065368116
volatility_10,0.06479988
MACD,0.063881665
RSI_14,0.063463695
BB_upper,0.06318163
volume_change,0.060795017
5_day_ma,0.060749695
Open,0.060336474
Volume,0.057453815
10_day_ma,0.053573206
High,0.053189714
BB_lower,0.044725113
20_day_ma,0.04457359
Close,0.035010874
