Feature,Importance
Close,0.07124084
Open,0.06937005
MACD,0.064975254
BB_lower,0.06367254
Low,0.06224649
MACD_signal,0.061311617
daily_return,0.061031997
RSI_14,0.060032234
Volume,0.059287302
volume_change,0.05892826
20_day_std,0.05866903
volatility_10,0.058572814
BB_upper,0.057172026
5_day_ma,0.05430698
High,0.05016786
10_day_ma,0.045389857
20_day_ma,0.04362487
