Feature,Importance
5_day_ma,0.06950548
BB_upper,0.067889884
volume_change,0.066874325
daily_return,0.06386561
High,0.06314133
Low,0.06007889
volatility_10,0.059499566
MACD,0.05836166
BB_lower,0.05827972
Open,0.057946324
RSI_14,0.057101414
20_day_std,0.055929337
Volume,0.05485287
10_day_ma,0.05375901
MACD_signal,0.052340552
20_day_ma,0.05031036
Close,0.05026365
