Feature,Importance
BB_lower,0.07085273
20_day_ma,0.063245445
daily_return,0.062740676
Open,0.06254665
BB_upper,0.0618074
5_day_ma,0.061806105
20_day_std,0.06137938
10_day_ma,0.0609045
High,0.058146548
Low,0.05772574
MACD,0.056145437
volume_change,0.05561244
Close,0.0552302
MACD_signal,0.055002682
volatility_10,0.054236393
RSI_14,0.0540862
Volume,0.048531454
