Feature,Importance
20_day_std,0.070538
Close,0.068696864
BB_lower,0.06657616
volatility_10,0.06289701
volume_change,0.06195008
Open,0.061669316
Low,0.06102051
MACD,0.059636157
20_day_ma,0.058049556
High,0.057983227
10_day_ma,0.056323938
MACD_signal,0.05610068
BB_upper,0.05604139
daily_return,0.052169256
5_day_ma,0.051275082
Volume,0.050481226
RSI_14,0.04859154
