Feature,Importance
10_day_ma,0.08479926
BB_lower,0.07148344
Low,0.06609692
20_day_ma,0.06261656
Open,0.061141815
volume_change,0.059655275
RSI_14,0.05949184
volatility_10,0.058989987
MACD,0.057637952
BB_upper,0.05477632
daily_return,0.053838696
Volume,0.053294472
High,0.05236378
20_day_std,0.052260466
5_day_ma,0.05163663
Close,0.051446255
MACD_signal,0.048470315
