Feature,Importance
Low,0.074706405
Open,0.072856456
5_day_ma,0.06970465
20_day_ma,0.06687812
10_day_ma,0.0653022
Volume,0.06157818
BB_lower,0.061417796
BB_upper,0.061300226
daily_return,0.059277765
RSI_14,0.057268165
volatility_10,0.056550477
MACD,0.052126575
Close,0.051506814
volume_change,0.04991546
MACD_signal,0.048679665
20_day_std,0.0466274
High,0.044303656
