Feature,Importance
MACD,0.07893621
RSI_14,0.06889489
5_day_ma,0.06727188
volatility_10,0.06547518
Volume,0.06501323
20_day_std,0.060249873
Close,0.06018725
20_day_ma,0.059335086
High,0.059107017
volume_change,0.05873183
MACD_signal,0.057433944
BB_upper,0.056463677
BB_lower,0.051781666
daily_return,0.05129507
10_day_ma,0.04941296
Low,0.04726085
Open,0.04314929
