Feature,Importance
5_day_ma,0.072808295
MACD,0.06826929
20_day_std,0.06787943
BB_lower,0.065698534
High,0.06077851
20_day_ma,0.058665413
RSI_14,0.058551326
Close,0.05820557
volume_change,0.056978207
BB_upper,0.056835316
Low,0.05623487
daily_return,0.056234304
Volume,0.05463428
volatility_10,0.054214753
MACD_signal,0.05404922
10_day_ma,0.053292118
Open,0.04667056
