Feature,Importance
MACD,0.06825886
High,0.06639839
BB_upper,0.06441605
5_day_ma,0.063737415
20_day_ma,0.063652545
Open,0.06256746
BB_lower,0.060562953
20_day_std,0.059377685
Close,0.057823062
RSI_14,0.056153934
volume_change,0.056095105
volatility_10,0.0556197
daily_return,0.05464755
Low,0.053119
10_day_ma,0.05277722
MACD_signal,0.05271812
Volume,0.052074973
