Feature,Importance
BB_upper,0.06714371
10_day_ma,0.063463464
Low,0.06292383
20_day_std,0.06278361
daily_return,0.061142705
20_day_ma,0.060870584
RSI_14,0.06005973
MACD,0.059954762
Volume,0.059267934
BB_lower,0.058792237
High,0.057086997
volume_change,0.0568412
volatility_10,0.05643117
5_day_ma,0.05491499
Close,0.05464392
MACD_signal,0.05249897
Open,0.051180266
