Feature,Importance
RSI_14,0.072467014
High,0.063994735
daily_return,0.061470952
Open,0.06124272
MACD_signal,0.060437556
volume_change,0.06008837
BB_lower,0.0599746
BB_upper,0.059655547
10_day_ma,0.058636162
5_day_ma,0.05823267
MACD,0.057889294
Volume,0.05746867
20_day_std,0.057460207
Close,0.056195226
Low,0.052409973
volatility_10,0.05214662
20_day_ma,0.050229687
