Feature,Importance
MACD,0.07516688
High,0.07385667
Close,0.065746985
volume_change,0.06467264
Low,0.06337058
MACD_signal,0.06286873
Volume,0.060862705
BB_lower,0.05808436
5_day_ma,0.05782139
BB_upper,0.05691165
RSI_14,0.055511396
20_day_ma,0.054488882
volatility_10,0.053743362
20_day_std,0.05171064
10_day_ma,0.051227693
daily_return,0.049149666
Open,0.04480575
