Feature,Importance
20_day_ma,0.08293898
Low,0.074091315
High,0.07306607
Open,0.067531414
BB_lower,0.06625448
Volume,0.061524805
Close,0.05804814
5_day_ma,0.057706453
volatility_10,0.054007895
RSI_14,0.053722583
MACD_signal,0.05312031
daily_return,0.052714754
BB_upper,0.051897906
20_day_std,0.05064475
10_day_ma,0.048628226
MACD,0.04743732
volume_change,0.046664596
