Feature,Importance
Open,0.06990545
High,0.069014005
BB_upper,0.065206565
10_day_ma,0.06484974
Low,0.062235687
volume_change,0.061371785
MACD_signal,0.059703484
BB_lower,0.059609115
5_day_ma,0.059413407
Volume,0.058720764
MACD,0.057374742
volatility_10,0.057255317
20_day_std,0.05439971
RSI_14,0.053769592
daily_return,0.05144984
Close,0.049519073
20_day_ma,0.04620176
