Feature,Importance
Open,0.07546093
5_day_ma,0.06818515
MACD_signal,0.0675756
BB_upper,0.06569481
daily_return,0.06549464
volatility_10,0.063337155
volume_change,0.063201375
10_day_ma,0.062086906
Low,0.059098054
Close,0.05881679
Volume,0.05879651
BB_lower,0.055981454
20_day_ma,0.05225126
MACD,0.04706052
High,0.04608992
20_day_std,0.046029653
RSI_14,0.04483926
