Feature,Importance
High,0.06710868
Low,0.06634678
Close,0.064947754
20_day_std,0.0637205
Open,0.063460216
MACD_signal,0.06329648
BB_upper,0.0611672
MACD,0.060417075
daily_return,0.059487633
BB_lower,0.058491103
Volume,0.055580445
volume_change,0.055205848
5_day_ma,0.055190813
RSI_14,0.055093218
10_day_ma,0.05425974
20_day_ma,0.050557725
volatility_10,0.04566878
