Feature,Importance
Open,0.08055007
High,0.07204472
Low,0.06708205
MACD_signal,0.06533184
daily_return,0.063053906
BB_upper,0.06265076
20_day_ma,0.061970335
Close,0.059480418
5_day_ma,0.059163418
BB_lower,0.057883013
volatility_10,0.05604617
MACD,0.052630886
Volume,0.051680516
20_day_std,0.051574565
volume_change,0.04933538
RSI_14,0.045573726
10_day_ma,0.043948304
