Feature,Importance
10_day_ma,0.08685011
Open,0.07926916
MACD_signal,0.07916016
Low,0.07672455
20_day_std,0.06924279
volatility_10,0.06817942
5_day_ma,0.060905688
Volume,0.0581865
High,0.056582443
RSI_14,0.053262446
BB_upper,0.0482731
BB_lower,0.04756569
daily_return,0.04701379
Close,0.04605814
MACD,0.04491283
volume_change,0.043102577
20_day_ma,0.034710623
