Feature,Importance
High,0.07669688
20_day_ma,0.07367819
daily_return,0.063758284
BB_upper,0.06347292
MACD,0.06309002
5_day_ma,0.06157525
Volume,0.060816173
MACD_signal,0.0580693
Close,0.05790158
Low,0.057384416
BB_lower,0.056392573
volatility_10,0.05600306
20_day_std,0.052514397
volume_change,0.05250542
RSI_14,0.051533066
10_day_ma,0.048693474
Open,0.045915034
