Feature,Importance
Open,0.09274387
BB_upper,0.07031857
Close,0.066057414
5_day_ma,0.06474652
volatility_10,0.062422097
daily_return,0.06194743
MACD_signal,0.061817054
RSI_14,0.06069465
Low,0.059248332
High,0.05869951
MACD,0.05754167
volume_change,0.056111515
20_day_std,0.05414208
BB_lower,0.052044917
Volume,0.044358328
10_day_ma,0.0429836
20_day_ma,0.034122452
