Feature,Importance
Open,0.07116702
20_day_ma,0.06907165
volatility_10,0.06614679
BB_upper,0.0659728
MACD_signal,0.06502223
20_day_std,0.06270466
volume_change,0.06155341
daily_return,0.05942775
10_day_ma,0.05865053
MACD,0.058072153
Low,0.057711873
RSI_14,0.057604413
High,0.054211322
Volume,0.05393914
Close,0.05012314
BB_lower,0.04982593
5_day_ma,0.03879516
