Feature,Importance
daily_return,0.06987416
High,0.068782434
BB_upper,0.06659949
Low,0.06344049
5_day_ma,0.06325955
Volume,0.06164816
10_day_ma,0.061527487
20_day_ma,0.058448162
Close,0.0584407
RSI_14,0.058228966
Open,0.05764411
20_day_std,0.056630123
MACD,0.055547595
volatility_10,0.054597884
BB_lower,0.05350774
volume_change,0.052359648
MACD_signal,0.039463338
