Feature,Importance
Close,0.092563406
10_day_ma,0.07929475
20_day_ma,0.075035125
High,0.07431745
MACD,0.0722359
5_day_ma,0.06849035
volatility_10,0.061938338
Open,0.059075158
MACD_signal,0.052878115
20_day_std,0.049705572
RSI_14,0.046899445
BB_lower,0.04671167
Volume,0.04614455
volume_change,0.04580031
BB_upper,0.045697592
daily_return,0.04357608
Low,0.03963619
