Feature,Importance
MACD,0.073628746
MACD_signal,0.07212937
5_day_ma,0.06735023
volatility_10,0.06641345
BB_lower,0.06516223
volume_change,0.064255625
Low,0.06368289
High,0.06071792
Close,0.060223028
20_day_ma,0.05554287
BB_upper,0.055143423
daily_return,0.05200871
20_day_std,0.05140927
10_day_ma,0.051093496
RSI_14,0.049935296
Open,0.047897477
Volume,0.043405958
