Feature,Importance
MACD_signal,0.06978115
20_day_ma,0.06857557
Open,0.067608275
Low,0.0653021
5_day_ma,0.0650372
BB_upper,0.060403574
MACD,0.059021704
volume_change,0.058889
Close,0.058015738
daily_return,0.057151146
volatility_10,0.05675487
BB_lower,0.05662736
10_day_ma,0.056358594
High,0.054554906
20_day_std,0.05200835
RSI_14,0.051370393
Volume,0.04254013
