Feature,Importance
Low,0.09007453
High,0.086170584
BB_upper,0.07044814
MACD_signal,0.06674951
10_day_ma,0.06660228
Volume,0.06127497
MACD,0.05978413
volume_change,0.056941964
volatility_10,0.056371454
RSI_14,0.05433624
BB_lower,0.05257485
daily_return,0.051420886
20_day_std,0.050830588
Open,0.048605174
Close,0.046510454
5_day_ma,0.043784596
20_day_ma,0.037519634
