Feature,Importance
BB_upper,0.09758674
BB_lower,0.07719766
Close,0.07650779
Open,0.072324514
20_day_ma,0.06602102
Low,0.06462858
High,0.062447034
MACD_signal,0.057931054
daily_return,0.056980968
20_day_std,0.05167168
volume_change,0.051181994
volatility_10,0.050716795
Volume,0.049404062
RSI_14,0.047932062
5_day_ma,0.03929805
10_day_ma,0.0392715
MACD,0.038898557
