Feature,Importance
10_day_ma,0.08965429
Low,0.073385686
5_day_ma,0.07276736
RSI_14,0.06354798
20_day_ma,0.06194742
volume_change,0.059613913
daily_return,0.058862943
BB_upper,0.058522668
Volume,0.056227416
MACD_signal,0.05540096
High,0.053396527
MACD,0.052860394
BB_lower,0.05271734
Close,0.05215323
Open,0.047609873
20_day_std,0.04602565
volatility_10,0.045306392
