Feature,Importance
BB_upper,0.07395315
MACD_signal,0.0732701
20_day_std,0.072161816
20_day_ma,0.06936996
Open,0.0681446
BB_lower,0.068076655
10_day_ma,0.06743417
MACD,0.062062915
volatility_10,0.060677495
Volume,0.055643875
volume_change,0.051127233
daily_return,0.0505074
Low,0.048533197
Close,0.048347287
5_day_ma,0.045792945
High,0.0440965
RSI_14,0.04080066
