Feature,Importance
volatility_10,0.070295185
BB_lower,0.066229016
MACD_signal,0.064503305
MACD,0.06247955
10_day_ma,0.06229131
BB_upper,0.062082108
Low,0.061264087
High,0.060054824
Close,0.059770074
5_day_ma,0.059355527
Open,0.056371737
20_day_std,0.056253295
daily_return,0.054198097
volume_change,0.053611495
Volume,0.05215242
20_day_ma,0.05021367
RSI_14,0.048874237
