Feature,Importance
BB_upper,0.07007031
20_day_std,0.068597384
10_day_ma,0.0684755
volatility_10,0.06720165
BB_lower,0.06591719
MACD_signal,0.062368028
Volume,0.06212055
Open,0.06122035
MACD,0.058594663
20_day_ma,0.056830306
daily_return,0.05506072
volume_change,0.05477672
RSI_14,0.05355979
5_day_ma,0.051020693
Low,0.04942014
Close,0.048269883
High,0.046496116
