Feature,Importance
volatility_10,0.09343315
Low,0.08209174
5_day_ma,0.07344735
RSI_14,0.067326576
Open,0.06297971
volume_change,0.0629521
High,0.06045972
BB_lower,0.06026093
MACD,0.0578128
daily_return,0.052348256
Volume,0.05147057
Close,0.05107211
BB_upper,0.05017982
MACD_signal,0.04904585
20_day_std,0.048549738
10_day_ma,0.045621246
20_day_ma,0.030948356
