Feature,Importance
Low,0.09834822
High,0.078625366
5_day_ma,0.0725625
BB_upper,0.066629924
Close,0.061986174
volume_change,0.06100665
Volume,0.05648365
volatility_10,0.055057067
MACD,0.05373126
daily_return,0.052833725
RSI_14,0.051742096
Open,0.05173946
BB_lower,0.049548183
20_day_std,0.048179705
20_day_ma,0.047920182
MACD_signal,0.047001693
10_day_ma,0.04660422
