Feature,Importance
BB_upper,0.07362889
MACD,0.07056027
20_day_std,0.0705523
MACD_signal,0.06986954
High,0.066664085
20_day_ma,0.06487693
daily_return,0.0631773
Close,0.06237889
Low,0.06237193
volatility_10,0.058241986
volume_change,0.057582434
BB_lower,0.052180853
10_day_ma,0.051852737
5_day_ma,0.05028433
Volume,0.050248384
RSI_14,0.050034206
Open,0.025494965
