Feature,Importance
High,0.06656593
RSI_14,0.065819435
10_day_ma,0.06507681
BB_lower,0.06315024
Open,0.06254895
MACD_signal,0.06099856
volatility_10,0.060487706
volume_change,0.060112044
BB_upper,0.05936787
MACD,0.05908098
20_day_std,0.05864343
Volume,0.05802056
Low,0.057474118
5_day_ma,0.056303523
20_day_ma,0.05473719
daily_return,0.050904073
Close,0.04070857
