Feature,Importance
MACD,0.06634126
Low,0.063901536
MACD_signal,0.06324885
volume_change,0.06242144
Open,0.060736734
10_day_ma,0.060689405
BB_upper,0.060104825
5_day_ma,0.0598701
RSI_14,0.057792023
Volume,0.057755608
High,0.0570483
Close,0.05633903
volatility_10,0.055782653
20_day_std,0.055730864
BB_lower,0.054569516
daily_return,0.05396
20_day_ma,0.053707898
