Feature,Importance
20_day_ma,0.068331234
BB_lower,0.066765815
volatility_10,0.06655743
volume_change,0.06647456
BB_upper,0.06078304
Open,0.06054871
MACD,0.060368042
Volume,0.060019203
High,0.05945411
MACD_signal,0.057607014
5_day_ma,0.056786116
20_day_std,0.054954305
10_day_ma,0.054889113
Close,0.054423865
daily_return,0.05309594
RSI_14,0.051650923
Low,0.047290552
