Feature,Importance
MACD,0.06815199
High,0.06691547
volume_change,0.06597095
20_day_std,0.06361372
Low,0.06285023
5_day_ma,0.06196184
Volume,0.06172069
volatility_10,0.060027972
BB_upper,0.0589817
BB_lower,0.05891064
RSI_14,0.058491692
10_day_ma,0.057282623
MACD_signal,0.05596086
Close,0.05127296
20_day_ma,0.050559968
daily_return,0.050254703
Open,0.047071975
