Feature,Importance
volatility_10,0.067039914
High,0.06656861
Volume,0.06645139
20_day_ma,0.06455975
5_day_ma,0.064212605
Low,0.06140243
BB_lower,0.060971264
volume_change,0.058382656
MACD_signal,0.057142
Close,0.055901907
RSI_14,0.055520467
MACD,0.05535833
BB_upper,0.054876506
daily_return,0.05434596
Open,0.05428923
20_day_std,0.05161772
10_day_ma,0.05135922
