Feature,Importance
High,0.07016362
10_day_ma,0.06893933
Open,0.06882522
Close,0.06578335
MACD,0.06289337
5_day_ma,0.06281095
MACD_signal,0.060602296
BB_lower,0.057493236
RSI_14,0.05743914
volume_change,0.05576516
daily_return,0.05549503
volatility_10,0.055374328
Volume,0.05513803
20_day_std,0.053576026
20_day_ma,0.05085601
Low,0.05003435
BB_upper,0.048810557
