Feature,Importance
Low,0.095906176
BB_lower,0.07715744
High,0.06278748
MACD,0.059042435
20_day_std,0.05838881
RSI_14,0.057411656
10_day_ma,0.056195673
Open,0.056047183
volatility_10,0.055952318
20_day_ma,0.055947118
MACD_signal,0.05573547
5_day_ma,0.054155152
Close,0.05215444
volume_change,0.05164519
daily_return,0.05163109
Volume,0.050737068
BB_upper,0.049105283
