Feature,Importance
Volume,0.067574866
High,0.06745198
volatility_10,0.06399193
20_day_ma,0.06384319
volume_change,0.06299834
RSI_14,0.059833076
MACD_signal,0.059422117
daily_return,0.057795342
Low,0.0577436
BB_lower,0.05665059
10_day_ma,0.056568712
MACD,0.05619546
20_day_std,0.055307377
Open,0.054960184
5_day_ma,0.053717025
Close,0.053181365
BB_upper,0.052764893
