Feature,Importance
High,0.07768039
20_day_ma,0.06829645
20_day_std,0.067550406
RSI_14,0.06718828
volume_change,0.064259365
5_day_ma,0.062128704
BB_upper,0.060963083
Low,0.059613246
MACD_signal,0.058578778
Open,0.057614025
Volume,0.05599134
MACD,0.053889714
volatility_10,0.053870846
daily_return,0.05232551
BB_lower,0.05025928
Close,0.04746389
10_day_ma,0.042326733
