Feature,Importance
MACD_signal,0.0679211
Low,0.06704823
High,0.06556093
10_day_ma,0.06547531
MACD,0.061664872
Volume,0.06101155
5_day_ma,0.06069885
20_day_std,0.060360637
BB_lower,0.059360337
volatility_10,0.056822088
Close,0.05673296
daily_return,0.05568142
BB_upper,0.05481133
volume_change,0.05456763
RSI_14,0.05189289
Open,0.051604785
20_day_ma,0.048785094
