Feature,Importance
Low,0.06857571
volume_change,0.0655521
RSI_14,0.06365906
MACD,0.062809356
MACD_signal,0.06273118
5_day_ma,0.061935794
20_day_ma,0.059975807
10_day_ma,0.058994584
BB_upper,0.05865659
High,0.057432152
Volume,0.056721564
BB_lower,0.056109913
Close,0.05459846
daily_return,0.054122437
Open,0.053216618
volatility_10,0.052807964
20_day_std,0.052100707
