Feature,Importance
20_day_std,0.06943265
MACD,0.06794329
BB_lower,0.06679555
Low,0.06666877
Open,0.06114737
volatility_10,0.059247047
MACD_signal,0.05787491
10_day_ma,0.057511855
Close,0.057047848
20_day_ma,0.05695916
5_day_ma,0.056377757
Volume,0.056334887
High,0.056037955
volume_change,0.055970967
BB_upper,0.053649947
RSI_14,0.050965376
daily_return,0.050034642
