Feature,Importance
BB_lower,0.0731699
10_day_ma,0.069296196
Low,0.06706365
20_day_std,0.0657573
Open,0.06244809
MACD,0.06141097
BB_upper,0.06139077
High,0.05845547
daily_return,0.05807023
volume_change,0.057392415
20_day_ma,0.056324244
RSI_14,0.054448545
Close,0.05263343
volatility_10,0.051848233
5_day_ma,0.05086812
Volume,0.050313998
MACD_signal,0.04910834
