Feature,Importance
Low,0.08244727
volatility_10,0.06624846
High,0.06567091
BB_upper,0.0628831
5_day_ma,0.060256474
BB_lower,0.06013004
Volume,0.059346005
volume_change,0.05884676
RSI_14,0.057521302
10_day_ma,0.057343386
20_day_ma,0.056846812
daily_return,0.05540161
MACD,0.053967312
Open,0.05396509
MACD_signal,0.052099243
20_day_std,0.05181821
Close,0.045207977
