Feature,Importance
Low,0.07957965
20_day_std,0.075162455
20_day_ma,0.07368783
RSI_14,0.06893835
BB_upper,0.061190546
10_day_ma,0.06022107
BB_lower,0.06011412
MACD_signal,0.055729806
5_day_ma,0.05508188
Close,0.054942872
MACD,0.053806193
volume_change,0.053303123
High,0.053253267
daily_return,0.051875543
Open,0.049192593
volatility_10,0.048654187
Volume,0.04526654
