Feature,Importance
volatility_10,0.07650858
MACD_signal,0.07244181
MACD,0.07060664
BB_lower,0.06605064
Close,0.059019472
Low,0.05872006
High,0.05820017
volume_change,0.057216536
10_day_ma,0.0566126
daily_return,0.05635887
20_day_std,0.056154426
Volume,0.056139857
RSI_14,0.055257093
5_day_ma,0.054824088
Open,0.050854113
BB_upper,0.047527328
20_day_ma,0.04750775
