Feature,Importance
Close,0.07687485
MACD_signal,0.06965903
5_day_ma,0.0692035
Open,0.066458546
20_day_ma,0.06576543
Low,0.062959105
MACD,0.061135888
BB_upper,0.06041138
High,0.059014227
RSI_14,0.055867806
volume_change,0.054123815
10_day_ma,0.05335072
volatility_10,0.053066466
Volume,0.05274208
daily_return,0.052256353
20_day_std,0.04424165
BB_lower,0.04286907
