Feature,Importance
High,0.07289958
Close,0.071990386
MACD_signal,0.0715486
5_day_ma,0.067288265
MACD,0.06633418
BB_lower,0.062283404
20_day_std,0.062223487
daily_return,0.059636094
Volume,0.057748456
RSI_14,0.057137325
Low,0.05468144
BB_upper,0.05443374
volatility_10,0.053108327
volume_change,0.05212597
10_day_ma,0.05093688
20_day_ma,0.04865798
Open,0.036966007
