Feature,Importance
High,0.07088157
RSI_14,0.07081243
10_day_ma,0.06915216
volatility_10,0.06554052
BB_lower,0.06281889
5_day_ma,0.06254083
Volume,0.061064467
20_day_std,0.059906103
20_day_ma,0.05978544
daily_return,0.057505574
MACD_signal,0.056749083
BB_upper,0.055891898
MACD,0.054843463
volume_change,0.052823648
Open,0.049324144
Close,0.046537064
Low,0.04382276
