Feature,Importance
20_day_std,0.076560035
Low,0.07426604
Close,0.071854286
MACD,0.070265606
BB_lower,0.0666054
volume_change,0.06270265
20_day_ma,0.060523093
RSI_14,0.06051688
High,0.060327183
MACD_signal,0.056399833
BB_upper,0.05624331
5_day_ma,0.055842698
daily_return,0.05169765
volatility_10,0.05015135
10_day_ma,0.04640683
Volume,0.04514024
Open,0.03449689
