Feature,Importance
10_day_ma,0.070381224
High,0.066511914
MACD,0.06635159
20_day_ma,0.06501869
MACD_signal,0.062645696
BB_upper,0.062042035
Low,0.061861794
Open,0.05983801
BB_lower,0.057550777
20_day_std,0.055330522
volatility_10,0.05497048
daily_return,0.054455873
volume_change,0.053986993
RSI_14,0.053761955
Volume,0.053756684
Close,0.050933704
5_day_ma,0.05060204
