Feature,Importance
10_day_ma,0.07837105
Close,0.07040283
20_day_ma,0.06804596
BB_lower,0.06178733
BB_upper,0.059502874
volatility_10,0.059384756
RSI_14,0.059089627
5_day_ma,0.05869359
daily_return,0.05843323
MACD_signal,0.057201304
Open,0.05529619
20_day_std,0.055128183
MACD,0.05495231
Volume,0.053315785
volume_change,0.050899055
High,0.05047406
Low,0.049021836
