Feature,Importance
Low,0.09863177
High,0.079200275
BB_lower,0.06777502
MACD,0.061764106
Volume,0.061519157
Close,0.06114078
5_day_ma,0.058259528
volume_change,0.055693243
daily_return,0.054280154
RSI_14,0.052685156
10_day_ma,0.052672025
20_day_ma,0.051727477
BB_upper,0.050972626
volatility_10,0.05071462
MACD_signal,0.048905775
Open,0.048136074
20_day_std,0.045922205
