Feature,Importance
Low,0.069328345
10_day_ma,0.06865676
BB_upper,0.06770036
MACD_signal,0.06684543
daily_return,0.062620856
High,0.060458567
BB_lower,0.060323644
Volume,0.058493573
20_day_ma,0.05807118
MACD,0.0572813
volume_change,0.056630544
RSI_14,0.05572541
5_day_ma,0.055288143
20_day_std,0.053604137
volatility_10,0.05184164
Close,0.051018964
Open,0.046111118
