Feature,Importance
Low,0.075503714
5_day_ma,0.07091857
MACD_signal,0.070414424
10_day_ma,0.064708814
MACD,0.063465066
20_day_ma,0.05944397
RSI_14,0.058003873
volume_change,0.056589283
Volume,0.056041244
Open,0.055558052
20_day_std,0.055549115
BB_upper,0.055107404
BB_lower,0.053821165
volatility_10,0.053400617
daily_return,0.05262706
Close,0.051625423
High,0.047222205
