Feature,Importance
20_day_std,0.067476965
BB_lower,0.06494062
10_day_ma,0.064051524
Close,0.063752644
Low,0.06341702
MACD_signal,0.06182716
20_day_ma,0.061227195
MACD,0.06081176
volatility_10,0.059731208
volume_change,0.058394738
High,0.05559259
5_day_ma,0.055119958
Volume,0.054880787
RSI_14,0.054596372
BB_upper,0.05411108
daily_return,0.051040187
Open,0.049028162
