Feature,Importance
Low,0.07160885
20_day_ma,0.0675956
10_day_ma,0.06540837
MACD,0.06490309
20_day_std,0.06479752
MACD_signal,0.064532936
BB_lower,0.06376541
volatility_10,0.06098672
5_day_ma,0.060394973
Open,0.055797454
High,0.055614974
Close,0.05559752
BB_upper,0.054183293
volume_change,0.050599772
RSI_14,0.048828576
Volume,0.04789397
daily_return,0.04749107
