Feature,Importance
10_day_ma,0.0725156
volatility_10,0.06756217
volume_change,0.06361572
MACD_signal,0.062877
daily_return,0.060437802
Volume,0.060419053
Open,0.06032706
BB_upper,0.059793256
BB_lower,0.05967852
MACD,0.05674769
RSI_14,0.05574375
20_day_std,0.05542955
5_day_ma,0.055069003
20_day_ma,0.053475924
Low,0.053391036
High,0.05291544
Close,0.050001457
