Feature,Importance
Open,0.07126141
RSI_14,0.06704605
Low,0.06524858
High,0.06176379
5_day_ma,0.06058414
BB_upper,0.060366552
MACD,0.060048163
Close,0.059140947
Volume,0.058448292
MACD_signal,0.056868155
BB_lower,0.056752358
10_day_ma,0.05481113
daily_return,0.05467477
volume_change,0.05409938
20_day_ma,0.053502746
20_day_std,0.053133164
volatility_10,0.052250266
