Feature,Importance
Open,0.078889504
High,0.07723747
Close,0.075418875
Low,0.07408437
MACD,0.06654837
BB_upper,0.060155958
RSI_14,0.058626607
MACD_signal,0.057768676
10_day_ma,0.05531857
20_day_ma,0.05373018
BB_lower,0.053166162
Volume,0.051320344
volatility_10,0.05108106
volume_change,0.049548484
20_day_std,0.0480519
daily_return,0.044733293
5_day_ma,0.04432008
