Feature,Importance
10_day_ma,0.07338655
5_day_ma,0.06905502
High,0.06789177
volume_change,0.06782622
volatility_10,0.06751999
Open,0.061067276
MACD,0.05962883
RSI_14,0.05956894
Low,0.059388272
BB_upper,0.057830498
MACD_signal,0.05659218
Volume,0.056211114
20_day_ma,0.05404599
Close,0.053273175
daily_return,0.04726651
BB_lower,0.047110528
20_day_std,0.04233708
