Feature,Importance
Open,0.07515353
High,0.07061016
Low,0.06783054
10_day_ma,0.06665843
5_day_ma,0.06493533
BB_lower,0.06489845
volume_change,0.06446379
20_day_ma,0.06019724
volatility_10,0.059650037
Volume,0.059577193
Close,0.055114042
20_day_std,0.054057468
BB_upper,0.053531762
daily_return,0.05169595
MACD_signal,0.05124973
MACD,0.0407528
RSI_14,0.039623536
