Feature,Importance
MACD,0.07429498
Volume,0.06828456
5_day_ma,0.06604587
MACD_signal,0.06432434
volume_change,0.06271017
BB_upper,0.062047016
Low,0.060340032
20_day_ma,0.05929879
20_day_std,0.058350734
Open,0.058263797
10_day_ma,0.056357224
daily_return,0.0542411
RSI_14,0.053950075
BB_lower,0.052533817
High,0.05176461
volatility_10,0.051327392
Close,0.045865405
