Feature,Importance
10_day_ma,0.08262353
Close,0.06630804
High,0.06366592
BB_lower,0.061806623
MACD,0.061578576
5_day_ma,0.06089536
RSI_14,0.06040747
20_day_std,0.059338108
Low,0.057393473
MACD_signal,0.05671169
daily_return,0.05635391
volume_change,0.05625518
Volume,0.054334573
20_day_ma,0.053326532
volatility_10,0.05134845
Open,0.049078707
BB_upper,0.048573952
