Feature,Importance
Low,0.07177014
BB_upper,0.07147383
MACD,0.066064626
MACD_signal,0.06341717
Open,0.06318093
Volume,0.060134348
RSI_14,0.059606634
volume_change,0.05929591
daily_return,0.057206705
20_day_ma,0.055537768
10_day_ma,0.05439835
Close,0.054316558
BB_lower,0.054194935
5_day_ma,0.053434476
High,0.05328908
20_day_std,0.05245407
volatility_10,0.050224513
