Feature,Importance
High,0.07342198
MACD_signal,0.07195392
Low,0.06861702
BB_upper,0.06647954
MACD,0.064307265
Close,0.06339255
5_day_ma,0.061388202
daily_return,0.060736272
volatility_10,0.059534345
RSI_14,0.059430525
10_day_ma,0.057681695
volume_change,0.052835956
Volume,0.05249595
BB_lower,0.048623614
20_day_ma,0.04796515
Open,0.047264766
20_day_std,0.04387136
