Feature,Importance
20_day_ma,0.079045676
10_day_ma,0.07610566
5_day_ma,0.0735248
Low,0.06708902
Volume,0.065444954
Open,0.06483736
MACD_signal,0.06275487
daily_return,0.06171259
High,0.05967263
volatility_10,0.055208012
Close,0.0552001
BB_upper,0.052425634
MACD,0.05135427
RSI_14,0.04890312
20_day_std,0.044275645
volume_change,0.042248502
BB_lower,0.0401972
