Feature,Importance
Low,0.07831645
Close,0.07176539
MACD,0.070260875
20_day_ma,0.069198444
10_day_ma,0.0642158
volume_change,0.058677327
Volume,0.057452157
20_day_std,0.05680427
daily_return,0.056656286
RSI_14,0.056253158
BB_upper,0.055497635
MACD_signal,0.05548241
Open,0.05432158
5_day_ma,0.05260387
High,0.04918978
BB_lower,0.04846681
volatility_10,0.044837717
