Feature,Importance
20_day_ma,0.07221929
Open,0.067098185
BB_lower,0.065474644
MACD_signal,0.06400982
Volume,0.06397395
Close,0.06338054
MACD,0.059644252
10_day_ma,0.058995314
volatility_10,0.056882676
High,0.056587733
5_day_ma,0.056397323
BB_upper,0.055792484
daily_return,0.054251086
volume_change,0.053792056
Low,0.052303404
RSI_14,0.04970979
20_day_std,0.049487397
