Feature,Importance
BB_upper,0.065726876
Low,0.06495018
MACD,0.06379616
volume_change,0.062471125
20_day_ma,0.062322263
BB_lower,0.061134916
MACD_signal,0.058951158
10_day_ma,0.058551874
5_day_ma,0.058318805
RSI_14,0.057873227
Open,0.057519957
20_day_std,0.057127662
daily_return,0.05644967
volatility_10,0.056327153
Volume,0.05549117
Close,0.05163024
High,0.051357497
