Feature,Importance
Open,0.07106482
10_day_ma,0.07020178
20_day_ma,0.067591034
BB_upper,0.06293845
5_day_ma,0.06148453
volatility_10,0.060140464
volume_change,0.059098672
daily_return,0.057703584
MACD,0.05767498
Volume,0.057282254
MACD_signal,0.057089962
RSI_14,0.056400675
BB_lower,0.05545643
20_day_std,0.055263523
Low,0.053909946
Close,0.05013689
High,0.046562012
