Feature,Importance
Low,0.07445737
High,0.07269467
Open,0.071977764
Close,0.06662951
BB_lower,0.06585152
MACD,0.06287059
BB_upper,0.061827127
10_day_ma,0.060179643
RSI_14,0.059249375
MACD_signal,0.0558102
Volume,0.053665955
20_day_std,0.05166627
20_day_ma,0.0512509
daily_return,0.051106982
volume_change,0.050866153
volatility_10,0.046192713
5_day_ma,0.043703288
