Feature,Importance
Low,0.06849546
10_day_ma,0.06799791
MACD,0.06659977
High,0.06576771
5_day_ma,0.06348143
MACD_signal,0.06182618
20_day_ma,0.061613817
Close,0.06069584
volume_change,0.059688613
20_day_std,0.05859618
Volume,0.05695317
BB_upper,0.055269655
volatility_10,0.05473668
daily_return,0.05320567
RSI_14,0.051103264
BB_lower,0.049302608
Open,0.044666044
