Feature,Importance
High,0.07548928
BB_upper,0.07519931
MACD,0.06535562
BB_lower,0.06457829
volume_change,0.061829176
20_day_std,0.06068855
Low,0.057488214
5_day_ma,0.05744291
RSI_14,0.057084087
Close,0.056514237
10_day_ma,0.056508753
volatility_10,0.05646709
20_day_ma,0.053162314
Volume,0.052643836
daily_return,0.052057914
MACD_signal,0.051263712
Open,0.04622665
