Feature,Importance
Low,0.07242307
RSI_14,0.07040131
10_day_ma,0.06883782
BB_upper,0.06732527
High,0.064338215
20_day_ma,0.061096005
20_day_std,0.060494877
BB_lower,0.05976299
volatility_10,0.059356485
volume_change,0.059151486
MACD_signal,0.055620298
daily_return,0.05363666
Open,0.05243108
MACD,0.052000515
Close,0.049519096
5_day_ma,0.04736806
Volume,0.046236683
