Feature,Importance
Open,0.0699424
MACD_signal,0.06943356
BB_lower,0.06673223
Low,0.06563945
MACD,0.062709115
20_day_std,0.05952065
High,0.05945377
BB_upper,0.05925939
10_day_ma,0.057818193
volatility_10,0.056345876
Volume,0.055777512
RSI_14,0.05570645
Close,0.053862963
volume_change,0.05366424
daily_return,0.052128974
5_day_ma,0.05183528
20_day_ma,0.050169867
