Feature,Importance
Close,0.07246851
BB_upper,0.07184527
Open,0.06532591
BB_lower,0.06502785
MACD_signal,0.06295795
10_day_ma,0.06256183
20_day_ma,0.062431313
High,0.061671242
daily_return,0.061391484
20_day_std,0.060394105
volatility_10,0.05945861
volume_change,0.058041997
RSI_14,0.056334402
MACD,0.055200174
Low,0.041980978
5_day_ma,0.041874014
Volume,0.041034337
