Feature,Importance
Low,0.07880165
High,0.077014595
BB_upper,0.0718793
20_day_std,0.06481016
Close,0.06407541
Open,0.06312101
MACD_signal,0.060540415
10_day_ma,0.060203362
BB_lower,0.05956816
volatility_10,0.05575784
5_day_ma,0.055302203
RSI_14,0.05489044
volume_change,0.05084438
daily_return,0.050146356
Volume,0.050071657
20_day_ma,0.04484191
MACD,0.038131144
