Feature,Importance
20_day_std,0.064729765
MACD,0.063378565
BB_upper,0.062565155
MACD_signal,0.06123737
BB_lower,0.061153386
volatility_10,0.059848573
Open,0.059808936
RSI_14,0.058610156
20_day_ma,0.05839821
10_day_ma,0.05836714
Close,0.058161765
volume_change,0.05778264
High,0.057480592
Low,0.05687482
5_day_ma,0.05677581
daily_return,0.05366628
Volume,0.051160824
