Feature,Importance
5_day_ma,0.071947284
10_day_ma,0.071580045
Low,0.07062648
Open,0.068034224
BB_upper,0.06749336
Volume,0.05989853
daily_return,0.055681564
MACD,0.0555767
Close,0.055161063
High,0.055068173
20_day_ma,0.055023022
volatility_10,0.054865766
RSI_14,0.054327033
20_day_std,0.054175902
BB_lower,0.05347114
MACD_signal,0.05036561
volume_change,0.046704073
