Feature,Importance
BB_lower,0.07570052
Low,0.0633323
20_day_ma,0.061907288
daily_return,0.06154827
volume_change,0.061084095
BB_upper,0.060660772
20_day_std,0.060439054
MACD_signal,0.05951189
10_day_ma,0.057977337
MACD,0.05748731
Open,0.056774635
High,0.055224176
volatility_10,0.054393634
Close,0.054248977
Volume,0.05377724
RSI_14,0.05375603
5_day_ma,0.052176546
