Feature,Importance
Low,0.0887251
BB_lower,0.064255185
20_day_std,0.06337953
Open,0.06253556
MACD_signal,0.06053613
Close,0.060387615
BB_upper,0.05978043
10_day_ma,0.05825032
daily_return,0.057261836
volume_change,0.057258654
5_day_ma,0.057159495
High,0.05703995
20_day_ma,0.054042168
Volume,0.052174702
MACD,0.051277813
volatility_10,0.050066024
RSI_14,0.045869388
