Feature,Importance
Open,0.083164446
volatility_10,0.08149455
RSI_14,0.07293467
daily_return,0.07221346
Close,0.07211488
5_day_ma,0.069050744
volume_change,0.0638628
20_day_std,0.061424095
BB_lower,0.059452105
MACD,0.056358792
Volume,0.05401279
BB_upper,0.045778714
High,0.045505658
Low,0.04430847
20_day_ma,0.04292929
10_day_ma,0.040126316
MACD_signal,0.035268236
