Feature,Importance
BB_lower,0.069487736
MACD_signal,0.068994336
volume_change,0.06610489
MACD,0.06595019
Volume,0.06587152
volatility_10,0.06419095
10_day_ma,0.06129926
BB_upper,0.061120305
High,0.058668572
Close,0.05832231
20_day_std,0.055353448
Low,0.054485966
daily_return,0.05163705
5_day_ma,0.05092671
RSI_14,0.04998738
Open,0.049335018
20_day_ma,0.048264325
