Feature,Importance
volatility_10,0.07064051
BB_upper,0.06740984
MACD_signal,0.0633727
volume_change,0.06299525
daily_return,0.061756305
Volume,0.061222933
5_day_ma,0.061171338
20_day_ma,0.06031733
Open,0.058864206
High,0.057549328
MACD,0.057412002
20_day_std,0.056658175
RSI_14,0.054639004
Close,0.05454736
Low,0.051368196
BB_lower,0.05043375
10_day_ma,0.049641784
