Feature,Importance
10_day_ma,0.07992204
Open,0.07401137
5_day_ma,0.06600317
MACD_signal,0.06513418
20_day_ma,0.06337407
MACD,0.060664896
Volume,0.06057773
daily_return,0.059219684
RSI_14,0.058057852
Low,0.056498382
BB_lower,0.055488087
volatility_10,0.05487822
Close,0.05440007
BB_upper,0.05101257
High,0.04994858
20_day_std,0.046454098
volume_change,0.044355024
