Feature,Importance
Low,0.08634947
5_day_ma,0.06885002
RSI_14,0.06812445
20_day_ma,0.06392551
BB_lower,0.059988633
volatility_10,0.058968317
MACD_signal,0.057529844
20_day_std,0.05692371
MACD,0.056135464
High,0.05586896
Volume,0.055634305
volume_change,0.054752205
BB_upper,0.054292876
10_day_ma,0.05367107
daily_return,0.051632643
Open,0.048962172
Close,0.04839034
