Feature,Importance
Low,0.08315971
RSI_14,0.066776864
BB_upper,0.064687304
MACD,0.06243103
MACD_signal,0.062033705
10_day_ma,0.06051105
Volume,0.060226355
20_day_std,0.06015928
Close,0.05980258
daily_return,0.05828615
20_day_ma,0.05778559
BB_lower,0.057046648
volatility_10,0.052889884
volume_change,0.051827963
5_day_ma,0.050681002
High,0.046118017
Open,0.045576848
