Feature,Importance
High,0.077618495
20_day_ma,0.070513204
Open,0.06691134
10_day_ma,0.06359047
Low,0.062457506
BB_lower,0.061455294
volume_change,0.06102282
BB_upper,0.06042791
RSI_14,0.060055494
5_day_ma,0.05635481
Close,0.056267396
20_day_std,0.053299613
MACD_signal,0.052555807
MACD,0.052103575
daily_return,0.05194402
volatility_10,0.047574595
Volume,0.04584767
