Feature,Importance
Close,0.07119599
20_day_std,0.066672936
BB_upper,0.06580438
BB_lower,0.064623885
Open,0.063282505
High,0.06254287
Low,0.060845975
MACD_signal,0.057143725
volume_change,0.056954656
10_day_ma,0.056373235
20_day_ma,0.055971816
daily_return,0.054869253
5_day_ma,0.05395102
RSI_14,0.053839453
Volume,0.05361365
volatility_10,0.05173753
MACD,0.05057718
