Feature,Importance
BB_upper,0.066645496
volatility_10,0.06662202
High,0.064024635
Close,0.06284456
10_day_ma,0.062127262
MACD_signal,0.061865035
Volume,0.061810836
BB_lower,0.058399227
daily_return,0.058175996
Open,0.058089245
20_day_ma,0.056985386
volume_change,0.056857694
RSI_14,0.05594088
20_day_std,0.05502813
Low,0.05482528
5_day_ma,0.051976126
MACD,0.04778224
