Feature,Importance
volatility_10,0.0830717
5_day_ma,0.07073022
Low,0.063628994
BB_lower,0.061428722
High,0.060726605
Close,0.059321057
20_day_ma,0.058876626
daily_return,0.05782257
MACD_signal,0.057041273
10_day_ma,0.05696744
volume_change,0.05581771
BB_upper,0.055504415
MACD,0.054020714
20_day_std,0.05383239
Volume,0.051274005
RSI_14,0.050583504
Open,0.04935214
