Feature,Importance
MACD,0.07413613
BB_upper,0.06770876
20_day_std,0.06700506
volume_change,0.06544164
Volume,0.06482745
Low,0.06240839
High,0.05960051
volatility_10,0.058896147
10_day_ma,0.057293437
5_day_ma,0.05709012
Open,0.055464286
20_day_ma,0.055005554
RSI_14,0.05377033
MACD_signal,0.052746605
daily_return,0.052531
Close,0.048146773
BB_lower,0.047927763
