Feature,Importance
BB_lower,0.06661417
MACD,0.066359036
MACD_signal,0.0640852
Open,0.06255214
5_day_ma,0.061260227
20_day_ma,0.06116248
Low,0.059868924
20_day_std,0.059242375
volume_change,0.05908797
Close,0.058779825
daily_return,0.058441818
BB_upper,0.058161918
10_day_ma,0.056317132
volatility_10,0.055320073
RSI_14,0.05368845
High,0.05191566
Volume,0.04714253
