Feature,Importance
20_day_ma,0.08250473
BB_upper,0.07873914
High,0.07380951
MACD,0.07011962
5_day_ma,0.06643763
Low,0.065200634
BB_lower,0.059698105
daily_return,0.059402734
Close,0.057498094
volume_change,0.056424886
Open,0.055386618
MACD_signal,0.054643538
volatility_10,0.049957365
RSI_14,0.048908237
Volume,0.04508977
20_day_std,0.042028207
10_day_ma,0.03415116
