Feature,Importance
20_day_ma,0.11133235
Low,0.06597243
10_day_ma,0.064106576
Volume,0.06233318
BB_lower,0.058852483
BB_upper,0.058813833
RSI_14,0.058445107
Open,0.05724138
Close,0.056355726
volume_change,0.056031734
High,0.0550169
daily_return,0.053277753
MACD_signal,0.052864835
volatility_10,0.051137403
20_day_std,0.050390646
5_day_ma,0.044710338
MACD,0.04311732
