Feature,Importance
Low,0.07998263
BB_lower,0.06366709
Volume,0.06288471
10_day_ma,0.061464015
volume_change,0.061142042
5_day_ma,0.060326234
RSI_14,0.059205964
MACD_signal,0.059198637
volatility_10,0.059123732
High,0.059095208
MACD,0.058975562
daily_return,0.055119604
20_day_std,0.054754276
BB_upper,0.052506525
Close,0.052350476
Open,0.051847667
20_day_ma,0.048355646
