Feature,Importance
20_day_ma,0.071011886
High,0.067736395
Open,0.06429805
BB_lower,0.06307397
Close,0.06142749
volume_change,0.05940736
20_day_std,0.058880374
RSI_14,0.057364088
daily_return,0.057256848
MACD_signal,0.057118353
Low,0.05708692
MACD,0.056156613
Volume,0.055601485
BB_upper,0.054706622
volatility_10,0.05456519
5_day_ma,0.05275601
10_day_ma,0.051552318
