Feature,Importance
High,0.0692628
20_day_std,0.068382114
5_day_ma,0.06548998
Low,0.063358285
Close,0.061869103
MACD_signal,0.061007563
MACD,0.060953077
BB_lower,0.05900383
Open,0.05900363
10_day_ma,0.05770017
Volume,0.05604011
BB_upper,0.05581099
volume_change,0.05432809
daily_return,0.054199353
RSI_14,0.053700082
volatility_10,0.051632047
20_day_ma,0.048258778
