Feature,Importance
BB_lower,0.06998354
20_day_ma,0.06757647
10_day_ma,0.06333556
volatility_10,0.06266377
MACD,0.062451974
BB_upper,0.06177682
Open,0.061235953
daily_return,0.05990912
20_day_std,0.059231497
Volume,0.05904082
RSI_14,0.058641355
volume_change,0.05831778
High,0.054779522
MACD_signal,0.052541137
5_day_ma,0.051534567
Close,0.04867047
Low,0.048309654
