Feature,Importance
10_day_ma,0.07450912
BB_upper,0.06980232
BB_lower,0.06913715
20_day_std,0.06891184
MACD_signal,0.067538954
volatility_10,0.06528859
Open,0.059634138
daily_return,0.05891805
Volume,0.058348145
20_day_ma,0.05808861
Low,0.0567734
MACD,0.055516053
5_day_ma,0.05187063
High,0.05127522
volume_change,0.04864024
RSI_14,0.044399105
Close,0.041348476
