Feature,Importance
BB_upper,0.07295496
Close,0.07024516
BB_lower,0.06862029
RSI_14,0.06502666
MACD,0.060761448
20_day_std,0.060578045
volatility_10,0.059639286
MACD_signal,0.059518106
volume_change,0.055424213
20_day_ma,0.055071007
Low,0.05505427
daily_return,0.054712206
High,0.05361772
10_day_ma,0.053298667
Volume,0.05205737
Open,0.051829275
5_day_ma,0.05159128
