Feature,Importance
Low,0.07032657
BB_upper,0.06943872
20_day_std,0.06937475
RSI_14,0.0672523
10_day_ma,0.06570417
High,0.06488656
5_day_ma,0.0614847
daily_return,0.05903489
Open,0.0574951
volume_change,0.055619583
volatility_10,0.055180144
Close,0.054017685
Volume,0.053505816
MACD_signal,0.05307615
MACD,0.052071795
BB_lower,0.047582068
20_day_ma,0.043949004
