Feature,Importance
volatility_10,0.06804044
BB_lower,0.06714681
BB_upper,0.067078255
High,0.06534556
5_day_ma,0.0635338
volume_change,0.062584914
Open,0.058593884
daily_return,0.057809394
Low,0.057541847
Volume,0.0569038
10_day_ma,0.056448106
Close,0.05456677
20_day_ma,0.05441966
MACD_signal,0.05384882
20_day_std,0.052783914
RSI_14,0.051864278
MACD,0.05148973
