Feature,Importance
volume_change,0.07468585
Close,0.07297489
5_day_ma,0.064777516
20_day_std,0.064134404
volatility_10,0.06315398
MACD,0.06250551
Volume,0.0600353
High,0.058527242
Open,0.058450397
Low,0.056579806
RSI_14,0.05621989
MACD_signal,0.055635218
daily_return,0.05411439
10_day_ma,0.054092854
20_day_ma,0.050215468
BB_lower,0.047141742
BB_upper,0.046755563
