Feature,Importance
10_day_ma,0.07219144
MACD_signal,0.06626342
BB_lower,0.06461199
20_day_std,0.06223614
MACD,0.06204559
High,0.06110659
Open,0.05852013
BB_upper,0.05719119
Low,0.057177406
volume_change,0.056797933
daily_return,0.056528598
volatility_10,0.056518704
20_day_ma,0.055677503
Volume,0.05445769
RSI_14,0.054298
Close,0.05277147
5_day_ma,0.05160625
