Feature,Importance
10_day_ma,0.06845506
BB_lower,0.06306892
High,0.0626166
MACD_signal,0.06260343
daily_return,0.061506685
BB_upper,0.061462834
RSI_14,0.059968494
20_day_std,0.059872344
Open,0.05952593
20_day_ma,0.0591425
Volume,0.057439554
volatility_10,0.05733992
Close,0.056471556
Low,0.054233424
volume_change,0.053255696
MACD,0.0520585
5_day_ma,0.05097855
