Feature,Importance
Low,0.07551633
Open,0.07088387
BB_lower,0.0697814
High,0.06383602
volume_change,0.06290143
10_day_ma,0.06195782
5_day_ma,0.05976466
MACD_signal,0.058145788
20_day_ma,0.057593588
BB_upper,0.056033306
Close,0.053920403
volatility_10,0.053698182
RSI_14,0.05283323
MACD,0.05283295
daily_return,0.051989358
20_day_std,0.049227823
Volume,0.04908377
