Feature,Importance
Low,0.073047705
5_day_ma,0.07245749
10_day_ma,0.07029357
BB_upper,0.06590845
Open,0.063227564
volatility_10,0.05984043
20_day_ma,0.059469737
MACD,0.056957502
daily_return,0.056508332
MACD_signal,0.055972308
volume_change,0.055862483
Close,0.054188486
Volume,0.05408983
High,0.053286318
BB_lower,0.05238008
20_day_std,0.04905887
RSI_14,0.047450814
