Feature,Importance
Low,0.10055795
High,0.085433275
MACD,0.074808404
10_day_ma,0.06287737
5_day_ma,0.06165605
BB_lower,0.059520483
MACD_signal,0.059080195
Close,0.057607893
20_day_ma,0.055436835
Volume,0.053554762
volatility_10,0.050265674
RSI_14,0.050055355
BB_upper,0.04940906
20_day_std,0.04763295
volume_change,0.04653347
Open,0.04300497
daily_return,0.042565316
