Feature,Importance
RSI_14,0.084326394
Low,0.08014775
volume_change,0.06758986
Open,0.06616226
MACD,0.06525909
MACD_signal,0.064682126
volatility_10,0.06140292
Close,0.06045257
BB_upper,0.0594584
10_day_ma,0.05795947
daily_return,0.05525242
5_day_ma,0.053616356
20_day_ma,0.05066942
20_day_std,0.048785664
High,0.04397877
Volume,0.04066159
BB_lower,0.03959488
