Feature,Importance
BB_upper,0.06940957
BB_lower,0.0678751
MACD_signal,0.065917425
High,0.06361618
MACD,0.06120719
20_day_ma,0.060835604
Open,0.06037198
Volume,0.05998549
10_day_ma,0.05847224
Close,0.057663094
volume_change,0.05751748
5_day_ma,0.054441437
Low,0.053727165
RSI_14,0.053410698
daily_return,0.052103303
volatility_10,0.052007575
20_day_std,0.051438484
