Feature,Importance
Open,0.06847237
BB_upper,0.06778661
10_day_ma,0.06620952
High,0.064986736
volume_change,0.06319708
volatility_10,0.061820112
5_day_ma,0.0606795
Low,0.058724776
MACD_signal,0.058007427
Volume,0.055012323
20_day_ma,0.054917574
BB_lower,0.054812387
Close,0.05435662
MACD,0.0537876
daily_return,0.05278153
RSI_14,0.052492395
20_day_std,0.051955465
