Feature,Importance
Open,0.06613417
Low,0.06575796
MACD_signal,0.06495225
volatility_10,0.06429553
MACD,0.062945776
BB_upper,0.06289019
Volume,0.06135113
20_day_std,0.059994217
BB_lower,0.05974132
10_day_ma,0.05766848
High,0.056836106
20_day_ma,0.05626726
daily_return,0.054528993
Close,0.05405367
RSI_14,0.05317453
5_day_ma,0.05259228
volume_change,0.046816166
