Feature,Importance
BB_upper,0.07036718
High,0.06664706
MACD,0.06631808
RSI_14,0.06470553
Open,0.061898828
5_day_ma,0.061207198
20_day_ma,0.05888594
daily_return,0.05879032
20_day_std,0.05820549
Close,0.0572889
volatility_10,0.057201784
Low,0.056721434
Volume,0.054920126
BB_lower,0.052573245
10_day_ma,0.052026015
volume_change,0.05141967
MACD_signal,0.050823137
