Feature,Importance
Low,0.07534789
BB_upper,0.068343416
RSI_14,0.06406147
20_day_std,0.06313809
volume_change,0.06285745
High,0.06267877
Close,0.062129658
MACD,0.059383154
10_day_ma,0.058575213
Open,0.05818217
MACD_signal,0.05654231
20_day_ma,0.054207355
daily_return,0.054092657
5_day_ma,0.053989157
Volume,0.050707985
volatility_10,0.048354246
BB_lower,0.047409046
