Feature,Importance
Open,0.06896707
High,0.068331696
5_day_ma,0.06721406
10_day_ma,0.067211926
BB_upper,0.059132963
Low,0.059126697
20_day_std,0.05897257
volume_change,0.05748409
MACD_signal,0.056700233
BB_lower,0.05605348
volatility_10,0.05598592
MACD,0.055898014
Close,0.055170998
20_day_ma,0.05486538
RSI_14,0.054768283
Volume,0.05338195
daily_return,0.050734684
