Feature,Importance
10_day_ma,0.0767485
High,0.07063166
RSI_14,0.0690428
Volume,0.06291821
volatility_10,0.059854906
BB_lower,0.058666572
volume_change,0.057825506
Low,0.057142336
20_day_std,0.05612325
20_day_ma,0.055593908
5_day_ma,0.055421747
BB_upper,0.05502552
Open,0.054931093
Close,0.05423944
MACD,0.05319691
daily_return,0.05194015
MACD_signal,0.050697513
