Feature,Importance
5_day_ma,0.07794229
20_day_std,0.07358217
Low,0.06903228
BB_upper,0.0685525
20_day_ma,0.06538797
BB_lower,0.06376581
volatility_10,0.059105564
Open,0.057390682
volume_change,0.05520816
RSI_14,0.054973975
Volume,0.05467247
MACD_signal,0.05410981
10_day_ma,0.053449366
MACD,0.052852076
daily_return,0.05010382
Close,0.05003966
High,0.03983135
