Feature,Importance
Low,0.07052006
RSI_14,0.06505941
20_day_std,0.06448697
BB_upper,0.06396731
5_day_ma,0.06393462
Volume,0.06217645
20_day_ma,0.06151128
MACD_signal,0.058646392
Open,0.058055036
volume_change,0.057872955
daily_return,0.057757035
High,0.057104472
BB_lower,0.0555272
MACD,0.05502811
10_day_ma,0.051892754
volatility_10,0.05123145
Close,0.04522841
