Feature,Importance
10_day_ma,0.069006614
MACD,0.067798644
RSI_14,0.06494487
BB_lower,0.06394499
20_day_ma,0.06340232
Open,0.06279716
Close,0.061057292
daily_return,0.060516283
Low,0.058263082
High,0.058165103
MACD_signal,0.057643257
volume_change,0.057281874
20_day_std,0.055172388
volatility_10,0.054073375
Volume,0.05245079
BB_upper,0.05049504
5_day_ma,0.042986855
