Feature,Importance
Open,0.06900798
RSI_14,0.06804713
volume_change,0.063682295
BB_upper,0.06252098
daily_return,0.061700836
MACD_signal,0.061040085
20_day_std,0.060519956
5_day_ma,0.060519814
Close,0.058887172
MACD,0.05629296
Low,0.056133933
volatility_10,0.05512267
High,0.05493417
BB_lower,0.053869173
Volume,0.053057916
20_day_ma,0.05299722
10_day_ma,0.051665656
