Feature,Importance
5_day_ma,0.072267234
BB_upper,0.06520053
Open,0.06295662
High,0.061823986
MACD,0.061553486
Close,0.060472522
BB_lower,0.06044849
20_day_ma,0.05802504
Volume,0.057557415
Low,0.057144333
volume_change,0.057035588
10_day_ma,0.056140337
volatility_10,0.055786893
20_day_std,0.054784317
MACD_signal,0.05411273
RSI_14,0.053815342
daily_return,0.050875187
