Feature,Importance
MACD_signal,0.06778405
High,0.067393094
Open,0.06508159
BB_upper,0.06245393
20_day_std,0.062082104
10_day_ma,0.06169826
5_day_ma,0.05995982
MACD,0.059856463
RSI_14,0.05838507
Low,0.058371812
volatility_10,0.057609305
20_day_ma,0.055233043
daily_return,0.054637272
volume_change,0.0544822
BB_lower,0.052446563
Volume,0.05221959
Close,0.05030584
