Feature,Importance
Low,0.07507766
daily_return,0.071740955
Volume,0.068328165
10_day_ma,0.06570465
5_day_ma,0.064353734
BB_upper,0.062996976
Open,0.06286016
20_day_std,0.06040162
MACD,0.05826895
RSI_14,0.05551358
volume_change,0.05504995
High,0.05358104
Close,0.05161801
20_day_ma,0.050700754
volatility_10,0.05043547
BB_lower,0.049601644
MACD_signal,0.043766692
