Feature,Importance
Low,0.06820316
5_day_ma,0.06698766
MACD_signal,0.06517514
BB_lower,0.06368332
Open,0.06363765
BB_upper,0.061878134
volume_change,0.061154045
20_day_std,0.060323622
MACD,0.05999584
High,0.058887232
volatility_10,0.055942677
daily_return,0.055661764
Close,0.055012044
20_day_ma,0.05425339
RSI_14,0.050881226
Volume,0.04954
10_day_ma,0.048783045
