Feature,Importance
Open,0.07024882
volume_change,0.06831941
5_day_ma,0.067783475
10_day_ma,0.06777801
RSI_14,0.064342335
BB_upper,0.06413709
MACD_signal,0.06093365
Low,0.05857218
MACD,0.057046063
High,0.055936035
BB_lower,0.055734646
Volume,0.05463175
Close,0.05335213
volatility_10,0.05172701
daily_return,0.050683185
20_day_std,0.0499989
20_day_ma,0.048775367
