Feature,Importance
5_day_ma,0.07504648
Low,0.0721121
Volume,0.06465263
MACD,0.06446705
20_day_ma,0.063991204
BB_lower,0.060624294
High,0.05831733
volume_change,0.05706237
RSI_14,0.056069892
daily_return,0.055891432
BB_upper,0.055262074
10_day_ma,0.054391064
20_day_std,0.053261187
volatility_10,0.05321256
MACD_signal,0.053071927
Close,0.05229561
Open,0.050270822
