Feature,Importance
Low,0.07389314
volume_change,0.06679175
BB_upper,0.06473919
20_day_std,0.0635277
BB_lower,0.06334841
High,0.062887415
20_day_ma,0.059713747
daily_return,0.058053054
5_day_ma,0.05800215
Volume,0.056680467
10_day_ma,0.05664075
MACD,0.05643101
MACD_signal,0.0553914
volatility_10,0.054460023
Close,0.052162006
RSI_14,0.049083143
Open,0.048194677
