Feature,Importance
Low,0.081580445
High,0.08042464
BB_lower,0.06827881
Close,0.06653096
20_day_std,0.06231578
5_day_ma,0.062119916
10_day_ma,0.06091522
volatility_10,0.05872994
volume_change,0.056743957
Open,0.055863947
Volume,0.054279786
RSI_14,0.05159185
MACD_signal,0.05030271
20_day_ma,0.049566567
BB_upper,0.04836883
MACD,0.046317678
daily_return,0.046069052
