Feature,Importance
BB_upper,0.09433498
20_day_std,0.07206887
MACD,0.071999624
BB_lower,0.0708514
10_day_ma,0.06679426
MACD_signal,0.06649411
High,0.061915334
Close,0.06146777
daily_return,0.058291223
RSI_14,0.058077414
20_day_ma,0.053425696
Volume,0.05283951
Low,0.048927233
volume_change,0.043135334
volatility_10,0.042865895
5_day_ma,0.042487986
Open,0.034023333
