Feature,Importance
Low,0.079765275
10_day_ma,0.06975757
20_day_ma,0.06677433
BB_upper,0.06546281
volume_change,0.06336669
Open,0.06037983
RSI_14,0.05956324
Volume,0.059068307
MACD,0.057838216
BB_lower,0.056609794
High,0.055428874
MACD_signal,0.05275523
Close,0.051667508
daily_return,0.051520888
5_day_ma,0.051286425
20_day_std,0.05020091
volatility_10,0.048554074
