Feature,Importance
MACD,0.07000687
5_day_ma,0.067912266
BB_upper,0.064592145
Low,0.06300456
MACD_signal,0.062835515
BB_lower,0.061915293
High,0.05943025
Open,0.05896132
Close,0.05748972
volatility_10,0.056754384
20_day_ma,0.056707595
volume_change,0.05618774
daily_return,0.055124085
Volume,0.053639907
20_day_std,0.053380303
10_day_ma,0.05207736
RSI_14,0.049980644
