Feature,Importance
volatility_10,0.06912193
5_day_ma,0.069088615
10_day_ma,0.06856512
Open,0.0679275
RSI_14,0.06651282
daily_return,0.06502827
volume_change,0.064560354
20_day_std,0.061552797
Volume,0.058572292
MACD,0.057114
20_day_ma,0.0570353
MACD_signal,0.05099832
BB_upper,0.050476942
Close,0.04967218
High,0.04915336
Low,0.047467716
BB_lower,0.047152597
