Feature,Importance
Low,0.073957615
BB_lower,0.06350197
10_day_ma,0.06288303
MACD_signal,0.06286134
Open,0.06087443
Close,0.06043026
20_day_std,0.059858255
Volume,0.05863011
20_day_ma,0.057953525
High,0.05785688
5_day_ma,0.056746982
MACD,0.056542773
BB_upper,0.055956542
daily_return,0.055712327
volume_change,0.054211676
RSI_14,0.053843554
volatility_10,0.048178736
