Feature,Importance
MACD,0.06784959
volume_change,0.06558074
20_day_std,0.06457686
10_day_ma,0.06444945
volatility_10,0.06340494
RSI_14,0.061705478
MACD_signal,0.061606012
High,0.05892532
Volume,0.058803696
BB_upper,0.057728328
daily_return,0.057242952
Open,0.056533623
BB_lower,0.055966955
Close,0.053021926
20_day_ma,0.052408475
Low,0.051167157
5_day_ma,0.0490284
