Feature,Importance
Open,0.06485308
RSI_14,0.064847976
BB_lower,0.06328378
MACD_signal,0.062949285
20_day_ma,0.06290864
daily_return,0.06276974
Volume,0.06042037
Low,0.059631016
20_day_std,0.059357997
High,0.059077673
5_day_ma,0.057701215
BB_upper,0.056234982
Close,0.055872977
volatility_10,0.054151367
volume_change,0.054085385
MACD,0.052137826
10_day_ma,0.049716696
