Feature,Importance
Low,0.08251389
5_day_ma,0.06810342
10_day_ma,0.067513786
MACD,0.06473101
RSI_14,0.06190247
MACD_signal,0.060397673
Close,0.05902168
BB_upper,0.057868112
20_day_std,0.05704422
Open,0.056900132
BB_lower,0.05562595
High,0.054915782
volatility_10,0.05462885
volume_change,0.053449906
daily_return,0.051485326
Volume,0.04996677
20_day_ma,0.043930966
