Feature,Importance
Low,0.068627305
5_day_ma,0.06783077
MACD_signal,0.063952744
High,0.06368761
Open,0.06242589
BB_lower,0.06227443
20_day_std,0.061978757
RSI_14,0.061790306
BB_upper,0.060403764
Volume,0.058932576
20_day_ma,0.057532266
daily_return,0.056360025
volume_change,0.05629648
volatility_10,0.054908406
MACD,0.05232058
10_day_ma,0.050411966
Close,0.040266152
