Feature,Importance
BB_upper,0.06994914
Low,0.067345686
BB_lower,0.06700699
RSI_14,0.06423457
Close,0.06375592
volatility_10,0.060640275
High,0.06029
MACD,0.059921358
volume_change,0.057634912
MACD_signal,0.056664422
daily_return,0.055975586
20_day_std,0.0554082
Volume,0.055310775
5_day_ma,0.053636342
Open,0.05328006
20_day_ma,0.050792765
10_day_ma,0.04815291
