Feature,Importance
BB_upper,0.07681241
20_day_std,0.070408925
Low,0.06685745
RSI_14,0.06461875
volume_change,0.0640387
5_day_ma,0.06393914
MACD,0.06359779
Volume,0.060207844
20_day_ma,0.05938091
MACD_signal,0.058353193
10_day_ma,0.054181438
BB_lower,0.05402653
volatility_10,0.053651866
daily_return,0.053094562
Open,0.050577518
High,0.046727616
Close,0.039525308
