Feature,Importance
BB_lower,0.07120706
RSI_14,0.066612884
BB_upper,0.06643699
Low,0.064090684
Open,0.06243332
20_day_std,0.062174212
MACD,0.061040383
High,0.060499266
Close,0.060278274
MACD_signal,0.060153306
10_day_ma,0.05855763
volume_change,0.056944612
daily_return,0.056896545
volatility_10,0.056229655
Volume,0.04968214
20_day_ma,0.04621907
5_day_ma,0.040544014
