Feature,Importance
Low,0.07377588
10_day_ma,0.06840965
BB_lower,0.0666064
BB_upper,0.066103175
MACD,0.06550515
Open,0.059401628
Close,0.058301993
RSI_14,0.057261124
volume_change,0.055849582
High,0.05514996
daily_return,0.054557897
volatility_10,0.054541714
20_day_ma,0.05416819
20_day_std,0.05381025
5_day_ma,0.05329719
Volume,0.05283692
MACD_signal,0.050423294
