Feature,Importance
Low,0.073625766
20_day_ma,0.0667902
High,0.06585624
5_day_ma,0.065549165
BB_upper,0.06295055
BB_lower,0.061557114
Close,0.059922293
Volume,0.059371594
Open,0.058978017
10_day_ma,0.05781158
RSI_14,0.05673493
volume_change,0.055935454
20_day_std,0.05503214
MACD,0.05350176
MACD_signal,0.050612148
volatility_10,0.04826814
daily_return,0.047502864
