Feature,Importance
20_day_ma,0.078552544
BB_lower,0.07181116
Close,0.07063374
10_day_ma,0.061959565
volatility_10,0.060993794
High,0.059754964
MACD_signal,0.058974016
daily_return,0.058768127
Low,0.0580207
Open,0.056654904
BB_upper,0.05593148
RSI_14,0.054947577
20_day_std,0.05485923
Volume,0.053632267
5_day_ma,0.051553935
MACD,0.050345514
volume_change,0.042606518
