Feature,Importance
Low,0.07667717
BB_lower,0.070838675
RSI_14,0.07049986
High,0.06704191
BB_upper,0.06226789
20_day_std,0.06224468
20_day_ma,0.059398394
daily_return,0.058902122
volume_change,0.058553472
5_day_ma,0.058306348
10_day_ma,0.05544277
Close,0.054886337
MACD_signal,0.05434386
volatility_10,0.053777233
MACD,0.053458266
Volume,0.045660328
Open,0.03770069
