Feature,Importance
Low,0.0814535
Open,0.0727101
10_day_ma,0.070498355
5_day_ma,0.06866298
MACD,0.065669395
volatility_10,0.060947195
20_day_ma,0.05951841
BB_lower,0.058133308
BB_upper,0.054523945
MACD_signal,0.05339636
daily_return,0.053190935
RSI_14,0.05205523
High,0.051576983
Close,0.051195815
volume_change,0.050649747
Volume,0.049350146
20_day_std,0.04646755
