Feature,Importance
10_day_ma,0.07290803
High,0.0702643
BB_lower,0.065429054
20_day_std,0.06489602
5_day_ma,0.06233643
Close,0.061779372
volatility_10,0.060530327
Low,0.05805894
RSI_14,0.057955835
MACD,0.057489928
volume_change,0.056942757
BB_upper,0.05579293
20_day_ma,0.053809874
MACD_signal,0.05211022
Open,0.05104751
daily_return,0.05099531
Volume,0.04765324
