Feature,Importance
RSI_14,0.07034077
High,0.06966722
Open,0.06944482
BB_lower,0.06767562
20_day_ma,0.06536898
5_day_ma,0.06522156
Low,0.06358579
volume_change,0.06282471
Volume,0.059354514
daily_return,0.058697037
MACD,0.055746548
volatility_10,0.05465262
BB_upper,0.051407855
MACD_signal,0.05071002
10_day_ma,0.048196644
Close,0.046844307
20_day_std,0.04026096
