Feature,Importance
Open,0.084087335
5_day_ma,0.0808555
20_day_ma,0.07348884
10_day_ma,0.069552414
Volume,0.06533231
BB_upper,0.063362114
volume_change,0.06303342
daily_return,0.058016684
High,0.057835586
MACD,0.05767079
RSI_14,0.051321782
Close,0.05131344
20_day_std,0.049220614
BB_lower,0.04819423
volatility_10,0.047228526
MACD_signal,0.04219169
Low,0.03729476
