Feature,Importance
Close,0.08160185
10_day_ma,0.074733175
MACD,0.06430681
5_day_ma,0.06234569
High,0.061522886
MACD_signal,0.061463587
Open,0.060967892
RSI_14,0.060402595
daily_return,0.058802675
Low,0.057733543
volume_change,0.055315763
Volume,0.05405657
BB_upper,0.053177666
BB_lower,0.052868154
volatility_10,0.05218189
20_day_ma,0.044356443
20_day_std,0.044162862
