Feature,Importance
Low,0.065771244
BB_upper,0.064113535
High,0.06329251
Close,0.06280078
5_day_ma,0.06265412
RSI_14,0.062166814
volume_change,0.062156316
20_day_ma,0.060415916
Open,0.060256377
MACD_signal,0.060091607
daily_return,0.057868406
BB_lower,0.057144247
MACD,0.056452096
10_day_ma,0.05529968
volatility_10,0.05278844
Volume,0.049911045
20_day_std,0.046816863
