Feature,Importance
High,0.06995102
volatility_10,0.06674204
10_day_ma,0.063791156
MACD_signal,0.062780514
BB_upper,0.062270388
5_day_ma,0.061492883
MACD,0.058401212
daily_return,0.05832305
volume_change,0.058219355
Volume,0.057717502
Low,0.057062156
BB_lower,0.057013005
Open,0.05596442
20_day_std,0.05526001
20_day_ma,0.055008825
Close,0.053026516
RSI_14,0.046975926
