Feature,Importance
MACD_signal,0.067990415
volume_change,0.067306645
20_day_std,0.06523506
Volume,0.06267065
10_day_ma,0.06231211
MACD,0.060880914
Low,0.059957847
20_day_ma,0.05975398
High,0.05892352
BB_lower,0.058335632
volatility_10,0.055672485
5_day_ma,0.054968793
Close,0.054564774
daily_return,0.05452241
BB_upper,0.05385324
Open,0.053078637
RSI_14,0.04997293
