Feature,Importance
10_day_ma,0.0766056
Open,0.07096719
5_day_ma,0.06732482
BB_upper,0.06695628
BB_lower,0.062456027
Close,0.061140362
20_day_ma,0.060856085
volume_change,0.057771854
RSI_14,0.05690703
MACD_signal,0.056273244
Low,0.056002293
MACD,0.054844234
Volume,0.053923648
20_day_std,0.05276438
High,0.04955609
volatility_10,0.048741836
daily_return,0.04690904
