Feature,Importance
High,0.08320867
Volume,0.0756741
Low,0.07116519
BB_upper,0.07022641
daily_return,0.061366454
volume_change,0.061326616
Open,0.059758272
BB_lower,0.059321634
MACD_signal,0.057864234
5_day_ma,0.057783283
volatility_10,0.05542145
10_day_ma,0.05522745
RSI_14,0.050353814
20_day_std,0.048305936
20_day_ma,0.04750658
MACD,0.044235136
Close,0.041254763
