Feature,Importance
High,0.06831626
MACD,0.06524488
daily_return,0.06413493
RSI_14,0.06334029
10_day_ma,0.06153011
Low,0.06068931
volume_change,0.059176095
MACD_signal,0.057922013
20_day_std,0.057732493
Open,0.05764699
5_day_ma,0.057018686
BB_lower,0.056908254
Close,0.05655475
Volume,0.056080196
20_day_ma,0.054403976
volatility_10,0.052017402
BB_upper,0.05128334
