Feature,Importance
BB_upper,0.06627594
Low,0.06500584
20_day_std,0.062175855
Open,0.062085733
5_day_ma,0.061866093
BB_lower,0.061812
RSI_14,0.061761867
Close,0.061727714
MACD_signal,0.06139719
20_day_ma,0.058334433
10_day_ma,0.058059335
MACD,0.05706322
daily_return,0.056028817
volume_change,0.053650334
volatility_10,0.052337907
Volume,0.050563715
High,0.049854062
