Feature,Importance
10_day_ma,0.07155103
MACD_signal,0.06976941
Low,0.06950643
Close,0.066807106
volume_change,0.06355245
RSI_14,0.061772637
5_day_ma,0.0614503
Open,0.056983817
BB_lower,0.05674806
BB_upper,0.056358133
MACD,0.055196367
Volume,0.054709684
volatility_10,0.053678494
20_day_ma,0.053366113
20_day_std,0.049815793
High,0.049813494
daily_return,0.048920672
