Feature,Importance
10_day_ma,0.08713774
Open,0.07074065
High,0.07057078
volume_change,0.06945341
Volume,0.06544552
Close,0.06149723
Low,0.060767706
daily_return,0.058970857
MACD,0.058070563
BB_upper,0.056763105
volatility_10,0.053823087
5_day_ma,0.052671958
BB_lower,0.05199977
MACD_signal,0.04683855
20_day_ma,0.0464792
RSI_14,0.046443656
20_day_std,0.042326204
