Feature,Importance
volatility_10,0.066435955
20_day_ma,0.066265345
10_day_ma,0.06515577
MACD_signal,0.06504956
BB_upper,0.06300553
20_day_std,0.0627144
MACD,0.0604585
BB_lower,0.06037029
Volume,0.060286462
Low,0.05897133
daily_return,0.058716536
Open,0.057851817
volume_change,0.056462474
RSI_14,0.055492733
Close,0.051516064
High,0.046634108
5_day_ma,0.0446131
