Feature,Importance
Low,0.07076729
5_day_ma,0.07042848
volatility_10,0.069512196
BB_upper,0.06887218
Open,0.06277658
20_day_ma,0.06246497
RSI_14,0.059712127
daily_return,0.059056655
BB_lower,0.057226345
20_day_std,0.057225924
High,0.05721864
MACD,0.052404836
Volume,0.052319087
MACD_signal,0.051452164
volume_change,0.049692385
10_day_ma,0.04956429
Close,0.049305808
