Feature,Importance
10_day_ma,0.073052034
Close,0.069675185
20_day_ma,0.06840666
High,0.063894205
volume_change,0.061481457
MACD,0.06083503
20_day_std,0.06051405
MACD_signal,0.06013272
volatility_10,0.05602408
daily_return,0.055672202
RSI_14,0.05498203
BB_upper,0.054648835
5_day_ma,0.053811904
Low,0.05288314
Volume,0.05242765
BB_lower,0.051503476
Open,0.050055377
