Feature,Importance
5_day_ma,0.083135605
High,0.0748675
MACD,0.07126131
Low,0.06799456
20_day_ma,0.06674438
BB_lower,0.06621018
10_day_ma,0.058917537
daily_return,0.057134718
Close,0.055184726
Volume,0.05469174
RSI_14,0.05453115
volume_change,0.053408887
Open,0.05043017
MACD_signal,0.049148433
BB_upper,0.04700867
volatility_10,0.046193995
20_day_std,0.043136414
