Feature,Importance
RSI_14,0.066847414
Open,0.06577127
5_day_ma,0.06571124
Low,0.065090165
BB_upper,0.06439656
Volume,0.06043329
BB_lower,0.059443332
10_day_ma,0.058709335
Close,0.05820149
MACD,0.05795474
daily_return,0.057456695
High,0.056040194
MACD_signal,0.05566868
20_day_std,0.05321686
volatility_10,0.05269252
volume_change,0.051849864
20_day_ma,0.050516333
