Feature,Importance
RSI_14,0.07816384
High,0.06940371
10_day_ma,0.0676055
daily_return,0.06717925
BB_lower,0.066006884
Low,0.063134134
Volume,0.061216623
BB_upper,0.06098424
20_day_std,0.059416614
volatility_10,0.058828156
MACD_signal,0.054486103
Close,0.054049168
20_day_ma,0.05399401
volume_change,0.053162515
MACD,0.044979207
Open,0.044486802
5_day_ma,0.0429032
