Feature,Importance
20_day_ma,0.08063097
High,0.073504105
Low,0.06477062
RSI_14,0.06442168
Open,0.06411676
BB_upper,0.06392536
MACD_signal,0.062871374
volume_change,0.06016246
BB_lower,0.059791557
volatility_10,0.05457194
Volume,0.054462764
MACD,0.052467614
Close,0.050871655
daily_return,0.049167443
20_day_std,0.049110603
10_day_ma,0.047664054
5_day_ma,0.04748907
