Feature,Importance
MACD,0.06616913
volume_change,0.06612789
20_day_std,0.06407863
Low,0.06356676
5_day_ma,0.06266819
MACD_signal,0.06146123
BB_upper,0.05999355
Volume,0.059656505
daily_return,0.059241675
High,0.058381
Close,0.05796965
volatility_10,0.057057884
RSI_14,0.05518891
Open,0.054765224
10_day_ma,0.052379176
BB_lower,0.052034844
20_day_ma,0.049259752
