Feature,Importance
20_day_ma,0.07385694
5_day_ma,0.071174026
RSI_14,0.06979005
Low,0.06727168
volume_change,0.06317217
Close,0.06258159
MACD_signal,0.060541026
Open,0.060111053
10_day_ma,0.058431175
volatility_10,0.057716735
MACD,0.05694047
20_day_std,0.056455027
Volume,0.053265125
BB_upper,0.053041358
BB_lower,0.048004616
daily_return,0.044756435
High,0.042890564
