Feature,Importance
10_day_ma,0.06996503
BB_lower,0.06353175
MACD_signal,0.06285714
High,0.062691055
5_day_ma,0.06136628
daily_return,0.061072323
20_day_ma,0.06077012
20_day_std,0.059779625
RSI_14,0.058421265
Open,0.058390673
volatility_10,0.05765646
MACD,0.05604247
Volume,0.05584273
Close,0.053707864
BB_upper,0.053020883
volume_change,0.052616484
Low,0.05226787
