Feature,Importance
Open,0.06904131
5_day_ma,0.06617247
Close,0.064989865
20_day_ma,0.06362667
MACD_signal,0.062520035
MACD,0.06223742
Volume,0.060283054
10_day_ma,0.05987135
daily_return,0.057398546
20_day_std,0.056726284
Low,0.05657662
High,0.055448998
BB_lower,0.05451331
volume_change,0.053407952
BB_upper,0.05301284
RSI_14,0.05253528
volatility_10,0.051637974
