Feature,Importance
daily_return,0.068137676
High,0.06688552
BB_upper,0.0657115
Low,0.064827956
20_day_ma,0.06420781
Volume,0.064113714
5_day_ma,0.06367652
Close,0.06365272
10_day_ma,0.06305015
Open,0.058564987
MACD,0.05597078
20_day_std,0.05554946
volume_change,0.055064138
volatility_10,0.053202417
RSI_14,0.048383527
BB_lower,0.045562994
MACD_signal,0.043438163
