Feature,Importance
MACD_signal,0.07595806
5_day_ma,0.06616641
BB_upper,0.06313128
BB_lower,0.06306039
volatility_10,0.06172807
Low,0.060321104
Open,0.059954274
High,0.059355006
Close,0.058476724
daily_return,0.057531543
volume_change,0.057301167
20_day_std,0.056621384
MACD,0.055916082
20_day_ma,0.055146914
10_day_ma,0.05324781
Volume,0.050146848
RSI_14,0.045936935
