Feature,Importance
volatility_10,0.081934735
Low,0.07206547
MACD_signal,0.06702786
5_day_ma,0.06611354
BB_lower,0.061807863
Open,0.060293335
BB_upper,0.058477905
daily_return,0.057795264
High,0.057325516
Volume,0.05702225
20_day_std,0.054773495
Close,0.054173253
MACD,0.053947784
volume_change,0.05338744
RSI_14,0.04915628
20_day_ma,0.048283305
10_day_ma,0.0464147
