Feature,Importance
10_day_ma,0.067632124
BB_lower,0.06534661
MACD,0.065043904
BB_upper,0.06488676
volatility_10,0.06308527
MACD_signal,0.06234245
Low,0.06081747
5_day_ma,0.060093813
20_day_std,0.058602754
Volume,0.05753438
20_day_ma,0.056352008
daily_return,0.056307048
Close,0.054783873
volume_change,0.05424298
RSI_14,0.052672707
Open,0.051290296
High,0.048965573
