Feature,Importance
Low,0.07965093
High,0.075008854
MACD,0.0701607
Close,0.061998256
MACD_signal,0.059666365
20_day_std,0.059633657
RSI_14,0.05902566
volume_change,0.058182403
20_day_ma,0.058144387
Volume,0.056965195
BB_upper,0.055626173
10_day_ma,0.054459136
daily_return,0.052497968
volatility_10,0.051361658
Open,0.049582116
5_day_ma,0.049265496
BB_lower,0.04877104
