Feature,Importance
20_day_ma,0.06909919
MACD,0.06907282
Volume,0.06558455
5_day_ma,0.06550594
BB_upper,0.06528525
Open,0.062763296
MACD_signal,0.062549844
20_day_std,0.062403277
Close,0.058964632
High,0.057323936
volume_change,0.05521612
Low,0.05390566
RSI_14,0.053429574
BB_lower,0.05305276
daily_return,0.051599294
volatility_10,0.0499306
10_day_ma,0.04431325
