Feature,Importance
High,0.06913872
MACD_signal,0.06663333
20_day_ma,0.066529244
20_day_std,0.065279365
RSI_14,0.062974796
Open,0.06087538
BB_lower,0.060357243
Low,0.05989055
volatility_10,0.057561196
10_day_ma,0.055963412
BB_upper,0.055484574
MACD,0.055086423
5_day_ma,0.054608382
volume_change,0.054581825
Close,0.053791273
daily_return,0.051601812
Volume,0.049642466
