Feature,Importance
BB_upper,0.065633945
RSI_14,0.06485655
volume_change,0.06259523
volatility_10,0.06155065
MACD_signal,0.060857285
MACD,0.060642388
BB_lower,0.059749313
20_day_std,0.059392486
Open,0.059310228
Low,0.057961177
Volume,0.057749245
10_day_ma,0.05680917
High,0.056655467
20_day_ma,0.056089565
daily_return,0.055251956
Close,0.052857906
5_day_ma,0.052037437
