Feature,Importance
10_day_ma,0.08611416
High,0.07151903
RSI_14,0.069374986
5_day_ma,0.06477264
Low,0.06412863
Close,0.063392386
volume_change,0.06328417
BB_lower,0.0596376
Volume,0.059025332
20_day_std,0.057029687
BB_upper,0.05689444
volatility_10,0.053918667
daily_return,0.051719286
MACD,0.048803028
Open,0.048582114
MACD_signal,0.044562716
20_day_ma,0.03724112
