Feature,Importance
Open,0.07700269
20_day_ma,0.07365378
BB_upper,0.070681706
BB_lower,0.06735256
High,0.06703474
Close,0.066365756
MACD_signal,0.05819823
10_day_ma,0.058131505
volatility_10,0.05785609
Low,0.05748355
Volume,0.053555455
daily_return,0.051572807
MACD,0.05143571
volume_change,0.050832342
5_day_ma,0.049623128
RSI_14,0.04651705
20_day_std,0.042702947
