Feature,Importance
BB_upper,0.068382
volatility_10,0.06780775
Open,0.06625374
RSI_14,0.0657079
MACD,0.061623175
BB_lower,0.061397016
20_day_std,0.061098617
Low,0.059169676
Volume,0.05800271
daily_return,0.05704854
5_day_ma,0.055837616
MACD_signal,0.055268485
10_day_ma,0.05476702
volume_change,0.054036126
20_day_ma,0.053377613
Close,0.051752415
High,0.048469566
