Feature,Importance
20_day_ma,0.077796474
Close,0.069791935
5_day_ma,0.06910963
10_day_ma,0.06813668
Low,0.06434263
volume_change,0.060923547
Open,0.059766132
BB_upper,0.057737775
High,0.057408314
20_day_std,0.05736394
RSI_14,0.05388221
MACD,0.05315503
daily_return,0.05161539
volatility_10,0.051532447
BB_lower,0.05030639
Volume,0.050278205
MACD_signal,0.0468533
