Feature,Importance
Volume,0.06704286
volatility_10,0.0636696
Open,0.063188605
5_day_ma,0.062913746
Low,0.060880512
10_day_ma,0.060423903
volume_change,0.060391404
RSI_14,0.05989511
20_day_std,0.059135478
20_day_ma,0.05811909
daily_return,0.057397038
MACD_signal,0.055957567
BB_upper,0.05571064
BB_lower,0.05544216
High,0.054801203
MACD,0.05351653
Close,0.05151461
