Feature,Importance
High,0.083208255
Low,0.072654486
BB_upper,0.06710983
20_day_ma,0.065806866
10_day_ma,0.064004116
5_day_ma,0.063530646
Volume,0.06346455
BB_lower,0.06060814
volatility_10,0.058791008
volume_change,0.05486668
daily_return,0.05303861
20_day_std,0.05209723
MACD,0.05185821
Close,0.04996441
RSI_14,0.049406983
MACD_signal,0.04729224
Open,0.042297684
