Feature,Importance
High,0.095005974
20_day_std,0.07846998
RSI_14,0.07570468
Low,0.07068952
Open,0.06946275
Volume,0.059968956
20_day_ma,0.056368012
volume_change,0.05491083
MACD_signal,0.054297637
BB_upper,0.053934578
BB_lower,0.05226876
Close,0.05194797
volatility_10,0.04867935
MACD,0.047496878
daily_return,0.047325596
10_day_ma,0.0434437
5_day_ma,0.040024817
