Feature,Importance
MACD_signal,0.0694317
MACD,0.06890327
Low,0.06500457
volatility_10,0.06412134
BB_lower,0.06270707
daily_return,0.06241609
High,0.060645577
20_day_ma,0.059409324
Open,0.05923702
20_day_std,0.058359064
volume_change,0.055571526
10_day_ma,0.054391652
Volume,0.054358453
Close,0.05332924
BB_upper,0.052771796
RSI_14,0.05257163
5_day_ma,0.046770696
