Feature,Importance
Low,0.07336447
daily_return,0.06963529
20_day_ma,0.06915249
High,0.06887632
Open,0.068588845
MACD_signal,0.06521462
volume_change,0.06291309
5_day_ma,0.062476818
RSI_14,0.062055524
BB_lower,0.061875984
Volume,0.0528166
Close,0.0520406
20_day_std,0.050168984
10_day_ma,0.047459006
BB_upper,0.045341723
volatility_10,0.044125766
MACD,0.04389391
