Feature,Importance
BB_upper,0.06934223
volatility_10,0.068089
MACD_signal,0.06709172
volume_change,0.06500121
High,0.06172781
20_day_std,0.06158272
10_day_ma,0.05999843
daily_return,0.058777772
20_day_ma,0.058300313
Volume,0.05758549
Open,0.055861946
MACD,0.055216424
BB_lower,0.053879447
RSI_14,0.05352288
5_day_ma,0.053039107
Close,0.05294564
Low,0.048037875
