Feature,Importance
Low,0.07107696
High,0.06912434
MACD_signal,0.067536116
5_day_ma,0.066458724
Open,0.06444353
20_day_ma,0.061612714
BB_upper,0.05937353
RSI_14,0.058274876
20_day_std,0.057297733
Volume,0.056630384
10_day_ma,0.05472586
daily_return,0.054426275
BB_lower,0.053275343
Close,0.052665457
MACD,0.05251901
volume_change,0.05053903
volatility_10,0.05002015
