Feature,Importance
Low,0.07638036
High,0.07258791
10_day_ma,0.067945294
5_day_ma,0.061893307
20_day_ma,0.06021234
MACD_signal,0.059612505
Open,0.05938542
daily_return,0.058012582
RSI_14,0.057835694
volume_change,0.055564206
BB_lower,0.05504587
BB_upper,0.05498366
Volume,0.054747265
volatility_10,0.0539964
20_day_std,0.053333182
Close,0.04939148
MACD,0.04907251
