Feature,Importance
Low,0.07545569
10_day_ma,0.07166049
MACD,0.06555377
volatility_10,0.064479
Open,0.06342894
Volume,0.06288108
5_day_ma,0.059306376
High,0.0586605
BB_lower,0.058258675
MACD_signal,0.05816254
Close,0.056831576
daily_return,0.056056444
BB_upper,0.05493882
20_day_std,0.054066394
20_day_ma,0.04958187
volume_change,0.04849765
RSI_14,0.042180177
