Feature,Importance
daily_return,0.07648435
5_day_ma,0.073182344
Volume,0.06747264
Low,0.06272287
20_day_std,0.06268814
Close,0.060934883
Open,0.06003962
volume_change,0.058270924
volatility_10,0.05759845
BB_upper,0.05684193
20_day_ma,0.05670593
BB_lower,0.05658294
MACD,0.05493027
RSI_14,0.05228367
10_day_ma,0.050371032
High,0.04920653
MACD_signal,0.04368345
