Feature,Importance
MACD,0.07815372
Close,0.073644325
10_day_ma,0.07158481
5_day_ma,0.06978796
Open,0.06719126
volatility_10,0.0659132
Volume,0.06565842
20_day_ma,0.055799168
volume_change,0.055618126
Low,0.055510897
MACD_signal,0.051572405
BB_lower,0.051251277
daily_return,0.050069798
20_day_std,0.049768694
BB_upper,0.049205113
RSI_14,0.04901184
High,0.04025904
