Feature,Importance
BB_upper,0.07410404
BB_lower,0.06731562
MACD,0.065109275
volatility_10,0.06510877
10_day_ma,0.06373709
High,0.062819555
Low,0.061983034
Volume,0.060089547
20_day_std,0.057783492
MACD_signal,0.05571589
volume_change,0.055133108
RSI_14,0.05402472
Close,0.05339922
daily_return,0.05313278
Open,0.05218921
20_day_ma,0.05006977
5_day_ma,0.048284948
