Feature,Importance
volatility_10,0.071699955
MACD,0.07148465
Open,0.06904536
volume_change,0.0651697
5_day_ma,0.064244196
MACD_signal,0.06277813
RSI_14,0.0623066
20_day_std,0.058225565
Close,0.05713675
BB_lower,0.056484003
Volume,0.056342635
Low,0.054225374
daily_return,0.05354202
20_day_ma,0.052207716
High,0.052119374
BB_upper,0.051469587
10_day_ma,0.04151844
