Feature,Importance
20_day_ma,0.09363896
High,0.0877955
Low,0.08430639
BB_lower,0.06984866
volatility_10,0.061132137
RSI_14,0.060235318
MACD_signal,0.058755312
Close,0.057686895
daily_return,0.057142265
Volume,0.054763593
5_day_ma,0.05416215
MACD,0.05381211
volume_change,0.053624697
Open,0.04997032
BB_upper,0.03918493
20_day_std,0.03363903
10_day_ma,0.030301826
