Feature,Importance
BB_upper,0.070768096
MACD_signal,0.06587836
High,0.063805245
MACD,0.06257018
volatility_10,0.062449988
20_day_std,0.062415842
daily_return,0.06163239
5_day_ma,0.05785027
20_day_ma,0.057038546
Low,0.056701403
Volume,0.05620952
Open,0.05544708
10_day_ma,0.055174973
BB_lower,0.054900743
volume_change,0.054117985
RSI_14,0.052402977
Close,0.05063638
