Feature,Importance
volume_change,0.07130171
10_day_ma,0.070137896
High,0.06886061
Open,0.0646548
BB_upper,0.063644305
MACD_signal,0.061934102
Low,0.06033199
MACD,0.059098676
Volume,0.05792296
5_day_ma,0.05677009
volatility_10,0.055260543
BB_lower,0.054851007
daily_return,0.052642193
20_day_std,0.051817503
RSI_14,0.05133982
20_day_ma,0.051180545
Close,0.048251223
