Feature,Importance
10_day_ma,0.086757585
BB_upper,0.06937697
Low,0.06757964
20_day_ma,0.06311536
volume_change,0.060444012
MACD,0.060292847
RSI_14,0.060124848
Open,0.058176473
Close,0.057277646
MACD_signal,0.056767132
Volume,0.056464918
High,0.053611018
5_day_ma,0.053523812
20_day_std,0.05164119
daily_return,0.051189095
volatility_10,0.049306553
BB_lower,0.044350836
