Feature,Importance
20_day_ma,0.071112506
Volume,0.07038774
volatility_10,0.07002749
Low,0.067693345
daily_return,0.067133605
volume_change,0.06332964
Close,0.06270382
Open,0.062078696
20_day_std,0.060440075
High,0.055809584
BB_upper,0.055797275
BB_lower,0.055583257
MACD_signal,0.05326921
MACD,0.048850793
5_day_ma,0.04865046
10_day_ma,0.045683
RSI_14,0.041449517
