Feature,Importance
MACD,0.07136354
Open,0.069455914
5_day_ma,0.0683928
Volume,0.063711375
volatility_10,0.062682755
BB_lower,0.058942147
10_day_ma,0.05799443
BB_upper,0.05794208
20_day_ma,0.056903455
High,0.05674952
volume_change,0.05672672
MACD_signal,0.055472005
daily_return,0.054254048
Close,0.05299369
Low,0.052750196
RSI_14,0.052471012
20_day_std,0.051194236
