Feature,Importance
BB_upper,0.06788328
BB_lower,0.06725137
20_day_std,0.06573777
10_day_ma,0.064333186
volatility_10,0.06272432
MACD_signal,0.06240028
Volume,0.061321374
20_day_ma,0.060885258
Close,0.0595344
Open,0.059261505
MACD,0.058674075
5_day_ma,0.054889906
volume_change,0.053874597
RSI_14,0.05236039
daily_return,0.052240826
Low,0.050201938
High,0.0464255
