Feature,Importance
Open,0.075423956
10_day_ma,0.06549407
High,0.064696774
BB_lower,0.06284256
volatility_10,0.061261136
Volume,0.060446274
MACD,0.060229022
Low,0.059880774
20_day_std,0.058602825
RSI_14,0.05710446
MACD_signal,0.056699824
volume_change,0.055949166
20_day_ma,0.0548255
5_day_ma,0.054704152
daily_return,0.0540255
BB_upper,0.05205074
Close,0.04576328
