Feature,Importance
Open,0.10506121
BB_upper,0.081105135
10_day_ma,0.072759554
5_day_ma,0.06526721
Volume,0.064964786
RSI_14,0.059755683
MACD,0.056420047
MACD_signal,0.056229856
volatility_10,0.054273125
Close,0.053460144
volume_change,0.05321707
Low,0.051806178
20_day_ma,0.050441615
daily_return,0.045991715
BB_lower,0.045486808
20_day_std,0.04537003
High,0.038389854
