Feature,Importance
MACD,0.06888695
MACD_signal,0.068028644
BB_upper,0.06754259
BB_lower,0.06459455
20_day_std,0.061933875
5_day_ma,0.060766228
RSI_14,0.059728567
volatility_10,0.05838632
10_day_ma,0.058125544
Open,0.057198193
Low,0.05540368
20_day_ma,0.055078376
volume_change,0.054634433
High,0.0538198
daily_return,0.052924473
Volume,0.052779883
Close,0.050167937
