Feature,Importance
5_day_ma,0.07514117
MACD,0.06985103
Low,0.06602185
MACD_signal,0.06495279
RSI_14,0.06239449
BB_upper,0.060935706
Open,0.058763236
20_day_ma,0.056858275
Close,0.056405716
volume_change,0.056022525
BB_lower,0.055373423
20_day_std,0.054730844
volatility_10,0.05362263
Volume,0.052846674
10_day_ma,0.052766584
daily_return,0.052343566
High,0.050969545
