Feature,Importance
Open,0.09247856
20_day_ma,0.07728983
10_day_ma,0.07471216
Low,0.07401182
Close,0.06918025
5_day_ma,0.06201562
20_day_std,0.05975972
volatility_10,0.055073034
Volume,0.054930434
daily_return,0.053622585
MACD,0.05213356
RSI_14,0.05140906
BB_upper,0.049770772
BB_lower,0.046926368
High,0.04444724
MACD_signal,0.043204658
volume_change,0.039034285
