Feature,Importance
10_day_ma,0.07263876
20_day_ma,0.067616396
RSI_14,0.06399307
BB_upper,0.063799195
Close,0.062575184
20_day_std,0.061420195
BB_lower,0.06052072
daily_return,0.059569526
Low,0.05745076
Open,0.056178853
5_day_ma,0.055500817
MACD_signal,0.054214537
volatility_10,0.05383151
MACD,0.053508066
Volume,0.05347561
High,0.05325376
volume_change,0.050453067
