Feature,Importance
Low,0.081789754
High,0.0701319
10_day_ma,0.0623355
volatility_10,0.060818028
5_day_ma,0.060707513
volume_change,0.060398694
Open,0.05978472
Volume,0.05941587
20_day_std,0.05850307
BB_lower,0.058327153
Close,0.057534143
20_day_ma,0.05689939
MACD_signal,0.053655453
MACD,0.05280165
daily_return,0.05244722
BB_upper,0.048538633
RSI_14,0.045911293
