Feature,Importance
MACD_signal,0.09030852
Low,0.08663454
Close,0.08332286
BB_upper,0.07520004
High,0.06697339
RSI_14,0.06466699
volume_change,0.061237358
MACD,0.05813558
5_day_ma,0.053856447
volatility_10,0.052995875
daily_return,0.048777238
Open,0.04658857
Volume,0.046006188
BB_lower,0.045307495
20_day_std,0.042596146
20_day_ma,0.042409275
10_day_ma,0.034983486
