Feature,Importance
Low,0.08902001
Close,0.07185374
BB_lower,0.06923124
Open,0.06280689
20_day_std,0.062277544
High,0.05860032
MACD_signal,0.058000647
volatility_10,0.057600413
daily_return,0.057505637
20_day_ma,0.057216752
volume_change,0.056797463
5_day_ma,0.054167785
Volume,0.052271508
BB_upper,0.050864328
MACD,0.049744006
RSI_14,0.048940904
10_day_ma,0.043100864
