Feature,Importance
MACD,0.070223495
10_day_ma,0.06711758
volatility_10,0.0649175
MACD_signal,0.064354226
20_day_std,0.06341274
volume_change,0.061987843
RSI_14,0.0601565
5_day_ma,0.05974903
Open,0.05732797
BB_upper,0.05687274
Close,0.056676123
BB_lower,0.05654333
Low,0.05528733
daily_return,0.054930996
High,0.052282676
Volume,0.05041009
20_day_ma,0.04774978
