Feature,Importance
BB_lower,0.07276739
5_day_ma,0.072349936
High,0.07035154
MACD_signal,0.067779005
20_day_ma,0.06721619
BB_upper,0.06621423
Close,0.057754356
Open,0.056339864
10_day_ma,0.056179088
daily_return,0.055637788
Low,0.05418003
RSI_14,0.054130808
volume_change,0.05238586
20_day_std,0.051922254
Volume,0.050518665
volatility_10,0.048193093
MACD,0.046079915
