Feature,Importance
Low,0.090410635
10_day_ma,0.07236512
BB_lower,0.070413694
Open,0.069633566
20_day_ma,0.0640426
Close,0.06224398
20_day_std,0.05857806
volume_change,0.05692769
Volume,0.056600045
High,0.055513375
RSI_14,0.053638566
BB_upper,0.053245954
5_day_ma,0.05199878
volatility_10,0.051057752
daily_return,0.049862366
MACD,0.04331955
MACD_signal,0.040148236
