Feature,Importance
BB_lower,0.07315164
MACD_signal,0.0708862
volatility_10,0.06884647
Volume,0.0681574
10_day_ma,0.066196345
MACD,0.062228408
daily_return,0.06177784
Close,0.05989905
5_day_ma,0.05941593
20_day_std,0.058884703
20_day_ma,0.058046743
BB_upper,0.055614743
Open,0.052764818
volume_change,0.051782377
Low,0.046706874
High,0.04601239
RSI_14,0.039628025
