Feature,Importance
volume_change,0.070819065
5_day_ma,0.06807692
Open,0.065184034
10_day_ma,0.06503677
Low,0.06414547
daily_return,0.062145118
MACD,0.06040276
BB_upper,0.059309326
RSI_14,0.059025943
High,0.058275133
Volume,0.056904603
MACD_signal,0.054985005
20_day_ma,0.05309054
volatility_10,0.052840497
BB_lower,0.052770797
Close,0.05183613
20_day_std,0.04515183
