Feature,Importance
MACD,0.081651375
20_day_ma,0.07716837
5_day_ma,0.07096427
volume_change,0.06505154
Low,0.06367623
BB_lower,0.05867269
20_day_std,0.05772985
BB_upper,0.056869157
daily_return,0.05604793
RSI_14,0.055424843
Open,0.054190088
Volume,0.053078167
MACD_signal,0.052034445
volatility_10,0.051554423
Close,0.05067093
10_day_ma,0.050332546
High,0.044883154
