Feature,Importance
High,0.08600225
Volume,0.07164977
volatility_10,0.06631137
MACD,0.060836907
5_day_ma,0.060696583
10_day_ma,0.060387563
MACD_signal,0.058335494
daily_return,0.05769518
BB_lower,0.057523254
BB_upper,0.057322547
20_day_std,0.05581928
Close,0.055412997
RSI_14,0.05529746
Low,0.05417607
20_day_ma,0.052134957
volume_change,0.046167802
Open,0.044230513
