Feature,Importance
20_day_ma,0.07291478
BB_lower,0.07047959
Low,0.06984038
High,0.0666656
Close,0.063973166
volatility_10,0.061248906
MACD_signal,0.05864432
Open,0.056822166
MACD,0.056673925
BB_upper,0.055165052
daily_return,0.05496075
Volume,0.05429049
RSI_14,0.05243317
10_day_ma,0.052162543
volume_change,0.051517673
20_day_std,0.051209163
5_day_ma,0.050998386
