Feature,Importance
BB_upper,0.0753696
Close,0.06883212
MACD_signal,0.06839144
Low,0.06768637
BB_lower,0.0646698
20_day_ma,0.062114656
Open,0.061348423
20_day_std,0.0600008
MACD,0.058089133
10_day_ma,0.056803625
volume_change,0.056057654
High,0.055052232
daily_return,0.053259682
RSI_14,0.050884567
5_day_ma,0.048171084
volatility_10,0.04683215
Volume,0.046436615
