Feature,Importance
MACD,0.08169561
Close,0.07668361
Low,0.07360722
RSI_14,0.07106824
BB_lower,0.06470536
20_day_std,0.06436874
daily_return,0.06162418
5_day_ma,0.060347788
MACD_signal,0.05863884
BB_upper,0.058090474
Volume,0.056265987
volume_change,0.053550724
volatility_10,0.049233448
20_day_ma,0.048854396
10_day_ma,0.048368048
Open,0.04454224
High,0.02835503
