Feature,Importance
BB_upper,0.074131496
MACD,0.06887264
5_day_ma,0.06669544
Volume,0.06362309
10_day_ma,0.063225456
daily_return,0.059892904
volume_change,0.05982772
MACD_signal,0.059384394
20_day_ma,0.057874803
Low,0.05560202
RSI_14,0.05516782
20_day_std,0.054846648
High,0.053905312
BB_lower,0.05366455
Close,0.053381786
volatility_10,0.05316531
Open,0.04673867
