Feature,Importance
BB_lower,0.09325005
BB_upper,0.08196623
10_day_ma,0.06577724
daily_return,0.06226716
20_day_ma,0.05953285
5_day_ma,0.05878016
volume_change,0.058575127
RSI_14,0.057567768
Low,0.056776512
20_day_std,0.056711704
volatility_10,0.054144345
MACD_signal,0.051989704
Open,0.051693384
Volume,0.049714584
MACD,0.047563426
High,0.047519267
Close,0.046170447
