Feature,Importance
BB_upper,0.07041753
20_day_std,0.065868095
BB_lower,0.065390706
10_day_ma,0.064992525
20_day_ma,0.063607246
Volume,0.062840395
5_day_ma,0.06201607
MACD,0.059815485
Low,0.059062656
daily_return,0.058335584
High,0.058081403
RSI_14,0.055564404
volatility_10,0.052283123
volume_change,0.051990174
Open,0.051400706
MACD_signal,0.05124793
Close,0.047085978
