Feature,Importance
Low,0.07076422
MACD_signal,0.07019854
High,0.0628589
BB_upper,0.06160002
20_day_ma,0.061436895
BB_lower,0.061051793
Close,0.059879396
volatility_10,0.0588539
volume_change,0.05867734
Open,0.058105715
daily_return,0.05726395
5_day_ma,0.055326786
Volume,0.05458209
20_day_std,0.05384891
MACD,0.052602205
10_day_ma,0.05210391
RSI_14,0.05084547
