Feature,Importance
Close,0.07429372
Low,0.07422188
volatility_10,0.07223251
MACD_signal,0.07215846
High,0.06690601
5_day_ma,0.061532117
Open,0.059022598
MACD,0.058310673
Volume,0.055733435
volume_change,0.055398885
BB_lower,0.05511352
daily_return,0.05318501
BB_upper,0.052749135
10_day_ma,0.05040319
20_day_ma,0.048369497
20_day_std,0.045244355
RSI_14,0.04512501
