Feature,Importance
BB_upper,0.06987057
20_day_std,0.067623936
RSI_14,0.066942476
volume_change,0.06406514
Low,0.06312541
Volume,0.063041076
daily_return,0.062180243
5_day_ma,0.06187406
MACD_signal,0.06136991
volatility_10,0.05898955
Open,0.056659333
10_day_ma,0.055806465
MACD,0.052705746
20_day_ma,0.049798794
BB_lower,0.04885285
Close,0.04873061
High,0.04836381
