Feature,Importance
High,0.07212678
BB_lower,0.07108672
MACD,0.0648613
5_day_ma,0.062993065
Open,0.062232554
10_day_ma,0.05855225
RSI_14,0.058377106
daily_return,0.057856504
volume_change,0.05748753
Low,0.057377797
Close,0.05685249
BB_upper,0.05679824
20_day_ma,0.05492896
Volume,0.054413218
volatility_10,0.052294753
20_day_std,0.05164855
MACD_signal,0.05011225
