Feature,Importance
Open,0.07539622
10_day_ma,0.06799919
BB_upper,0.061431162
Low,0.06114233
Volume,0.06075052
20_day_ma,0.060589477
volatility_10,0.059441235
5_day_ma,0.059271343
MACD,0.058588803
RSI_14,0.05768673
volume_change,0.055938914
daily_return,0.055020604
Close,0.054840203
High,0.054838747
MACD_signal,0.05391718
BB_lower,0.052980047
20_day_std,0.05016736
