Feature,Importance
BB_lower,0.077437
High,0.073779024
Open,0.067375876
volatility_10,0.066289306
Low,0.06626723
Volume,0.06510938
10_day_ma,0.06405585
20_day_ma,0.0577072
5_day_ma,0.05732973
volume_change,0.055112824
Close,0.054284807
RSI_14,0.053520836
20_day_std,0.05327246
MACD,0.049616855
daily_return,0.048593014
MACD_signal,0.048119463
BB_upper,0.042129144
