Feature,Importance
High,0.07492225
10_day_ma,0.07275211
BB_upper,0.071982026
20_day_ma,0.065780684
MACD,0.06374728
5_day_ma,0.062908255
volatility_10,0.05904739
20_day_std,0.058508594
Low,0.05761969
Close,0.055952303
BB_lower,0.05419562
MACD_signal,0.053950526
daily_return,0.053566102
RSI_14,0.05294176
Open,0.052286543
volume_change,0.048202276
Volume,0.041636564
