Feature,Importance
High,0.0695076
20_day_ma,0.068987705
MACD_signal,0.06692381
BB_lower,0.06371187
10_day_ma,0.06311185
Open,0.06235492
5_day_ma,0.06040603
20_day_std,0.05930486
MACD,0.05895816
BB_upper,0.056445427
daily_return,0.056109313
volatility_10,0.055146154
Low,0.0540396
Volume,0.053746194
Close,0.053004663
RSI_14,0.05141679
volume_change,0.046825085
