Feature,Importance
20_day_ma,0.07463048
BB_upper,0.07364073
BB_lower,0.06661358
Close,0.06524101
5_day_ma,0.06428225
10_day_ma,0.060716607
volume_change,0.060173735
RSI_14,0.059249792
High,0.05919132
20_day_std,0.05850655
volatility_10,0.05513224
Volume,0.05431814
Low,0.053504784
Open,0.051999558
daily_return,0.049902774
MACD,0.04950421
MACD_signal,0.043392237
