Feature,Importance
RSI_14,0.082227685
10_day_ma,0.07266421
BB_lower,0.066130556
volume_change,0.06317289
MACD_signal,0.062192086
BB_upper,0.061004456
20_day_ma,0.05939461
Close,0.059137855
Low,0.05628152
Volume,0.05599804
20_day_std,0.055834793
volatility_10,0.05468346
MACD,0.054340623
5_day_ma,0.052664235
daily_return,0.0520463
Open,0.047338225
High,0.044888448
