Feature,Importance
Low,0.08100962
5_day_ma,0.071430616
20_day_std,0.066630855
MACD,0.06553331
Close,0.06442308
MACD_signal,0.06276064
High,0.061320856
daily_return,0.05912313
BB_lower,0.058532335
volume_change,0.058521096
volatility_10,0.05586559
Open,0.054313913
20_day_ma,0.05341535
RSI_14,0.049319856
10_day_ma,0.048495006
Volume,0.04539257
BB_upper,0.04391222
