Feature,Importance
5_day_ma,0.070890725
MACD,0.069300994
Open,0.065953076
volatility_10,0.06228424
Close,0.059306055
MACD_signal,0.059224527
20_day_ma,0.059198085
20_day_std,0.05908762
volume_change,0.058518223
daily_return,0.057543352
10_day_ma,0.05667298
Volume,0.05581214
BB_upper,0.055111717
BB_lower,0.053251646
High,0.052781817
Low,0.052776042
RSI_14,0.052286733
