Feature,Importance
10_day_ma,0.07008404
Close,0.068402134
Low,0.0669574
BB_lower,0.066209465
daily_return,0.06359768
MACD,0.062949315
5_day_ma,0.06213005
High,0.061068725
Volume,0.06032928
volume_change,0.05927907
RSI_14,0.05721001
MACD_signal,0.056566186
20_day_std,0.054644816
Open,0.0482018
volatility_10,0.048119895
20_day_ma,0.04719735
BB_upper,0.047052868
