Feature,Importance
RSI_14,0.07096114
MACD,0.06716444
Close,0.066472925
volatility_10,0.064418696
BB_lower,0.06334174
20_day_ma,0.06208279
daily_return,0.060968045
High,0.060217988
20_day_std,0.05817732
Volume,0.057865385
Low,0.05694564
MACD_signal,0.055119507
BB_upper,0.054550406
5_day_ma,0.052117668
volume_change,0.0517961
Open,0.050516486
10_day_ma,0.047283784
