Feature,Importance
volatility_10,0.07361618
volume_change,0.06635482
Low,0.0648279
MACD,0.06438589
Volume,0.06419943
daily_return,0.060817096
10_day_ma,0.059573516
5_day_ma,0.058815897
BB_upper,0.057305396
MACD_signal,0.056086585
Open,0.055182185
RSI_14,0.05458459
High,0.054303657
BB_lower,0.054096244
20_day_ma,0.053021304
Close,0.051879752
20_day_std,0.050949547
