Feature,Importance
Low,0.087610856
daily_return,0.07006724
volume_change,0.06703386
BB_upper,0.063394696
Open,0.061556328
MACD,0.06074438
5_day_ma,0.060611073
volatility_10,0.05757911
20_day_ma,0.057266016
MACD_signal,0.055718828
10_day_ma,0.05525562
Close,0.054840423
Volume,0.052969646
High,0.05210444
20_day_std,0.050326016
RSI_14,0.048393708
BB_lower,0.04452773
