Feature,Importance
BB_upper,0.07418938
RSI_14,0.073853925
Low,0.07278707
20_day_ma,0.07200785
MACD,0.067124434
High,0.06250331
MACD_signal,0.05809005
Close,0.0574819
volatility_10,0.056600004
Volume,0.055249292
20_day_std,0.053416908
5_day_ma,0.053272862
daily_return,0.05209897
volume_change,0.052097235
10_day_ma,0.05161823
Open,0.048542056
BB_lower,0.03906656
