Feature,Importance
20_day_ma,0.06715387
Volume,0.06522245
volume_change,0.06350333
10_day_ma,0.063492976
MACD,0.06251227
Low,0.062263995
5_day_ma,0.061472654
Close,0.061332244
BB_upper,0.05998097
daily_return,0.05935974
MACD_signal,0.057988413
volatility_10,0.057840228
20_day_std,0.054595903
High,0.054038372
RSI_14,0.053405527
BB_lower,0.04934973
Open,0.046487227
