Feature,Importance
20_day_ma,0.0756421
Open,0.07305355
10_day_ma,0.06545733
High,0.064299315
MACD_signal,0.062398367
daily_return,0.062093377
volatility_10,0.06144382
MACD,0.061072465
20_day_std,0.059484128
BB_lower,0.05922809
Volume,0.057623718
5_day_ma,0.055220693
BB_upper,0.053297583
volume_change,0.052123617
RSI_14,0.050207485
Close,0.04936894
Low,0.037985414
