Feature,Importance
5_day_ma,0.07497455
20_day_ma,0.07008916
BB_upper,0.069599785
BB_lower,0.06958278
High,0.0656834
RSI_14,0.060814925
Low,0.059742402
20_day_std,0.059286132
volume_change,0.055867087
MACD,0.055746436
Volume,0.054989368
10_day_ma,0.05236135
volatility_10,0.05124569
Close,0.050427884
MACD_signal,0.050246026
daily_return,0.05002861
Open,0.049314387
