Feature,Importance
20_day_ma,0.07606524
BB_upper,0.069391206
MACD,0.064720415
20_day_std,0.0624252
volume_change,0.06157785
High,0.061540157
volatility_10,0.060373656
Volume,0.060212884
daily_return,0.05949537
5_day_ma,0.05919392
BB_lower,0.058255777
Close,0.05805609
Open,0.054269385
MACD_signal,0.050442643
Low,0.050337225
10_day_ma,0.048761714
RSI_14,0.044881266
