Feature,Importance
Low,0.08273574
Close,0.07842021
High,0.077205844
10_day_ma,0.0761183
MACD,0.06776618
20_day_ma,0.060988497
BB_lower,0.060063183
volatility_10,0.05699188
RSI_14,0.055232257
MACD_signal,0.0525908
volume_change,0.052050576
Open,0.051945843
5_day_ma,0.050258804
BB_upper,0.048441663
daily_return,0.044314407
Volume,0.04270224
20_day_std,0.042173658
