Feature,Importance
Close,0.07501105
5_day_ma,0.07480341
MACD,0.07258406
20_day_ma,0.07026644
Open,0.06793484
20_day_std,0.059919484
volatility_10,0.059658915
High,0.05731534
Low,0.05635147
daily_return,0.055796415
volume_change,0.0553799
RSI_14,0.053283263
MACD_signal,0.052757766
Volume,0.051280297
10_day_ma,0.047257386
BB_lower,0.04538969
BB_upper,0.045010336
