Feature,Importance
High,0.07774775
20_day_ma,0.07211396
Low,0.068846434
5_day_ma,0.06752969
BB_lower,0.06543914
Volume,0.061987497
Open,0.059320804
BB_upper,0.057828885
MACD_signal,0.056002446
10_day_ma,0.054908704
MACD,0.05390442
volatility_10,0.053354103
20_day_std,0.05297782
volume_change,0.051389173
daily_return,0.049694207
Close,0.048971668
RSI_14,0.04798333
