Feature,Importance
Low,0.09619345
High,0.07723314
5_day_ma,0.07000857
MACD,0.06110905
BB_upper,0.060786556
daily_return,0.05883664
volume_change,0.058196083
20_day_ma,0.056964654
BB_lower,0.05674887
10_day_ma,0.05540652
MACD_signal,0.055114456
RSI_14,0.05376542
Open,0.05022079
Volume,0.049309734
20_day_std,0.048765823
volatility_10,0.04599712
Close,0.045343094
