Feature,Importance
MACD,0.07410069
volume_change,0.071511835
daily_return,0.07070663
volatility_10,0.06940602
High,0.06869066
5_day_ma,0.065811634
Low,0.06453892
10_day_ma,0.06208019
RSI_14,0.05614699
20_day_ma,0.05603248
20_day_std,0.053579845
Volume,0.05289289
Close,0.05018844
Open,0.04908914
MACD_signal,0.047629267
BB_upper,0.047075037
BB_lower,0.04051931
