Feature,Importance
BB_upper,0.07507911
10_day_ma,0.07050956
BB_lower,0.06802356
MACD,0.06714016
Volume,0.06543673
RSI_14,0.06518156
Low,0.062258847
5_day_ma,0.06131049
20_day_std,0.06051241
Close,0.057777945
Open,0.057154913
High,0.055419967
daily_return,0.05300004
volatility_10,0.05265237
volume_change,0.050904468
MACD_signal,0.040096425
20_day_ma,0.037541423
