Feature,Importance
20_day_ma,0.08041174
Open,0.07215217
5_day_ma,0.06458857
20_day_std,0.06300383
volatility_10,0.061628953
Low,0.061133377
MACD,0.06094835
10_day_ma,0.060732726
daily_return,0.058198594
BB_upper,0.05493032
Close,0.054668307
BB_lower,0.054533016
RSI_14,0.05407621
Volume,0.0537549
MACD_signal,0.051166035
volume_change,0.049549807
High,0.044523016
