Feature,Importance
MACD,0.07650747
volume_change,0.06606695
Volume,0.06557513
5_day_ma,0.063905686
MACD_signal,0.06261866
Low,0.062438607
20_day_std,0.06100977
Open,0.06003059
BB_upper,0.058463924
High,0.055985417
RSI_14,0.05556155
Close,0.055105746
volatility_10,0.05340809
BB_lower,0.052338842
10_day_ma,0.051543362
daily_return,0.050546333
20_day_ma,0.048893966
