Feature,Importance
Low,0.07923888
High,0.07328494
5_day_ma,0.067745715
volatility_10,0.06736819
MACD,0.066318296
RSI_14,0.06391315
volume_change,0.05973809
daily_return,0.058919355
Open,0.058744382
MACD_signal,0.058146924
BB_lower,0.054493647
Close,0.05167371
Volume,0.050822098
20_day_ma,0.050549254
20_day_std,0.0483173
10_day_ma,0.048051305
BB_upper,0.042674795
