Feature,Importance
20_day_ma,0.07020092
MACD_signal,0.06927664
BB_lower,0.06311717
High,0.061963923
BB_upper,0.061310496
MACD,0.061069023
Low,0.060775477
10_day_ma,0.059840687
daily_return,0.058967855
20_day_std,0.05806149
Open,0.05798897
volatility_10,0.05635868
volume_change,0.054689225
Close,0.05385413
5_day_ma,0.051861797
Volume,0.050333824
RSI_14,0.050329722
