Feature,Importance
Close,0.07587537
Open,0.07555292
Low,0.06468472
BB_lower,0.06422281
5_day_ma,0.06386825
20_day_ma,0.06377882
High,0.06352731
10_day_ma,0.06283599
volatility_10,0.056337193
daily_return,0.055165663
MACD,0.05475219
volume_change,0.054747615
BB_upper,0.05449407
Volume,0.054464094
MACD_signal,0.05140567
20_day_std,0.044332396
RSI_14,0.039954934
