Feature,Importance
Low,0.08032033
High,0.07313492
MACD,0.0713074
MACD_signal,0.069378115
Open,0.06430859
5_day_ma,0.06413959
Close,0.06265431
BB_upper,0.06059914
volume_change,0.060492408
20_day_std,0.05297279
RSI_14,0.05158061
daily_return,0.05117655
10_day_ma,0.049703397
BB_lower,0.049377583
volatility_10,0.04852504
20_day_ma,0.046778888
Volume,0.043550283
