Feature,Importance
Low,0.082694255
Open,0.07773163
High,0.07601559
Close,0.07344547
volatility_10,0.06550902
5_day_ma,0.0634716
BB_upper,0.060523048
10_day_ma,0.060124338
Volume,0.05849997
daily_return,0.054528534
BB_lower,0.052123025
MACD,0.05208171
20_day_std,0.05204983
MACD_signal,0.04424761
RSI_14,0.0431115
volume_change,0.042079836
20_day_ma,0.041763015
