Feature,Importance
MACD_signal,0.066168234
MACD,0.065896906
5_day_ma,0.06554261
volume_change,0.062093206
Open,0.061900433
20_day_std,0.061895307
BB_upper,0.061494466
volatility_10,0.060053814
Volume,0.057495363
High,0.05656581
daily_return,0.05653601
BB_lower,0.056376573
RSI_14,0.056025047
Low,0.05530447
10_day_ma,0.054146815
20_day_ma,0.05277079
Close,0.04973416
