Feature,Importance
Open,0.08638907
10_day_ma,0.082566135
5_day_ma,0.06514935
High,0.061103765
Close,0.059855603
20_day_ma,0.058470044
Low,0.05827396
20_day_std,0.057730455
volume_change,0.05483079
BB_lower,0.054596577
volatility_10,0.053449623
Volume,0.053200707
MACD_signal,0.052866407
BB_upper,0.052523866
MACD,0.051227763
RSI_14,0.049167953
daily_return,0.04859795
