Feature,Importance
volume_change,0.071346365
Volume,0.07063981
MACD,0.06969452
High,0.067150354
daily_return,0.06610916
MACD_signal,0.064380445
20_day_std,0.062877074
BB_lower,0.060874347
5_day_ma,0.057704978
volatility_10,0.05739494
10_day_ma,0.05643838
20_day_ma,0.054600812
BB_upper,0.05327528
Low,0.053017132
RSI_14,0.0483121
Close,0.04421161
Open,0.041972745
