Feature,Importance
Low,0.090575896
High,0.06354345
20_day_std,0.06309917
volume_change,0.06105516
BB_upper,0.059501033
RSI_14,0.059157033
20_day_ma,0.058982734
volatility_10,0.05849883
5_day_ma,0.058395345
Open,0.05808897
MACD,0.05738947
10_day_ma,0.057144985
MACD_signal,0.05603134
BB_lower,0.053307325
Close,0.05030029
daily_return,0.04851565
Volume,0.04641328
