Feature,Importance
Low,0.08749604
High,0.074604474
Open,0.07069461
5_day_ma,0.06377636
BB_upper,0.059603304
Volume,0.05827064
20_day_std,0.057936735
volatility_10,0.05682571
daily_return,0.055293284
Close,0.055001687
RSI_14,0.054705903
BB_lower,0.052931733
volume_change,0.05224158
MACD,0.05205862
20_day_ma,0.052019443
MACD_signal,0.050455272
10_day_ma,0.04608466
