Feature,Importance
Low,0.06615583
5_day_ma,0.06351923
20_day_ma,0.06283419
volume_change,0.06264039
MACD,0.06159114
10_day_ma,0.061468214
RSI_14,0.06070122
MACD_signal,0.060614552
20_day_std,0.05777984
volatility_10,0.057597958
BB_upper,0.056402493
Open,0.05627991
Close,0.055144694
daily_return,0.05485009
Volume,0.05484915
High,0.0546074
BB_lower,0.052963737
