Feature,Importance
Low,0.08491157
Close,0.07919976
High,0.077645205
Open,0.064277336
10_day_ma,0.06286646
20_day_std,0.0590924
5_day_ma,0.056655947
BB_upper,0.055456515
volatility_10,0.055385064
BB_lower,0.054611497
daily_return,0.053322677
volume_change,0.053084154
MACD_signal,0.05230767
MACD,0.051158033
RSI_14,0.05072678
Volume,0.047512688
20_day_ma,0.041786227
