Feature,Importance
Open,0.07384489
Close,0.07286044
BB_upper,0.07039575
Low,0.069627464
MACD,0.06618376
MACD_signal,0.06454763
10_day_ma,0.06286869
RSI_14,0.062434193
5_day_ma,0.059422325
High,0.059266336
volume_change,0.057201385
20_day_std,0.05191083
BB_lower,0.048036188
daily_return,0.04794993
volatility_10,0.047415923
Volume,0.04337111
20_day_ma,0.042663075
