Feature,Importance
Open,0.07835539
10_day_ma,0.070398636
High,0.06926974
MACD_signal,0.06799154
Close,0.062087968
BB_upper,0.06061988
RSI_14,0.058383413
5_day_ma,0.05760374
20_day_std,0.05701546
BB_lower,0.05610499
MACD,0.05513763
volatility_10,0.05362801
Low,0.052922737
Volume,0.052161243
daily_return,0.050216876
20_day_ma,0.049388833
volume_change,0.048713915
