Feature,Importance
MACD,0.077639386
volume_change,0.074661836
Volume,0.067043364
20_day_std,0.06657342
BB_upper,0.061656926
BB_lower,0.06153712
volatility_10,0.061118845
5_day_ma,0.059701048
Low,0.0596244
RSI_14,0.058374584
MACD_signal,0.058185533
Close,0.055273425
daily_return,0.05193227
10_day_ma,0.05014853
High,0.049003128
Open,0.045711
20_day_ma,0.041815158
