Feature,Importance
5_day_ma,0.0796108
Open,0.07655638
Close,0.07106099
20_day_ma,0.068328165
Volume,0.06291973
Low,0.05988588
10_day_ma,0.059501253
volume_change,0.058088683
volatility_10,0.055523362
High,0.053131524
20_day_std,0.05214045
BB_lower,0.05161567
daily_return,0.051468663
BB_upper,0.051455
MACD,0.051285576
RSI_14,0.050716158
MACD_signal,0.0467118
