Feature,Importance
BB_upper,0.0744858
volatility_10,0.07057392
daily_return,0.070379764
20_day_ma,0.06540934
20_day_std,0.0642895
Open,0.06260982
Low,0.061489437
MACD_signal,0.06140618
RSI_14,0.057120644
Volume,0.054765776
Close,0.054451022
volume_change,0.05306403
5_day_ma,0.052048232
BB_lower,0.0518652
10_day_ma,0.049593523
MACD,0.048642278
High,0.047805496
