Feature,Importance
10_day_ma,0.07465678
Open,0.06885064
Low,0.06614219
5_day_ma,0.064169005
20_day_ma,0.062435176
Volume,0.06144507
BB_upper,0.061368342
High,0.057251763
20_day_std,0.057011075
daily_return,0.056864876
MACD,0.054887388
Close,0.05459404
MACD_signal,0.054584034
RSI_14,0.053377483
volatility_10,0.053325415
volume_change,0.05014799
BB_lower,0.04888878
