Feature,Importance
Close,0.073243484
5_day_ma,0.073197424
Low,0.07314345
daily_return,0.063665256
volume_change,0.06318495
High,0.06298922
volatility_10,0.062891394
MACD_signal,0.06144186
20_day_std,0.060692955
10_day_ma,0.059692446
BB_upper,0.055987418
MACD,0.0535806
20_day_ma,0.052866846
BB_lower,0.048051216
Open,0.0468201
RSI_14,0.045826335
Volume,0.042725015
