Feature,Importance
MACD,0.07246726
Close,0.0707054
High,0.06850061
MACD_signal,0.067188494
Low,0.065232985
BB_upper,0.062831275
Open,0.061948672
RSI_14,0.05807817
volatility_10,0.05715549
BB_lower,0.057020746
volume_change,0.056323484
10_day_ma,0.055000227
20_day_std,0.05274069
20_day_ma,0.05152595
Volume,0.051480893
daily_return,0.046205193
5_day_ma,0.04559451
