Feature,Importance
Open,0.08206764
10_day_ma,0.066436134
5_day_ma,0.06619594
Volume,0.06488644
MACD,0.061648197
Low,0.061600346
High,0.057772446
20_day_ma,0.057630412
MACD_signal,0.05671859
volatility_10,0.0566459
volume_change,0.055361737
BB_lower,0.053807624
Close,0.053080738
20_day_std,0.052833263
daily_return,0.05233799
RSI_14,0.05145434
BB_upper,0.04952227
