Feature,Importance
10_day_ma,0.070618585
BB_lower,0.063435204
High,0.061963253
MACD_signal,0.06167713
Close,0.061671276
BB_upper,0.061111286
MACD,0.060831696
20_day_std,0.060822878
Open,0.06004314
volatility_10,0.0588885
20_day_ma,0.05840669
daily_return,0.05701691
RSI_14,0.055743553
Volume,0.053130504
volume_change,0.052835483
5_day_ma,0.051987205
Low,0.04981666
