Feature,Importance
BB_upper,0.06672249
MACD,0.066649325
High,0.06622161
MACD_signal,0.0658109
20_day_ma,0.06241771
10_day_ma,0.062147506
5_day_ma,0.061685465
Open,0.059695303
20_day_std,0.058617476
RSI_14,0.056747608
daily_return,0.056558076
Volume,0.05581098
BB_lower,0.05517758
Low,0.053236958
Close,0.051373314
volume_change,0.05097229
volatility_10,0.05015547
