Feature,Importance
RSI_14,0.06482272
BB_upper,0.06411191
Low,0.06353622
MACD,0.06258178
5_day_ma,0.061614584
10_day_ma,0.0608468
Volume,0.05992779
Close,0.05982547
Open,0.059293322
daily_return,0.058502257
BB_lower,0.058193233
volume_change,0.057811666
MACD_signal,0.056460176
20_day_std,0.055832025
volatility_10,0.05377961
High,0.053462237
20_day_ma,0.049398188
