Feature,Importance
High,0.071178816
RSI_14,0.070865296
BB_lower,0.064846285
Volume,0.06440925
20_day_ma,0.06084714
MACD_signal,0.058379978
daily_return,0.05779903
10_day_ma,0.057700038
Low,0.057260916
volume_change,0.05700363
BB_upper,0.056202043
Open,0.05598038
volatility_10,0.05590685
5_day_ma,0.054404676
MACD,0.05306842
Close,0.052108146
20_day_std,0.052039053
