Feature,Importance
10_day_ma,0.070807174
5_day_ma,0.068020344
20_day_ma,0.06600067
daily_return,0.06275761
BB_lower,0.06111067
volatility_10,0.06090435
BB_upper,0.060848594
Open,0.05840493
Volume,0.057069525
High,0.05665959
MACD_signal,0.056635275
RSI_14,0.055420995
MACD,0.054162044
Close,0.05414862
volume_change,0.05360451
20_day_std,0.05252988
Low,0.05091515
