Feature,Importance
BB_upper,0.07275757
daily_return,0.064304195
RSI_14,0.064023405
10_day_ma,0.06305467
BB_lower,0.06270244
20_day_std,0.06188096
5_day_ma,0.061207145
MACD_signal,0.059718642
volume_change,0.058715586
Low,0.05841969
20_day_ma,0.058061507
Open,0.0573917
Volume,0.055338115
Close,0.05484739
MACD,0.052326467
volatility_10,0.04952151
High,0.04572905
