Feature,Importance
High,0.078950025
Close,0.06837652
Open,0.06726337
volume_change,0.065635376
20_day_std,0.0654309
BB_lower,0.063945875
BB_upper,0.062386837
volatility_10,0.061935376
5_day_ma,0.05941702
Low,0.055784687
10_day_ma,0.05363101
Volume,0.053459786
MACD,0.05147323
MACD_signal,0.05113967
RSI_14,0.050702933
daily_return,0.05047026
20_day_ma,0.03999715
