Feature,Importance
Low,0.07230981
BB_upper,0.06899107
RSI_14,0.06538305
5_day_ma,0.064532265
Close,0.06356427
High,0.06349198
volume_change,0.06327588
20_day_std,0.061708353
volatility_10,0.060440984
MACD_signal,0.05820779
MACD,0.055599567
20_day_ma,0.05395391
10_day_ma,0.053531907
daily_return,0.052000094
Open,0.04903227
Volume,0.047979545
BB_lower,0.0459973
