Feature,Importance
Low,0.08001077
Open,0.066697985
MACD_signal,0.06551295
volume_change,0.06457346
RSI_14,0.06413478
BB_upper,0.06339407
Volume,0.06264626
daily_return,0.061282177
volatility_10,0.06059284
Close,0.057317823
BB_lower,0.05421321
20_day_std,0.052661348
10_day_ma,0.051327363
High,0.051323388
MACD,0.0512064
5_day_ma,0.05111636
20_day_ma,0.041988786
