Feature,Importance
10_day_ma,0.07716993
BB_upper,0.065277785
RSI_14,0.06451182
Open,0.06276939
Low,0.059485782
BB_lower,0.05907001
5_day_ma,0.05856072
volatility_10,0.058377158
daily_return,0.05821218
Close,0.057869066
Volume,0.05778257
MACD_signal,0.05499143
volume_change,0.054757882
MACD,0.054072313
High,0.054015774
20_day_std,0.05340278
20_day_ma,0.049673386
