Feature,Importance
20_day_ma,0.073923506
10_day_ma,0.070385136
5_day_ma,0.068525866
BB_upper,0.0676091
Close,0.0675123
MACD,0.062620595
volume_change,0.059934016
MACD_signal,0.057144947
BB_lower,0.05665327
Open,0.056625932
RSI_14,0.056224626
Low,0.054400187
Volume,0.05420599
volatility_10,0.053129893
20_day_std,0.053005368
daily_return,0.044062812
High,0.044036385
