Feature,Importance
Low,0.080835186
BB_upper,0.07382069
volume_change,0.07062579
MACD_signal,0.0641827
MACD,0.06230556
RSI_14,0.06145408
5_day_ma,0.061083782
20_day_std,0.058126714
daily_return,0.056595925
Close,0.055735957
BB_lower,0.054028105
20_day_ma,0.053726885
10_day_ma,0.052491006
Volume,0.050602145
volatility_10,0.049003277
Open,0.048793994
High,0.046588223
