Feature,Importance
BB_upper,0.07341798
Low,0.06810665
BB_lower,0.06207316
daily_return,0.06151907
RSI_14,0.060175285
MACD_signal,0.059629127
High,0.059540924
MACD,0.059291545
20_day_std,0.058173984
5_day_ma,0.05749183
volume_change,0.05688084
volatility_10,0.055664234
Open,0.055041183
20_day_ma,0.053709272
10_day_ma,0.05358632
Volume,0.052919276
Close,0.052779388
