Feature,Importance
MACD,0.06486785
BB_upper,0.06383447
volume_change,0.06293321
RSI_14,0.061972793
Open,0.061848197
20_day_std,0.061507188
BB_lower,0.06111479
MACD_signal,0.059821963
10_day_ma,0.05971667
volatility_10,0.059428457
Volume,0.057424225
20_day_ma,0.05736533
5_day_ma,0.0557631
daily_return,0.055148445
Low,0.05484833
High,0.052862275
Close,0.049542695
