Feature,Importance
RSI_14,0.069742694
20_day_ma,0.06651695
Close,0.06490884
BB_upper,0.06377733
Low,0.06276488
5_day_ma,0.062240236
Volume,0.06215556
20_day_std,0.06179588
volatility_10,0.060144138
MACD_signal,0.059888776
volume_change,0.05864592
10_day_ma,0.05751936
Open,0.056340095
BB_lower,0.055742145
daily_return,0.052433863
MACD,0.049974967
High,0.03540843
