Feature,Importance
BB_lower,0.06857035
Low,0.067287564
20_day_ma,0.06627882
10_day_ma,0.06465665
MACD_signal,0.06263173
volume_change,0.06256459
High,0.061349496
20_day_std,0.060046203
Close,0.05828647
Volume,0.05822654
MACD,0.0564963
BB_upper,0.056136936
daily_return,0.05598436
Open,0.051337
volatility_10,0.05083642
5_day_ma,0.049858175
RSI_14,0.049452446
