Feature,Importance
High,0.069760576
MACD,0.06950422
Volume,0.064962246
BB_upper,0.06493875
daily_return,0.061658293
Open,0.058951106
20_day_std,0.057880204
20_day_ma,0.057823937
RSI_14,0.05766258
volume_change,0.057154167
MACD_signal,0.056245785
10_day_ma,0.055735532
volatility_10,0.055236198
BB_lower,0.054842636
5_day_ma,0.053799648
Low,0.053721752
Close,0.050122414
