Feature,Importance
MACD,0.09504826
Open,0.07231016
volatility_10,0.07167779
5_day_ma,0.06430095
10_day_ma,0.06419314
Volume,0.06215594
BB_lower,0.060358368
BB_upper,0.056806017
Low,0.05618322
20_day_ma,0.055457886
volume_change,0.054675803
Close,0.05438626
MACD_signal,0.048811097
20_day_std,0.047449395
High,0.047145862
RSI_14,0.044974145
daily_return,0.044065736
