Feature,Importance
Close,0.08499571
5_day_ma,0.070483804
High,0.06940043
volatility_10,0.064029574
Open,0.06167204
BB_lower,0.059478853
10_day_ma,0.05906905
Low,0.05854568
20_day_ma,0.057624698
MACD,0.057490963
Volume,0.056534275
BB_upper,0.056024294
MACD_signal,0.055132814
volume_change,0.052405696
daily_return,0.04999982
20_day_std,0.045219447
RSI_14,0.041892897
