Feature,Importance
High,0.07388498
Low,0.067541
BB_upper,0.06359866
MACD_signal,0.06322954
10_day_ma,0.062488258
20_day_std,0.061169762
Open,0.060133744
MACD,0.05961979
volatility_10,0.059540067
5_day_ma,0.05745494
RSI_14,0.0565635
daily_return,0.053945605
Close,0.053543247
volume_change,0.05308061
Volume,0.052880976
BB_lower,0.052828487
20_day_ma,0.04849691
