Feature,Importance
Low,0.09011552
volatility_10,0.07286475
MACD,0.07055986
volume_change,0.06984839
5_day_ma,0.06438266
High,0.06433235
20_day_std,0.05817589
RSI_14,0.058088336
20_day_ma,0.057121236
daily_return,0.053657655
Close,0.053604495
BB_upper,0.05349775
Open,0.050757468
Volume,0.05000816
10_day_ma,0.048752125
MACD_signal,0.045891527
BB_lower,0.03834186
