Feature,Importance
Low,0.074473195
20_day_std,0.06973286
BB_upper,0.0677917
Volume,0.06772855
RSI_14,0.06747171
daily_return,0.06288161
MACD_signal,0.062679306
volatility_10,0.061827492
Open,0.061191093
volume_change,0.06017143
5_day_ma,0.058987238
10_day_ma,0.054174747
20_day_ma,0.053582277
BB_lower,0.051796332
High,0.045769535
MACD,0.042883407
Close,0.036857486
