Feature,Importance
Open,0.067356504
High,0.06356495
10_day_ma,0.061840553
MACD,0.061584827
daily_return,0.06118664
MACD_signal,0.060870785
20_day_std,0.060803656
Close,0.06016252
20_day_ma,0.05857849
BB_lower,0.057664044
Volume,0.057396132
Low,0.057328526
volatility_10,0.056687597
BB_upper,0.055454858
RSI_14,0.055080444
5_day_ma,0.054768544
volume_change,0.049670912
