Feature,Importance
MACD,0.0750386
20_day_std,0.07453988
volatility_10,0.064872906
MACD_signal,0.06409204
BB_lower,0.06390861
Close,0.062199846
20_day_ma,0.059335623
High,0.058833357
Low,0.05772826
Volume,0.057620313
Open,0.054221485
5_day_ma,0.053265616
BB_upper,0.051928967
10_day_ma,0.051623445
daily_return,0.05109106
volume_change,0.05001303
RSI_14,0.04968697
