Feature,Importance
10_day_ma,0.09125871
20_day_ma,0.08050439
MACD_signal,0.07385466
High,0.070431255
Low,0.066585675
Open,0.062255796
BB_upper,0.061812453
5_day_ma,0.060436208
Close,0.05869702
daily_return,0.052961435
RSI_14,0.051914778
volatility_10,0.05181793
MACD,0.050365087
Volume,0.04442954
20_day_std,0.044262838
BB_lower,0.04262851
volume_change,0.03578372
