Feature,Importance
Close,0.06507399
High,0.06489187
Open,0.0638771
RSI_14,0.06351317
MACD,0.06241267
Low,0.06236466
20_day_std,0.05838907
BB_upper,0.05815654
daily_return,0.057585016
10_day_ma,0.056702226
Volume,0.0566549
5_day_ma,0.05603836
volume_change,0.05597176
20_day_ma,0.05569071
BB_lower,0.055523627
volatility_10,0.054029744
MACD_signal,0.053124547
