Feature,Importance
Low,0.074355595
Close,0.0721708
MACD_signal,0.071508326
Open,0.06913581
volatility_10,0.06424003
5_day_ma,0.063791186
10_day_ma,0.0627905
High,0.056537185
BB_lower,0.056304175
BB_upper,0.05618672
MACD,0.05579369
daily_return,0.053307034
RSI_14,0.05325274
volume_change,0.051640604
Volume,0.050092336
20_day_std,0.045935925
20_day_ma,0.04295727
