Feature,Importance
5_day_ma,0.09233219
Low,0.069395386
Open,0.06885557
High,0.064761885
volatility_10,0.06288131
10_day_ma,0.06176401
volume_change,0.061229054
Volume,0.061106022
daily_return,0.059117503
20_day_ma,0.0552586
RSI_14,0.054452326
20_day_std,0.052034765
BB_upper,0.051539935
MACD,0.04759898
Close,0.046470877
BB_lower,0.046222612
MACD_signal,0.044978984
