Feature,Importance
High,0.07466163
volatility_10,0.07438658
BB_lower,0.070491575
20_day_ma,0.06588861
Volume,0.06179148
Low,0.061772317
RSI_14,0.059465665
BB_upper,0.05873366
volume_change,0.05858446
Close,0.056895275
daily_return,0.05537788
MACD_signal,0.053178273
MACD,0.05228241
10_day_ma,0.05170432
20_day_std,0.050000284
5_day_ma,0.048425555
Open,0.046360057
