Feature,Importance
10_day_ma,0.07345037
volume_change,0.07007576
5_day_ma,0.0646411
Open,0.06314922
MACD,0.062177528
Close,0.060901105
Volume,0.059354953
MACD_signal,0.058564343
Low,0.058022827
daily_return,0.05672547
RSI_14,0.055795774
20_day_ma,0.055650536
High,0.055104144
volatility_10,0.05480439
BB_lower,0.054477554
BB_upper,0.05419721
20_day_std,0.042907692
