Feature,Importance
BB_upper,0.06868332
Open,0.06372089
RSI_14,0.063615814
MACD,0.062074088
5_day_ma,0.059270248
Volume,0.058919605
BB_lower,0.058848616
10_day_ma,0.05882806
Low,0.05848577
volume_change,0.058427654
Close,0.0570752
High,0.056156293
MACD_signal,0.056053024
daily_return,0.055397082
volatility_10,0.055334322
20_day_std,0.055190247
20_day_ma,0.053919762
