Feature,Importance
10_day_ma,0.07169409
Low,0.06718539
volume_change,0.06516616
BB_upper,0.063814715
20_day_std,0.06321348
5_day_ma,0.060680583
volatility_10,0.05994064
20_day_ma,0.059862927
BB_lower,0.058879383
MACD,0.05723905
Volume,0.05714911
RSI_14,0.056070402
daily_return,0.05586402
High,0.05509007
MACD_signal,0.052484736
Close,0.05231441
Open,0.043350834
