Feature,Importance
20_day_ma,0.07877987
Open,0.07539797
5_day_ma,0.070935726
BB_upper,0.0628223
High,0.061796267
Close,0.059020918
volatility_10,0.058889322
10_day_ma,0.058494307
volume_change,0.05632334
BB_lower,0.055767283
Volume,0.05492537
Low,0.053483877
MACD,0.052728355
MACD_signal,0.052694578
20_day_std,0.051296797
daily_return,0.049324937
RSI_14,0.047318727
