Feature,Importance
Open,0.07073295
volatility_10,0.06938653
10_day_ma,0.06612603
MACD,0.06534522
5_day_ma,0.06358107
BB_upper,0.06356523
Low,0.061888058
Volume,0.06079525
RSI_14,0.056994606
20_day_ma,0.05652282
BB_lower,0.05464129
Close,0.0545555
MACD_signal,0.053368557
High,0.052635208
volume_change,0.051302917
20_day_std,0.04975063
daily_return,0.0488081
