Feature,Importance
Open,0.07976349
10_day_ma,0.07213834
Low,0.066878706
5_day_ma,0.062334925
Volume,0.060684316
20_day_ma,0.060659785
volatility_10,0.058633983
High,0.057162758
volume_change,0.056279343
20_day_std,0.056120932
BB_lower,0.055526398
RSI_14,0.054173097
MACD,0.053706944
BB_upper,0.053241044
MACD_signal,0.05289555
daily_return,0.051060904
Close,0.048739452
