Feature,Importance
5_day_ma,0.06877762
MACD_signal,0.06763755
Close,0.066071264
Open,0.065840356
Low,0.06541474
volatility_10,0.061704606
BB_lower,0.060748
20_day_ma,0.059934627
MACD,0.058984187
volume_change,0.054797556
20_day_std,0.05384857
10_day_ma,0.053681318
BB_upper,0.05335814
daily_return,0.05326426
High,0.052515075
RSI_14,0.052068878
Volume,0.051353205
