Feature,Importance
MACD,0.071077734
BB_lower,0.06740017
BB_upper,0.0646995
Low,0.06396602
MACD_signal,0.0631388
Volume,0.06308947
volume_change,0.062623225
20_day_ma,0.06091694
10_day_ma,0.06088221
RSI_14,0.060111877
High,0.058653384
daily_return,0.0551808
volatility_10,0.05494619
5_day_ma,0.050518002
Close,0.0496075
Open,0.047873057
20_day_std,0.045315094
