Feature,Importance
BB_lower,0.065319486
10_day_ma,0.06511669
20_day_ma,0.06363025
Low,0.06347334
BB_upper,0.06343476
daily_return,0.062524356
MACD,0.061957426
20_day_std,0.058957264
Open,0.057635147
MACD_signal,0.057021588
volume_change,0.057016935
High,0.056698307
Close,0.05619454
5_day_ma,0.056013305
RSI_14,0.056010544
volatility_10,0.050022945
Volume,0.048973147
