Feature,Importance
Low,0.08486109
volume_change,0.07116488
Close,0.06958034
RSI_14,0.068098545
volatility_10,0.06714081
MACD_signal,0.06545985
MACD,0.061349526
High,0.060892507
Open,0.059098378
5_day_ma,0.058436815
Volume,0.05291713
20_day_std,0.05112228
daily_return,0.049291775
10_day_ma,0.04815842
BB_lower,0.04608986
BB_upper,0.045884214
20_day_ma,0.040453568
