Feature,Importance
BB_upper,0.07547637
RSI_14,0.07396047
10_day_ma,0.073194586
Open,0.063142285
Low,0.06126343
volatility_10,0.05888846
Close,0.058831297
MACD_signal,0.056290705
High,0.05624702
volume_change,0.05615397
5_day_ma,0.05595545
MACD,0.05484405
daily_return,0.05459404
20_day_ma,0.054334052
20_day_std,0.052588705
Volume,0.049264096
BB_lower,0.044971026
