Feature,Importance
20_day_ma,0.08352258
5_day_ma,0.08106348
Low,0.075548664
Close,0.07079262
RSI_14,0.06941535
volatility_10,0.062035095
daily_return,0.057628337
BB_lower,0.056912474
High,0.05589501
volume_change,0.05434727
10_day_ma,0.052792087
Open,0.05001351
BB_upper,0.049032178
20_day_std,0.046717726
MACD,0.046639536
Volume,0.044272386
MACD_signal,0.0433717
