Feature,Importance
BB_upper,0.07108068
daily_return,0.065750524
10_day_ma,0.06527855
MACD_signal,0.063356265
BB_lower,0.060881536
volatility_10,0.06072487
20_day_std,0.059986316
Volume,0.05906414
MACD,0.058282543
RSI_14,0.057581197
Open,0.057035495
5_day_ma,0.055268012
volume_change,0.054912243
Close,0.054684866
High,0.053341914
Low,0.05161359
20_day_ma,0.051157296
