Feature,Importance
Open,0.069180556
Low,0.06616098
MACD,0.06482219
RSI_14,0.061927237
BB_upper,0.06119476
MACD_signal,0.06015245
Volume,0.05985356
Close,0.059363738
High,0.059183937
20_day_std,0.057825442
BB_lower,0.056917153
daily_return,0.05619246
volume_change,0.05542697
20_day_ma,0.054579943
5_day_ma,0.054117363
10_day_ma,0.053266205
volatility_10,0.049835023
