Feature,Importance
Open,0.072503395
10_day_ma,0.06694694
High,0.06361423
MACD_signal,0.06251748
20_day_std,0.062122263
volatility_10,0.061851412
daily_return,0.060882878
Close,0.058825336
Volume,0.058276154
MACD,0.057636164
RSI_14,0.05715868
BB_upper,0.056511372
volume_change,0.054576293
BB_lower,0.053954847
Low,0.053415477
20_day_ma,0.051501017
5_day_ma,0.047706053
