Feature,Importance
MACD_signal,0.06675792
20_day_ma,0.0649084
Low,0.06390751
BB_lower,0.06270443
Open,0.062258847
MACD,0.06177862
BB_upper,0.05960602
10_day_ma,0.059556026
20_day_std,0.058654428
High,0.05840086
volatility_10,0.057328142
volume_change,0.056730222
5_day_ma,0.05467407
Close,0.054362793
daily_return,0.05427005
RSI_14,0.053341724
Volume,0.050759956
