Feature,Importance
BB_upper,0.07829878
Low,0.07281456
5_day_ma,0.06716027
volume_change,0.06312987
10_day_ma,0.059413947
BB_lower,0.0591922
MACD_signal,0.058954157
20_day_std,0.05828706
Close,0.057092182
High,0.056779508
Open,0.056278378
RSI_14,0.055527832
20_day_ma,0.053360984
MACD,0.053029723
Volume,0.050953105
daily_return,0.050147284
volatility_10,0.049580153
