Feature,Importance
Low,0.07668251
volume_change,0.069962576
BB_upper,0.0694514
daily_return,0.061072752
Volume,0.06103407
volatility_10,0.060401205
20_day_std,0.059866678
MACD_signal,0.05885537
RSI_14,0.057725836
5_day_ma,0.05734197
Close,0.056656975
Open,0.054687873
20_day_ma,0.053304452
MACD,0.052249935
10_day_ma,0.051158447
BB_lower,0.050642196
High,0.048905764
