Feature,Importance
20_day_ma,0.07276706
20_day_std,0.069101095
Close,0.06403744
MACD,0.06341503
BB_upper,0.06307091
Low,0.061523765
volume_change,0.06106354
volatility_10,0.06095632
High,0.06020983
Open,0.05916003
daily_return,0.05694578
BB_lower,0.056303833
Volume,0.05541803
5_day_ma,0.051416457
10_day_ma,0.050027594
MACD_signal,0.04819068
RSI_14,0.046392616
