Feature,Importance
5_day_ma,0.07656044
Low,0.06501509
10_day_ma,0.06484775
volume_change,0.06367236
High,0.0625397
20_day_std,0.06015917
RSI_14,0.060119204
20_day_ma,0.060023762
BB_upper,0.057331767
volatility_10,0.057166733
daily_return,0.056585643
BB_lower,0.05567364
MACD_signal,0.054395657
Volume,0.05334949
MACD,0.052747212
Close,0.052622776
Open,0.047189575
