Feature,Importance
5_day_ma,0.08039422
Volume,0.06418294
Close,0.06390204
Open,0.0631688
MACD,0.06185528
volatility_10,0.06086132
MACD_signal,0.060528614
volume_change,0.059137575
BB_upper,0.057866078
Low,0.057232488
daily_return,0.056747362
20_day_ma,0.0552024
BB_lower,0.05425746
10_day_ma,0.0536711
High,0.05197401
20_day_std,0.051518224
RSI_14,0.047500078
