Feature,Importance
Low,0.075511605
20_day_ma,0.069259495
BB_upper,0.06860845
Open,0.06649555
10_day_ma,0.06225314
MACD,0.060233198
5_day_ma,0.05969622
volume_change,0.05742306
BB_lower,0.057392605
High,0.056824435
20_day_std,0.056003224
daily_return,0.054699946
RSI_14,0.053794704
Close,0.05364519
Volume,0.05301794
volatility_10,0.049796283
MACD_signal,0.045344923
