Feature,Importance
Low,0.07934017
Open,0.07883536
High,0.07643218
BB_upper,0.06957686
20_day_ma,0.064331375
MACD,0.06295357
BB_lower,0.057972744
MACD_signal,0.056601286
Close,0.056146804
10_day_ma,0.054138307
20_day_std,0.052346926
Volume,0.051704172
5_day_ma,0.05012163
volume_change,0.04853077
RSI_14,0.048379906
volatility_10,0.046679556
daily_return,0.045908414
