Feature,Importance
20_day_std,0.07390033
BB_lower,0.06778268
BB_upper,0.065048255
volume_change,0.06428767
Open,0.06333447
5_day_ma,0.06202706
MACD,0.060972992
RSI_14,0.059293874
Low,0.05913392
20_day_ma,0.058130268
Close,0.05748804
MACD_signal,0.055705804
10_day_ma,0.054799974
High,0.053394508
Volume,0.05121903
daily_return,0.04898209
volatility_10,0.04449902
