Feature,Importance
BB_upper,0.07534664
RSI_14,0.06930526
Open,0.068230495
5_day_ma,0.06686136
BB_lower,0.06681358
Low,0.060021766
daily_return,0.059005555
20_day_std,0.05835692
volume_change,0.0569891
10_day_ma,0.0556659
Volume,0.05553395
High,0.0540912
MACD,0.053461447
volatility_10,0.051748946
MACD_signal,0.051151253
20_day_ma,0.049731344
Close,0.047685314
