Feature,Importance
10_day_ma,0.07853173
Close,0.077381335
BB_lower,0.07667786
High,0.06889451
MACD,0.066614985
Low,0.06332703
20_day_ma,0.060855757
daily_return,0.060527563
5_day_ma,0.05598099
RSI_14,0.055891015
MACD_signal,0.05473662
20_day_std,0.050009165
BB_upper,0.048287325
volume_change,0.048088856
volatility_10,0.044845894
Open,0.044684596
Volume,0.04466483
