Feature,Importance
Open,0.06861234
daily_return,0.067673355
BB_upper,0.066966936
20_day_std,0.06641097
MACD_signal,0.066306114
10_day_ma,0.06505829
volatility_10,0.063339844
RSI_14,0.05843034
Low,0.057884425
Volume,0.056433782
volume_change,0.055506244
MACD,0.05510389
High,0.05319733
5_day_ma,0.052361503
Close,0.050972186
BB_lower,0.049572267
20_day_ma,0.04617018
