Feature,Importance
Open,0.078350954
Volume,0.06911535
10_day_ma,0.068856806
High,0.06667403
MACD,0.06623062
Low,0.06378935
5_day_ma,0.06232756
volatility_10,0.061182044
MACD_signal,0.06114852
20_day_ma,0.058471214
Close,0.055049837
BB_upper,0.054029454
20_day_std,0.05026579
RSI_14,0.049252246
daily_return,0.04748045
volume_change,0.045262292
BB_lower,0.042513523
