Feature,Importance
BB_lower,0.06759158
volume_change,0.06407957
Open,0.06316833
daily_return,0.06294531
20_day_std,0.06267041
Low,0.06153727
MACD_signal,0.060985286
BB_upper,0.06042618
RSI_14,0.060294818
10_day_ma,0.058703523
5_day_ma,0.056040097
Close,0.05559882
20_day_ma,0.055121228
MACD,0.05375156
Volume,0.053047184
High,0.05246036
volatility_10,0.051578496
