Feature,Importance
High,0.08179463
Low,0.07182238
Open,0.0688946
BB_upper,0.062129945
5_day_ma,0.060274728
MACD,0.059802048
Volume,0.059046857
volatility_10,0.059025522
20_day_std,0.05862247
10_day_ma,0.056523584
Close,0.05532351
BB_lower,0.05341936
MACD_signal,0.05296833
daily_return,0.05175357
20_day_ma,0.050807435
volume_change,0.04937633
RSI_14,0.04841475
