Feature,Importance
BB_lower,0.078340374
20_day_ma,0.07707714
High,0.06981719
5_day_ma,0.06284333
volume_change,0.058928378
BB_upper,0.058806118
Volume,0.058564875
volatility_10,0.058114123
Low,0.057411976
20_day_std,0.057047565
MACD,0.05622074
10_day_ma,0.055842668
daily_return,0.053713277
RSI_14,0.053361516
Open,0.05264699
Close,0.047154736
MACD_signal,0.044108965
