Feature,Importance
Low,0.072355784
Volume,0.067182906
MACD,0.06621235
10_day_ma,0.065281995
Close,0.06497911
20_day_ma,0.062628515
5_day_ma,0.05933209
Open,0.05924788
High,0.059129115
MACD_signal,0.05684206
20_day_std,0.056663103
BB_upper,0.055176143
daily_return,0.053875774
volume_change,0.051881235
BB_lower,0.051470917
RSI_14,0.0500342
volatility_10,0.04770686
