Feature,Importance
volatility_10,0.078048296
BB_upper,0.06995401
Low,0.06859355
20_day_ma,0.06821951
daily_return,0.06715421
BB_lower,0.06277538
volume_change,0.06271058
20_day_std,0.0614473
Open,0.060182992
10_day_ma,0.0588424
Close,0.058658745
RSI_14,0.05469156
5_day_ma,0.053485423
MACD,0.04875985
MACD_signal,0.046196267
Volume,0.04232041
High,0.037959483
