Feature,Importance
BB_upper,0.06817218
20_day_std,0.06706325
MACD,0.063991144
MACD_signal,0.06368724
5_day_ma,0.061046023
20_day_ma,0.060608767
Open,0.0605322
RSI_14,0.059629
Low,0.059224825
BB_lower,0.057830293
Volume,0.057198487
volume_change,0.056891363
daily_return,0.056739394
10_day_ma,0.05391389
High,0.05314975
Close,0.051297653
volatility_10,0.049024496
