Feature,Importance
Low,0.06741687
MACD_signal,0.06420475
20_day_ma,0.064158335
High,0.06230672
20_day_std,0.061647464
5_day_ma,0.06070036
Close,0.06067951
BB_lower,0.05968072
Volume,0.05948406
10_day_ma,0.058488976
MACD,0.058361042
volume_change,0.056613646
BB_upper,0.05537408
RSI_14,0.05536453
Open,0.0551868
daily_return,0.050231215
volatility_10,0.050100867
