Feature,Importance
Low,0.07694322
volume_change,0.06806623
20_day_std,0.06750418
BB_lower,0.06735495
BB_upper,0.06652566
10_day_ma,0.06496087
MACD_signal,0.06204995
20_day_ma,0.060372844
Open,0.059410956
5_day_ma,0.05655238
MACD,0.056329016
Volume,0.05602883
volatility_10,0.053014964
daily_return,0.0485476
RSI_14,0.04851218
Close,0.045681864
High,0.04214436
