Feature,Importance
MACD,0.07543778
Close,0.0722112
RSI_14,0.07118538
volatility_10,0.07013366
20_day_ma,0.0698475
Open,0.063785434
5_day_ma,0.06362522
volume_change,0.061765704
High,0.06165999
10_day_ma,0.06128822
daily_return,0.052622087
Low,0.052400436
20_day_std,0.05075099
BB_lower,0.047999837
MACD_signal,0.04578265
Volume,0.04432506
BB_upper,0.035178866
