Feature,Importance
MACD,0.07273923
Close,0.07119762
Low,0.063904524
RSI_14,0.06355428
BB_lower,0.06213182
10_day_ma,0.06167507
5_day_ma,0.061226625
BB_upper,0.061116815
volume_change,0.060984027
20_day_std,0.059347313
volatility_10,0.058550786
daily_return,0.05831121
Open,0.05566559
Volume,0.05194436
High,0.050895482
MACD_signal,0.045164037
20_day_ma,0.041591246
