Feature,Importance
Open,0.07154816
Low,0.06977808
BB_upper,0.0665668
Close,0.0638458
High,0.06335526
5_day_ma,0.06234361
MACD_signal,0.061316565
20_day_std,0.058919948
volatility_10,0.058409683
volume_change,0.05747701
RSI_14,0.05683816
10_day_ma,0.055923175
MACD,0.0537012
Volume,0.052710827
20_day_ma,0.050272103
daily_return,0.04944808
BB_lower,0.047545604
