Feature,Importance
MACD,0.07142429
volatility_10,0.06507316
volume_change,0.06337583
Open,0.062852554
BB_lower,0.06216632
Low,0.061064743
20_day_ma,0.06089065
5_day_ma,0.059037074
RSI_14,0.05738633
MACD_signal,0.057179704
10_day_ma,0.056219794
BB_upper,0.056189306
daily_return,0.055975493
Volume,0.05547828
20_day_std,0.054571204
High,0.05329711
Close,0.047818113
