Feature,Importance
High,0.0897368
BB_upper,0.07171254
Volume,0.06548826
volume_change,0.06517637
20_day_ma,0.063615784
daily_return,0.06323153
10_day_ma,0.062262718
Open,0.061300155
MACD,0.059269145
Close,0.05721866
Low,0.053311296
BB_lower,0.050893154
RSI_14,0.050697334
MACD_signal,0.049225017
volatility_10,0.048643187
20_day_std,0.045737583
5_day_ma,0.042480502
