Feature,Importance
volume_change,0.06745745
Open,0.06498898
BB_lower,0.064940296
High,0.06238018
Low,0.061886724
20_day_std,0.060888667
RSI_14,0.06052577
daily_return,0.058505807
MACD_signal,0.058244847
Close,0.05797331
20_day_ma,0.05783925
volatility_10,0.057110358
10_day_ma,0.054455683
Volume,0.053917024
BB_upper,0.05380175
MACD,0.053751275
5_day_ma,0.05133266
