Feature,Importance
BB_upper,0.06751952
High,0.062788464
10_day_ma,0.062721446
BB_lower,0.062130034
volatility_10,0.061813537
MACD_signal,0.060592663
MACD,0.060134325
20_day_std,0.059808165
Close,0.05926055
Open,0.059024658
20_day_ma,0.058126066
RSI_14,0.057239693
Low,0.05635125
daily_return,0.056224074
5_day_ma,0.05442452
Volume,0.05157626
volume_change,0.050264712
