Feature,Importance
MACD,0.0716751
5_day_ma,0.07052345
daily_return,0.067607336
High,0.066171356
Close,0.06446138
20_day_ma,0.063425474
Volume,0.062331337
BB_lower,0.059532337
10_day_ma,0.058322106
Low,0.057873596
volume_change,0.056891892
BB_upper,0.05616348
RSI_14,0.055369016
volatility_10,0.05370715
Open,0.0490663
MACD_signal,0.04819326
20_day_std,0.038685538
