Feature,Importance
10_day_ma,0.09049893
Open,0.07604678
BB_lower,0.06693681
volume_change,0.06355972
BB_upper,0.061832692
MACD,0.06142349
daily_return,0.060891103
Close,0.056744814
5_day_ma,0.056680225
RSI_14,0.055835955
Volume,0.05505288
20_day_std,0.05377979
20_day_ma,0.053379536
volatility_10,0.05159297
High,0.047336932
Low,0.044367168
MACD_signal,0.044040173
