Feature,Importance
MACD,0.07136327
BB_upper,0.06835458
Close,0.06454331
5_day_ma,0.0630934
MACD_signal,0.06306876
Low,0.06272802
High,0.060950246
20_day_std,0.060187344
Open,0.057755508
daily_return,0.05655127
Volume,0.056073707
10_day_ma,0.05490406
BB_lower,0.054406017
volatility_10,0.053956643
volume_change,0.053867407
RSI_14,0.049485125
20_day_ma,0.048711356
