Feature,Importance
BB_upper,0.07923572
Low,0.07078599
10_day_ma,0.062225856
MACD_signal,0.06156304
Open,0.061524242
BB_lower,0.060899723
High,0.06087864
20_day_ma,0.060099017
20_day_std,0.05816391
5_day_ma,0.057128087
MACD,0.05505031
volume_change,0.05464996
Close,0.05386908
volatility_10,0.053567316
Volume,0.05312638
RSI_14,0.050933346
daily_return,0.046299424
