Feature,Importance
daily_return,0.0728013
BB_upper,0.07008331
5_day_ma,0.06829855
Volume,0.064871885
Open,0.06429887
20_day_std,0.064255096
10_day_ma,0.061122652
BB_lower,0.06078654
MACD,0.059229534
High,0.05894094
Low,0.05677795
20_day_ma,0.052435193
volume_change,0.052406717
Close,0.05226406
RSI_14,0.051472437
volatility_10,0.048476096
MACD_signal,0.041478835
