Feature,Importance
High,0.073615626
Open,0.07077332
volume_change,0.06951184
10_day_ma,0.06835276
5_day_ma,0.06259601
20_day_ma,0.060513645
MACD_signal,0.060473762
BB_lower,0.06038181
Volume,0.059768274
Low,0.05859182
BB_upper,0.05583577
volatility_10,0.05565815
RSI_14,0.05369312
MACD,0.05114189
20_day_std,0.04893155
Close,0.045547754
daily_return,0.044612925
