Feature,Importance
Open,0.071085885
volume_change,0.0663442
High,0.06443929
Low,0.06422294
20_day_std,0.06266649
20_day_ma,0.06191806
RSI_14,0.061660253
MACD,0.06121519
Volume,0.05898881
BB_lower,0.057406235
10_day_ma,0.056808904
5_day_ma,0.055739313
daily_return,0.054684967
volatility_10,0.054409083
Close,0.051251102
MACD_signal,0.050182547
BB_upper,0.04697675
