Feature,Importance
Close,0.0643653
BB_upper,0.06320459
High,0.062575206
Low,0.062384013
BB_lower,0.06229346
20_day_std,0.0621376
5_day_ma,0.06149105
volume_change,0.05943934
MACD_signal,0.059042715
volatility_10,0.058445573
Open,0.057674978
10_day_ma,0.057571124
Volume,0.057427865
daily_return,0.056408405
20_day_ma,0.055374485
MACD,0.050286975
RSI_14,0.049877334
