Feature,Importance
5_day_ma,0.080662146
Open,0.07430974
Volume,0.0690101
High,0.067306474
volatility_10,0.06463793
BB_lower,0.06079655
volume_change,0.05965047
MACD_signal,0.058599442
daily_return,0.05798837
RSI_14,0.05586332
MACD,0.054985017
Close,0.05351579
10_day_ma,0.052876487
20_day_ma,0.050675005
20_day_std,0.049021445
BB_upper,0.04555921
Low,0.04454248
