Feature,Importance
daily_return,0.07239259
5_day_ma,0.06929253
Volume,0.0662816
10_day_ma,0.06571043
Open,0.06253543
Low,0.06009512
20_day_std,0.060071282
High,0.05925341
BB_upper,0.057276223
volume_change,0.057143822
RSI_14,0.056308944
Close,0.055153016
20_day_ma,0.05444425
MACD,0.054421384
volatility_10,0.053324483
BB_lower,0.05035806
MACD_signal,0.04593744
