Feature,Importance
RSI_14,0.06951215
volume_change,0.06641579
MACD,0.062258475
volatility_10,0.062036257
Volume,0.061190277
High,0.060290143
Open,0.05973823
BB_upper,0.059341233
daily_return,0.059282426
5_day_ma,0.058882084
Close,0.0573544
MACD_signal,0.057138093
20_day_std,0.056583833
20_day_ma,0.055286545
BB_lower,0.0543173
Low,0.05106471
10_day_ma,0.04930809
