Feature,Importance
20_day_ma,0.07603173
5_day_ma,0.074346334
High,0.06675804
BB_lower,0.06450006
Open,0.0641844
BB_upper,0.062419973
10_day_ma,0.059000622
volume_change,0.05843399
MACD,0.05765356
20_day_std,0.056785613
Close,0.05667671
RSI_14,0.05629875
daily_return,0.053002823
Volume,0.052548014
volatility_10,0.048902493
Low,0.04867984
MACD_signal,0.043777034
