Feature,Importance
BB_upper,0.07518488
RSI_14,0.06672764
Low,0.066389434
High,0.06352584
Close,0.06282935
MACD_signal,0.062393077
5_day_ma,0.06174443
MACD,0.05963166
volume_change,0.059158925
20_day_std,0.056491107
10_day_ma,0.054973114
daily_return,0.054511223
20_day_ma,0.05360189
BB_lower,0.05192721
volatility_10,0.051462196
Open,0.051174797
Volume,0.04827319
