Feature,Importance
Low,0.07049292
20_day_ma,0.06655594
10_day_ma,0.063441254
Close,0.06314939
RSI_14,0.061064485
20_day_std,0.060974754
BB_upper,0.06058257
BB_lower,0.0605045
High,0.059933532
MACD,0.058693018
volume_change,0.055925775
MACD_signal,0.054881155
5_day_ma,0.05452305
Volume,0.053681035
volatility_10,0.0523091
daily_return,0.052071165
Open,0.0512164
