Feature,Importance
20_day_ma,0.074929476
BB_upper,0.07162541
Open,0.06745559
MACD,0.06429311
10_day_ma,0.063702896
volume_change,0.059373196
Close,0.058740545
5_day_ma,0.05808682
Low,0.05783836
BB_lower,0.057661902
RSI_14,0.056544095
MACD_signal,0.05643327
20_day_std,0.053971745
volatility_10,0.053202238
daily_return,0.051361073
Volume,0.05004786
High,0.04473236
