Feature,Importance
BB_lower,0.06971899
Low,0.064066485
10_day_ma,0.06374252
20_day_ma,0.06281518
volume_change,0.062494878
MACD_signal,0.060541727
daily_return,0.060299877
20_day_std,0.060070638
MACD,0.059909284
RSI_14,0.059844192
BB_upper,0.058433536
5_day_ma,0.057423707
Close,0.055114884
Volume,0.05258901
Open,0.052385133
volatility_10,0.05147837
High,0.049071565
