Feature,Importance
10_day_ma,0.0711155
RSI_14,0.07076903
Low,0.068319134
20_day_std,0.067253806
MACD,0.0647079
volatility_10,0.06147661
5_day_ma,0.06124579
High,0.060986623
BB_upper,0.060823232
BB_lower,0.058754496
Close,0.057088826
volume_change,0.054691497
daily_return,0.054431822
MACD_signal,0.053721625
20_day_ma,0.048027065
Open,0.045225456
Volume,0.041361544
