Feature,Importance
Open,0.06846615
5_day_ma,0.06508737
Low,0.063410535
BB_upper,0.061575808
20_day_ma,0.061382156
volume_change,0.0608966
Volume,0.060499653
10_day_ma,0.060435977
daily_return,0.059683003
MACD,0.05898372
volatility_10,0.058740847
MACD_signal,0.05800712
RSI_14,0.05746775
20_day_std,0.056485552
BB_lower,0.052037936
High,0.048841
Close,0.047998864
