Feature,Importance
Low,0.08100841
Open,0.0809291
RSI_14,0.07037562
volatility_10,0.06787583
10_day_ma,0.06683599
20_day_ma,0.0650846
volume_change,0.06285694
Close,0.062199466
Volume,0.06101991
High,0.058045693
MACD,0.049306735
5_day_ma,0.048652828
20_day_std,0.048210483
BB_upper,0.047220185
BB_lower,0.046692125
MACD_signal,0.04195664
daily_return,0.04172948
