Feature,Importance
Close,0.11658262
BB_upper,0.09377623
Low,0.07024287
20_day_std,0.06996
High,0.06714837
Open,0.061160747
volume_change,0.053515572
MACD_signal,0.053347535
Volume,0.052581012
volatility_10,0.050087497
daily_return,0.0482527
10_day_ma,0.047211602
20_day_ma,0.046933383
RSI_14,0.04500697
MACD,0.04352476
BB_lower,0.04327146
5_day_ma,0.037396643
