Feature,Importance
RSI_14,0.074453086
BB_lower,0.06677296
Low,0.065237984
20_day_ma,0.063907936
10_day_ma,0.06183195
volume_change,0.060474228
BB_upper,0.05971673
Volume,0.059463542
MACD_signal,0.05896857
daily_return,0.058359683
Close,0.058097966
volatility_10,0.057962988
High,0.05339649
Open,0.052915808
5_day_ma,0.052534934
MACD,0.04879833
20_day_std,0.047106776
