Feature,Importance
Close,0.07022431
10_day_ma,0.06696385
20_day_std,0.06614155
Low,0.06372346
5_day_ma,0.0631498
daily_return,0.062468383
BB_lower,0.06120671
High,0.059662864
MACD_signal,0.058016066
MACD,0.058006797
Open,0.057439778
volatility_10,0.05721363
Volume,0.054783292
RSI_14,0.054450292
BB_upper,0.052287538
volume_change,0.048208904
20_day_ma,0.04605275
