Feature,Importance
High,0.0681245
MACD,0.064432144
daily_return,0.06362347
MACD_signal,0.06303464
Low,0.06284504
20_day_ma,0.060094513
Volume,0.059356485
BB_upper,0.059122704
volatility_10,0.05851408
volume_change,0.058100305
10_day_ma,0.056462914
RSI_14,0.056379344
BB_lower,0.055727
20_day_std,0.055444073
Open,0.054600697
5_day_ma,0.053841885
Close,0.05029616
