Feature,Importance
daily_return,0.06936143
5_day_ma,0.068746485
Open,0.065290645
20_day_std,0.065289885
RSI_14,0.06401811
Low,0.061379526
10_day_ma,0.060408268
BB_upper,0.059983905
Volume,0.057166718
BB_lower,0.056496818
volume_change,0.055573836
volatility_10,0.05543989
High,0.055413213
20_day_ma,0.05457897
MACD,0.05436083
MACD_signal,0.048493534
Close,0.047997892
