Feature,Importance
Low,0.06571048
20_day_ma,0.06531554
MACD_signal,0.064453036
MACD,0.06322612
RSI_14,0.06272586
volume_change,0.061269432
5_day_ma,0.060634337
Open,0.059408553
BB_lower,0.058665354
High,0.057704363
10_day_ma,0.05588872
volatility_10,0.05565558
BB_upper,0.055443604
Close,0.054446932
daily_return,0.054087035
Volume,0.053486772
20_day_std,0.05187823
