Feature,Importance
MACD,0.07475686
20_day_ma,0.06883347
Close,0.06808049
5_day_ma,0.06523423
volatility_10,0.06449006
BB_upper,0.06428597
Open,0.06051504
daily_return,0.06050552
MACD_signal,0.056868542
10_day_ma,0.056061678
Low,0.055657823
Volume,0.052183207
20_day_std,0.052087538
BB_lower,0.052008055
volume_change,0.0506053
High,0.050589994
RSI_14,0.047236163
