Feature,Importance
MACD_signal,0.07192965
5_day_ma,0.06667913
BB_upper,0.065055296
volume_change,0.064682126
Low,0.061780013
Close,0.06150483
RSI_14,0.06115342
MACD,0.05781703
High,0.05683681
daily_return,0.056767855
20_day_std,0.05662237
20_day_ma,0.05512788
BB_lower,0.054543685
volatility_10,0.054064844
Volume,0.052927773
Open,0.052224554
10_day_ma,0.05028275
