Feature,Importance
daily_return,0.073131114
Volume,0.071137324
Low,0.06594489
Open,0.062563
5_day_ma,0.06199475
20_day_std,0.059959397
BB_upper,0.058700033
10_day_ma,0.057171058
BB_lower,0.057021786
MACD,0.05655728
High,0.055980194
RSI_14,0.055976238
volume_change,0.055211853
MACD_signal,0.053657793
Close,0.053505212
volatility_10,0.051921744
20_day_ma,0.049566388
