Feature,Importance
High,0.08069311
10_day_ma,0.075559616
MACD_signal,0.068294466
Low,0.06770491
20_day_std,0.066282265
MACD,0.06527202
BB_upper,0.06502771
RSI_14,0.06252307
daily_return,0.061377324
5_day_ma,0.05737488
volume_change,0.05287245
Volume,0.052078553
BB_lower,0.050178878
Close,0.047833253
volatility_10,0.0456613
Open,0.04531215
20_day_ma,0.03595411
