Feature,Importance
MACD_signal,0.0709788
Open,0.06755413
High,0.06582203
5_day_ma,0.06408371
BB_upper,0.06357821
20_day_std,0.061359785
Low,0.061010167
volatility_10,0.060925063
BB_lower,0.059715405
10_day_ma,0.054955028
Volume,0.05464851
Close,0.053693116
20_day_ma,0.05327817
daily_return,0.052362368
volume_change,0.05217361
RSI_14,0.05198927
MACD,0.05187264
