Feature,Importance
5_day_ma,0.07046389
BB_lower,0.06937838
Close,0.06592734
20_day_ma,0.06207442
volatility_10,0.061954416
MACD_signal,0.061488323
daily_return,0.0602479
volume_change,0.059698563
Low,0.058717784
BB_upper,0.05748246
High,0.056673277
10_day_ma,0.05655429
Volume,0.055673577
MACD,0.055587128
20_day_std,0.052324377
RSI_14,0.049131118
Open,0.046622742
