Feature,Importance
Low,0.072799675
Close,0.07022924
20_day_ma,0.06987725
High,0.06783753
BB_lower,0.06405754
RSI_14,0.06328237
20_day_std,0.0612701
BB_upper,0.0601865
MACD_signal,0.058764305
daily_return,0.056389976
5_day_ma,0.055916674
10_day_ma,0.055064812
volatility_10,0.052937824
volume_change,0.052858762
MACD,0.051732037
Volume,0.043777984
Open,0.043017395
