Feature,Importance
20_day_std,0.068621814
MACD,0.06689825
20_day_ma,0.06494392
High,0.061855778
Open,0.06077752
volume_change,0.06070519
5_day_ma,0.060408764
BB_upper,0.05972416
Volume,0.05831922
BB_lower,0.058285918
Low,0.056345228
Close,0.056249466
daily_return,0.056135528
10_day_ma,0.05489395
volatility_10,0.05236238
RSI_14,0.05203548
MACD_signal,0.051437404
