Feature,Importance
Open,0.069940574
BB_lower,0.066442035
20_day_ma,0.065797515
5_day_ma,0.06477284
Low,0.064298965
BB_upper,0.063007526
Close,0.06009195
RSI_14,0.05930539
daily_return,0.05905924
MACD_signal,0.05727213
volatility_10,0.054734327
Volume,0.05422408
20_day_std,0.05323817
MACD,0.052657392
10_day_ma,0.051960763
High,0.051643144
volume_change,0.05155391
