Feature,Importance
Low,0.07915032
Open,0.07544839
5_day_ma,0.067313254
High,0.066323176
BB_upper,0.05931524
Close,0.058650374
BB_lower,0.05786767
20_day_std,0.056730114
Volume,0.056567468
RSI_14,0.056442343
volume_change,0.055393733
MACD_signal,0.053745486
MACD,0.05358943
daily_return,0.0531013
10_day_ma,0.051744204
volatility_10,0.049626824
20_day_ma,0.04899067
