Feature,Importance
Open,0.069882214
5_day_ma,0.068282925
20_day_ma,0.06755616
10_day_ma,0.06510721
Low,0.063055314
BB_lower,0.06138221
MACD,0.060478874
MACD_signal,0.059683718
RSI_14,0.05833689
Volume,0.05611309
BB_upper,0.055497415
High,0.054778628
daily_return,0.054225367
volatility_10,0.052522894
20_day_std,0.051368084
Close,0.05120417
volume_change,0.050524853
