Feature,Importance
BB_upper,0.092113145
10_day_ma,0.0803431
MACD_signal,0.07456376
High,0.067414746
daily_return,0.062852256
RSI_14,0.062249444
Low,0.06147615
Close,0.060921848
Volume,0.059127174
volatility_10,0.056744803
5_day_ma,0.056223515
volume_change,0.05196386
MACD,0.050620873
20_day_std,0.050024256
BB_lower,0.041372918
20_day_ma,0.036490135
Open,0.035497997
