Feature,Importance
Open,0.07793964
RSI_14,0.07257806
20_day_ma,0.071457386
5_day_ma,0.071074374
volatility_10,0.06608838
BB_upper,0.06512915
10_day_ma,0.06395438
MACD_signal,0.06146943
High,0.060392514
MACD,0.059286527
20_day_std,0.053198617
Low,0.052680083
daily_return,0.051490538
Volume,0.051006876
volume_change,0.05049962
Close,0.03861621
BB_lower,0.03313819
