Feature,Importance
BB_lower,0.07080527
Low,0.069639586
20_day_ma,0.06896068
BB_upper,0.06811584
20_day_std,0.06546056
Open,0.062167857
5_day_ma,0.061591543
daily_return,0.059330396
Close,0.055690054
volume_change,0.055577945
MACD,0.055462405
High,0.055416316
MACD_signal,0.053430725
Volume,0.05189353
volatility_10,0.04999953
RSI_14,0.049433008
10_day_ma,0.047024768
