Feature,Importance
10_day_ma,0.07793254
BB_upper,0.075687565
Close,0.07298231
Open,0.067276575
MACD,0.06726983
BB_lower,0.06656116
Low,0.06518276
20_day_std,0.0639672
daily_return,0.054054637
RSI_14,0.053753246
High,0.05275132
Volume,0.051142257
volume_change,0.049946282
volatility_10,0.0489662
5_day_ma,0.0486651
MACD_signal,0.042342573
20_day_ma,0.04151844
