Feature,Importance
Low,0.0946709
MACD_signal,0.074677885
RSI_14,0.072080694
Close,0.062625155
5_day_ma,0.061050404
BB_upper,0.06035209
volume_change,0.05894627
daily_return,0.058844343
MACD,0.058407847
Open,0.052753147
BB_lower,0.05230112
20_day_std,0.050862566
20_day_ma,0.05081526
volatility_10,0.050483096
High,0.04911445
10_day_ma,0.047814347
Volume,0.044200458
