Feature,Importance
20_day_std,0.07743417
10_day_ma,0.07305698
BB_upper,0.07040431
MACD,0.070341825
MACD_signal,0.065684736
Close,0.06405085
Low,0.06301373
daily_return,0.062429257
20_day_ma,0.05768119
RSI_14,0.05677424
BB_lower,0.05564436
High,0.055383258
5_day_ma,0.05336743
volatility_10,0.047049407
Open,0.044886958
Volume,0.04322267
volume_change,0.039574586
