Feature,Importance
10_day_ma,0.07229953
Open,0.06787931
Low,0.06741777
Volume,0.06600679
20_day_ma,0.06452717
5_day_ma,0.060675997
Close,0.060507093
MACD,0.059461072
volatility_10,0.05925702
BB_lower,0.057218336
volume_change,0.05585113
BB_upper,0.05450203
daily_return,0.05383455
RSI_14,0.05371606
High,0.053645838
MACD_signal,0.049368095
20_day_std,0.04383225
