Feature,Importance
20_day_std,0.07577036
Volume,0.066028625
High,0.06487347
Close,0.064015634
volume_change,0.06390412
BB_lower,0.062987335
daily_return,0.06222522
Low,0.06139786
MACD_signal,0.060382873
20_day_ma,0.0599706
MACD,0.059188306
10_day_ma,0.059123997
volatility_10,0.05342789
5_day_ma,0.052888405
BB_upper,0.048518702
RSI_14,0.042940382
Open,0.042356245
