Feature,Importance
20_day_ma,0.06913831
High,0.06678006
BB_upper,0.06674283
10_day_ma,0.0658735
MACD,0.0640918
MACD_signal,0.06156041
Volume,0.06144406
Low,0.058373455
20_day_std,0.057986256
BB_lower,0.05790035
RSI_14,0.0566738
daily_return,0.055554196
Close,0.05427328
Open,0.054181907
volume_change,0.05209318
5_day_ma,0.04980302
volatility_10,0.047529563
