Feature,Importance
BB_upper,0.08364557
Open,0.07827254
Close,0.06823126
10_day_ma,0.0659636
RSI_14,0.064963214
Low,0.06429842
5_day_ma,0.06262664
High,0.059793405
Volume,0.059510596
20_day_ma,0.057999693
volume_change,0.053075448
BB_lower,0.052946854
daily_return,0.047508694
20_day_std,0.0471883
MACD_signal,0.046678692
MACD,0.045207307
volatility_10,0.042089805
