Feature,Importance
Volume,0.06459369
volatility_10,0.064579986
Open,0.063531324
daily_return,0.06277861
MACD_signal,0.061892375
BB_lower,0.060940154
volume_change,0.06069936
10_day_ma,0.059005983
Close,0.058259428
BB_upper,0.05802529
20_day_ma,0.05763682
MACD,0.05717161
Low,0.057008307
20_day_std,0.056056462
5_day_ma,0.055639137
RSI_14,0.05157009
High,0.050611384
