Feature,Importance
MACD_signal,0.07432981
High,0.0733874
BB_lower,0.071523726
volatility_10,0.06941309
MACD,0.06677952
Close,0.06037372
5_day_ma,0.059923228
volume_change,0.058415223
Low,0.05628254
20_day_std,0.055447042
daily_return,0.05494289
10_day_ma,0.05235945
RSI_14,0.051620103
Open,0.051289197
BB_upper,0.049661934
20_day_ma,0.048627432
Volume,0.04562363
