Feature,Importance
MACD,0.06607038
5_day_ma,0.06469887
MACD_signal,0.064230226
volume_change,0.06282016
20_day_std,0.06279392
Low,0.061348222
Volume,0.060508914
20_day_ma,0.058503453
10_day_ma,0.057169523
BB_upper,0.057093702
Open,0.056783523
RSI_14,0.05652971
Close,0.055431843
BB_lower,0.05474977
volatility_10,0.05438975
High,0.053858362
daily_return,0.053019688
