Feature,Importance
MACD,0.07547855
20_day_ma,0.073038556
Close,0.07164766
5_day_ma,0.06638316
Low,0.06635114
volatility_10,0.06399988
daily_return,0.05859444
volume_change,0.057811536
RSI_14,0.056196228
20_day_std,0.05459523
Volume,0.054030843
MACD_signal,0.052342687
BB_lower,0.05217376
Open,0.05105334
10_day_ma,0.05076493
BB_upper,0.048014585
High,0.04752348
