Feature,Importance
MACD,0.06944167
5_day_ma,0.06424187
High,0.06349412
volatility_10,0.061399084
MACD_signal,0.061293732
Low,0.06083468
Close,0.06032062
Open,0.059361666
BB_lower,0.058991496
volume_change,0.05797664
BB_upper,0.056498166
RSI_14,0.056429632
10_day_ma,0.05608733
Volume,0.05514133
daily_return,0.05414188
20_day_std,0.054089908
20_day_ma,0.050256155
