Feature,Importance
20_day_ma,0.07118765
MACD,0.06653036
5_day_ma,0.06645236
MACD_signal,0.06446699
Low,0.06356072
volume_change,0.060774177
volatility_10,0.060196657
RSI_14,0.059223942
BB_upper,0.057702184
Close,0.056630038
High,0.056452926
Volume,0.05506951
20_day_std,0.054902084
10_day_ma,0.05318567
BB_lower,0.052636318
daily_return,0.050691877
Open,0.050336573
