Feature,Importance
volatility_10,0.08329139
Low,0.070414506
MACD_signal,0.06890996
MACD,0.06814021
High,0.06788392
5_day_ma,0.06725005
Volume,0.061807677
Close,0.06084508
BB_upper,0.0585485
daily_return,0.055302516
volume_change,0.051977668
Open,0.051572308
10_day_ma,0.04782193
BB_lower,0.047733
20_day_ma,0.047696088
RSI_14,0.046510607
20_day_std,0.04429458
