Feature,Importance
10_day_ma,0.07068969
BB_upper,0.06826677
Open,0.06620207
BB_lower,0.06516743
RSI_14,0.06309326
MACD,0.06306847
Low,0.06297067
daily_return,0.058376633
Volume,0.05740302
volatility_10,0.05582948
5_day_ma,0.05570765
Close,0.05472633
20_day_std,0.05396324
High,0.0529332
20_day_ma,0.052673463
volume_change,0.05095184
MACD_signal,0.0479767
