Feature,Importance
Open,0.07222397
BB_upper,0.06980189
10_day_ma,0.06788018
Low,0.0676864
RSI_14,0.06619386
20_day_ma,0.061991036
Close,0.059760164
MACD,0.058420025
MACD_signal,0.05738564
High,0.0565274
5_day_ma,0.0557873
volume_change,0.055021457
20_day_std,0.05413995
volatility_10,0.052345946
daily_return,0.05004128
BB_lower,0.048133675
Volume,0.04665985
