Feature,Importance
Low,0.073316865
20_day_std,0.06619097
MACD,0.065811574
20_day_ma,0.06412032
volume_change,0.06335339
volatility_10,0.062560745
BB_lower,0.06064891
Open,0.05983578
10_day_ma,0.059282724
Close,0.057782337
MACD_signal,0.057130508
High,0.05459655
daily_return,0.05353779
RSI_14,0.053071827
5_day_ma,0.052915663
BB_upper,0.049176708
Volume,0.04666729
