Feature,Importance
High,0.0804869
Low,0.07421401
5_day_ma,0.07208838
BB_upper,0.06914991
Open,0.06745099
volume_change,0.05887086
MACD_signal,0.05837365
BB_lower,0.057294507
volatility_10,0.057189774
Close,0.055346224
20_day_std,0.054385714
daily_return,0.05206664
RSI_14,0.050896548
Volume,0.05072374
MACD,0.05023316
20_day_ma,0.048103534
10_day_ma,0.043125458
