Feature,Importance
20_day_ma,0.06784748
10_day_ma,0.06728724
BB_upper,0.06533227
Open,0.06408364
Close,0.06296321
5_day_ma,0.061291657
Volume,0.060941562
volume_change,0.059132192
MACD_signal,0.058937076
RSI_14,0.056439254
BB_lower,0.0563781
Low,0.055809457
MACD,0.05521797
20_day_std,0.054860976
volatility_10,0.053463712
daily_return,0.051113464
High,0.048900686
