Feature,Importance
volatility_10,0.07561814
MACD,0.073598556
RSI_14,0.07099467
MACD_signal,0.066343024
High,0.06242521
5_day_ma,0.06234768
Close,0.060688052
20_day_std,0.05858242
Volume,0.057239145
volume_change,0.05719123
20_day_ma,0.054200064
daily_return,0.053215783
BB_upper,0.05263517
BB_lower,0.05209563
Open,0.051627465
Low,0.049605098
10_day_ma,0.041592702
