Feature,Importance
BB_upper,0.072332
BB_lower,0.071444444
20_day_std,0.06902822
Open,0.06374515
daily_return,0.06317781
volume_change,0.062667415
RSI_14,0.05992244
10_day_ma,0.057863817
Low,0.057690885
Close,0.056783456
MACD_signal,0.056352492
20_day_ma,0.053825017
5_day_ma,0.053763293
MACD,0.052723408
High,0.05135131
Volume,0.049670517
volatility_10,0.047658376
