Feature,Importance
Low,0.099813394
Close,0.09343822
BB_upper,0.07749769
5_day_ma,0.07299494
High,0.0674323
MACD_signal,0.06607227
MACD,0.061769433
volatility_10,0.055031653
Open,0.053253733
RSI_14,0.048385184
20_day_ma,0.047297016
10_day_ma,0.04721903
volume_change,0.04651202
BB_lower,0.045191567
20_day_std,0.043264497
daily_return,0.039404135
Volume,0.035422985
