Feature,Importance
Open,0.06817515
daily_return,0.06605565
10_day_ma,0.06596774
Low,0.06538601
BB_upper,0.06469248
5_day_ma,0.0638444
BB_lower,0.058501158
20_day_std,0.0582516
Volume,0.05754998
High,0.055940405
MACD,0.05567709
volume_change,0.055670843
RSI_14,0.05517271
Close,0.053952314
20_day_ma,0.053433973
volatility_10,0.053365156
MACD_signal,0.0483634
