Feature,Importance
MACD_signal,0.084530935
10_day_ma,0.0781831
BB_upper,0.06918478
volatility_10,0.06816398
BB_lower,0.06680971
daily_return,0.064811155
20_day_ma,0.06267649
20_day_std,0.062168393
MACD,0.06118725
Volume,0.058994867
5_day_ma,0.05891986
volume_change,0.056877032
Open,0.052934717
RSI_14,0.0458344
High,0.045465972
Close,0.042279314
Low,0.020978045
