Feature,Importance
MACD,0.079459734
volatility_10,0.06823165
Volume,0.0628416
RSI_14,0.06176593
Low,0.06173617
volume_change,0.061009724
BB_upper,0.059800394
MACD_signal,0.058715887
5_day_ma,0.05864681
BB_lower,0.05853803
Close,0.05583827
daily_return,0.055367276
Open,0.054171193
20_day_std,0.05364064
High,0.053225093
10_day_ma,0.051220033
20_day_ma,0.045791533
