Feature,Importance
10_day_ma,0.07040199
5_day_ma,0.070323355
BB_upper,0.06914983
Close,0.06872171
20_day_ma,0.06185447
Low,0.061238587
volume_change,0.0575913
BB_lower,0.056613848
High,0.05607782
RSI_14,0.055734172
Volume,0.05541128
MACD_signal,0.055354826
volatility_10,0.05296368
20_day_std,0.05255893
daily_return,0.052306697
MACD,0.052241996
Open,0.051455535
