Feature,Importance
High,0.08165629
Open,0.072363995
BB_upper,0.072198726
10_day_ma,0.071636386
Close,0.061403915
MACD,0.061126083
BB_lower,0.060931068
20_day_std,0.060725685
daily_return,0.056710213
5_day_ma,0.056591313
volume_change,0.054427907
volatility_10,0.05426626
RSI_14,0.04937743
Low,0.04892325
20_day_ma,0.04776159
Volume,0.046943165
MACD_signal,0.042956796
