Feature,Importance
Open,0.07295293
BB_lower,0.07027708
20_day_ma,0.068409495
MACD,0.06802998
volatility_10,0.06364719
Close,0.06269895
volume_change,0.060028072
BB_upper,0.059800565
MACD_signal,0.05952641
daily_return,0.05907701
High,0.059038755
10_day_ma,0.05328562
Volume,0.0518533
20_day_std,0.051425055
5_day_ma,0.047931526
Low,0.047288105
RSI_14,0.04472995
