Feature,Importance
BB_lower,0.071579136
Low,0.06716057
5_day_ma,0.06609079
Close,0.06584261
20_day_std,0.06386576
Open,0.061039798
10_day_ma,0.06002852
High,0.05854805
BB_upper,0.05846449
MACD,0.056463286
MACD_signal,0.055509698
Volume,0.05525167
20_day_ma,0.053981554
RSI_14,0.053450145
daily_return,0.05237826
volatility_10,0.051519357
volume_change,0.048826277
