Feature,Importance
volatility_10,0.072773464
MACD,0.07272256
RSI_14,0.06582875
Open,0.063797496
MACD_signal,0.06211211
5_day_ma,0.061644327
Volume,0.05974719
10_day_ma,0.05957604
volume_change,0.0595566
High,0.05848884
daily_return,0.056390837
BB_lower,0.055554267
20_day_std,0.05430876
Close,0.052960075
BB_upper,0.048494328
20_day_ma,0.048336394
Low,0.04770797
