Feature,Importance
BB_lower,0.072630346
Open,0.0641009
MACD,0.06356802
10_day_ma,0.063395746
volume_change,0.06128926
Close,0.060125854
20_day_std,0.059912384
RSI_14,0.059571076
daily_return,0.059465222
Low,0.058086723
BB_upper,0.05707343
20_day_ma,0.056934312
5_day_ma,0.056164883
High,0.054351863
Volume,0.05385103
MACD_signal,0.050553292
volatility_10,0.04892569
