Feature,Importance
MACD,0.07121867
volume_change,0.06823038
5_day_ma,0.06619515
20_day_std,0.06607486
Low,0.06348073
BB_upper,0.062367283
Open,0.059895568
BB_lower,0.058625
Volume,0.058130022
volatility_10,0.057323147
RSI_14,0.056548137
Close,0.056003828
daily_return,0.053993177
MACD_signal,0.052942898
High,0.051844988
20_day_ma,0.050637625
10_day_ma,0.046488512
