Feature,Importance
Low,0.07518934
Close,0.0730931
BB_lower,0.070288
Open,0.07018126
5_day_ma,0.067289576
MACD,0.06509632
volatility_10,0.06493412
20_day_ma,0.06374243
volume_change,0.062012177
daily_return,0.058624446
10_day_ma,0.057599634
High,0.056968603
RSI_14,0.05146828
Volume,0.04975957
MACD_signal,0.04049635
BB_upper,0.03721164
20_day_std,0.036045153
