Feature,Importance
Low,0.08443896
Close,0.06822003
20_day_ma,0.06811577
20_day_std,0.068021625
volume_change,0.06543216
RSI_14,0.063689284
BB_upper,0.062810555
BB_lower,0.06270393
5_day_ma,0.05673289
MACD_signal,0.05559411
High,0.05524186
10_day_ma,0.055120293
daily_return,0.052284934
volatility_10,0.05205682
MACD,0.049525667
Open,0.044616766
Volume,0.035394322
