Feature,Importance
MACD_signal,0.07263543
10_day_ma,0.06884611
High,0.067606546
Low,0.06641039
20_day_ma,0.06279648
volume_change,0.06055718
Volume,0.059970252
BB_lower,0.059507087
20_day_std,0.058053862
Close,0.05617496
Open,0.05597332
RSI_14,0.054894544
daily_return,0.05474363
MACD,0.052847084
5_day_ma,0.050632663
volatility_10,0.04928396
BB_upper,0.049066514
