Feature,Importance
BB_upper,0.085518114
Close,0.080663234
MACD_signal,0.07627927
MACD,0.06995426
daily_return,0.06726571
5_day_ma,0.060966764
volatility_10,0.059498705
RSI_14,0.057580046
20_day_std,0.05703222
20_day_ma,0.056387488
BB_lower,0.054833885
10_day_ma,0.052167717
volume_change,0.05204891
Volume,0.047001425
Open,0.0440152
High,0.03997333
Low,0.038813673
