Feature,Importance
Close,0.07219722
Low,0.06865446
daily_return,0.06593785
10_day_ma,0.06548219
Open,0.063564494
BB_upper,0.06149478
BB_lower,0.06116513
MACD_signal,0.059013315
MACD,0.05808959
20_day_std,0.05794458
5_day_ma,0.056530137
volatility_10,0.05493938
20_day_ma,0.054853555
Volume,0.053660627
volume_change,0.05172152
High,0.051131073
RSI_14,0.043620095
