Feature,Importance
MACD_signal,0.078380175
MACD,0.0748051
20_day_ma,0.064807594
BB_lower,0.06385148
volume_change,0.06168315
High,0.060196076
20_day_std,0.05896402
RSI_14,0.058545034
10_day_ma,0.05679099
daily_return,0.056588303
5_day_ma,0.056428935
Low,0.056058265
BB_upper,0.053976454
volatility_10,0.053402532
Close,0.050466523
Open,0.048944503
Volume,0.04611089
