Feature,Importance
Low,0.0747564
10_day_ma,0.06924549
RSI_14,0.06916734
20_day_ma,0.063167706
Open,0.06141083
volume_change,0.060923737
MACD,0.060423393
daily_return,0.05787607
MACD_signal,0.057732828
Volume,0.056065615
volatility_10,0.055768315
20_day_std,0.055302296
BB_upper,0.05444668
BB_lower,0.053265378
5_day_ma,0.051451772
Close,0.04963538
High,0.049360782
