Feature,Importance
5_day_ma,0.08074938
Open,0.07226444
Close,0.06990979
MACD,0.063550875
volume_change,0.06221068
daily_return,0.061680008
High,0.060802255
volatility_10,0.059889417
10_day_ma,0.059245303
20_day_std,0.058867525
20_day_ma,0.05309836
RSI_14,0.05226444
MACD_signal,0.05199328
BB_lower,0.050116733
Low,0.04870416
BB_upper,0.048469514
Volume,0.046183817
