Feature,Importance
20_day_ma,0.06832388
BB_lower,0.06811866
High,0.06610285
MACD,0.063475825
Low,0.0629084
MACD_signal,0.062220972
5_day_ma,0.061928682
RSI_14,0.05911102
10_day_ma,0.057911985
daily_return,0.057433195
volume_change,0.0569585
Close,0.056179024
Volume,0.055247452
20_day_std,0.054055043
Open,0.051962096
BB_upper,0.051500056
volatility_10,0.046562277
