Feature,Importance
Low,0.07326934
5_day_ma,0.072487034
10_day_ma,0.06996572
Open,0.06952655
BB_lower,0.066996016
volatility_10,0.06629028
Close,0.058572873
20_day_std,0.05645774
Volume,0.05578275
BB_upper,0.05525361
High,0.055119086
volume_change,0.0525688
MACD_signal,0.052562866
MACD,0.051824227
RSI_14,0.04998795
daily_return,0.049778827
20_day_ma,0.043556444
