Feature,Importance
5_day_ma,0.0711995
Low,0.070878446
10_day_ma,0.06841371
BB_lower,0.06542474
volume_change,0.06515162
MACD_signal,0.0645471
BB_upper,0.062837824
Open,0.058543585
High,0.058341138
20_day_ma,0.058171414
Close,0.05397296
volatility_10,0.052976295
20_day_std,0.05232656
Volume,0.052249722
daily_return,0.04990591
RSI_14,0.049337525
MACD,0.045721896
