Feature,Importance
10_day_ma,0.08871726
Close,0.066022776
MACD_signal,0.06436781
5_day_ma,0.06406991
daily_return,0.06244661
High,0.061508585
BB_upper,0.061020434
RSI_14,0.058409013
BB_lower,0.057916056
Low,0.055330392
Open,0.05389318
Volume,0.05387882
volume_change,0.053101335
volatility_10,0.051411517
20_day_ma,0.050793692
20_day_std,0.048861574
MACD,0.048251033
