Feature,Importance
BB_upper,0.07343936
RSI_14,0.06740612
20_day_ma,0.06715319
High,0.062812306
5_day_ma,0.06208263
MACD_signal,0.062027603
Open,0.061803184
MACD,0.060029242
10_day_ma,0.059985366
daily_return,0.059268
volume_change,0.058327723
Volume,0.05598001
Low,0.053866897
20_day_std,0.053067885
Close,0.05081558
BB_lower,0.046291355
volatility_10,0.045643553
