Feature,Importance
Low,0.07412859
5_day_ma,0.072355695
MACD_signal,0.068742804
Volume,0.062680505
Open,0.06262376
Close,0.06139372
20_day_std,0.061135102
High,0.060817968
BB_lower,0.0595591
RSI_14,0.058337644
20_day_ma,0.055362403
volume_change,0.052346665
MACD,0.050795462
10_day_ma,0.050703958
BB_upper,0.050497483
daily_return,0.050112452
volatility_10,0.048406694
