Feature,Importance
5_day_ma,0.07531304
MACD,0.06858346
daily_return,0.06471233
20_day_ma,0.06461006
volume_change,0.06260446
Low,0.060076717
BB_lower,0.059361197
volatility_10,0.058580026
Open,0.056913376
RSI_14,0.05636152
20_day_std,0.056179073
BB_upper,0.056090407
High,0.055874847
Volume,0.053103037
MACD_signal,0.052874744
Close,0.050032683
10_day_ma,0.048728958
