Feature,Importance
Low,0.073300764
volume_change,0.07008462
Close,0.0697869
20_day_std,0.06833721
MACD_signal,0.064771816
10_day_ma,0.062851764
20_day_ma,0.06236571
High,0.062284462
MACD,0.059767734
volatility_10,0.05664045
BB_lower,0.055843726
BB_upper,0.053944185
daily_return,0.053742073
Volume,0.052066192
RSI_14,0.04693856
5_day_ma,0.045162167
Open,0.0421118
