Feature,Importance
BB_lower,0.06790844
RSI_14,0.06570913
20_day_ma,0.06379142
Low,0.062755845
volume_change,0.06112233
MACD,0.061019238
BB_upper,0.05920609
20_day_std,0.058866862
daily_return,0.058652975
Open,0.05845133
5_day_ma,0.05764598
MACD_signal,0.057391245
10_day_ma,0.057200406
High,0.057082415
Volume,0.05253734
Close,0.05207565
volatility_10,0.048583243
