Feature,Importance
volatility_10,0.073615864
MACD_signal,0.069728814
5_day_ma,0.06604599
Low,0.065554544
Close,0.064508595
daily_return,0.061639138
MACD,0.06156063
20_day_std,0.060523618
Volume,0.05839003
10_day_ma,0.05835118
BB_upper,0.057070833
BB_lower,0.05528253
volume_change,0.054745812
High,0.049662508
20_day_ma,0.049536075
RSI_14,0.04741594
Open,0.046367873
