Feature,Importance
MACD_signal,0.06831034
Low,0.06601894
daily_return,0.06542389
10_day_ma,0.06463993
Open,0.064563744
5_day_ma,0.061670456
Volume,0.060874574
High,0.05946389
20_day_std,0.058921058
volatility_10,0.058616508
BB_upper,0.058238257
RSI_14,0.054901827
volume_change,0.05345848
BB_lower,0.05272905
MACD,0.05169785
20_day_ma,0.050842557
Close,0.049628746
