Feature,Importance
daily_return,0.084939346
5_day_ma,0.080754176
BB_upper,0.079072155
MACD,0.07566879
High,0.07364492
20_day_std,0.065215975
Volume,0.06520625
MACD_signal,0.065021746
volatility_10,0.061812915
volume_change,0.05744149
10_day_ma,0.056342125
RSI_14,0.05094677
Low,0.05074192
Open,0.048935775
BB_lower,0.046781298
Close,0.037291985
20_day_ma,0.00018230903
