Feature,Importance
High,0.07165056
Close,0.06716539
Low,0.06706193
Open,0.06660996
MACD_signal,0.064131476
RSI_14,0.06345064
10_day_ma,0.061121665
BB_lower,0.058552474
20_day_std,0.056568246
20_day_ma,0.055830907
volatility_10,0.055393543
Volume,0.05478446
5_day_ma,0.05432522
MACD,0.053364985
daily_return,0.052050337
volume_change,0.049253836
BB_upper,0.048684303
