Feature,Importance
MACD,0.07036971
High,0.06861851
Close,0.06201927
Low,0.06050504
5_day_ma,0.060470145
BB_lower,0.05996916
Open,0.059725665
20_day_std,0.059124038
20_day_ma,0.058984023
volatility_10,0.058105618
MACD_signal,0.058002308
BB_upper,0.055649154
RSI_14,0.054931615
volume_change,0.05396554
10_day_ma,0.053917754
daily_return,0.05372258
Volume,0.051919863
