Feature,Importance
BB_lower,0.08562231
10_day_ma,0.06520053
Low,0.0648326
20_day_std,0.06340066
volume_change,0.063082926
BB_upper,0.062002897
20_day_ma,0.06061222
daily_return,0.05931753
MACD_signal,0.057670493
RSI_14,0.057060823
Close,0.056967225
volatility_10,0.05290114
Open,0.05281152
Volume,0.052540597
High,0.049821585
5_day_ma,0.049771387
MACD,0.04638347
