Feature,Importance
5_day_ma,0.08475424
High,0.080595866
MACD_signal,0.072637334
20_day_std,0.072292455
BB_upper,0.066688284
Open,0.06266603
BB_lower,0.062382895
RSI_14,0.059595376
volume_change,0.057713717
Volume,0.05277552
volatility_10,0.052592997
Low,0.05162355
MACD,0.051048685
daily_return,0.049835503
10_day_ma,0.042956267
Close,0.04243901
20_day_ma,0.037402254
