Feature,Importance
Low,0.078882955
Close,0.070419334
High,0.068981394
MACD,0.06656555
Open,0.06291487
RSI_14,0.06204326
20_day_std,0.05988694
volatility_10,0.056439012
5_day_ma,0.055931304
Volume,0.055557497
BB_upper,0.055220563
BB_lower,0.054996848
volume_change,0.053429678
daily_return,0.052517276
20_day_ma,0.052392665
MACD_signal,0.051641896
10_day_ma,0.04217895
