Feature,Importance
RSI_14,0.06629495
BB_lower,0.06362006
volume_change,0.06356167
20_day_ma,0.061888844
Open,0.060842033
5_day_ma,0.060234256
20_day_std,0.05980407
daily_return,0.05914345
Low,0.05855313
Close,0.05756078
High,0.05735451
MACD_signal,0.056753185
MACD,0.056442898
10_day_ma,0.056251373
Volume,0.055394012
BB_upper,0.0532881
volatility_10,0.053012714
