Feature,Importance
BB_upper,0.06757342
BB_lower,0.06697562
MACD,0.06184812
Low,0.061064333
High,0.060411345
volume_change,0.060209922
daily_return,0.059822414
20_day_std,0.05955413
10_day_ma,0.058403056
Volume,0.057469502
Open,0.05735331
volatility_10,0.056857284
MACD_signal,0.05671256
RSI_14,0.056570794
20_day_ma,0.05628176
5_day_ma,0.055621583
Close,0.047270887
