Feature,Importance
daily_return,0.07209576
Volume,0.0711096
volume_change,0.07041179
20_day_std,0.068132415
10_day_ma,0.06695969
Low,0.06639182
volatility_10,0.065847374
MACD_signal,0.063456014
5_day_ma,0.061808765
High,0.058292806
BB_upper,0.056824487
Close,0.054473255
BB_lower,0.054386687
MACD,0.05175454
20_day_ma,0.049969025
RSI_14,0.040736202
Open,0.02734976
