Feature,Importance
MACD_signal,0.07414687
BB_upper,0.072244816
Low,0.06462631
5_day_ma,0.063077524
volume_change,0.062432997
MACD,0.060339123
20_day_ma,0.057699505
High,0.057601117
Volume,0.056619696
Open,0.05562632
Close,0.054842655
daily_return,0.054551896
10_day_ma,0.054477826
volatility_10,0.053336672
20_day_std,0.053104393
RSI_14,0.052774366
BB_lower,0.052497927
