Feature,Importance
BB_upper,0.071627885
MACD,0.06801759
5_day_ma,0.0672142
20_day_std,0.06238718
BB_lower,0.06209524
Volume,0.061527263
10_day_ma,0.0612313
High,0.059815925
MACD_signal,0.05824248
Low,0.057152286
daily_return,0.05695114
volume_change,0.055582516
Close,0.055369984
RSI_14,0.05522142
Open,0.052342255
volatility_10,0.05177675
20_day_ma,0.043444574
