Feature,Importance
Low,0.07239962
20_day_std,0.06585768
Close,0.065245055
Open,0.06377655
volume_change,0.06335215
BB_upper,0.06281654
MACD_signal,0.06117656
RSI_14,0.060498994
5_day_ma,0.060243566
High,0.057018816
MACD,0.056357123
10_day_ma,0.055316225
daily_return,0.055142544
20_day_ma,0.05306721
Volume,0.052009173
volatility_10,0.049105093
BB_lower,0.046617135
