Feature,Importance
High,0.086583436
Close,0.07532978
volatility_10,0.07400244
BB_lower,0.06925811
5_day_ma,0.06572149
20_day_ma,0.064446904
MACD,0.059089232
Volume,0.05834143
Low,0.057032555
BB_upper,0.05686134
daily_return,0.055842955
Open,0.051008884
volume_change,0.048230827
RSI_14,0.044910345
MACD_signal,0.044785853
20_day_std,0.04447051
10_day_ma,0.044083927
