Feature,Importance
MACD,0.06824776
BB_upper,0.0656415
Low,0.06494325
5_day_ma,0.0645766
20_day_std,0.06305034
10_day_ma,0.061739087
MACD_signal,0.059448294
volatility_10,0.05901522
20_day_ma,0.058758672
daily_return,0.057283938
RSI_14,0.05693821
High,0.05610604
Open,0.055108733
Volume,0.0533902
BB_lower,0.05321041
volume_change,0.051761158
Close,0.050780654
