Feature,Importance
BB_upper,0.069930695
volatility_10,0.069329284
20_day_ma,0.06364288
volume_change,0.061809756
MACD_signal,0.061135903
Volume,0.06044191
Low,0.06016251
MACD,0.059951883
Open,0.059717778
daily_return,0.05957843
5_day_ma,0.059194107
BB_lower,0.054561283
20_day_std,0.054242346
10_day_ma,0.052615795
RSI_14,0.05196168
Close,0.05092896
High,0.050794773
