Feature,Importance
20_day_std,0.070457675
High,0.06925027
MACD,0.065420434
MACD_signal,0.0651729
BB_lower,0.06415675
volume_change,0.061666902
Low,0.061271697
10_day_ma,0.061184607
20_day_ma,0.06079112
daily_return,0.057895284
Close,0.05669987
Volume,0.056649327
volatility_10,0.054070756
BB_upper,0.053306226
5_day_ma,0.051427066
RSI_14,0.049584053
Open,0.04099502
