Feature,Importance
5_day_ma,0.082400426
20_day_ma,0.077543505
10_day_ma,0.074091814
volume_change,0.06712925
RSI_14,0.06259027
daily_return,0.0619891
Volume,0.06159647
volatility_10,0.05796065
BB_upper,0.056977604
High,0.054320768
Close,0.052339047
MACD,0.05170853
Low,0.05071442
MACD_signal,0.05018099
Open,0.048940934
BB_lower,0.047282044
20_day_std,0.042234216
