Feature,Importance
Low,0.091867715
MACD,0.07480582
20_day_ma,0.067701526
BB_upper,0.06755597
RSI_14,0.06364862
High,0.060769003
MACD_signal,0.059355035
Open,0.056697987
5_day_ma,0.056409176
BB_lower,0.05638719
volume_change,0.05542276
Close,0.052607134
20_day_std,0.0514696
10_day_ma,0.050781824
daily_return,0.045816295
volatility_10,0.045383032
Volume,0.04332134
