Feature,Importance
volatility_10,0.06651607
10_day_ma,0.06514896
volume_change,0.06426449
MACD_signal,0.06325756
daily_return,0.06152144
Open,0.059564203
Volume,0.059280552
20_day_ma,0.059246946
BB_lower,0.058926784
20_day_std,0.05794396
Low,0.057499003
MACD,0.057478517
BB_upper,0.05494605
High,0.05454459
RSI_14,0.053975876
Close,0.05306303
5_day_ma,0.052821934
