Feature,Importance
MACD,0.07529999
BB_upper,0.069811724
Low,0.06796717
5_day_ma,0.06634792
volume_change,0.06324252
Close,0.06198823
20_day_std,0.06075648
volatility_10,0.05982079
MACD_signal,0.059558816
RSI_14,0.058796883
Volume,0.05713593
10_day_ma,0.056778252
Open,0.055461727
BB_lower,0.048440583
High,0.048146453
daily_return,0.046266235
20_day_ma,0.0441803
