Feature,Importance
BB_upper,0.07629358
volatility_10,0.070577316
Low,0.068832815
5_day_ma,0.06588214
Open,0.063639015
RSI_14,0.060441375
20_day_std,0.059587043
daily_return,0.057765365
BB_lower,0.057660084
Volume,0.05627822
MACD_signal,0.05604079
volume_change,0.054650333
MACD,0.053494647
10_day_ma,0.051865768
20_day_ma,0.0515509
Close,0.049994383
High,0.045446176
