Feature,Importance
Close,0.07869324
MACD,0.07545234
High,0.071396135
MACD_signal,0.064873
volatility_10,0.06337448
RSI_14,0.06204828
BB_upper,0.06142007
10_day_ma,0.059264112
volume_change,0.058876332
20_day_std,0.058078744
Open,0.05755288
daily_return,0.05521757
Volume,0.0537949
5_day_ma,0.05066813
BB_lower,0.048433177
20_day_ma,0.042518396
Low,0.038338196
