Feature,Importance
5_day_ma,0.07329499
10_day_ma,0.06791231
BB_lower,0.066856936
High,0.066034265
RSI_14,0.06345708
MACD,0.060689818
daily_return,0.060454763
Close,0.060346577
Volume,0.058550995
Low,0.057250474
volume_change,0.056390297
20_day_std,0.055707287
Open,0.05290154
MACD_signal,0.05198081
BB_upper,0.051398374
20_day_ma,0.050202023
volatility_10,0.046571497
