Feature,Importance
20_day_ma,0.07310692
10_day_ma,0.06586461
RSI_14,0.064003706
High,0.063833065
20_day_std,0.06275337
MACD_signal,0.061043277
daily_return,0.060013894
MACD,0.059647698
volatility_10,0.059195764
5_day_ma,0.058327157
BB_lower,0.057277672
Volume,0.05616032
BB_upper,0.0554404
Open,0.053840917
Close,0.053839475
Low,0.04963206
volume_change,0.046019644
