Feature,Importance
5_day_ma,0.07377113
MACD,0.0692412
BB_upper,0.06833718
20_day_std,0.06653377
volume_change,0.06417661
Close,0.06408163
Low,0.062152147
High,0.062016074
RSI_14,0.05583631
20_day_ma,0.055814605
MACD_signal,0.05439973
10_day_ma,0.05381797
volatility_10,0.053629424
daily_return,0.050400056
Volume,0.05012341
BB_lower,0.050007764
Open,0.04566096
