Feature,Importance
volatility_10,0.0727166
MACD,0.06842826
MACD_signal,0.06628412
RSI_14,0.06552587
20_day_ma,0.063150644
Open,0.062040236
volume_change,0.06146602
BB_upper,0.060741924
20_day_std,0.060455523
BB_lower,0.058989868
Volume,0.056212947
Close,0.054303873
daily_return,0.052073464
High,0.051109526
5_day_ma,0.049665518
Low,0.049179994
10_day_ma,0.047655582
