Feature,Importance
BB_upper,0.076600276
volatility_10,0.06809495
RSI_14,0.061255213
20_day_std,0.061019745
daily_return,0.060872093
Low,0.060843877
Open,0.060045615
BB_lower,0.05875589
10_day_ma,0.058114573
20_day_ma,0.057023477
Volume,0.056855433
High,0.05633165
5_day_ma,0.055708054
MACD,0.055391062
volume_change,0.052594718
Close,0.050853796
MACD_signal,0.04963959
