Feature,Importance
5_day_ma,0.07332214
Volume,0.06992264
volatility_10,0.066417255
BB_upper,0.06608877
volume_change,0.06319135
RSI_14,0.060899142
20_day_std,0.06055168
Low,0.059454154
BB_lower,0.058177914
daily_return,0.057955533
High,0.055479888
MACD_signal,0.054536395
10_day_ma,0.05419702
20_day_ma,0.052782293
Open,0.050629027
Close,0.04936817
MACD,0.047026563
