Feature,Importance
Open,0.07795388
20_day_ma,0.063834146
Volume,0.06374156
volatility_10,0.06290076
BB_upper,0.062139686
Low,0.061408706
10_day_ma,0.060592204
BB_lower,0.05969783
MACD_signal,0.058615617
5_day_ma,0.057919905
RSI_14,0.055903994
volume_change,0.055887945
Close,0.05444649
High,0.05373068
daily_return,0.053430386
20_day_std,0.049695782
MACD,0.048100468
