Feature,Importance
20_day_std,0.071551
MACD,0.06980943
5_day_ma,0.065637745
Low,0.064695306
MACD_signal,0.06269581
BB_lower,0.062373355
Open,0.062081344
RSI_14,0.061523315
High,0.059418045
Close,0.058549043
Volume,0.05797476
daily_return,0.05771319
volume_change,0.05240623
volatility_10,0.05202278
20_day_ma,0.050719783
BB_upper,0.04603644
10_day_ma,0.04479243
