Feature,Importance
Volume,0.06799146
Low,0.06544524
volatility_10,0.065405905
volume_change,0.062562995
MACD_signal,0.06047738
daily_return,0.060382154
Open,0.058687925
20_day_std,0.058160685
BB_upper,0.057819564
5_day_ma,0.057788286
BB_lower,0.057116214
MACD,0.056273814
High,0.056118127
20_day_ma,0.05541993
10_day_ma,0.05452026
RSI_14,0.05404875
Close,0.051781327
