Feature,Importance
20_day_ma,0.078403704
5_day_ma,0.07556549
High,0.06996294
Open,0.066736184
Volume,0.064254664
Low,0.061986
BB_lower,0.059578057
MACD,0.059227534
RSI_14,0.058169343
volume_change,0.056500394
BB_upper,0.05468037
MACD_signal,0.054271985
20_day_std,0.052775607
Close,0.052311886
daily_return,0.046396818
10_day_ma,0.044944003
volatility_10,0.044235054
