Feature,Importance
BB_upper,0.07626133
10_day_ma,0.07407933
volatility_10,0.065119736
MACD_signal,0.06471844
20_day_std,0.063291386
Volume,0.06064341
BB_lower,0.060037594
daily_return,0.059598863
High,0.057948727
Close,0.056985486
Open,0.056610942
20_day_ma,0.056581024
MACD,0.055755015
RSI_14,0.05335687
5_day_ma,0.047355577
Low,0.047059488
volume_change,0.04459678
