Feature,Importance
High,0.081853695
Open,0.07475953
Low,0.06672217
BB_lower,0.06557726
BB_upper,0.06463074
daily_return,0.062176168
MACD,0.06064603
volume_change,0.05979952
Volume,0.05738804
20_day_std,0.057022765
10_day_ma,0.05345886
20_day_ma,0.051858693
RSI_14,0.05086668
volatility_10,0.050120052
MACD_signal,0.049806915
Close,0.049768083
5_day_ma,0.043544784
