Feature,Importance
volatility_10,0.07229031
MACD_signal,0.066182375
MACD,0.06545965
Close,0.06542924
BB_upper,0.0637561
5_day_ma,0.06271638
Low,0.060574025
10_day_ma,0.058584567
Open,0.057366095
Volume,0.05693213
volume_change,0.056750275
20_day_std,0.055504415
High,0.052943036
daily_return,0.052876025
BB_lower,0.05255572
20_day_ma,0.05131859
RSI_14,0.048761055
