Feature,Importance
Open,0.07634296
Close,0.07443148
20_day_std,0.07168521
Low,0.06698263
BB_upper,0.0658425
MACD_signal,0.060400467
BB_lower,0.058499545
10_day_ma,0.056214556
5_day_ma,0.055333514
Volume,0.05461038
High,0.05256064
RSI_14,0.05253474
daily_return,0.05223562
MACD,0.052147247
volume_change,0.052052002
volatility_10,0.051619027
20_day_ma,0.0465075
