Feature,Importance
BB_lower,0.0676846
Open,0.063821726
20_day_std,0.06298667
MACD_signal,0.06275771
20_day_ma,0.062544554
MACD,0.06254384
BB_upper,0.06148607
Low,0.059634686
High,0.058959223
RSI_14,0.057282507
volatility_10,0.055855647
daily_return,0.055758424
10_day_ma,0.05563307
5_day_ma,0.055445697
Volume,0.05384179
volume_change,0.053542934
Close,0.050220855
