Feature,Importance
BB_upper,0.073078625
Low,0.06859859
5_day_ma,0.06823477
RSI_14,0.06377342
MACD_signal,0.06357418
Close,0.060902346
10_day_ma,0.05950172
20_day_std,0.059480973
MACD,0.058747508
volume_change,0.058547836
Open,0.058031645
High,0.055967957
20_day_ma,0.053487673
volatility_10,0.051978786
BB_lower,0.04992848
daily_return,0.048212092
Volume,0.04795337
