Feature,Importance
10_day_ma,0.06936642
RSI_14,0.06802675
BB_lower,0.06474684
volume_change,0.06189887
20_day_std,0.06145532
BB_upper,0.059661664
20_day_ma,0.059412446
Open,0.059020676
MACD,0.057757467
5_day_ma,0.057710003
MACD_signal,0.057208367
Low,0.055835992
Volume,0.055605657
Close,0.054872386
High,0.053203363
daily_return,0.052707467
volatility_10,0.05151029
