Feature,Importance
BB_upper,0.071472265
MACD,0.06627177
Open,0.06182326
Low,0.060468514
RSI_14,0.060458954
volatility_10,0.05877454
daily_return,0.058757506
5_day_ma,0.058560167
20_day_ma,0.05792536
BB_lower,0.0575439
High,0.057304822
10_day_ma,0.056735426
Close,0.056391254
20_day_std,0.05583653
MACD_signal,0.055824257
volume_change,0.055218905
Volume,0.05063255
