Feature,Importance
BB_upper,0.074391454
Low,0.06513404
Volume,0.06319903
MACD,0.06197022
volume_change,0.059522077
5_day_ma,0.059040044
20_day_std,0.058890942
volatility_10,0.05848897
BB_lower,0.058324337
High,0.05829165
daily_return,0.058261216
RSI_14,0.057540253
MACD_signal,0.057491723
Open,0.056751646
10_day_ma,0.052745484
20_day_ma,0.05069318
Close,0.04926372
