Feature,Importance
MACD,0.07756179
Open,0.07295872
20_day_ma,0.06666025
5_day_ma,0.066365086
Low,0.06291058
volatility_10,0.061158206
daily_return,0.056848105
High,0.05676771
RSI_14,0.05672478
MACD_signal,0.056677923
Volume,0.056561556
volume_change,0.0557162
BB_lower,0.05455145
BB_upper,0.054196816
Close,0.05264745
10_day_ma,0.052266322
20_day_std,0.039427005
