Feature,Importance
20_day_ma,0.07713015
Open,0.07435665
Volume,0.07155443
MACD_signal,0.06637099
MACD,0.06549853
BB_upper,0.0650972
Close,0.06508701
BB_lower,0.064287245
20_day_std,0.06361748
RSI_14,0.06107316
High,0.054449674
volume_change,0.054034665
daily_return,0.04971594
10_day_ma,0.047619056
Low,0.045629438
volatility_10,0.0410627
5_day_ma,0.033415694
