Feature,Importance
RSI_14,0.07153396
BB_upper,0.071015276
5_day_ma,0.068564214
MACD,0.06787407
10_day_ma,0.066991605
Open,0.062044676
Volume,0.060736578
Low,0.060482442
daily_return,0.058792442
MACD_signal,0.058489628
20_day_ma,0.057152726
volatility_10,0.055104263
20_day_std,0.05265957
Close,0.05060494
High,0.049507268
BB_lower,0.04783822
volume_change,0.04060809
