Feature,Importance
20_day_ma,0.081656046
MACD_signal,0.06885351
MACD,0.066940695
Open,0.062272415
Volume,0.061896417
5_day_ma,0.06067468
BB_lower,0.058583617
volume_change,0.058002636
Close,0.05753198
BB_upper,0.0575117
RSI_14,0.056246635
20_day_std,0.05469524
daily_return,0.05406814
High,0.052910574
Low,0.05199205
10_day_ma,0.050331265
volatility_10,0.045832355
