Feature,Importance
Open,0.072597325
10_day_ma,0.06906951
20_day_ma,0.06235964
MACD_signal,0.061360262
RSI_14,0.060246896
daily_return,0.059574142
BB_upper,0.059237063
High,0.058785222
volatility_10,0.058643002
20_day_std,0.058608316
BB_lower,0.058433376
5_day_ma,0.05564746
Low,0.055614717
Close,0.054033455
Volume,0.053478517
MACD,0.052388173
volume_change,0.049922913
