Feature,Importance
5_day_ma,0.072007895
RSI_14,0.07070845
20_day_ma,0.06843956
Low,0.06779848
MACD,0.06729534
High,0.06257602
MACD_signal,0.060027327
volatility_10,0.059151776
volume_change,0.058656342
10_day_ma,0.05793913
Volume,0.056804147
BB_upper,0.05529276
20_day_std,0.054910302
daily_return,0.04973001
Open,0.048079096
Close,0.047964305
BB_lower,0.042619094
