Feature,Importance
BB_upper,0.068224415
MACD,0.06647724
Close,0.06554859
10_day_ma,0.06477497
Low,0.06238836
daily_return,0.059720915
High,0.059238806
20_day_std,0.058592208
Volume,0.058517754
MACD_signal,0.058468323
volatility_10,0.05806209
volume_change,0.05752422
20_day_ma,0.0565428
RSI_14,0.054752924
5_day_ma,0.051585767
Open,0.051181886
BB_lower,0.04839883
