Feature,Importance
Open,0.067775786
5_day_ma,0.06620514
BB_upper,0.064920254
Low,0.06347516
daily_return,0.0604734
10_day_ma,0.059835944
20_day_ma,0.059679504
BB_lower,0.059320208
volume_change,0.059189696
Volume,0.0586448
MACD,0.057877243
20_day_std,0.05739355
volatility_10,0.057294756
RSI_14,0.055542488
MACD_signal,0.05287851
High,0.052367132
Close,0.047126446
