Feature,Importance
20_day_ma,0.07860116
High,0.06603135
Low,0.06456602
BB_upper,0.06365262
Close,0.06203951
MACD,0.06129403
daily_return,0.059269115
RSI_14,0.05911416
Open,0.058538247
volatility_10,0.05808568
10_day_ma,0.056810997
Volume,0.05584369
5_day_ma,0.054470245
20_day_std,0.053798083
BB_lower,0.052647952
MACD_signal,0.051226143
volume_change,0.04401104
