Feature,Importance
5_day_ma,0.0859023
10_day_ma,0.07403858
MACD,0.06317216
Close,0.061306506
Low,0.060570575
BB_lower,0.059094537
Open,0.058757294
MACD_signal,0.05842743
High,0.057409536
daily_return,0.0551901
20_day_ma,0.053791642
volume_change,0.053710073
Volume,0.053319324
BB_upper,0.05308598
RSI_14,0.051918793
20_day_std,0.051309004
volatility_10,0.048996188
