Feature,Importance
Low,0.07027488
5_day_ma,0.0654815
Open,0.06416557
Close,0.06369232
BB_lower,0.061902765
20_day_std,0.061041374
BB_upper,0.060952276
MACD_signal,0.060458146
High,0.059808735
MACD,0.05885615
Volume,0.058671273
10_day_ma,0.0581968
daily_return,0.057180185
20_day_ma,0.055305984
RSI_14,0.05020664
volume_change,0.049594156
volatility_10,0.044211224
