Feature,Importance
10_day_ma,0.07730173
Close,0.064177826
daily_return,0.063797824
volatility_10,0.06324448
20_day_ma,0.062872596
MACD_signal,0.062708184
BB_lower,0.061009556
Open,0.057160776
High,0.05703746
5_day_ma,0.05617843
MACD,0.055846907
BB_upper,0.055096313
Volume,0.05472542
RSI_14,0.05448561
volume_change,0.05230083
Low,0.051254183
20_day_std,0.050801884
