Feature,Importance
Open,0.07062117
20_day_std,0.06706057
BB_upper,0.066973716
5_day_ma,0.06669736
MACD_signal,0.061614513
RSI_14,0.06094037
Low,0.060286112
Volume,0.05966966
volume_change,0.058845494
10_day_ma,0.057468113
MACD,0.0559377
daily_return,0.055039316
Close,0.054744992
High,0.05441306
volatility_10,0.052358724
20_day_ma,0.050742578
BB_lower,0.04658655
