Feature,Importance
High,0.073729485
daily_return,0.06731213
Close,0.06499766
5_day_ma,0.06395098
RSI_14,0.062481172
Low,0.06232625
BB_lower,0.06115501
MACD,0.060838837
Volume,0.059145484
20_day_std,0.05806073
BB_upper,0.05766151
volume_change,0.05535263
10_day_ma,0.054132737
volatility_10,0.052025944
Open,0.051852226
20_day_ma,0.04906104
MACD_signal,0.045916185
