Feature,Importance
BB_upper,0.0745364
20_day_ma,0.06889348
BB_lower,0.06575126
volatility_10,0.06304695
20_day_std,0.062432677
MACD,0.060199
Close,0.05987186
daily_return,0.059842657
Volume,0.057365656
5_day_ma,0.057353526
Low,0.055488653
volume_change,0.05528998
RSI_14,0.0541942
Open,0.053101223
10_day_ma,0.052845545
High,0.05155528
MACD_signal,0.048231628
