Feature,Importance
Open,0.08808208
Close,0.080285676
Low,0.07623765
10_day_ma,0.06412781
BB_upper,0.06198974
BB_lower,0.060531214
MACD,0.058446046
volume_change,0.05725806
Volume,0.056647804
RSI_14,0.05655635
volatility_10,0.055144947
5_day_ma,0.053775527
20_day_ma,0.053432576
20_day_std,0.05184878
daily_return,0.050254412
MACD_signal,0.04071045
High,0.0346708
