Feature,Importance
Low,0.08339533
MACD,0.071462765
Open,0.068500765
RSI_14,0.0682419
10_day_ma,0.06626477
Volume,0.06475792
daily_return,0.060491282
High,0.05897951
20_day_std,0.058718774
volume_change,0.057770684
volatility_10,0.057597607
BB_lower,0.05461846
BB_upper,0.052926216
MACD_signal,0.04866941
20_day_ma,0.046909403
Close,0.044952575
5_day_ma,0.03574265
