Feature,Importance
Low,0.0815616
BB_upper,0.07822486
MACD_signal,0.07253746
volume_change,0.07216559
Open,0.060759693
5_day_ma,0.06064897
MACD,0.058390785
BB_lower,0.058247223
volatility_10,0.05331464
High,0.052584022
Volume,0.052417435
10_day_ma,0.051452458
daily_return,0.051412255
RSI_14,0.051390585
20_day_std,0.050032325
Close,0.047636095
20_day_ma,0.047224008
