Feature,Importance
5_day_ma,0.07045636
volume_change,0.06868976
BB_upper,0.06699156
Open,0.066841945
daily_return,0.06611764
BB_lower,0.06499803
MACD_signal,0.06415565
RSI_14,0.060428135
Volume,0.059579372
High,0.05766673
20_day_ma,0.05603811
MACD,0.054847907
10_day_ma,0.053424258
20_day_std,0.050839543
Close,0.05018829
volatility_10,0.046679217
Low,0.042057473
