Feature,Importance
BB_lower,0.064272694
Close,0.06351316
20_day_std,0.06327727
BB_upper,0.062537
Low,0.062442772
volume_change,0.060780928
10_day_ma,0.06019214
20_day_ma,0.060080074
MACD,0.05978808
volatility_10,0.058355667
5_day_ma,0.057218637
MACD_signal,0.057066448
Volume,0.056899488
Open,0.055380076
RSI_14,0.05487864
High,0.05349155
daily_return,0.04982532
