Feature,Importance
volatility_10,0.067032635
MACD,0.06690616
RSI_14,0.06401008
MACD_signal,0.063045755
Close,0.06046972
Low,0.060339555
High,0.06030614
20_day_std,0.058651797
20_day_ma,0.05839622
BB_lower,0.05783206
Open,0.057463754
volume_change,0.056407105
Volume,0.056249622
daily_return,0.05459309
BB_upper,0.05435661
5_day_ma,0.053645138
10_day_ma,0.050294608
