Feature,Importance
Low,0.07799833
20_day_ma,0.073173575
High,0.06891966
Open,0.0655737
BB_lower,0.063813046
Volume,0.063243926
5_day_ma,0.06041548
BB_upper,0.056464188
volatility_10,0.055931862
20_day_std,0.05540221
10_day_ma,0.055147946
MACD_signal,0.054272067
RSI_14,0.05094088
Close,0.05091352
MACD,0.05084252
volume_change,0.05079284
daily_return,0.04615428
