Feature,Importance
5_day_ma,0.066256545
Open,0.065659754
10_day_ma,0.06505886
MACD_signal,0.06443096
High,0.06337597
BB_upper,0.060974795
volatility_10,0.060669966
MACD,0.060271405
volume_change,0.058120646
Low,0.057324007
20_day_ma,0.05712661
Volume,0.057094872
daily_return,0.056965455
Close,0.056124903
BB_lower,0.051546354
RSI_14,0.04967028
20_day_std,0.04932856
