Feature,Importance
Open,0.07278789
20_day_ma,0.06536158
BB_upper,0.06329121
10_day_ma,0.063201435
volatility_10,0.06260434
MACD,0.061195962
5_day_ma,0.060398072
Low,0.0594484
High,0.058911003
Volume,0.057580333
RSI_14,0.05689335
MACD_signal,0.056706052
Close,0.054585576
BB_lower,0.054222953
20_day_std,0.053647306
volume_change,0.05223024
daily_return,0.04693424
