Feature,Importance
High,0.079439655
BB_upper,0.07694476
Volume,0.069832094
20_day_ma,0.06280837
RSI_14,0.060614552
Open,0.060385358
20_day_std,0.05865532
10_day_ma,0.05827613
Close,0.05822417
BB_lower,0.05775859
Low,0.05628007
MACD,0.05570639
volume_change,0.052944962
5_day_ma,0.05240367
MACD_signal,0.049313057
daily_return,0.04529848
volatility_10,0.045114372
