Feature,Importance
20_day_ma,0.06752804
Volume,0.06616967
volatility_10,0.064535595
5_day_ma,0.0637089
Low,0.062915295
RSI_14,0.06104891
volume_change,0.06039074
High,0.05924254
BB_lower,0.05872405
daily_return,0.05658429
Close,0.0562698
Open,0.055987738
20_day_std,0.05557796
MACD,0.055192176
MACD_signal,0.053151954
10_day_ma,0.05220351
BB_upper,0.05076882
