Feature,Importance
Close,0.10399912
Low,0.076719716
BB_lower,0.066105045
10_day_ma,0.06520898
MACD_signal,0.061747592
20_day_ma,0.060594086
BB_upper,0.060477737
MACD,0.05849729
20_day_std,0.05617679
High,0.052323684
Volume,0.050318588
RSI_14,0.049878437
daily_return,0.049216542
5_day_ma,0.049081508
volatility_10,0.047552433
volume_change,0.046935212
Open,0.04516723
