Feature,Importance
MACD,0.07496192
Open,0.069120444
volume_change,0.067236066
Low,0.066716835
Close,0.06662731
Volume,0.06420758
5_day_ma,0.06337885
daily_return,0.05798075
20_day_ma,0.0569972
High,0.055635944
volatility_10,0.055485804
10_day_ma,0.055094313
20_day_std,0.05479034
MACD_signal,0.050506037
BB_lower,0.04848908
BB_upper,0.047715135
RSI_14,0.045056436
