Feature,Importance
Volume,0.080244556
High,0.07702241
MACD,0.07178563
BB_upper,0.06996822
Close,0.06528509
Open,0.06096186
20_day_std,0.05935676
10_day_ma,0.057807434
RSI_14,0.05710199
volatility_10,0.05695401
daily_return,0.055602983
20_day_ma,0.055157326
MACD_signal,0.052875496
Low,0.05129499
5_day_ma,0.04557316
volume_change,0.044411153
BB_lower,0.038596984
