Feature,Importance
10_day_ma,0.09620608
Close,0.07547461
20_day_std,0.07016452
5_day_ma,0.065330766
High,0.06291515
daily_return,0.061759748
RSI_14,0.060805526
MACD_signal,0.05699201
BB_lower,0.054483812
volatility_10,0.053653535
MACD,0.05329834
20_day_ma,0.052751552
volume_change,0.050551504
Low,0.049921557
Volume,0.047806248
Open,0.045483857
BB_upper,0.042401128
