Feature,Importance
BB_upper,0.071553074
volume_change,0.06715833
MACD,0.06651703
5_day_ma,0.06640821
MACD_signal,0.06555343
BB_lower,0.06347875
20_day_ma,0.06298457
20_day_std,0.056875937
Low,0.0564656
Open,0.056097176
High,0.05499519
RSI_14,0.054993547
volatility_10,0.054803893
Close,0.053517688
daily_return,0.051715396
Volume,0.05089783
10_day_ma,0.045984313
