Feature,Importance
Low,0.074320026
Open,0.07265694
High,0.06481205
MACD_signal,0.06339597
5_day_ma,0.063302115
BB_lower,0.061808348
Close,0.060457673
volume_change,0.060122654
Volume,0.05976841
RSI_14,0.057844147
volatility_10,0.057549484
BB_upper,0.054830056
20_day_std,0.053427406
10_day_ma,0.05251969
MACD,0.05145734
daily_return,0.0482037
20_day_ma,0.04352397
