Feature,Importance
BB_lower,0.08151099
20_day_ma,0.076755926
MACD_signal,0.06533379
High,0.06348792
Low,0.060000706
MACD,0.059950728
5_day_ma,0.059844323
20_day_std,0.058284156
Volume,0.05827697
daily_return,0.05646377
Close,0.056101825
Open,0.05606453
volume_change,0.05502713
volatility_10,0.052786823
RSI_14,0.049323447
10_day_ma,0.045487225
BB_upper,0.04529968
