Feature,Importance
10_day_ma,0.07120869
MACD_signal,0.066841684
20_day_ma,0.06493316
Close,0.06356251
High,0.0635344
MACD,0.06276273
Low,0.06255352
20_day_std,0.060947306
Open,0.060289092
BB_lower,0.05761015
daily_return,0.05728396
BB_upper,0.05609313
RSI_14,0.055510074
volatility_10,0.052172095
Volume,0.051368587
volume_change,0.050345
5_day_ma,0.04298385
