Feature,Importance
volume_change,0.07248554
5_day_ma,0.065382995
BB_upper,0.06530963
daily_return,0.062091194
Low,0.061510548
High,0.060815886
BB_lower,0.06004613
Close,0.058755986
20_day_ma,0.057704076
RSI_14,0.057595607
MACD,0.057483803
volatility_10,0.056320276
Open,0.055267435
Volume,0.054074824
20_day_std,0.053881142
10_day_ma,0.052225936
MACD_signal,0.049048938
