Feature,Importance
10_day_ma,0.071468346
BB_upper,0.06793401
MACD,0.0677824
High,0.066581644
MACD_signal,0.06596378
Open,0.06368314
20_day_std,0.06322177
Low,0.060090996
Volume,0.058131568
20_day_ma,0.05589004
volatility_10,0.0540695
daily_return,0.05323985
RSI_14,0.053220812
BB_lower,0.05274113
volume_change,0.05040784
Close,0.048068028
5_day_ma,0.047505047
