Feature,Importance
BB_lower,0.06957665
volatility_10,0.064048894
5_day_ma,0.06397499
20_day_ma,0.063508645
MACD,0.06210542
Volume,0.062013492
volume_change,0.060831007
BB_upper,0.05869159
MACD_signal,0.05726936
Close,0.05712337
daily_return,0.056876406
Low,0.05636333
Open,0.055794593
20_day_std,0.05409651
10_day_ma,0.053526904
High,0.0530291
RSI_14,0.05116976
