Feature,Importance
Low,0.09358687
High,0.079461835
5_day_ma,0.069793515
volatility_10,0.05914741
BB_upper,0.05650956
Open,0.05548906
Volume,0.05498418
MACD,0.0541223
Close,0.054106113
daily_return,0.05384539
10_day_ma,0.053593073
volume_change,0.05342618
BB_lower,0.05338759
20_day_ma,0.05329085
20_day_std,0.052995518
MACD_signal,0.051362604
RSI_14,0.050897982
