Feature,Importance
BB_upper,0.07529434
daily_return,0.069930956
volume_change,0.06907651
MACD,0.06281841
volatility_10,0.06258434
5_day_ma,0.06115284
10_day_ma,0.060718134
RSI_14,0.06014642
Volume,0.059912734
Low,0.057463225
MACD_signal,0.054843783
20_day_std,0.053894155
Close,0.052908063
Open,0.052794922
High,0.050750975
BB_lower,0.0492726
20_day_ma,0.046437707
