Feature,Importance
BB_upper,0.07677652
Volume,0.065472364
BB_lower,0.06436436
Close,0.062684655
10_day_ma,0.062134918
Open,0.061341453
daily_return,0.0608718
volatility_10,0.060523912
volume_change,0.057676595
High,0.05719322
5_day_ma,0.057162154
MACD_signal,0.056288775
20_day_std,0.055191293
20_day_ma,0.054794267
MACD,0.05383396
Low,0.04944332
RSI_14,0.04424643
