Feature,Importance
Low,0.078533486
20_day_ma,0.07373006
MACD_signal,0.0706076
10_day_ma,0.07046275
High,0.06959179
RSI_14,0.068685144
Volume,0.064294085
volatility_10,0.063633606
volume_change,0.060961645
BB_upper,0.058566436
daily_return,0.05008936
BB_lower,0.049440604
Close,0.049115997
20_day_std,0.04670013
Open,0.044915173
MACD,0.042141
5_day_ma,0.038531106
