Feature,Importance
BB_upper,0.07170988
5_day_ma,0.069930084
Open,0.068824805
10_day_ma,0.06415827
20_day_ma,0.06331087
High,0.0614626
volume_change,0.061319586
Close,0.059782065
Low,0.05745356
volatility_10,0.056201417
BB_lower,0.054445043
RSI_14,0.054337952
20_day_std,0.053689722
daily_return,0.052044444
Volume,0.05148722
MACD_signal,0.04997958
MACD,0.049862836
