Feature,Importance
MACD,0.07429251
Close,0.06967878
5_day_ma,0.06836702
High,0.068306
BB_upper,0.066159785
20_day_std,0.06278815
Open,0.06124907
volatility_10,0.05932726
Volume,0.057557467
daily_return,0.057522234
volume_change,0.056115303
RSI_14,0.05465397
BB_lower,0.053847395
MACD_signal,0.053061
Low,0.052863173
10_day_ma,0.048155844
20_day_ma,0.036055014
