Feature,Importance
Open,0.09364631
volume_change,0.07678373
Close,0.0722766
High,0.06574465
10_day_ma,0.06358024
MACD,0.06351583
RSI_14,0.06313884
MACD_signal,0.061379507
daily_return,0.058664095
20_day_ma,0.05815148
5_day_ma,0.054877173
20_day_std,0.053579
volatility_10,0.053497538
BB_lower,0.04190816
Volume,0.040605035
Low,0.04034041
BB_upper,0.038311474
