Feature,Importance
20_day_ma,0.086178556
10_day_ma,0.07187704
Open,0.070655406
MACD_signal,0.07046572
Volume,0.06562705
MACD,0.06532131
BB_upper,0.06257109
RSI_14,0.06186496
daily_return,0.05997208
volatility_10,0.05593966
20_day_std,0.054217074
5_day_ma,0.05175564
BB_lower,0.047384236
volume_change,0.046323746
Close,0.04481762
High,0.043047752
Low,0.04198108
