Feature,Importance
MACD,0.074428074
Close,0.071555234
20_day_std,0.069021754
5_day_ma,0.06734748
Volume,0.06429662
High,0.06086725
volume_change,0.05972408
20_day_ma,0.05961376
10_day_ma,0.0594409
Low,0.058597628
MACD_signal,0.055142272
RSI_14,0.05477374
BB_lower,0.053792853
daily_return,0.051841166
volatility_10,0.05164903
BB_upper,0.0474175
Open,0.040490653
