Feature,Importance
Low,0.07182033
MACD,0.06959699
5_day_ma,0.06725355
BB_upper,0.06494015
MACD_signal,0.063065976
volatility_10,0.06047725
Close,0.0587881
volume_change,0.057944793
20_day_std,0.056646373
Volume,0.05559078
20_day_ma,0.055033937
RSI_14,0.054868173
Open,0.054574944
High,0.053820055
daily_return,0.053592414
BB_lower,0.05334596
10_day_ma,0.048640303
