Feature,Importance
High,0.08455809
20_day_std,0.07631181
Low,0.07237473
5_day_ma,0.07157581
MACD,0.06939998
MACD_signal,0.062299546
volatility_10,0.05929998
BB_upper,0.055241074
Volume,0.054907016
volume_change,0.05451773
Close,0.053282365
BB_lower,0.05271629
RSI_14,0.05055399
daily_return,0.050282005
20_day_ma,0.049198553
10_day_ma,0.045203563
Open,0.038277395
