Feature,Importance
BB_upper,0.07325763
Open,0.0705499
daily_return,0.062173907
Volume,0.06161053
5_day_ma,0.061253678
Low,0.061102986
20_day_std,0.058967613
10_day_ma,0.058063168
RSI_14,0.057780396
BB_lower,0.05700672
High,0.056825977
volatility_10,0.056106683
MACD,0.055110045
20_day_ma,0.054195248
MACD_signal,0.05365453
Close,0.052165203
volume_change,0.05017574
