Feature,Importance
Low,0.08030081
10_day_ma,0.072284594
BB_upper,0.07057887
RSI_14,0.06659085
5_day_ma,0.06425525
High,0.063023366
20_day_std,0.06299138
volume_change,0.06262246
MACD,0.06081512
MACD_signal,0.0541046
daily_return,0.05227836
Close,0.051516213
BB_lower,0.0508735
Volume,0.05041416
Open,0.049338426
volatility_10,0.04590644
20_day_ma,0.042105626
