Feature,Importance
Low,0.0947982
Close,0.08166337
BB_upper,0.07881756
5_day_ma,0.07629312
MACD_signal,0.07526744
MACD,0.06020989
20_day_ma,0.05811371
volume_change,0.053194836
High,0.052732427
Volume,0.050667696
daily_return,0.049533993
BB_lower,0.049295977
volatility_10,0.04746144
20_day_std,0.047175705
RSI_14,0.04690895
Open,0.04328
10_day_ma,0.03458569
