Feature,Importance
10_day_ma,0.07468238
High,0.0672316
Low,0.06655084
Close,0.06537879
RSI_14,0.062180646
Open,0.061833818
daily_return,0.059285026
BB_upper,0.058738187
5_day_ma,0.057483867
20_day_ma,0.057304353
volume_change,0.056638252
Volume,0.055109717
MACD,0.05327585
volatility_10,0.052662298
BB_lower,0.051889677
MACD_signal,0.050823983
20_day_std,0.04893073
