Feature,Importance
20_day_ma,0.076523565
Low,0.071073964
High,0.06924229
BB_lower,0.069053106
RSI_14,0.06776803
20_day_std,0.066005625
10_day_ma,0.066002496
Open,0.06512786
daily_return,0.06337746
MACD_signal,0.058210313
volume_change,0.056021165
Close,0.05509842
MACD,0.053628325
Volume,0.047904857
volatility_10,0.046198595
5_day_ma,0.034908626
BB_upper,0.033855263
