Feature,Importance
20_day_ma,0.103417546
Close,0.07797353
10_day_ma,0.07015985
MACD_signal,0.06432504
volatility_10,0.06408959
5_day_ma,0.06120249
BB_lower,0.058384616
Volume,0.057592735
volume_change,0.05589694
MACD,0.052749366
20_day_std,0.0516194
BB_upper,0.05022972
High,0.04946397
daily_return,0.04936357
Low,0.046008557
RSI_14,0.04474799
Open,0.04277511
