Feature,Importance
Low,0.0729428
MACD_signal,0.0669813
High,0.066461384
BB_lower,0.06632046
20_day_std,0.065862596
BB_upper,0.065601625
Volume,0.06426701
Open,0.060987283
10_day_ma,0.060302295
5_day_ma,0.058113407
RSI_14,0.05649402
daily_return,0.052406892
volume_change,0.05219911
MACD,0.049581714
20_day_ma,0.049505
volatility_10,0.046102095
Close,0.045870967
