Feature,Importance
BB_upper,0.079952
volatility_10,0.073851414
Low,0.06872535
RSI_14,0.065211415
Open,0.06291075
5_day_ma,0.059918586
20_day_ma,0.058155302
daily_return,0.058021326
Close,0.05745906
20_day_std,0.056984495
MACD_signal,0.056471877
BB_lower,0.054546967
volume_change,0.051553536
MACD,0.05117226
Volume,0.04973968
10_day_ma,0.04937688
High,0.04594897
