Feature,Importance
Low,0.073289335
10_day_ma,0.07322695
BB_upper,0.07038821
High,0.06254779
20_day_std,0.060422592
5_day_ma,0.060121164
BB_lower,0.058380075
daily_return,0.057587773
Volume,0.05746962
volume_change,0.05734202
volatility_10,0.056804504
Open,0.05660879
MACD,0.056034297
RSI_14,0.05327622
20_day_ma,0.050620683
MACD_signal,0.049723014
Close,0.04615703
