Feature,Importance
BB_upper,0.083371244
RSI_14,0.06536607
Close,0.06491892
MACD,0.06305903
20_day_ma,0.06303293
BB_lower,0.061711162
High,0.060152285
20_day_std,0.058761816
Open,0.058555663
Low,0.058174387
Volume,0.056551497
5_day_ma,0.053250015
daily_return,0.0531
10_day_ma,0.051679153
MACD_signal,0.051406797
volatility_10,0.050272413
volume_change,0.04663665
