Feature,Importance
10_day_ma,0.07165742
Open,0.06643114
RSI_14,0.06533814
BB_lower,0.06485179
BB_upper,0.061368022
5_day_ma,0.06042745
20_day_ma,0.059709355
Volume,0.05951679
MACD,0.057651192
volume_change,0.057228405
20_day_std,0.05701218
Close,0.05609596
MACD_signal,0.056043383
Low,0.05463877
daily_return,0.052835684
volatility_10,0.05032145
High,0.048872817
