Feature,Importance
BB_lower,0.068764806
volatility_10,0.067956224
Volume,0.066254094
High,0.06493142
20_day_ma,0.06320148
volume_change,0.062027954
5_day_ma,0.061782554
MACD,0.060607083
daily_return,0.05915546
Low,0.058113508
RSI_14,0.05766043
MACD_signal,0.054140124
Open,0.05243984
10_day_ma,0.051778506
20_day_std,0.050797977
BB_upper,0.050334238
Close,0.050054263
