Feature,Importance
Open,0.0753401
High,0.06537179
Close,0.06387102
MACD,0.06347955
volume_change,0.061753392
RSI_14,0.0606879
20_day_std,0.060504433
20_day_ma,0.060153745
BB_lower,0.059364818
10_day_ma,0.059082024
volatility_10,0.05833832
MACD_signal,0.05824102
daily_return,0.05478287
Volume,0.052759178
Low,0.052325964
5_day_ma,0.049055412
BB_upper,0.044888433
