Feature,Importance
5_day_ma,0.07742144
10_day_ma,0.07530849
Close,0.07285503
High,0.068474635
MACD,0.06666637
RSI_14,0.061766826
volatility_10,0.061020575
MACD_signal,0.059636876
Volume,0.059457067
Open,0.05912796
volume_change,0.058269057
BB_lower,0.05577127
daily_return,0.05338854
20_day_std,0.052672654
BB_upper,0.048859082
Low,0.04389788
20_day_ma,0.02540619
