Feature,Importance
Close,0.108370766
BB_upper,0.07070714
Low,0.06941387
Open,0.065135725
5_day_ma,0.06271269
BB_lower,0.061598893
High,0.059617396
10_day_ma,0.05921071
20_day_std,0.055210974
Volume,0.05512427
MACD_signal,0.05510138
MACD,0.05227828
volume_change,0.05049121
volatility_10,0.04906243
daily_return,0.04515571
RSI_14,0.042686682
20_day_ma,0.038121905
