Feature,Importance
Low,0.06519348
Volume,0.064490646
MACD,0.06255942
volatility_10,0.06237445
BB_lower,0.061982445
Open,0.061577633
BB_upper,0.060401283
daily_return,0.059141215
10_day_ma,0.059076477
High,0.058755286
volume_change,0.058395028
20_day_std,0.05758798
5_day_ma,0.05621222
RSI_14,0.055491894
MACD_signal,0.055064116
20_day_ma,0.05248763
Close,0.049208835
