Feature,Importance
10_day_ma,0.071398675
Low,0.0668788
BB_upper,0.06656899
20_day_std,0.06427269
RSI_14,0.06315968
Open,0.06205699
High,0.061539266
MACD_signal,0.05989112
5_day_ma,0.056082603
volume_change,0.055985816
BB_lower,0.055866398
20_day_ma,0.054531228
daily_return,0.054199208
Volume,0.053273294
volatility_10,0.051795866
Close,0.0512554
MACD,0.05124402
