Feature,Importance
Close,0.08015125
Low,0.07795488
MACD,0.07156358
Open,0.068921536
BB_upper,0.06250007
daily_return,0.060078837
High,0.05960642
MACD_signal,0.057619955
5_day_ma,0.056411117
20_day_std,0.0536911
volatility_10,0.053663388
RSI_14,0.053657837
20_day_ma,0.0516719
Volume,0.050879106
volume_change,0.049770072
10_day_ma,0.04700168
BB_lower,0.044857282
