Feature,Importance
5_day_ma,0.0698223
MACD,0.06919602
MACD_signal,0.067279205
20_day_ma,0.067068644
Open,0.06621973
volatility_10,0.064309046
RSI_14,0.06427354
BB_lower,0.059442572
Volume,0.05925306
High,0.057484213
BB_upper,0.056891877
Low,0.05316614
10_day_ma,0.052545127
20_day_std,0.052540053
daily_return,0.051592868
volume_change,0.046806034
Close,0.042109575
