Feature,Importance
Low,0.08674974
5_day_ma,0.06716987
RSI_14,0.06588708
10_day_ma,0.06251329
BB_upper,0.061687127
BB_lower,0.05980745
volume_change,0.059528515
Close,0.05817265
Open,0.055127583
Volume,0.054314382
20_day_std,0.05394612
daily_return,0.053432208
20_day_ma,0.05331786
volatility_10,0.05330978
MACD,0.053072713
High,0.051739212
MACD_signal,0.05022435
