Feature,Importance
RSI_14,0.08166963
Low,0.080925345
10_day_ma,0.064083934
MACD,0.060450222
High,0.05930157
5_day_ma,0.057993166
Close,0.05780909
volatility_10,0.05774955
Open,0.056290902
volume_change,0.056120653
Volume,0.055496078
20_day_ma,0.054557756
20_day_std,0.053285193
BB_lower,0.052156083
MACD_signal,0.051913757
BB_upper,0.05077619
daily_return,0.049420927
