Feature,Importance
BB_lower,0.075949445
BB_upper,0.06710421
daily_return,0.06558924
volume_change,0.06392976
20_day_std,0.0627388
20_day_ma,0.059137248
RSI_14,0.058125935
Low,0.057221588
10_day_ma,0.057100452
Close,0.056873746
Volume,0.05672604
MACD,0.056041718
MACD_signal,0.05593925
Open,0.055078775
5_day_ma,0.05397336
High,0.049772304
volatility_10,0.04869816
