Feature,Importance
BB_upper,0.073658034
20_day_std,0.066367015
MACD_signal,0.06368708
BB_lower,0.06303213
20_day_ma,0.06276453
MACD,0.060822323
Low,0.060144313
daily_return,0.059977613
volatility_10,0.05979601
Volume,0.059195533
RSI_14,0.058619253
Close,0.057132043
High,0.05446078
volume_change,0.05224126
Open,0.052101843
10_day_ma,0.051432967
5_day_ma,0.044567212
