Feature,Importance
Low,0.07363253
MACD,0.06463197
MACD_signal,0.06413475
5_day_ma,0.062855795
BB_lower,0.06211211
BB_upper,0.06180835
volume_change,0.061314825
High,0.060639277
20_day_std,0.058563486
10_day_ma,0.058283024
Close,0.057422083
daily_return,0.056523982
20_day_ma,0.054993995
Volume,0.05386859
volatility_10,0.05112427
RSI_14,0.050952375
Open,0.047138672
