Feature,Importance
Low,0.08410012
High,0.07847156
Close,0.06578578
5_day_ma,0.0645615
Open,0.061481345
BB_upper,0.058616858
volatility_10,0.057969283
Volume,0.057930123
BB_lower,0.056411643
volume_change,0.055528075
RSI_14,0.054740712
daily_return,0.05328555
MACD,0.05315056
20_day_ma,0.051636
20_day_std,0.05048821
MACD_signal,0.048681803
10_day_ma,0.047160946
