Feature,Importance
MACD,0.072073154
BB_lower,0.06837113
20_day_ma,0.06378263
Open,0.06375836
RSI_14,0.063622415
Volume,0.06343967
MACD_signal,0.06315918
20_day_std,0.06032445
volatility_10,0.05964627
BB_upper,0.05694996
High,0.05613291
Close,0.055459354
volume_change,0.05463845
10_day_ma,0.053734902
5_day_ma,0.051747207
daily_return,0.051247958
Low,0.041911937
