Feature,Importance
Low,0.08077544
MACD,0.078730315
RSI_14,0.07321676
Open,0.0720535
20_day_ma,0.065965176
volatility_10,0.06541404
MACD_signal,0.063028075
BB_lower,0.056643642
volume_change,0.053713307
20_day_std,0.053625956
BB_upper,0.051794052
Close,0.051784337
10_day_ma,0.049152713
daily_return,0.047878403
Volume,0.047189754
5_day_ma,0.045522314
High,0.04351224
