Feature,Importance
volatility_10,0.07278139
volume_change,0.067519285
5_day_ma,0.06623906
BB_upper,0.06618191
MACD,0.06520224
RSI_14,0.060176183
BB_lower,0.058881063
Volume,0.05867298
Open,0.05854027
Close,0.058294307
Low,0.056334272
20_day_ma,0.05525707
daily_return,0.05514676
High,0.054318976
20_day_std,0.054318216
10_day_ma,0.0465843
MACD_signal,0.045551747
