Feature,Importance
20_day_ma,0.072444566
10_day_ma,0.06705027
MACD_signal,0.063760795
BB_lower,0.06304828
Close,0.06270417
BB_upper,0.06269702
Volume,0.0620249
MACD,0.061717294
Low,0.06023555
volume_change,0.058406588
RSI_14,0.057221856
Open,0.056683715
daily_return,0.054373015
20_day_std,0.05238676
High,0.051530484
volatility_10,0.051022723
5_day_ma,0.04269207
