Feature,Importance
MACD_signal,0.07019937
Low,0.068597645
20_day_ma,0.066950865
BB_upper,0.06681606
20_day_std,0.06543451
5_day_ma,0.06412674
10_day_ma,0.06291384
volatility_10,0.06253909
BB_lower,0.06145123
Open,0.059297815
Volume,0.05813365
volume_change,0.05453404
daily_return,0.053448003
MACD,0.05321866
RSI_14,0.048378214
Close,0.04774016
High,0.036220144
