Feature,Importance
volatility_10,0.07631853
High,0.072297335
20_day_std,0.06694899
20_day_ma,0.065898955
Low,0.06552155
BB_lower,0.06342519
10_day_ma,0.06045005
BB_upper,0.05962792
Open,0.058445875
daily_return,0.057556838
Volume,0.05438642
Close,0.05256215
volume_change,0.052088067
RSI_14,0.051505446
MACD,0.04924634
MACD_signal,0.04757352
5_day_ma,0.046146832
