Feature,Importance
MACD,0.06885723
Low,0.064363375
BB_lower,0.06238732
20_day_std,0.061162833
daily_return,0.060851585
MACD_signal,0.059887514
10_day_ma,0.05983595
Volume,0.059103433
volume_change,0.058299284
volatility_10,0.058170933
Open,0.057941932
20_day_ma,0.057543386
BB_upper,0.057039674
High,0.056313984
RSI_14,0.05614388
Close,0.053212952
5_day_ma,0.048884742
