Feature,Importance
daily_return,0.06691002
20_day_ma,0.0667077
BB_lower,0.06616927
20_day_std,0.0653482
volume_change,0.062564254
RSI_14,0.061670877
BB_upper,0.06104671
10_day_ma,0.060415972
Open,0.05790472
Low,0.057642244
High,0.0559771
volatility_10,0.055815186
5_day_ma,0.05561262
Close,0.053603888
MACD,0.051851045
MACD_signal,0.050410442
Volume,0.050349694
