Feature,Importance
Open,0.07212081
20_day_ma,0.07104304
High,0.06923202
MACD_signal,0.06439989
Low,0.061439
Volume,0.061042435
MACD,0.05976623
BB_lower,0.057753414
BB_upper,0.057716087
20_day_std,0.055862237
5_day_ma,0.05437789
Close,0.054313906
daily_return,0.05348946
volatility_10,0.053434443
volume_change,0.051901326
10_day_ma,0.051114373
RSI_14,0.050993428
