Feature,Importance
High,0.07652658
volatility_10,0.07531488
5_day_ma,0.07472664
10_day_ma,0.0661522
RSI_14,0.06343584
MACD_signal,0.06264198
BB_upper,0.062439166
Volume,0.061498202
daily_return,0.06118837
20_day_std,0.059530895
Close,0.05447861
BB_lower,0.053848848
volume_change,0.051451173
MACD,0.05041272
Open,0.04716364
20_day_ma,0.042598937
Low,0.036591303
