Feature,Importance
BB_upper,0.0766166
High,0.06861462
MACD,0.06816655
RSI_14,0.06710468
volatility_10,0.06427026
20_day_ma,0.061359018
BB_lower,0.059131652
daily_return,0.058338292
Open,0.05815952
5_day_ma,0.0573275
10_day_ma,0.05661251
Close,0.055303346
20_day_std,0.054992516
Low,0.053252056
MACD_signal,0.04933869
volume_change,0.046169873
Volume,0.045242313
