Feature,Importance
Low,0.072344
BB_lower,0.06792262
BB_upper,0.06551022
20_day_std,0.06264684
daily_return,0.06144857
Close,0.05969394
MACD_signal,0.058699254
5_day_ma,0.05744426
10_day_ma,0.05703424
20_day_ma,0.056982484
Volume,0.05643448
Open,0.056026705
RSI_14,0.055266064
volatility_10,0.054537185
MACD,0.053189714
volume_change,0.05244705
High,0.05237233
