Feature,Importance
BB_lower,0.07084052
5_day_ma,0.06703221
MACD_signal,0.06439088
High,0.06431565
Low,0.061983977
BB_upper,0.061591703
Volume,0.060717642
10_day_ma,0.058628127
Open,0.057272308
Close,0.05671419
20_day_std,0.0564694
volume_change,0.056330003
daily_return,0.05592313
volatility_10,0.054252006
MACD,0.052602384
20_day_ma,0.05068424
RSI_14,0.05025162
