Feature,Importance
Low,0.07054082
volume_change,0.06914539
10_day_ma,0.06463899
5_day_ma,0.06294181
Open,0.06281137
High,0.062532306
RSI_14,0.06142485
daily_return,0.058919683
MACD,0.056753796
Volume,0.056570526
BB_upper,0.056185503
20_day_ma,0.054238185
MACD_signal,0.053891163
volatility_10,0.053188257
Close,0.052506473
BB_lower,0.052080065
20_day_std,0.051630836
