Feature,Importance
volatility_10,0.074396074
BB_upper,0.07375346
daily_return,0.0674797
High,0.06244867
Close,0.059875064
20_day_std,0.059357177
Open,0.059237156
volume_change,0.059038073
20_day_ma,0.05667254
MACD_signal,0.05571287
MACD,0.054920234
5_day_ma,0.054605894
RSI_14,0.0542694
BB_lower,0.053386595
10_day_ma,0.052539095
Low,0.05181722
Volume,0.050490774
