Feature,Importance
Open,0.08296598
Low,0.07728117
BB_upper,0.06587169
High,0.06458593
5_day_ma,0.06341269
Close,0.059178565
20_day_std,0.058347974
volatility_10,0.057722654
10_day_ma,0.05759241
MACD,0.055720653
Volume,0.05364727
daily_return,0.053042017
BB_lower,0.052239034
MACD_signal,0.050878767
RSI_14,0.05029219
20_day_ma,0.049852744
volume_change,0.047368266
