Feature,Importance
Close,0.088601544
volatility_10,0.076987974
5_day_ma,0.0656237
High,0.06435894
MACD_signal,0.061646357
BB_lower,0.061624378
20_day_std,0.05634923
BB_upper,0.05623919
daily_return,0.055252705
10_day_ma,0.054243494
MACD,0.054105096
Open,0.053006362
20_day_ma,0.051437974
Low,0.05125379
RSI_14,0.050991513
Volume,0.049247794
volume_change,0.049030002
