Feature,Importance
10_day_ma,0.10506582
High,0.08121008
MACD,0.07376335
Volume,0.061995428
MACD_signal,0.061703652
volatility_10,0.061353803
BB_upper,0.059281915
Close,0.055110786
daily_return,0.054993257
volume_change,0.05303462
Low,0.052833475
Open,0.052792244
BB_lower,0.050594337
RSI_14,0.047214728
20_day_std,0.04700611
20_day_ma,0.043490138
5_day_ma,0.03855629
