Feature,Importance
BB_upper,0.08550614
Close,0.07346743
Open,0.07212399
MACD_signal,0.07109132
BB_lower,0.06253592
volatility_10,0.061056945
Low,0.059873663
RSI_14,0.054513752
daily_return,0.054116927
10_day_ma,0.054075774
20_day_std,0.0540169
MACD,0.050206665
Volume,0.050155338
volume_change,0.05013613
5_day_ma,0.049677894
High,0.049435545
20_day_ma,0.048009656
