Feature,Importance
MACD,0.070050694
20_day_ma,0.06746821
volume_change,0.06675252
High,0.06337404
Low,0.06248366
20_day_std,0.061316784
RSI_14,0.06017053
daily_return,0.059528135
BB_lower,0.058649007
Volume,0.05822157
volatility_10,0.0579726
BB_upper,0.057192747
Close,0.05506848
5_day_ma,0.053988326
Open,0.053364083
MACD_signal,0.048915744
10_day_ma,0.0454828
