Feature,Importance
MACD_signal,0.070240624
10_day_ma,0.06655626
High,0.064053856
BB_lower,0.06365911
20_day_std,0.06331747
20_day_ma,0.06275734
Open,0.062278967
volatility_10,0.062125545
Low,0.061824124
Close,0.06151872
5_day_ma,0.055622365
BB_upper,0.053131014
volume_change,0.052695584
Volume,0.052037172
MACD,0.05156628
RSI_14,0.050166786
daily_return,0.046448734
