Feature,Importance
10_day_ma,0.075984776
Close,0.0744442
Open,0.07072827
20_day_ma,0.069116205
MACD_signal,0.06473043
5_day_ma,0.06311896
RSI_14,0.06262712
MACD,0.06071868
Volume,0.055038545
BB_upper,0.053933553
BB_lower,0.052991636
volatility_10,0.051695365
Low,0.051309444
volume_change,0.050604917
High,0.0495104
daily_return,0.049222574
20_day_std,0.044224933
