Feature,Importance
20_day_ma,0.07353691
BB_lower,0.069250174
BB_upper,0.067549296
20_day_std,0.06613989
volatility_10,0.06300638
Open,0.061495636
daily_return,0.06147385
RSI_14,0.060704708
MACD,0.06024926
Low,0.058727566
Volume,0.058090847
10_day_ma,0.05754557
volume_change,0.051184736
MACD_signal,0.05026377
High,0.048214685
Close,0.048045408
5_day_ma,0.044521313
