Feature,Importance
10_day_ma,0.06996983
High,0.066462494
20_day_ma,0.063924916
Low,0.06334214
20_day_std,0.06244217
Open,0.060683616
volatility_10,0.06038629
BB_upper,0.058533654
daily_return,0.05839315
Volume,0.05704273
volume_change,0.056755543
RSI_14,0.056316584
BB_lower,0.056008775
Close,0.054099828
MACD_signal,0.053505387
5_day_ma,0.05268231
MACD,0.04945056
