Feature,Importance
BB_upper,0.069938585
volatility_10,0.06923295
BB_lower,0.06374268
5_day_ma,0.063349985
20_day_ma,0.063263156
volume_change,0.06305916
High,0.061618783
10_day_ma,0.06112973
MACD,0.06045082
Volume,0.060222704
daily_return,0.055618323
Open,0.05558204
RSI_14,0.053411957
MACD_signal,0.053047344
20_day_std,0.052572504
Low,0.048398618
Close,0.045360725
