Feature,Importance
High,0.07109307
20_day_ma,0.067405954
10_day_ma,0.064549856
daily_return,0.063802145
BB_upper,0.06335084
MACD_signal,0.060694084
Close,0.060264945
Volume,0.059914704
BB_lower,0.059308562
volume_change,0.05904923
RSI_14,0.05731704
5_day_ma,0.05594432
20_day_std,0.05594041
Low,0.053911064
MACD,0.053769495
Open,0.04864008
volatility_10,0.045044195
