Feature,Importance
Open,0.0745064
MACD,0.069984145
volume_change,0.066117376
5_day_ma,0.06543421
MACD_signal,0.0654225
High,0.0612967
10_day_ma,0.05913275
Close,0.05806617
20_day_std,0.056053344
volatility_10,0.05524786
BB_upper,0.05502784
Low,0.054752037
RSI_14,0.054273676
BB_lower,0.054046698
Volume,0.052744847
daily_return,0.052524734
20_day_ma,0.045368735
