Feature,Importance
Low,0.0798004
Open,0.07970047
BB_upper,0.07954869
MACD,0.07541463
High,0.07478487
MACD_signal,0.06456179
Close,0.059227742
10_day_ma,0.058386095
BB_lower,0.05799988
20_day_std,0.056356706
RSI_14,0.049734533
volatility_10,0.048200123
20_day_ma,0.04622631
Volume,0.04516794
volume_change,0.043454684
5_day_ma,0.04194628
daily_return,0.03948894
