Feature,Importance
Open,0.070754476
MACD,0.06747877
BB_upper,0.06740259
MACD_signal,0.06276785
20_day_std,0.06263629
20_day_ma,0.062377676
Close,0.06067598
High,0.0602176
10_day_ma,0.05937434
volatility_10,0.058032554
Low,0.057307925
daily_return,0.05662671
volume_change,0.053193588
Volume,0.052677374
5_day_ma,0.05098437
RSI_14,0.050510265
BB_lower,0.0469816
