Feature,Importance
High,0.08668533
20_day_ma,0.0752525
Close,0.06570993
MACD_signal,0.064372085
MACD,0.06378033
BB_lower,0.06155602
volatility_10,0.061435055
BB_upper,0.058446668
daily_return,0.058308948
RSI_14,0.055157367
5_day_ma,0.055138238
10_day_ma,0.055076323
volume_change,0.05064411
Low,0.05016248
20_day_std,0.050101254
Volume,0.044604037
Open,0.04356934
