Feature,Importance
RSI_14,0.07992008
20_day_std,0.07821004
Open,0.07573024
Close,0.075515255
BB_upper,0.06937272
volatility_10,0.05895676
Low,0.058556534
MACD,0.058388997
volume_change,0.05455643
10_day_ma,0.0519733
Volume,0.051859763
20_day_ma,0.051786795
daily_return,0.049489442
5_day_ma,0.048694927
BB_lower,0.04656771
High,0.045865014
MACD_signal,0.044556063
