Feature,Importance
MACD_signal,0.079947494
Open,0.077026784
MACD,0.07038145
20_day_std,0.06391023
20_day_ma,0.0637695
10_day_ma,0.06243515
High,0.06207213
volatility_10,0.060984883
daily_return,0.060447678
Low,0.054185245
Close,0.05390281
volume_change,0.05329547
BB_upper,0.05219897
BB_lower,0.049443584
5_day_ma,0.045808263
Volume,0.045297243
RSI_14,0.044893123
