Feature,Importance
MACD,0.07330666
Low,0.06529402
BB_lower,0.0651354
20_day_ma,0.06433057
20_day_std,0.06303754
Open,0.06200431
MACD_signal,0.06153922
daily_return,0.060132857
High,0.059339233
Volume,0.05909483
volume_change,0.05824555
Close,0.056063008
BB_upper,0.053603154
5_day_ma,0.052330546
volatility_10,0.05075179
RSI_14,0.050648708
10_day_ma,0.04514253
