Feature,Importance
MACD,0.06929634
volume_change,0.06901065
High,0.06866516
BB_lower,0.065836065
MACD_signal,0.06173289
Low,0.06115683
5_day_ma,0.060725536
Volume,0.05977005
daily_return,0.05899308
10_day_ma,0.058570698
RSI_14,0.05821503
20_day_std,0.05357129
Close,0.053556066
BB_upper,0.051518455
20_day_ma,0.05022147
volatility_10,0.049614083
Open,0.04954628
