Feature,Importance
10_day_ma,0.08961364
20_day_ma,0.08749591
High,0.069293186
volume_change,0.064141504
BB_upper,0.063706435
Close,0.06262855
Open,0.06173832
5_day_ma,0.057521656
Low,0.057147495
volatility_10,0.056250367
daily_return,0.055652726
BB_lower,0.052160013
MACD_signal,0.050103255
RSI_14,0.047338717
20_day_std,0.044221092
Volume,0.04255351
MACD,0.038433578
