Feature,Importance
MACD,0.082977906
Close,0.076694384
High,0.07646609
Open,0.07461139
Low,0.07257423
10_day_ma,0.06425631
BB_upper,0.062112436
RSI_14,0.058024414
MACD_signal,0.05601052
Volume,0.053212147
volatility_10,0.050585747
20_day_ma,0.050233603
20_day_std,0.048960123
volume_change,0.048459686
BB_lower,0.042589314
daily_return,0.0415583
5_day_ma,0.040673405
