Feature,Importance
20_day_ma,0.07624072
10_day_ma,0.06607058
BB_upper,0.06520595
High,0.06405378
volume_change,0.0634517
daily_return,0.06251815
5_day_ma,0.061793122
Low,0.05805528
MACD,0.057918098
Volume,0.056937765
BB_lower,0.056464076
20_day_std,0.055008035
MACD_signal,0.05411096
RSI_14,0.05394793
volatility_10,0.05080577
Open,0.049790967
Close,0.0476271
