Feature,Importance
BB_lower,0.073478654
Low,0.06910335
20_day_ma,0.06512199
BB_upper,0.062671624
daily_return,0.062468696
RSI_14,0.061787747
10_day_ma,0.061157703
20_day_std,0.060652524
volume_change,0.058805358
MACD_signal,0.05814327
5_day_ma,0.056174096
Close,0.05383051
Open,0.053175077
High,0.0530914
Volume,0.051385727
volatility_10,0.051106844
MACD,0.047845386
