Feature,Importance
20_day_ma,0.074651815
10_day_ma,0.06657132
Close,0.06383403
MACD,0.06289725
BB_upper,0.062750325
Open,0.06094665
Low,0.060876325
volume_change,0.060622696
BB_lower,0.06003876
RSI_14,0.057609536
Volume,0.057538155
volatility_10,0.056227885
5_day_ma,0.054869544
MACD_signal,0.05375646
20_day_std,0.053668175
daily_return,0.052377813
High,0.040763225
