Feature,Importance
BB_upper,0.066743515
10_day_ma,0.06404097
MACD,0.063549645
20_day_ma,0.06290094
Open,0.06144543
BB_lower,0.061137933
RSI_14,0.06068393
Low,0.0598631
High,0.059793953
MACD_signal,0.05853541
volume_change,0.05841658
20_day_std,0.057724714
Volume,0.056882
5_day_ma,0.056666467
daily_return,0.05359119
Close,0.049557652
volatility_10,0.04846656
