Feature,Importance
Low,0.07645779
BB_upper,0.070384994
Open,0.06742688
10_day_ma,0.06497854
5_day_ma,0.0644054
RSI_14,0.06359734
High,0.061341804
MACD_signal,0.06037133
volume_change,0.05874964
Close,0.055915132
MACD,0.055081178
20_day_std,0.054914482
volatility_10,0.05446443
daily_return,0.05104339
BB_lower,0.04992293
Volume,0.046515044
20_day_ma,0.044429693
