Feature,Importance
High,0.081793636
20_day_ma,0.07476781
10_day_ma,0.07266801
MACD,0.067811035
Low,0.06684022
5_day_ma,0.060792055
BB_lower,0.06011977
RSI_14,0.05853637
Close,0.056131847
Volume,0.05582001
daily_return,0.05427425
volatility_10,0.053143334
MACD_signal,0.052854843
volume_change,0.050918873
Open,0.04799559
BB_upper,0.046130996
20_day_std,0.039401434
