Feature,Importance
Open,0.07267402
Low,0.07041165
Volume,0.069876954
BB_upper,0.0649644
5_day_ma,0.062795796
daily_return,0.06252
20_day_std,0.05935566
10_day_ma,0.05883956
volatility_10,0.0565731
BB_lower,0.056562383
RSI_14,0.056500573
MACD,0.055299956
Close,0.05354073
volume_change,0.05323081
High,0.05158179
20_day_ma,0.049851097
MACD_signal,0.045421522
