Feature,Importance
MACD,0.084468246
MACD_signal,0.06880212
volume_change,0.06700068
Volume,0.06668896
5_day_ma,0.06587107
BB_lower,0.064882256
20_day_std,0.06343446
Low,0.06138294
High,0.060957186
BB_upper,0.060432665
Close,0.05456769
volatility_10,0.054467604
10_day_ma,0.054303538
RSI_14,0.050908413
daily_return,0.04644394
20_day_ma,0.04482567
Open,0.030562557
