Feature,Importance
10_day_ma,0.0698592
20_day_std,0.06910452
volatility_10,0.066872634
BB_lower,0.06474496
Volume,0.06337965
MACD,0.06274433
20_day_ma,0.062360547
5_day_ma,0.061557285
BB_upper,0.060096662
MACD_signal,0.05987356
Open,0.057503644
volume_change,0.055397976
daily_return,0.05389334
Close,0.05068493
RSI_14,0.050027546
High,0.04779333
Low,0.044105895
