Feature,Importance
20_day_ma,0.08940401
BB_upper,0.0823403
5_day_ma,0.06702189
High,0.06618316
10_day_ma,0.061507538
Open,0.061425216
Low,0.059181526
Close,0.057811417
BB_lower,0.05622387
MACD,0.055391688
daily_return,0.05395109
Volume,0.052211255
MACD_signal,0.04958297
volume_change,0.048961688
RSI_14,0.048669837
volatility_10,0.04662859
20_day_std,0.043503866
