Feature,Importance
Open,0.08141875
High,0.067434706
20_day_ma,0.06703244
Volume,0.062701814
BB_upper,0.060993955
20_day_std,0.060566
volume_change,0.05924274
MACD_signal,0.058777384
Low,0.056942854
daily_return,0.056234
5_day_ma,0.05505388
BB_lower,0.05469487
RSI_14,0.054531235
10_day_ma,0.053609177
Close,0.052684933
MACD,0.049058728
volatility_10,0.049022496
