Feature,Importance
MACD,0.07140814
5_day_ma,0.07110486
20_day_std,0.06755442
BB_upper,0.06571059
Volume,0.061467286
volatility_10,0.061138965
20_day_ma,0.061021
High,0.060388874
MACD_signal,0.05872102
RSI_14,0.0567897
Close,0.0563037
Open,0.056204583
daily_return,0.05583573
BB_lower,0.052988768
Low,0.052769255
10_day_ma,0.045941
volume_change,0.044652067
