Feature,Importance
Volume,0.07302829
Low,0.07299574
BB_lower,0.07190038
High,0.06977142
10_day_ma,0.062397573
20_day_ma,0.061019458
MACD,0.06030588
volume_change,0.059319165
volatility_10,0.058614384
daily_return,0.0581125
5_day_ma,0.054276884
MACD_signal,0.05285213
BB_upper,0.051831715
RSI_14,0.051790077
20_day_std,0.048672467
Close,0.04683436
Open,0.046277635
