Feature,Importance
Close,0.07402495
volatility_10,0.07212901
Open,0.066895165
BB_upper,0.066548675
volume_change,0.06464106
Volume,0.062587865
20_day_std,0.061194915
MACD,0.05894561
daily_return,0.058825042
High,0.05882379
5_day_ma,0.05639409
BB_lower,0.0542376
10_day_ma,0.05378132
Low,0.050801583
MACD_signal,0.049774032
RSI_14,0.048975497
20_day_ma,0.041419726
