Feature,Importance
BB_upper,0.077628486
Open,0.07109571
Close,0.07033992
Low,0.06961381
10_day_ma,0.065640725
BB_lower,0.06325092
MACD,0.06160407
20_day_ma,0.06144442
MACD_signal,0.06122286
Volume,0.057151783
20_day_std,0.054363124
High,0.053260427
daily_return,0.052577008
RSI_14,0.048594017
volume_change,0.046598136
volatility_10,0.044832267
5_day_ma,0.040782336
