Feature,Importance
MACD,0.06730548
High,0.065956995
BB_lower,0.06544445
Low,0.064111605
volume_change,0.0638373
Open,0.061334066
BB_upper,0.05997567
daily_return,0.05947769
volatility_10,0.057586223
10_day_ma,0.05698275
20_day_std,0.05688182
Close,0.055545077
Volume,0.05408662
20_day_ma,0.054040827
5_day_ma,0.053787448
RSI_14,0.052487627
MACD_signal,0.051158316
