Feature,Importance
BB_upper,0.066584505
20_day_std,0.06644968
daily_return,0.06547298
Low,0.06440965
Volume,0.06411955
5_day_ma,0.063431576
volatility_10,0.06323408
RSI_14,0.0598773
High,0.05851728
volume_change,0.0582853
Close,0.055395808
20_day_ma,0.055178914
MACD_signal,0.053685658
Open,0.053361565
MACD,0.053260088
BB_lower,0.050461784
10_day_ma,0.04827425
