Feature,Importance
20_day_ma,0.06737228
volume_change,0.06634785
BB_upper,0.063685775
Close,0.061752364
MACD,0.06139731
volatility_10,0.060889527
RSI_14,0.06057731
20_day_std,0.059981942
BB_lower,0.059192397
Low,0.057657313
High,0.057274096
Open,0.056907974
daily_return,0.056212142
Volume,0.05382633
5_day_ma,0.053108133
10_day_ma,0.05245342
MACD_signal,0.05136383
