Feature,Importance
Low,0.067928106
10_day_ma,0.06660974
RSI_14,0.065580495
MACD_signal,0.063737124
daily_return,0.06253332
volatility_10,0.061779458
Volume,0.059541684
High,0.05899197
BB_upper,0.05895387
MACD,0.058345124
volume_change,0.05806217
Open,0.058004078
20_day_ma,0.054973606
20_day_std,0.05463039
BB_lower,0.054106016
Close,0.048851177
5_day_ma,0.047371745
