Feature,Importance
Open,0.07314828
Low,0.07116432
BB_lower,0.07046859
10_day_ma,0.061771903
volume_change,0.061522573
daily_return,0.061164346
MACD_signal,0.06026141
5_day_ma,0.056134503
volatility_10,0.055770814
BB_upper,0.05562938
High,0.054928243
Volume,0.054332774
20_day_std,0.05422117
20_day_ma,0.054016046
RSI_14,0.05303933
MACD,0.05301769
Close,0.049408555
