Feature,Importance
MACD,0.08322361
20_day_std,0.071759105
BB_upper,0.06479814
MACD_signal,0.0635633
High,0.06333798
Open,0.060701624
volume_change,0.059611175
10_day_ma,0.05955108
Volume,0.059326235
Close,0.059240457
BB_lower,0.05862195
5_day_ma,0.057660453
daily_return,0.05604337
volatility_10,0.050405286
Low,0.049623318
RSI_14,0.04169036
20_day_ma,0.04084255
