Feature,Importance
BB_upper,0.072125874
Open,0.06537197
Low,0.06535197
20_day_std,0.06532546
5_day_ma,0.063814044
Close,0.061098013
High,0.06054743
RSI_14,0.05994149
MACD_signal,0.057669144
20_day_ma,0.057370894
Volume,0.05499507
BB_lower,0.05491876
10_day_ma,0.054845612
MACD,0.05420448
daily_return,0.05366948
volume_change,0.052111663
volatility_10,0.046638697
