Feature,Importance
Low,0.07700387
5_day_ma,0.065845035
BB_upper,0.06279847
20_day_ma,0.062443253
20_day_std,0.06188663
Close,0.061708055
RSI_14,0.06085237
BB_lower,0.060601078
High,0.059965625
volume_change,0.05868431
MACD,0.057545397
MACD_signal,0.056045264
10_day_ma,0.05478693
Open,0.053497247
volatility_10,0.052179787
daily_return,0.052179582
Volume,0.04197708
