Feature,Importance
MACD_signal,0.074595325
Low,0.07079426
BB_upper,0.06585038
volatility_10,0.06374686
BB_lower,0.0637193
High,0.062611915
5_day_ma,0.060655832
Open,0.060233884
20_day_std,0.059817083
daily_return,0.058739625
volume_change,0.05436068
MACD,0.054177426
Volume,0.053738028
10_day_ma,0.05088615
Close,0.05064312
RSI_14,0.04795593
20_day_ma,0.047474194
