Feature,Importance
BB_upper,0.06799085
Low,0.067095935
MACD_signal,0.06546413
5_day_ma,0.06507482
10_day_ma,0.06069741
MACD,0.06067427
High,0.05855455
volatility_10,0.058175445
volume_change,0.05750015
RSI_14,0.057393845
Close,0.05683763
Open,0.056703113
20_day_ma,0.055343766
daily_return,0.05435098
Volume,0.053917225
BB_lower,0.05286541
20_day_std,0.05136046
