Feature,Importance
MACD_signal,0.09054134
volatility_10,0.07523882
Low,0.07041721
5_day_ma,0.07039695
MACD,0.059994787
High,0.059774138
Close,0.0578062
20_day_std,0.056176096
BB_upper,0.05599136
BB_lower,0.055927802
daily_return,0.052693874
volume_change,0.052628364
20_day_ma,0.051836465
RSI_14,0.051193587
10_day_ma,0.051020782
Volume,0.048700996
Open,0.039661247
