Feature,Importance
MACD_signal,0.07257381
Low,0.07081677
5_day_ma,0.06671661
Open,0.06182553
BB_lower,0.06166375
Close,0.06152321
volume_change,0.060404558
daily_return,0.059351098
High,0.05738689
MACD,0.056959193
20_day_std,0.056058176
volatility_10,0.055638865
BB_upper,0.05552035
10_day_ma,0.053478517
20_day_ma,0.051828388
Volume,0.05041962
RSI_14,0.047834676
