Feature,Importance
10_day_ma,0.066935614
BB_upper,0.066031866
5_day_ma,0.06405605
Close,0.06390801
Open,0.063165136
BB_lower,0.06253054
High,0.061413232
RSI_14,0.061163213
Low,0.05992582
20_day_std,0.058121447
volume_change,0.057157103
MACD,0.056323797
20_day_ma,0.055725716
Volume,0.055146404
volatility_10,0.053372685
MACD_signal,0.049717907
daily_return,0.0453055
