Feature,Importance
MACD,0.06690516
Low,0.06688627
Open,0.06583537
20_day_ma,0.064935885
BB_lower,0.062948234
20_day_std,0.062369756
BB_upper,0.06175399
volatility_10,0.058790833
10_day_ma,0.05817623
Close,0.05790316
High,0.05712292
daily_return,0.054352242
volume_change,0.05430582
Volume,0.052858584
MACD_signal,0.05208262
5_day_ma,0.051805172
RSI_14,0.05096774
