Feature,Importance
High,0.07188355
10_day_ma,0.06950591
BB_upper,0.06804824
MACD,0.06692733
MACD_signal,0.06556307
20_day_std,0.060996033
volatility_10,0.060896225
Close,0.06032
daily_return,0.060110074
5_day_ma,0.05975819
volume_change,0.05810634
Open,0.054228693
20_day_ma,0.05094782
Low,0.050863434
RSI_14,0.05025956
Volume,0.048432413
BB_lower,0.043153096
