Feature,Importance
10_day_ma,0.0847941
volatility_10,0.07625761
Volume,0.072189994
BB_upper,0.07020651
MACD_signal,0.06863245
Close,0.063961916
daily_return,0.060713645
5_day_ma,0.059736967
volume_change,0.05629932
High,0.05547255
RSI_14,0.053846307
MACD,0.05312051
20_day_std,0.05229635
20_day_ma,0.04554142
Open,0.045466226
BB_lower,0.043758873
Low,0.03770525
