Feature,Importance
Low,0.07646002
Close,0.07437223
5_day_ma,0.068622015
20_day_ma,0.06250164
Open,0.062472537
MACD_signal,0.06229877
volatility_10,0.05927404
BB_lower,0.057694588
Volume,0.056477368
BB_upper,0.055851605
20_day_std,0.054804925
High,0.054226186
MACD,0.053576898
volume_change,0.053390663
daily_return,0.053062823
RSI_14,0.052962217
10_day_ma,0.041951552
