Feature,Importance
Low,0.06784116
High,0.067782365
BB_lower,0.06733225
Volume,0.06463164
20_day_ma,0.06439709
volatility_10,0.06255814
5_day_ma,0.06178529
volume_change,0.059575018
Open,0.059142854
RSI_14,0.056154504
BB_upper,0.054169048
Close,0.053642843
MACD,0.053406946
20_day_std,0.053111687
10_day_ma,0.05301573
MACD_signal,0.051091753
daily_return,0.0503617
