Feature,Importance
volume_change,0.06866352
daily_return,0.067897625
BB_upper,0.06652994
10_day_ma,0.06604178
RSI_14,0.06225894
20_day_std,0.06070693
Open,0.060408227
Close,0.059833534
BB_lower,0.059471983
MACD_signal,0.057556756
20_day_ma,0.057006154
5_day_ma,0.056403518
Volume,0.055049796
volatility_10,0.053597048
MACD,0.05158582
Low,0.048690844
High,0.0482975
