Feature,Importance
10_day_ma,0.068413466
Open,0.06796238
MACD,0.06434622
BB_lower,0.06429032
RSI_14,0.06368079
Low,0.062398795
5_day_ma,0.05862034
Close,0.058597453
20_day_ma,0.058309015
20_day_std,0.057463367
volume_change,0.05745847
MACD_signal,0.057085413
Volume,0.054502998
daily_return,0.053943515
BB_upper,0.05387774
volatility_10,0.051677197
High,0.047372516
