Feature,Importance
High,0.06503778
Close,0.064030364
Low,0.06367538
BB_upper,0.06359875
MACD_signal,0.063094705
MACD,0.062172845
RSI_14,0.061163593
BB_lower,0.060052413
20_day_ma,0.058768168
5_day_ma,0.058335785
10_day_ma,0.0576926
20_day_std,0.05697381
daily_return,0.05691349
Volume,0.053651705
volatility_10,0.05343503
Open,0.050792083
volume_change,0.050611466
