Feature,Importance
BB_upper,0.07566995
RSI_14,0.0701801
20_day_ma,0.06827256
MACD,0.06498377
MACD_signal,0.062339842
20_day_std,0.060149
BB_lower,0.059596356
5_day_ma,0.05899374
Low,0.057389107
Volume,0.05737683
Open,0.055862874
High,0.055555865
Close,0.055226542
volume_change,0.053775072
volatility_10,0.05364679
daily_return,0.051590428
10_day_ma,0.039391093
