Feature,Importance
Open,0.07171265
High,0.07037866
5_day_ma,0.06888188
20_day_std,0.06591
BB_lower,0.061977252
RSI_14,0.06157444
Low,0.060641762
MACD,0.059889518
Close,0.058591533
volatility_10,0.057202153
10_day_ma,0.057085183
volume_change,0.054956313
MACD_signal,0.054501917
Volume,0.052248742
daily_return,0.050994195
20_day_ma,0.047303602
BB_upper,0.046150167
