Feature,Importance
volatility_10,0.065112345
20_day_ma,0.064949654
10_day_ma,0.06362512
Open,0.06336644
20_day_std,0.06235752
Low,0.062057633
volume_change,0.062056493
High,0.0612569
Close,0.060657654
MACD,0.05962813
BB_upper,0.059353292
BB_lower,0.059256647
MACD_signal,0.058227234
5_day_ma,0.055675507
daily_return,0.05207117
Volume,0.050595503
RSI_14,0.039752677
