Feature,Importance
MACD_signal,0.0819845
20_day_ma,0.07278501
Volume,0.06981229
BB_lower,0.06474413
MACD,0.061804958
Open,0.060108226
volume_change,0.059962075
20_day_std,0.05842801
5_day_ma,0.056814905
High,0.056494843
daily_return,0.056016237
RSI_14,0.054747716
BB_upper,0.05223284
Close,0.050616916
Low,0.049527753
10_day_ma,0.049258064
volatility_10,0.044661593
