Feature,Importance
Low,0.071264975
Open,0.06790466
5_day_ma,0.06778132
BB_lower,0.06760352
BB_upper,0.06747764
High,0.06642148
MACD_signal,0.06396939
MACD,0.059395175
10_day_ma,0.05642816
Close,0.05567504
20_day_std,0.05565921
Volume,0.054946795
daily_return,0.053611696
RSI_14,0.051776666
volume_change,0.049383663
volatility_10,0.045839954
20_day_ma,0.044860695
