Feature,Importance
BB_lower,0.066930115
volatility_10,0.06664823
20_day_ma,0.06598151
High,0.06457898
MACD_signal,0.06277098
5_day_ma,0.061810825
Low,0.06012692
BB_upper,0.060093228
volume_change,0.059862707
Volume,0.059114784
MACD,0.058821015
20_day_std,0.0555842
10_day_ma,0.054374028
Open,0.05362996
daily_return,0.051816627
Close,0.049287893
RSI_14,0.048567962
