Feature,Importance
Low,0.07208591
volume_change,0.064567275
High,0.06391661
BB_upper,0.063113414
volatility_10,0.06206812
5_day_ma,0.061906714
MACD_signal,0.06153072
BB_lower,0.06112783
MACD,0.058732864
Open,0.058426887
RSI_14,0.05734897
20_day_std,0.055434037
20_day_ma,0.054811105
daily_return,0.05452865
Close,0.052915104
Volume,0.05202137
10_day_ma,0.04546433
