Feature,Importance
Low,0.07406322
20_day_ma,0.06900922
BB_lower,0.068799086
High,0.06520886
5_day_ma,0.06417756
Open,0.06369045
Volume,0.06280732
MACD,0.061602265
BB_upper,0.05725383
20_day_std,0.05614759
Close,0.05536293
volatility_10,0.054013032
MACD_signal,0.053159032
volume_change,0.052142117
daily_return,0.05050359
10_day_ma,0.046634283
RSI_14,0.045425672
