Feature,Importance
Open,0.065278135
Low,0.06426187
BB_lower,0.06358581
volume_change,0.06306723
BB_upper,0.062615104
MACD_signal,0.06216399
RSI_14,0.06085311
20_day_ma,0.059998583
High,0.059793767
10_day_ma,0.059762813
20_day_std,0.05791969
5_day_ma,0.05733101
Close,0.057033304
MACD,0.05698684
daily_return,0.052327912
Volume,0.04854469
volatility_10,0.048476137
