Feature,Importance
BB_upper,0.066275194
Low,0.06594837
RSI_14,0.06519405
10_day_ma,0.065149955
MACD,0.06298151
daily_return,0.061030608
BB_lower,0.060737394
Open,0.059769224
High,0.058178034
5_day_ma,0.056627613
Close,0.055939984
20_day_ma,0.054893326
volume_change,0.054507416
MACD_signal,0.05426411
Volume,0.053921983
20_day_std,0.053140193
volatility_10,0.051441092
