Feature,Importance
MACD,0.08556706
BB_upper,0.06606127
20_day_std,0.06455181
volatility_10,0.064068414
volume_change,0.063138194
5_day_ma,0.06309667
Volume,0.06093436
Open,0.060208507
High,0.060007446
Low,0.057171915
BB_lower,0.056919243
MACD_signal,0.05681796
Close,0.05527175
10_day_ma,0.05423166
RSI_14,0.047935683
daily_return,0.04348776
20_day_ma,0.04053028
