Feature,Importance
Close,0.06955092
20_day_ma,0.068243876
MACD,0.06697547
Low,0.061027408
BB_lower,0.061011944
BB_upper,0.060505666
Volume,0.06027154
RSI_14,0.059815045
Open,0.059697
High,0.059683118
20_day_std,0.05860986
MACD_signal,0.058426034
volume_change,0.056164913
10_day_ma,0.053889208
volatility_10,0.05285365
daily_return,0.050396904
5_day_ma,0.04287744
