Feature,Importance
10_day_ma,0.0781546
BB_upper,0.07581675
Open,0.07242484
MACD,0.06944368
Low,0.06428682
MACD_signal,0.06413076
daily_return,0.062100604
volume_change,0.058121365
BB_lower,0.055853754
High,0.055412102
20_day_std,0.055354286
20_day_ma,0.05472827
Close,0.05367467
RSI_14,0.0521948
volatility_10,0.04381756
Volume,0.04371869
5_day_ma,0.040766433
