Feature,Importance
20_day_ma,0.066646315
5_day_ma,0.06517094
MACD_signal,0.064510785
Open,0.06339499
BB_lower,0.0632007
volatility_10,0.060678486
BB_upper,0.059390225
daily_return,0.0587231
10_day_ma,0.058098536
20_day_std,0.057964657
Low,0.057586737
MACD,0.056381356
RSI_14,0.05600846
High,0.055772845
volume_change,0.053542983
Close,0.05200723
Volume,0.050921604
