Feature,Importance
High,0.06844149
Low,0.06767357
20_day_std,0.06303508
MACD,0.06241825
5_day_ma,0.06187731
BB_lower,0.06115716
BB_upper,0.06076691
Open,0.060339227
MACD_signal,0.05847841
10_day_ma,0.057749584
Close,0.057708826
20_day_ma,0.05617556
volatility_10,0.054495405
daily_return,0.054009467
Volume,0.053087883
RSI_14,0.05188512
volume_change,0.05070079
