Feature,Importance
RSI_14,0.065554954
daily_return,0.0648239
BB_lower,0.06452767
MACD,0.064266264
20_day_ma,0.06389411
20_day_std,0.06092051
Open,0.0598102
BB_upper,0.059399594
volatility_10,0.05832994
Low,0.058175966
volume_change,0.057383105
High,0.056556623
Volume,0.056358326
Close,0.0539925
10_day_ma,0.052743834
MACD_signal,0.052656252
5_day_ma,0.05060628
