Feature,Importance
volume_change,0.07145549
Low,0.07079042
High,0.07041243
20_day_std,0.06828066
10_day_ma,0.06689507
Close,0.06493267
BB_lower,0.06317441
MACD,0.060273316
20_day_ma,0.059653252
Volume,0.05894677
MACD_signal,0.05871421
5_day_ma,0.055733934
volatility_10,0.05330541
BB_upper,0.051478785
daily_return,0.047951657
RSI_14,0.045824215
Open,0.032177284
