Feature,Importance
MACD_signal,0.08633677
Volume,0.06971593
Close,0.06658466
BB_lower,0.064707495
20_day_ma,0.06454277
Open,0.06446642
MACD,0.063475676
High,0.06234845
20_day_std,0.061276685
BB_upper,0.05971929
Low,0.055937104
volume_change,0.05381897
daily_return,0.050713416
volatility_10,0.049522124
RSI_14,0.048144955
10_day_ma,0.04381803
5_day_ma,0.034871217
