Feature,Importance
daily_return,0.077509746
Volume,0.069533974
Low,0.06651633
RSI_14,0.06586242
Open,0.06459345
20_day_std,0.06125678
10_day_ma,0.060972746
5_day_ma,0.060451232
20_day_ma,0.06021806
BB_upper,0.059816416
volatility_10,0.05815166
High,0.054218773
Close,0.051617328
MACD,0.051427793
BB_lower,0.04888214
volume_change,0.048747182
MACD_signal,0.040223967
