Feature,Importance
BB_upper,0.07492135
Low,0.072489075
Volume,0.06759857
10_day_ma,0.065418966
volume_change,0.06533486
20_day_std,0.061923034
RSI_14,0.06076799
daily_return,0.059394997
volatility_10,0.058834866
Open,0.058562174
MACD_signal,0.05777051
5_day_ma,0.056172647
BB_lower,0.0538746
High,0.049842536
20_day_ma,0.04808115
Close,0.045355476
MACD,0.043657187
