Feature,Importance
MACD,0.07237617
volatility_10,0.07200343
RSI_14,0.06681873
MACD_signal,0.06377371
20_day_std,0.062352493
BB_upper,0.062090628
Volume,0.061727498
Open,0.05898227
20_day_ma,0.058929898
volume_change,0.05875002
5_day_ma,0.0565093
Close,0.054718435
BB_lower,0.052215442
High,0.05170872
daily_return,0.050869435
10_day_ma,0.048499998
Low,0.04767381
