Feature,Importance
10_day_ma,0.08567746
Close,0.0826521
RSI_14,0.076150395
BB_upper,0.07544329
High,0.06815348
5_day_ma,0.06672198
volume_change,0.06250846
daily_return,0.059162244
Low,0.059112128
Volume,0.056806896
volatility_10,0.055365443
MACD,0.052013773
20_day_ma,0.04728257
MACD_signal,0.04651015
Open,0.039905064
BB_lower,0.033548053
20_day_std,0.0329865
