Feature,Importance
BB_lower,0.071427956
20_day_std,0.064900614
Low,0.06484453
Open,0.06183126
RSI_14,0.060730744
daily_return,0.060491752
volatility_10,0.059587546
10_day_ma,0.05898543
BB_upper,0.058134124
MACD_signal,0.057879068
20_day_ma,0.057665024
volume_change,0.056738753
High,0.056302343
Close,0.056109957
Volume,0.053704754
MACD,0.050765272
5_day_ma,0.04990095
