Feature,Importance
20_day_std,0.071242385
daily_return,0.06941208
5_day_ma,0.06648893
Open,0.06333824
10_day_ma,0.060913794
RSI_14,0.060340106
BB_upper,0.059904087
BB_lower,0.059607882
volatility_10,0.058277193
Close,0.057740588
High,0.056562006
Low,0.05572536
volume_change,0.055514347
MACD,0.055089213
MACD_signal,0.054756496
Volume,0.051033385
20_day_ma,0.044053897
