Feature,Importance
Open,0.07015465
BB_lower,0.063392825
5_day_ma,0.062026303
Low,0.06195023
20_day_ma,0.061383944
MACD,0.06082242
BB_upper,0.059839737
10_day_ma,0.058663353
High,0.058648355
RSI_14,0.058446895
Close,0.05779527
volatility_10,0.056303695
Volume,0.055932295
20_day_std,0.054618455
daily_return,0.0545526
volume_change,0.053659536
MACD_signal,0.051809385
