Feature,Importance
Low,0.06985412
High,0.067130625
BB_upper,0.06705962
daily_return,0.06648226
Open,0.065152
20_day_std,0.06303804
volatility_10,0.061706208
BB_lower,0.061494004
Close,0.06002067
10_day_ma,0.058369037
volume_change,0.055928092
RSI_14,0.055008363
MACD_signal,0.052360445
20_day_ma,0.05097018
Volume,0.04992204
5_day_ma,0.04851211
MACD,0.046992168
