Feature,Importance
20_day_ma,0.06970137
volume_change,0.06662401
BB_lower,0.065246284
BB_upper,0.064492315
5_day_ma,0.0640876
MACD,0.06394211
volatility_10,0.061133955
Volume,0.058437772
Open,0.057536643
Low,0.05747904
10_day_ma,0.057149723
High,0.055598173
20_day_std,0.054555893
daily_return,0.053763147
Close,0.052996427
MACD_signal,0.04956699
RSI_14,0.047688577
