Feature,Importance
Low,0.07135103
High,0.0702672
BB_upper,0.067095995
5_day_ma,0.06693562
Close,0.06407813
10_day_ma,0.06340781
20_day_std,0.06239592
MACD_signal,0.060264677
volume_change,0.058804117
MACD,0.056703348
volatility_10,0.05591112
Volume,0.05506146
daily_return,0.0543654
RSI_14,0.052279692
BB_lower,0.051806584
Open,0.047851954
20_day_ma,0.04141998
