Feature,Importance
20_day_std,0.06487209
Close,0.06426344
BB_lower,0.06304864
MACD,0.06295121
volume_change,0.062258452
volatility_10,0.06188963
RSI_14,0.060952675
BB_upper,0.059153542
20_day_ma,0.058101926
Volume,0.057390653
MACD_signal,0.057185523
High,0.057131927
10_day_ma,0.05645435
Low,0.055963177
5_day_ma,0.054478496
Open,0.052724507
daily_return,0.05117973
