Feature,Importance
MACD,0.07204005
Volume,0.07069877
BB_upper,0.06335619
volatility_10,0.06333835
Close,0.06321329
20_day_ma,0.061768714
Low,0.0603365
10_day_ma,0.060006958
MACD_signal,0.05902154
BB_lower,0.058382098
5_day_ma,0.05714792
20_day_std,0.054554094
RSI_14,0.05386704
High,0.053391747
Open,0.051296286
daily_return,0.05088022
volume_change,0.04670029
