Feature,Importance
High,0.10584587
BB_upper,0.08850662
MACD,0.06969237
Close,0.06923654
MACD_signal,0.06642815
Volume,0.061638568
Low,0.05965551
20_day_ma,0.0577007
Open,0.05702474
BB_lower,0.05440144
daily_return,0.05168729
volume_change,0.05031533
volatility_10,0.04882451
RSI_14,0.04538675
20_day_std,0.039927784
5_day_ma,0.037597172
10_day_ma,0.03613073
