Feature,Importance
BB_upper,0.066193685
volatility_10,0.066011906
Low,0.06587116
MACD_signal,0.06543869
High,0.0623834
Volume,0.06105735
Open,0.059529986
daily_return,0.059018422
BB_lower,0.05854273
Close,0.05701462
volume_change,0.055934824
5_day_ma,0.05541629
20_day_std,0.05525764
10_day_ma,0.05486791
20_day_ma,0.053277813
MACD,0.053217903
RSI_14,0.050965693
