Feature,Importance
20_day_std,0.074182354
BB_upper,0.06947824
Close,0.069464155
Low,0.06535764
BB_lower,0.061520394
High,0.0614081
Open,0.061222114
MACD_signal,0.06034328
volume_change,0.05968923
RSI_14,0.05690404
20_day_ma,0.05454254
Volume,0.053980567
daily_return,0.05381965
MACD,0.051011786
10_day_ma,0.050759688
volatility_10,0.049828697
5_day_ma,0.046487555
