Feature,Importance
Open,0.08067712
Low,0.070991084
BB_lower,0.06955504
daily_return,0.065803185
MACD_signal,0.06455176
5_day_ma,0.06339962
20_day_std,0.062378526
MACD,0.058775347
High,0.05860772
Close,0.055221543
BB_upper,0.055041835
volume_change,0.053013626
20_day_ma,0.049783923
RSI_14,0.048915334
10_day_ma,0.04860992
volatility_10,0.048140947
Volume,0.046533413
