Feature,Importance
RSI_14,0.07100299
Low,0.06866274
BB_lower,0.06775568
High,0.06564573
20_day_std,0.06476151
volume_change,0.06155646
20_day_ma,0.058160946
BB_upper,0.05721318
MACD,0.057129283
10_day_ma,0.05671693
daily_return,0.05477391
5_day_ma,0.054607693
MACD_signal,0.054025263
Open,0.053078394
Volume,0.052621808
volatility_10,0.052506678
Close,0.049780756
