Feature,Importance
Close,0.08367142
MACD_signal,0.075067215
5_day_ma,0.07496719
BB_upper,0.07422923
Low,0.068419464
RSI_14,0.06707069
MACD,0.05855127
High,0.057653185
volatility_10,0.0571935
Open,0.056326214
volume_change,0.0560863
BB_lower,0.055448726
Volume,0.046278346
10_day_ma,0.046158113
20_day_ma,0.044888943
daily_return,0.04035474
20_day_std,0.037635475
