Feature,Importance
volatility_10,0.073630296
daily_return,0.067402534
20_day_std,0.06416061
Volume,0.062528215
High,0.061567686
MACD,0.060228705
BB_lower,0.059968967
RSI_14,0.0595898
Open,0.059554618
Low,0.057015076
Close,0.0564224
BB_upper,0.056362152
volume_change,0.0554998
10_day_ma,0.054746613
MACD_signal,0.053886317
20_day_ma,0.051264994
5_day_ma,0.04617127
