Feature,Importance
BB_lower,0.06875769
MACD,0.06778189
High,0.06717226
volume_change,0.064286105
20_day_std,0.06253972
10_day_ma,0.061417393
BB_upper,0.059049457
Volume,0.05871131
RSI_14,0.058010958
20_day_ma,0.057035528
Open,0.056782138
Close,0.055513952
daily_return,0.05449176
Low,0.05315212
MACD_signal,0.052962027
volatility_10,0.05263238
5_day_ma,0.049703307
