Feature,Importance
High,0.083478674
MACD_signal,0.077927455
Low,0.070047684
Close,0.06940806
BB_upper,0.067821406
volatility_10,0.06728777
Volume,0.06324715
daily_return,0.059704795
volume_change,0.055098772
MACD,0.054666813
RSI_14,0.05327236
10_day_ma,0.052164916
Open,0.048045658
BB_lower,0.046257384
20_day_ma,0.04561889
20_day_std,0.043233823
5_day_ma,0.04271837
