Feature,Importance
BB_lower,0.06826046
20_day_ma,0.06730128
volatility_10,0.067015514
20_day_std,0.06605317
MACD,0.06493224
volume_change,0.06392905
10_day_ma,0.061904743
RSI_14,0.06118129
BB_upper,0.06079606
Open,0.060030706
daily_return,0.05669921
Close,0.054657917
Volume,0.05345763
High,0.05170652
Low,0.049903758
MACD_signal,0.049902562
5_day_ma,0.042267855
