Feature,Importance
High,0.08485244
Low,0.074796006
volatility_10,0.06839434
20_day_ma,0.06816859
5_day_ma,0.06549106
MACD,0.061523877
volume_change,0.060396414
RSI_14,0.056941092
daily_return,0.056788832
Open,0.05519048
10_day_ma,0.052878946
BB_upper,0.05189063
20_day_std,0.05176224
BB_lower,0.05108472
Volume,0.050507404
Close,0.05008603
MACD_signal,0.03924686
