Feature,Importance
5_day_ma,0.06889604
MACD_signal,0.0686346
MACD,0.06600244
20_day_std,0.06495978
Low,0.064514324
High,0.05999412
Close,0.059602678
volatility_10,0.059222136
daily_return,0.057037372
RSI_14,0.056825973
BB_lower,0.056118436
volume_change,0.055542596
Open,0.054229774
20_day_ma,0.053749863
10_day_ma,0.05339074
Volume,0.050773118
BB_upper,0.050505977
