Feature,Importance
10_day_ma,0.070672765
20_day_std,0.06623144
5_day_ma,0.06478113
daily_return,0.06376131
BB_upper,0.062178936
volume_change,0.0615546
Open,0.06147894
volatility_10,0.06080368
Low,0.05751275
MACD_signal,0.056940515
RSI_14,0.056175873
20_day_ma,0.055297494
BB_lower,0.05442804
High,0.054085694
Volume,0.052508052
Close,0.051319063
MACD,0.05026979
