Feature,Importance
Open,0.10733831
BB_upper,0.08008834
Close,0.071960986
High,0.06881479
Low,0.060193006
BB_lower,0.059510257
5_day_ma,0.057727847
volatility_10,0.055920385
Volume,0.05462881
volume_change,0.053631965
daily_return,0.051720116
MACD_signal,0.051407404
20_day_ma,0.048685655
RSI_14,0.047998227
10_day_ma,0.045347765
20_day_std,0.043908536
MACD,0.041117642
