Feature,Importance
Open,0.07297356
Volume,0.06629572
20_day_std,0.06077959
daily_return,0.060030468
RSI_14,0.05950534
Low,0.059203215
20_day_ma,0.05892732
volume_change,0.05851818
High,0.058443207
volatility_10,0.058335662
5_day_ma,0.05763955
MACD_signal,0.057616435
BB_upper,0.05744401
10_day_ma,0.05703961
MACD,0.05636383
BB_lower,0.05190421
Close,0.04898014
