Feature,Importance
BB_lower,0.066094205
Open,0.06592468
BB_upper,0.06427824
Low,0.0628822
10_day_ma,0.061776917
20_day_ma,0.0615701
20_day_std,0.060539022
RSI_14,0.06031559
5_day_ma,0.059921417
volume_change,0.059852574
MACD_signal,0.059012074
MACD,0.058861494
Close,0.054246604
daily_return,0.054040227
volatility_10,0.05376743
High,0.04955924
Volume,0.047358043
