Feature,Importance
Low,0.08181343
RSI_14,0.0710038
High,0.06881287
BB_lower,0.065184325
Open,0.06319324
daily_return,0.06266794
Volume,0.05997823
10_day_ma,0.059928767
volume_change,0.056569953
20_day_std,0.056124393
BB_upper,0.054396953
20_day_ma,0.053338703
5_day_ma,0.052353557
MACD_signal,0.05001386
volatility_10,0.048444796
Close,0.048395462
MACD,0.047779668
