Feature,Importance
BB_upper,0.08205449
volume_change,0.07408554
5_day_ma,0.06954332
daily_return,0.06319033
20_day_ma,0.060563814
Volume,0.059942964
BB_lower,0.057491485
20_day_std,0.0564008
Open,0.055829402
volatility_10,0.055321533
Low,0.05491323
MACD_signal,0.054895554
RSI_14,0.053634003
MACD,0.05296799
High,0.0509042
Close,0.049397886
10_day_ma,0.04886353
