Feature,Importance
20_day_ma,0.08314524
High,0.07101103
MACD,0.07034986
Low,0.06429349
volume_change,0.06286671
RSI_14,0.06271583
Open,0.06180058
20_day_std,0.06071876
BB_lower,0.059989523
volatility_10,0.056643892
10_day_ma,0.05575611
daily_return,0.054815594
Volume,0.049999565
Close,0.049955916
MACD_signal,0.04883646
BB_upper,0.047856342
5_day_ma,0.039245177
