Feature,Importance
Low,0.080666624
MACD_signal,0.069053635
High,0.06540571
20_day_std,0.063433476
BB_lower,0.06262717
daily_return,0.058725223
MACD,0.05797207
Open,0.057235613
volume_change,0.05660712
20_day_ma,0.056583103
5_day_ma,0.05596578
RSI_14,0.053646587
volatility_10,0.053537752
Close,0.052688763
10_day_ma,0.05250892
Volume,0.05224
BB_upper,0.05110246
