Feature,Importance
Low,0.0865208
BB_lower,0.06875107
10_day_ma,0.06675156
MACD_signal,0.06626885
Open,0.06369865
High,0.06251562
volatility_10,0.060870994
Close,0.05834879
20_day_std,0.056810554
BB_upper,0.05625558
5_day_ma,0.0554509
20_day_ma,0.050764956
MACD,0.0507421
RSI_14,0.049353503
volume_change,0.049141653
daily_return,0.049136475
Volume,0.04861793
