Feature,Importance
Low,0.08120105
BB_upper,0.06903568
RSI_14,0.065079965
BB_lower,0.06358832
5_day_ma,0.060153168
20_day_std,0.059444956
High,0.058307286
Open,0.057852548
10_day_ma,0.057416037
daily_return,0.057084844
Volume,0.056387298
volume_change,0.056275833
MACD_signal,0.055617653
MACD,0.054644316
20_day_ma,0.052760404
volatility_10,0.050924204
Close,0.0442264
