Feature,Importance
5_day_ma,0.07012339
Open,0.06948772
MACD_signal,0.06426978
BB_upper,0.062437348
Volume,0.062404864
volatility_10,0.061534327
Low,0.059977476
volume_change,0.059923094
Close,0.05887577
20_day_ma,0.05840963
10_day_ma,0.058124527
MACD,0.056756385
RSI_14,0.05447822
20_day_std,0.05344636
daily_return,0.052245136
BB_lower,0.051612373
High,0.045893624
