Feature,Importance
Open,0.07082572
MACD_signal,0.06284911
Volume,0.06257743
20_day_ma,0.061887715
volume_change,0.061254524
volatility_10,0.06107217
5_day_ma,0.06094808
Low,0.060408518
BB_upper,0.06016063
High,0.059044134
daily_return,0.058495976
10_day_ma,0.055781666
MACD,0.055388503
20_day_std,0.05513802
BB_lower,0.053523805
Close,0.050336435
RSI_14,0.050307613
