Feature,Importance
BB_lower,0.07138939
Low,0.066902585
Close,0.06486166
10_day_ma,0.06316266
BB_upper,0.06220537
MACD,0.061093196
RSI_14,0.05978355
volume_change,0.059062168
volatility_10,0.058145996
Volume,0.05722139
20_day_ma,0.05651196
High,0.056481875
daily_return,0.055579834
20_day_std,0.052871764
MACD_signal,0.05282338
Open,0.052033763
5_day_ma,0.049869463
