Feature,Importance
5_day_ma,0.07426936
Open,0.06939593
High,0.068888746
BB_upper,0.06769809
20_day_ma,0.06591568
Low,0.06526384
BB_lower,0.06358278
RSI_14,0.061372247
20_day_std,0.05984036
Close,0.056375984
volume_change,0.05245381
MACD_signal,0.051646046
daily_return,0.051134337
MACD,0.05061314
Volume,0.048166316
volatility_10,0.046801914
10_day_ma,0.04658143
