Feature,Importance
Low,0.06710137
BB_lower,0.06644158
BB_upper,0.06429902
Open,0.06390986
High,0.06300629
10_day_ma,0.06157841
MACD,0.05976016
20_day_std,0.0590833
RSI_14,0.05901737
volatility_10,0.058291394
MACD_signal,0.05813973
5_day_ma,0.056179605
20_day_ma,0.05529443
daily_return,0.054553665
Close,0.052341152
Volume,0.051509798
volume_change,0.049492817
