Feature,Importance
Volume,0.06779362
BB_upper,0.066931866
daily_return,0.066707365
Low,0.06412832
MACD,0.06278201
5_day_ma,0.061884157
Open,0.06148076
volatility_10,0.059647333
10_day_ma,0.059109293
20_day_std,0.058547985
High,0.058181025
RSI_14,0.057827998
BB_lower,0.057448506
MACD_signal,0.051596507
Close,0.050608348
volume_change,0.050233874
20_day_ma,0.04509099
