Feature,Importance
BB_lower,0.0723083
10_day_ma,0.06651842
20_day_std,0.0650179
daily_return,0.064316176
Low,0.060752314
RSI_14,0.0605727
volume_change,0.059251163
MACD_signal,0.05872273
BB_upper,0.05819836
volatility_10,0.056632947
Open,0.05647141
MACD,0.055657964
Close,0.05452248
20_day_ma,0.053870182
High,0.053434044
5_day_ma,0.05309086
Volume,0.05066206
