Feature,Importance
BB_upper,0.08006254
High,0.07427001
volatility_10,0.06983996
Low,0.06656558
MACD_signal,0.06341974
BB_lower,0.06044066
Volume,0.05930631
10_day_ma,0.05834403
MACD,0.056888767
Close,0.056477338
Open,0.056098875
RSI_14,0.05334366
daily_return,0.052885942
volume_change,0.050844736
20_day_std,0.047433674
20_day_ma,0.04717181
5_day_ma,0.04660636
