Feature,Importance
Low,0.08758852
MACD_signal,0.081643164
5_day_ma,0.07514964
BB_upper,0.07506912
volume_change,0.06224344
MACD,0.062186666
Open,0.058831893
Close,0.058401152
RSI_14,0.056101456
daily_return,0.053551883
Volume,0.05155768
BB_lower,0.05112567
20_day_std,0.050815325
High,0.046059992
20_day_ma,0.044680268
volatility_10,0.042688377
10_day_ma,0.04230577
