Feature,Importance
BB_lower,0.067839965
BB_upper,0.06622604
High,0.06483305
20_day_ma,0.064715885
MACD,0.06337291
daily_return,0.06221093
20_day_std,0.061566852
Low,0.06034648
10_day_ma,0.058616802
volatility_10,0.05615262
Volume,0.05612768
5_day_ma,0.055715684
Open,0.053809848
volume_change,0.052873723
RSI_14,0.05287162
MACD_signal,0.052589998
Close,0.050129913
