Feature,Importance
Close,0.070762746
volatility_10,0.07008349
BB_upper,0.0657303
MACD,0.064668305
High,0.063400105
MACD_signal,0.062605314
5_day_ma,0.06195027
volume_change,0.059160367
BB_lower,0.058884498
Volume,0.057871416
daily_return,0.05593063
20_day_std,0.0554318
10_day_ma,0.053962827
20_day_ma,0.053414304
Low,0.052344795
Open,0.048508797
RSI_14,0.04529
