Feature,Importance
5_day_ma,0.068623
RSI_14,0.06653113
Low,0.06527225
MACD,0.064986035
20_day_std,0.06493386
MACD_signal,0.06293428
BB_upper,0.061514772
volume_change,0.059420303
High,0.057050444
10_day_ma,0.05682037
20_day_ma,0.05614671
Volume,0.055834707
Open,0.05568193
BB_lower,0.05521487
daily_return,0.05098766
volatility_10,0.049320888
Close,0.04872683
