Feature,Importance
MACD,0.06821971
20_day_ma,0.06582002
High,0.065761425
Low,0.065617666
5_day_ma,0.06545995
20_day_std,0.06335889
BB_upper,0.059747465
Close,0.057622083
Open,0.05758354
Volume,0.05646507
daily_return,0.0561423
RSI_14,0.054179125
volatility_10,0.054071482
BB_lower,0.05395167
MACD_signal,0.053632017
volume_change,0.051808726
10_day_ma,0.050558865
