Feature,Importance
10_day_ma,0.07843518
BB_upper,0.07591573
Open,0.06917392
Low,0.06502773
5_day_ma,0.06364221
Volume,0.06217811
MACD_signal,0.059886426
daily_return,0.057789743
MACD,0.057666287
volatility_10,0.056635864
BB_lower,0.053580046
20_day_ma,0.05341166
RSI_14,0.05266723
High,0.049476895
volume_change,0.04890659
20_day_std,0.048870523
Close,0.046735827
