Feature,Importance
Open,0.07166189
volatility_10,0.067428224
MACD_signal,0.0638376
BB_upper,0.06364301
Volume,0.06048018
20_day_ma,0.06026586
Close,0.0598812
20_day_std,0.05888935
10_day_ma,0.058013994
volume_change,0.05783149
MACD,0.056932118
High,0.056230977
daily_return,0.05541599
BB_lower,0.05426738
Low,0.05178282
RSI_14,0.051740687
5_day_ma,0.051697288
