Feature,Importance
Close,0.073316775
High,0.07259983
10_day_ma,0.066435575
20_day_ma,0.06563814
Open,0.063936636
MACD,0.06151733
5_day_ma,0.06014307
RSI_14,0.0588269
Low,0.05649185
Volume,0.05643722
BB_lower,0.055259075
volume_change,0.0540011
daily_return,0.053637967
volatility_10,0.05331555
20_day_std,0.052823793
MACD_signal,0.051849995
BB_upper,0.04376923
