Feature,Importance
MACD_signal,0.07549969
volatility_10,0.06912613
MACD,0.06454028
Open,0.0623997
Volume,0.062275026
20_day_std,0.06057031
BB_upper,0.060312055
daily_return,0.057027306
BB_lower,0.05700802
Low,0.056897435
High,0.056404136
volume_change,0.05594216
RSI_14,0.055460818
5_day_ma,0.05378944
Close,0.051443506
20_day_ma,0.051139325
10_day_ma,0.05016463
