Feature,Importance
High,0.07216531
BB_lower,0.06663931
20_day_ma,0.06657619
5_day_ma,0.06348479
Low,0.06227126
Volume,0.05915117
Open,0.05879176
BB_upper,0.058673844
volume_change,0.058193382
Close,0.058173805
MACD,0.05563439
20_day_std,0.054849677
MACD_signal,0.054099422
RSI_14,0.053473372
volatility_10,0.053340923
daily_return,0.05287178
10_day_ma,0.05160951
