Feature,Importance
5_day_ma,0.07398873
20_day_ma,0.07048164
BB_upper,0.06994608
MACD,0.06339403
Volume,0.06307623
10_day_ma,0.062370945
BB_lower,0.062299944
Open,0.061847426
volatility_10,0.060346108
volume_change,0.059808552
daily_return,0.056373376
Low,0.0522378
RSI_14,0.05179675
Close,0.04931525
MACD_signal,0.04883599
High,0.047583766
20_day_std,0.046297394
