Feature,Importance
BB_upper,0.06882476
Low,0.06467243
BB_lower,0.062282197
MACD_signal,0.061526462
5_day_ma,0.0596609
daily_return,0.059268095
20_day_ma,0.0592586
volatility_10,0.059124354
20_day_std,0.05850621
10_day_ma,0.058490295
MACD,0.057837937
High,0.05719479
Volume,0.056156345
volume_change,0.055166967
Open,0.054912042
Close,0.054344054
RSI_14,0.05277365
