Feature,Importance
Open,0.0687024
Close,0.064843655
MACD_signal,0.0648152
High,0.063143715
BB_upper,0.06136857
Low,0.060817458
MACD,0.059027195
daily_return,0.058890745
10_day_ma,0.057685133
RSI_14,0.057392128
20_day_ma,0.057366706
20_day_std,0.05696652
5_day_ma,0.05671465
volatility_10,0.05442619
BB_lower,0.05397887
volume_change,0.05280407
Volume,0.051056817
