Feature,Importance
Volume,0.07348074
Low,0.070349716
MACD_signal,0.067327335
BB_upper,0.06400806
volume_change,0.063699834
volatility_10,0.06302526
BB_lower,0.06297974
daily_return,0.06227977
MACD,0.062123537
20_day_ma,0.059376698
20_day_std,0.058337428
Close,0.054550614
10_day_ma,0.05409372
Open,0.05377477
5_day_ma,0.051385723
High,0.04136883
RSI_14,0.03783822
