Feature,Importance
Open,0.07276282
volatility_10,0.06895867
10_day_ma,0.0657539
High,0.06512935
BB_upper,0.06369767
Volume,0.06320215
volume_change,0.06260191
20_day_ma,0.062387913
MACD,0.0622822
daily_return,0.05630039
MACD_signal,0.054929413
RSI_14,0.05416113
Close,0.05330135
20_day_std,0.04997491
Low,0.04892231
5_day_ma,0.047862325
BB_lower,0.04777154
