Feature,Importance
Low,0.07969112
BB_lower,0.06849353
Open,0.06510555
High,0.06298321
volume_change,0.06150372
10_day_ma,0.059894014
MACD_signal,0.05967413
5_day_ma,0.05959869
BB_upper,0.059239473
Close,0.058067713
20_day_ma,0.057091612
MACD,0.054690808
RSI_14,0.053113084
daily_return,0.052470233
volatility_10,0.049585644
20_day_std,0.04941929
Volume,0.049378205
