Feature,Importance
High,0.08194025
Open,0.07618717
Low,0.07120642
MACD,0.06136699
BB_upper,0.060367458
20_day_std,0.059685517
5_day_ma,0.057666272
Close,0.057340834
volatility_10,0.056857582
RSI_14,0.056301262
Volume,0.05459046
BB_lower,0.054192528
MACD_signal,0.052553877
20_day_ma,0.050449517
daily_return,0.05020917
10_day_ma,0.04993259
volume_change,0.049152102
