Feature,Importance
MACD,0.07640595
20_day_std,0.06938239
5_day_ma,0.06551044
Close,0.065085925
volume_change,0.06382456
BB_upper,0.061102092
High,0.059524506
volatility_10,0.05938842
Low,0.059175562
Volume,0.05795005
BB_lower,0.056115888
MACD_signal,0.055493906
RSI_14,0.054031767
daily_return,0.051759865
20_day_ma,0.0505331
Open,0.048659496
10_day_ma,0.046056133
