Feature,Importance
MACD_signal,0.0760614
volatility_10,0.06634506
20_day_std,0.06485677
Volume,0.064601965
High,0.06432623
Low,0.062645435
BB_lower,0.061921418
20_day_ma,0.058464307
Open,0.0564492
Close,0.056427
BB_upper,0.05559649
MACD,0.055275455
5_day_ma,0.055175837
10_day_ma,0.05258168
daily_return,0.050673775
volume_change,0.049596682
RSI_14,0.049001303
