Feature,Importance
MACD_signal,0.06853968
Open,0.06658645
BB_upper,0.06336786
20_day_ma,0.062894836
Low,0.06280177
volatility_10,0.06194964
Volume,0.06162634
5_day_ma,0.059278477
BB_lower,0.059009638
20_day_std,0.057602525
High,0.0575898
10_day_ma,0.056832433
MACD,0.056593183
Close,0.053578656
volume_change,0.053138703
daily_return,0.04980425
RSI_14,0.04880581
