Feature,Importance
10_day_ma,0.071414776
High,0.06862295
Open,0.068582684
volume_change,0.065648206
5_day_ma,0.05846224
20_day_ma,0.05833695
daily_return,0.057901196
Low,0.05709359
BB_upper,0.057089917
volatility_10,0.056988858
RSI_14,0.056826692
MACD_signal,0.056671605
MACD,0.054665796
BB_lower,0.054576382
Volume,0.053941414
Close,0.052897967
20_day_std,0.05027882
