Feature,Importance
MACD,0.07894691
Open,0.07473848
5_day_ma,0.07439205
BB_upper,0.071554884
Low,0.06875147
volatility_10,0.06357887
20_day_ma,0.061958812
Volume,0.05787011
daily_return,0.054648194
Close,0.05358459
BB_lower,0.05252393
volume_change,0.0520126
10_day_ma,0.050513573
High,0.048180223
20_day_std,0.047668412
RSI_14,0.046184015
MACD_signal,0.04289289
