Feature,Importance
Open,0.086417936
Low,0.08366697
High,0.07581071
MACD,0.07493405
BB_upper,0.07257884
volatility_10,0.055956542
Volume,0.054574497
Close,0.054331273
MACD_signal,0.052889217
20_day_ma,0.050721638
BB_lower,0.05071742
daily_return,0.05053504
20_day_std,0.0500992
10_day_ma,0.049556468
RSI_14,0.04911065
volume_change,0.045966648
5_day_ma,0.04213285
