Feature,Importance
Low,0.06623059
BB_lower,0.06541313
Open,0.06528832
MACD_signal,0.06479393
20_day_std,0.06405669
Close,0.06391572
5_day_ma,0.06386051
High,0.059618633
10_day_ma,0.058815673
volatility_10,0.05810785
daily_return,0.058024433
volume_change,0.05629984
MACD,0.05590211
20_day_ma,0.05417781
BB_upper,0.053367622
RSI_14,0.052496318
Volume,0.039630752
