Feature,Importance
High,0.064922474
BB_upper,0.06477866
Low,0.06462873
RSI_14,0.06304695
BB_lower,0.060898684
Close,0.06045353
Open,0.060123123
MACD,0.058803257
MACD_signal,0.057863552
daily_return,0.057549726
10_day_ma,0.05696424
Volume,0.056724396
20_day_std,0.056598626
volume_change,0.05570891
volatility_10,0.054819837
20_day_ma,0.05421243
5_day_ma,0.051902894
