Feature,Importance
20_day_ma,0.07819836
Low,0.06451333
10_day_ma,0.06436859
BB_lower,0.06420411
volatility_10,0.06215163
20_day_std,0.060978655
volume_change,0.06000795
RSI_14,0.059302438
daily_return,0.0575798
Volume,0.0564136
BB_upper,0.055956785
Close,0.055780612
MACD,0.05574949
High,0.05457319
5_day_ma,0.054031305
Open,0.049840536
MACD_signal,0.04634963
