Feature,Importance
Low,0.06942895
BB_upper,0.064224936
5_day_ma,0.062537774
MACD,0.06175625
Open,0.06086444
Volume,0.060231104
RSI_14,0.059347022
volatility_10,0.059268195
20_day_ma,0.058965877
volume_change,0.058890413
daily_return,0.05802187
Close,0.057537932
10_day_ma,0.05512488
BB_lower,0.05497421
MACD_signal,0.054576535
20_day_std,0.054005973
High,0.05024354
