Feature,Importance
BB_lower,0.066204175
10_day_ma,0.06559412
MACD,0.0648143
20_day_ma,0.0647196
MACD_signal,0.06305681
High,0.061208833
Low,0.059987422
volume_change,0.057947576
Volume,0.057198487
Open,0.05675653
Close,0.05624497
BB_upper,0.05587568
daily_return,0.05542423
5_day_ma,0.055264432
20_day_std,0.053529482
RSI_14,0.05349721
volatility_10,0.052676126
