Feature,Importance
BB_upper,0.07160632
Low,0.06711038
20_day_ma,0.06652634
BB_lower,0.06595012
daily_return,0.06352067
volume_change,0.06149071
20_day_std,0.0605531
Open,0.057787
RSI_14,0.056892343
Close,0.056195278
MACD_signal,0.05576532
10_day_ma,0.05468566
MACD,0.053816732
volatility_10,0.053400494
High,0.05320145
Volume,0.05107629
5_day_ma,0.050421722
