Feature,Importance
volume_change,0.073018655
5_day_ma,0.069293894
Low,0.06655609
daily_return,0.06545635
volatility_10,0.06200163
Close,0.06124922
High,0.059502546
RSI_14,0.058153693
BB_lower,0.058146764
10_day_ma,0.05769139
20_day_ma,0.057533827
MACD,0.05554801
Volume,0.0536428
20_day_std,0.053412918
Open,0.05043546
BB_upper,0.049767718
MACD_signal,0.04858902
