Feature,Importance
10_day_ma,0.0714596
MACD,0.06723588
MACD_signal,0.06537422
BB_lower,0.06408447
20_day_std,0.06330072
RSI_14,0.06321968
Open,0.06254969
High,0.060682412
Close,0.06001742
20_day_ma,0.057726357
daily_return,0.057268117
Volume,0.05588593
BB_upper,0.05330857
Low,0.051464487
volume_change,0.05122775
volatility_10,0.04768557
5_day_ma,0.047509063
