Feature,Importance
volume_change,0.07160162
BB_lower,0.06706093
Low,0.0653748
20_day_std,0.064261034
Close,0.06291768
10_day_ma,0.06284929
20_day_ma,0.06143065
BB_upper,0.059282336
MACD_signal,0.057332058
High,0.057319075
5_day_ma,0.056925073
volatility_10,0.056921292
Volume,0.054383487
MACD,0.05406747
Open,0.050939858
daily_return,0.049630642
RSI_14,0.047702745
