Feature,Importance
BB_lower,0.071825355
High,0.069518104
Low,0.06806673
20_day_ma,0.06269746
Volume,0.060590938
volatility_10,0.05871362
10_day_ma,0.05846396
5_day_ma,0.058317557
volume_change,0.058016397
MACD,0.05795383
20_day_std,0.057660963
Close,0.055980343
Open,0.05577017
daily_return,0.052930247
BB_upper,0.05148403
MACD_signal,0.05114817
RSI_14,0.05086219
