Feature,Importance
Low,0.079067215
High,0.074561425
10_day_ma,0.06533098
Close,0.064606376
5_day_ma,0.06429545
BB_upper,0.063799925
MACD_signal,0.060740694
daily_return,0.0593853
RSI_14,0.05884996
Volume,0.05599541
BB_lower,0.05471207
20_day_ma,0.054676052
volume_change,0.053407863
volatility_10,0.050586924
MACD,0.04823884
Open,0.047300845
20_day_std,0.044444725
