Feature,Importance
Low,0.08022321
5_day_ma,0.072751306
High,0.07009857
MACD_signal,0.069568135
BB_upper,0.064355016
MACD,0.06389146
20_day_ma,0.06035553
RSI_14,0.060199674
Close,0.055743176
volume_change,0.055562716
volatility_10,0.05471827
Open,0.05398246
BB_lower,0.052565906
20_day_std,0.051857196
Volume,0.04714777
daily_return,0.046167783
10_day_ma,0.040811874
