Feature,Importance
BB_lower,0.071300514
Low,0.06581437
5_day_ma,0.064392745
20_day_ma,0.06368698
MACD_signal,0.06316577
MACD,0.061946128
10_day_ma,0.060016055
Open,0.058998425
High,0.057967264
BB_upper,0.05639843
Volume,0.05596119
volatility_10,0.055376176
RSI_14,0.055295162
20_day_std,0.05515819
volume_change,0.052714832
Close,0.051644202
daily_return,0.050163496
