Feature,Importance
MACD,0.07399938
20_day_ma,0.06937076
RSI_14,0.06889521
volume_change,0.06596648
BB_lower,0.06571655
Volume,0.061610542
High,0.06087312
20_day_std,0.0572718
5_day_ma,0.055987343
BB_upper,0.055730354
daily_return,0.055710398
Low,0.054433662
MACD_signal,0.054025102
Open,0.053441703
Close,0.050397556
10_day_ma,0.04887277
volatility_10,0.04769721
