Feature,Importance
volatility_10,0.078404374
BB_upper,0.077998176
20_day_std,0.0673315
daily_return,0.06676583
Low,0.06599408
BB_lower,0.06122366
High,0.06089027
MACD,0.05659948
volume_change,0.056183986
RSI_14,0.055553775
5_day_ma,0.05543709
Volume,0.054243837
10_day_ma,0.05404995
Open,0.05030778
20_day_ma,0.04814487
MACD_signal,0.047905233
Close,0.042966075
