Feature,Importance
20_day_ma,0.08183536
Open,0.06768316
5_day_ma,0.065079145
MACD,0.061955936
volume_change,0.06025682
BB_lower,0.059194673
10_day_ma,0.05911806
BB_upper,0.058328405
MACD_signal,0.05622699
Low,0.05536263
Volume,0.054687843
volatility_10,0.054587368
RSI_14,0.05453113
20_day_std,0.054303877
daily_return,0.05398837
High,0.053403478
Close,0.049456768
