Feature,Importance
Low,0.0980947
BB_lower,0.065035954
volume_change,0.064699605
5_day_ma,0.0626978
MACD_signal,0.06249801
High,0.06164514
daily_return,0.061417725
RSI_14,0.058930364
20_day_std,0.055519875
20_day_ma,0.055198573
MACD,0.05470766
volatility_10,0.054520696
BB_upper,0.05420462
Open,0.05342975
Volume,0.05270308
10_day_ma,0.048985533
Close,0.035710867
