Feature,Importance
Low,0.07945228
BB_upper,0.07468466
Close,0.069030665
5_day_ma,0.066887386
Open,0.06598622
daily_return,0.062440094
RSI_14,0.061307177
MACD,0.05899223
volume_change,0.05683097
10_day_ma,0.05541563
BB_lower,0.05420169
20_day_std,0.05397012
volatility_10,0.052846935
MACD_signal,0.052024487
Volume,0.04649011
High,0.04526325
20_day_ma,0.044176072
