Feature,Importance
BB_upper,0.07450433
High,0.06970712
MACD,0.0647621
BB_lower,0.06396951
5_day_ma,0.061997898
Low,0.058650807
Volume,0.05845087
daily_return,0.058249347
Close,0.05732218
20_day_std,0.05727928
10_day_ma,0.056227274
Open,0.0560404
volatility_10,0.055570338
RSI_14,0.05329601
MACD_signal,0.052977286
20_day_ma,0.05092951
volume_change,0.05006578
