Feature,Importance
BB_upper,0.06728268
20_day_std,0.06643901
BB_lower,0.064611346
20_day_ma,0.061480455
Volume,0.06090313
RSI_14,0.060512517
Open,0.06039573
5_day_ma,0.05982221
volume_change,0.057488523
MACD_signal,0.05740016
Close,0.05726091
10_day_ma,0.056497905
Low,0.056467157
daily_return,0.055085443
MACD,0.053899888
volatility_10,0.05346309
High,0.050989807
