Feature,Importance
Low,0.08460615
5_day_ma,0.06685925
BB_upper,0.06476436
daily_return,0.0629985
20_day_ma,0.06061232
Volume,0.05934816
High,0.05929071
RSI_14,0.059173875
volume_change,0.058966942
MACD,0.057603963
20_day_std,0.056513995
volatility_10,0.055065893
BB_lower,0.053696282
Open,0.05309662
Close,0.05234191
10_day_ma,0.048469108
MACD_signal,0.046591986
