Feature,Importance
MACD,0.09796588
Low,0.06938368
20_day_std,0.06845055
BB_upper,0.06563593
BB_lower,0.06437391
Close,0.063981295
High,0.06294339
RSI_14,0.05766489
volatility_10,0.057586163
volume_change,0.055311654
daily_return,0.05259768
20_day_ma,0.052435238
Volume,0.05163859
5_day_ma,0.050589334
10_day_ma,0.047975812
MACD_signal,0.045741893
Open,0.03572414
