Feature,Importance
BB_lower,0.076694354
High,0.066306815
10_day_ma,0.06563162
daily_return,0.06503984
BB_upper,0.06315307
5_day_ma,0.061231196
volatility_10,0.060308482
Low,0.058884937
20_day_ma,0.058566842
MACD_signal,0.057828795
Volume,0.056856796
volume_change,0.05537309
RSI_14,0.054930408
20_day_std,0.054902043
Close,0.054674245
MACD,0.048267964
Open,0.041349474
