Feature,Importance
20_day_ma,0.07430198
MACD,0.07113454
BB_upper,0.06994079
Low,0.06755682
Open,0.06387199
5_day_ma,0.06362796
10_day_ma,0.060634177
RSI_14,0.059589904
daily_return,0.057181247
BB_lower,0.05689736
volatility_10,0.05408673
volume_change,0.05323924
MACD_signal,0.05255302
20_day_std,0.051171955
Volume,0.050163053
Close,0.04856667
High,0.045482516
