Feature,Importance
BB_lower,0.074129686
10_day_ma,0.06634036
20_day_std,0.06552383
daily_return,0.064142175
Low,0.06410335
20_day_ma,0.061706904
Open,0.061272006
RSI_14,0.059795376
High,0.059755478
BB_upper,0.059266113
5_day_ma,0.05766071
volume_change,0.056921765
MACD,0.056413952
MACD_signal,0.05280398
volatility_10,0.0489591
Close,0.046198387
Volume,0.045006864
