Feature,Importance
MACD,0.0642196
BB_lower,0.062548354
volatility_10,0.062102918
Volume,0.061813958
Open,0.06102322
BB_upper,0.06099963
Low,0.060306225
daily_return,0.059931926
MACD_signal,0.059450362
volume_change,0.05941776
20_day_std,0.058583498
RSI_14,0.05847377
20_day_ma,0.05751976
10_day_ma,0.054336593
High,0.054078195
Close,0.053697407
5_day_ma,0.051496815
