Feature,Importance
BB_upper,0.075644195
20_day_ma,0.07095206
volume_change,0.067343205
10_day_ma,0.06598061
daily_return,0.06426423
BB_lower,0.06300873
5_day_ma,0.06123578
20_day_std,0.0612177
RSI_14,0.06016259
High,0.059199013
Close,0.055320658
MACD,0.052283898
volatility_10,0.051160928
Open,0.050739042
Volume,0.04885905
Low,0.04817889
MACD_signal,0.044449456
