Feature,Importance
Low,0.07126297
MACD,0.063603885
BB_lower,0.063474365
High,0.063453734
RSI_14,0.061838683
BB_upper,0.06041897
Open,0.060041964
20_day_ma,0.059604503
5_day_ma,0.058591824
volume_change,0.058129665
Close,0.058001585
MACD_signal,0.056985565
Volume,0.055158213
volatility_10,0.05446854
20_day_std,0.053516388
daily_return,0.053470895
10_day_ma,0.04797829
