Feature,Importance
High,0.099222705
BB_upper,0.07054239
Volume,0.063751996
BB_lower,0.06337201
MACD,0.062391263
Low,0.062359966
Close,0.061737582
10_day_ma,0.058523636
daily_return,0.057479333
volume_change,0.057203542
RSI_14,0.05411622
5_day_ma,0.052964263
Open,0.0510372
volatility_10,0.04829765
MACD_signal,0.046936214
20_day_ma,0.045966655
20_day_std,0.044097353
