Feature,Importance
BB_upper,0.07495779
MACD,0.06926658
High,0.06799405
Close,0.06618931
RSI_14,0.064845674
MACD_signal,0.06259322
Open,0.060157746
10_day_ma,0.05945875
volatility_10,0.05879087
BB_lower,0.057997547
daily_return,0.057395216
Low,0.05703901
Volume,0.055227008
20_day_std,0.04953586
20_day_ma,0.04782489
volume_change,0.04585267
5_day_ma,0.044873763
