Feature,Importance
5_day_ma,0.07605562
BB_lower,0.070872135
20_day_std,0.06707257
20_day_ma,0.06566909
10_day_ma,0.06510354
High,0.06475234
RSI_14,0.06374563
Open,0.060563404
volatility_10,0.05998332
volume_change,0.05908494
Volume,0.054328162
Low,0.053200617
daily_return,0.052594192
MACD_signal,0.05193028
BB_upper,0.046171367
Close,0.0452209
MACD,0.04365183
