Feature,Importance
High,0.07172604
MACD_signal,0.071666524
BB_lower,0.07106188
RSI_14,0.06909713
Close,0.06834838
5_day_ma,0.0649984
volume_change,0.06441622
BB_upper,0.06371936
20_day_std,0.061349954
MACD,0.05895315
Volume,0.05797613
10_day_ma,0.056040965
daily_return,0.05449703
volatility_10,0.053561985
Open,0.041374918
20_day_ma,0.0396052
Low,0.031606752
