Feature,Importance
Low,0.078175694
5_day_ma,0.07615921
High,0.073195636
RSI_14,0.07189156
Close,0.06954083
BB_lower,0.06284703
MACD,0.05990426
20_day_ma,0.057563994
daily_return,0.056455284
10_day_ma,0.055376675
volatility_10,0.054085903
volume_change,0.05140457
BB_upper,0.04876928
Volume,0.048032936
20_day_std,0.04654985
Open,0.045592308
MACD_signal,0.044454973
