Feature,Importance
BB_upper,0.077167474
volatility_10,0.069871105
Close,0.067248076
Open,0.0647242
daily_return,0.061156224
10_day_ma,0.060179945
volume_change,0.059038844
5_day_ma,0.057442185
20_day_ma,0.057403818
Volume,0.05696488
MACD_signal,0.056877963
RSI_14,0.0565413
20_day_std,0.05610284
BB_lower,0.055947494
High,0.05189274
Low,0.04717054
MACD,0.044270437
