Feature,Importance
BB_upper,0.075182185
Low,0.071539566
5_day_ma,0.07023015
volume_change,0.06588978
volatility_10,0.06362969
10_day_ma,0.06073556
RSI_14,0.0603147
High,0.059292696
MACD,0.057713542
MACD_signal,0.057553746
20_day_std,0.056531213
Close,0.052775554
20_day_ma,0.052376095
Open,0.051110838
daily_return,0.04971666
Volume,0.04777517
BB_lower,0.047632873
