Feature,Importance
Low,0.07226594
BB_lower,0.06680853
RSI_14,0.06666157
High,0.06489479
20_day_ma,0.06205598
volume_change,0.059663996
10_day_ma,0.05945305
5_day_ma,0.058834568
20_day_std,0.058761217
Open,0.0582954
volatility_10,0.057493694
BB_upper,0.056092486
Close,0.053488076
MACD_signal,0.05205803
daily_return,0.05202681
MACD,0.05144088
Volume,0.04970499
