Feature,Importance
Close,0.072623275
volatility_10,0.07153978
MACD,0.069725096
MACD_signal,0.069294296
daily_return,0.066706255
BB_upper,0.06378909
BB_lower,0.06063014
volume_change,0.060350902
5_day_ma,0.05988073
RSI_14,0.056660343
Low,0.056522273
20_day_ma,0.05552302
10_day_ma,0.054212462
20_day_std,0.053427745
Volume,0.044261314
High,0.04352694
Open,0.04132638
