Feature,Importance
20_day_ma,0.07349417
5_day_ma,0.06957111
20_day_std,0.068408586
Open,0.06527028
Low,0.064571574
MACD,0.06412006
volume_change,0.06232553
High,0.062041722
MACD_signal,0.06042277
BB_lower,0.058631003
RSI_14,0.056776885
daily_return,0.053339135
Volume,0.05313698
Close,0.052387387
volatility_10,0.052176464
BB_upper,0.04907604
10_day_ma,0.03425037
