Feature,Importance
5_day_ma,0.07465521
BB_lower,0.06999657
10_day_ma,0.06931679
Open,0.06822673
BB_upper,0.06374627
Close,0.06309187
volatility_10,0.06264651
RSI_14,0.058803655
High,0.05856776
MACD_signal,0.0570995
daily_return,0.053593427
20_day_ma,0.05329001
Low,0.052668076
20_day_std,0.051531695
Volume,0.050010763
volume_change,0.048400924
MACD,0.044354208
