Feature,Importance
BB_lower,0.07815609
20_day_ma,0.07666678
High,0.07149975
Close,0.06703157
Volume,0.06581732
MACD_signal,0.06272249
10_day_ma,0.060617927
BB_upper,0.060538463
RSI_14,0.06043563
Open,0.059778813
20_day_std,0.05692181
MACD,0.051050797
volatility_10,0.050484534
Low,0.050460055
5_day_ma,0.04432973
volume_change,0.043089744
daily_return,0.04039846
