Feature,Importance
volume_change,0.080207154
Low,0.07081217
volatility_10,0.06791108
BB_lower,0.06728066
BB_upper,0.06722829
MACD_signal,0.065505534
RSI_14,0.0634945
20_day_ma,0.059055325
5_day_ma,0.058297485
Close,0.057291307
20_day_std,0.055183277
10_day_ma,0.051876847
daily_return,0.050635964
MACD,0.049864147
Open,0.045904916
High,0.045031875
Volume,0.044419564
