Feature,Importance
20_day_ma,0.07660696
MACD,0.06504506
Close,0.06328068
Low,0.06283882
Volume,0.06215939
Open,0.061889865
20_day_std,0.060795303
BB_upper,0.059671465
MACD_signal,0.058728922
RSI_14,0.05776826
High,0.05589628
BB_lower,0.055712197
volatility_10,0.054504752
volume_change,0.053716585
daily_return,0.051349245
5_day_ma,0.050363027
10_day_ma,0.04967316
