Feature,Importance
20_day_ma,0.08442661
5_day_ma,0.07709885
volatility_10,0.07075615
Close,0.06963683
BB_upper,0.06719775
High,0.06396562
volume_change,0.06273499
BB_lower,0.056630854
daily_return,0.054339312
Open,0.054009218
MACD,0.053691156
MACD_signal,0.05310174
Volume,0.05154406
20_day_std,0.048730917
Low,0.047254927
RSI_14,0.045429863
10_day_ma,0.039451145
