Feature,Importance
20_day_ma,0.068247445
BB_lower,0.06725307
volume_change,0.06417363
High,0.06210436
Open,0.06197254
RSI_14,0.06101361
MACD_signal,0.060080614
20_day_std,0.05848311
MACD,0.058280643
daily_return,0.058259103
10_day_ma,0.05646344
5_day_ma,0.054891914
Close,0.054798357
Low,0.05426331
Volume,0.054020945
volatility_10,0.0528764
BB_upper,0.052817494
