Feature,Importance
20_day_ma,0.075408645
BB_lower,0.070465215
Close,0.06565916
volatility_10,0.06391478
5_day_ma,0.063384436
BB_upper,0.06215244
volume_change,0.0609943
RSI_14,0.060852792
Volume,0.0606185
daily_return,0.05838
Open,0.055370864
10_day_ma,0.053303547
MACD,0.0527976
High,0.051441163
Low,0.04998274
20_day_std,0.047695313
MACD_signal,0.047578543
