Feature,Importance
BB_lower,0.07896296
20_day_ma,0.06936001
BB_upper,0.06769967
daily_return,0.065927796
volatility_10,0.063480526
5_day_ma,0.062486943
volume_change,0.06037162
High,0.059312034
20_day_std,0.057498172
MACD_signal,0.05624076
10_day_ma,0.05598281
Open,0.05185552
Volume,0.051627636
RSI_14,0.05099292
MACD,0.049896475
Low,0.04964693
Close,0.048657212
