Feature,Importance
10_day_ma,0.0680083
BB_lower,0.06759184
MACD_signal,0.062090985
20_day_std,0.060931146
RSI_14,0.06090168
Low,0.060656246
20_day_ma,0.06052004
BB_upper,0.05847326
High,0.058016926
volume_change,0.056888442
Open,0.056558326
volatility_10,0.05575949
MACD,0.055562157
Volume,0.055074
5_day_ma,0.054780625
daily_return,0.054284245
Close,0.053902324
