Feature,Importance
BB_lower,0.06391157
MACD,0.06311702
Volume,0.06262473
20_day_ma,0.06161683
Open,0.06141265
daily_return,0.06057995
20_day_std,0.059567604
5_day_ma,0.05934374
volume_change,0.058648277
Low,0.058358286
High,0.057411354
volatility_10,0.05659531
RSI_14,0.056349654
BB_upper,0.0562751
MACD_signal,0.0556822
10_day_ma,0.05479561
Close,0.053710066
