Feature,Importance
Low,0.08801532
BB_lower,0.06949102
Close,0.06581049
Open,0.065300845
MACD,0.064101204
MACD_signal,0.060468633
10_day_ma,0.060348656
High,0.060045708
RSI_14,0.05879031
daily_return,0.055618335
Volume,0.055312715
volatility_10,0.053269576
volume_change,0.052441485
20_day_std,0.05052201
20_day_ma,0.04800406
5_day_ma,0.046949863
BB_upper,0.04550977
