Feature,Importance
BB_lower,0.070194095
Low,0.065674946
MACD,0.06411064
BB_upper,0.063874125
MACD_signal,0.06355538
Volume,0.06214545
5_day_ma,0.062118337
20_day_ma,0.06157111
Open,0.060176287
volatility_10,0.058762897
volume_change,0.058361188
20_day_std,0.05673103
daily_return,0.053208653
10_day_ma,0.051954683
Close,0.05186305
RSI_14,0.049703084
High,0.04599501
