Feature,Importance
10_day_ma,0.091443665
BB_upper,0.06755842
Volume,0.06671735
5_day_ma,0.064338356
Close,0.06367401
daily_return,0.062831596
Open,0.0622973
20_day_ma,0.0612401
volatility_10,0.060813725
Low,0.0606833
MACD_signal,0.05822268
MACD,0.055162616
High,0.050998606
20_day_std,0.044502463
RSI_14,0.04431069
BB_lower,0.04310981
volume_change,0.042095218
