Feature,Importance
High,0.091713116
Open,0.075872645
Volume,0.062326457
daily_return,0.06199642
5_day_ma,0.059352558
Low,0.058510885
20_day_std,0.057908572
MACD,0.05573767
10_day_ma,0.055128485
BB_upper,0.054635692
BB_lower,0.054234732
volume_change,0.053904206
Close,0.053454418
volatility_10,0.052553043
RSI_14,0.05244701
MACD_signal,0.05024444
20_day_ma,0.049979605
