Feature,Importance
RSI_14,0.07094194
Low,0.068750106
High,0.0679071
Open,0.06686486
10_day_ma,0.06263824
20_day_ma,0.06193421
Close,0.06096345
volatility_10,0.05972243
BB_upper,0.05828939
MACD,0.057612177
volume_change,0.05616686
5_day_ma,0.05612032
MACD_signal,0.054522317
BB_lower,0.05234964
20_day_std,0.05094147
daily_return,0.047826026
Volume,0.046449445
