Feature,Importance
BB_lower,0.068977915
20_day_ma,0.068274006
Open,0.06656881
daily_return,0.062327
BB_upper,0.061847072
MACD,0.06085141
volume_change,0.059373062
10_day_ma,0.05856717
20_day_std,0.057933602
RSI_14,0.05752545
5_day_ma,0.05743114
Low,0.05700373
High,0.05439555
Close,0.05342789
MACD_signal,0.052050076
volatility_10,0.05196692
Volume,0.051479194
