Feature,Importance
Low,0.068495095
BB_upper,0.066053845
5_day_ma,0.0652917
20_day_std,0.0652786
MACD_signal,0.061752997
BB_lower,0.059725665
daily_return,0.05929159
Volume,0.05922065
volume_change,0.05902632
RSI_14,0.0580932
MACD,0.058081087
volatility_10,0.057726637
10_day_ma,0.054574296
Open,0.054428954
High,0.0527545
20_day_ma,0.052624274
Close,0.047580592
