Feature,Importance
High,0.06638013
MACD_signal,0.0657738
10_day_ma,0.06519185
20_day_std,0.06469089
MACD,0.064293034
Open,0.06357206
daily_return,0.06296482
Close,0.059444156
BB_upper,0.057157803
RSI_14,0.056074537
volatility_10,0.0558046
Low,0.054569226
volume_change,0.05348207
BB_lower,0.053279724
20_day_ma,0.05303916
Volume,0.052918807
5_day_ma,0.0513634
