Feature,Importance
Open,0.08364297
20_day_ma,0.08161806
5_day_ma,0.07689908
MACD,0.06364874
BB_upper,0.06310806
10_day_ma,0.061425664
volatility_10,0.05915522
20_day_std,0.058663078
Volume,0.056303576
BB_lower,0.05395799
Close,0.052051093
RSI_14,0.050401352
MACD_signal,0.050044402
High,0.05002149
daily_return,0.048091277
volume_change,0.045929432
Low,0.04503859
