Feature,Importance
RSI_14,0.07747778
High,0.07630975
Open,0.07376367
volume_change,0.070376955
volatility_10,0.06448755
20_day_ma,0.063163616
BB_upper,0.06198541
MACD_signal,0.060915753
5_day_ma,0.057412162
10_day_ma,0.055897657
MACD,0.05442566
Volume,0.053109515
daily_return,0.051179774
BB_lower,0.049523123
20_day_std,0.047023617
Low,0.0455835
Close,0.03736448
