Feature,Importance
volatility_10,0.06699912
MACD,0.06680241
RSI_14,0.066312395
Volume,0.06481913
20_day_std,0.06410543
BB_lower,0.062727995
20_day_ma,0.0623984
Open,0.06171911
volume_change,0.061183143
daily_return,0.055940557
MACD_signal,0.055368796
Close,0.055113044
5_day_ma,0.05448314
High,0.052142367
BB_upper,0.05172161
Low,0.04917169
10_day_ma,0.048991635
