Feature,Importance
BB_upper,0.073561445
MACD_signal,0.071389586
Low,0.069674104
MACD,0.062362947
volume_change,0.061518956
Close,0.060793377
5_day_ma,0.05913846
High,0.057830323
RSI_14,0.057678763
Open,0.056559216
20_day_ma,0.05627769
BB_lower,0.055898193
Volume,0.053912878
daily_return,0.05342997
20_day_std,0.051570702
volatility_10,0.050689537
10_day_ma,0.047713805
