Feature,Importance
5_day_ma,0.068643376
MACD,0.067918904
Close,0.067363024
MACD_signal,0.06730701
BB_upper,0.06702231
Volume,0.06438357
10_day_ma,0.0630211
BB_lower,0.060318448
20_day_std,0.0602452
RSI_14,0.05834742
volatility_10,0.058038343
daily_return,0.057357866
volume_change,0.05635757
Low,0.051745232
High,0.050994113
Open,0.048624177
20_day_ma,0.032312438
