Feature,Importance
10_day_ma,0.07353187
MACD,0.07082805
BB_upper,0.0671954
High,0.06416413
20_day_ma,0.062330373
MACD_signal,0.062081553
Low,0.061574917
Open,0.060466386
BB_lower,0.058633026
daily_return,0.0555989
Volume,0.054817114
Close,0.054521978
20_day_std,0.05395076
RSI_14,0.053902376
volatility_10,0.050886363
volume_change,0.04973649
5_day_ma,0.045780342
