Feature,Importance
BB_lower,0.07005307
High,0.06742188
5_day_ma,0.06533495
Open,0.061717864
20_day_ma,0.061312437
MACD_signal,0.060936607
MACD,0.060927518
volatility_10,0.06079567
20_day_std,0.05829275
daily_return,0.057785925
RSI_14,0.05721618
Close,0.057075944
Volume,0.05413256
volume_change,0.05253838
10_day_ma,0.05226335
BB_upper,0.0513221
Low,0.050872874
