Feature,Importance
MACD_signal,0.06977812
Low,0.06797538
10_day_ma,0.06745519
BB_upper,0.066312194
High,0.063581474
BB_lower,0.06294284
5_day_ma,0.061096907
volatility_10,0.05882466
Open,0.058264885
Close,0.056918353
20_day_std,0.056436315
RSI_14,0.055052947
daily_return,0.053564586
Volume,0.052500706
20_day_ma,0.051473808
volume_change,0.050349012
MACD,0.04747258
