Feature,Importance
10_day_ma,0.077013575
Open,0.07468592
20_day_std,0.06798398
20_day_ma,0.06748784
BB_lower,0.06722313
Volume,0.06460124
volatility_10,0.0610945
MACD_signal,0.06066122
MACD,0.05887735
High,0.057549264
RSI_14,0.056944165
daily_return,0.05637979
BB_upper,0.049512878
Close,0.04706833
Low,0.045719765
volume_change,0.04526463
5_day_ma,0.041932352
