Feature,Importance
Open,0.073534906
5_day_ma,0.07208836
MACD,0.06554047
MACD_signal,0.061056186
volatility_10,0.060602877
20_day_ma,0.059530128
BB_lower,0.058787193
Low,0.05791231
10_day_ma,0.057623256
daily_return,0.057555825
Volume,0.05587226
High,0.05535788
volume_change,0.05524714
BB_upper,0.05383863
20_day_std,0.053768206
Close,0.052385073
RSI_14,0.049299307
