Feature,Importance
MACD,0.068287246
High,0.06472084
volume_change,0.06286749
Open,0.06187428
Volume,0.061076034
20_day_std,0.060861103
BB_lower,0.060178142
20_day_ma,0.05919661
Low,0.05908861
MACD_signal,0.0581786
RSI_14,0.058011677
BB_upper,0.057688255
daily_return,0.057580113
volatility_10,0.056750312
10_day_ma,0.053307723
Close,0.05071223
5_day_ma,0.049620666
