Feature,Importance
MACD,0.07453016
20_day_std,0.07238961
5_day_ma,0.07068075
Low,0.0706763
BB_upper,0.06275984
Open,0.059373636
BB_lower,0.058917202
RSI_14,0.05865992
MACD_signal,0.057981983
Volume,0.055743225
daily_return,0.055094082
Close,0.054284815
High,0.05338392
20_day_ma,0.05291608
10_day_ma,0.048570976
volatility_10,0.047275513
volume_change,0.046762086
