Feature,Importance
BB_upper,0.08082354
RSI_14,0.071570985
MACD,0.066758595
High,0.06536436
MACD_signal,0.06413231
Low,0.058743346
volatility_10,0.058206018
Close,0.058090314
volume_change,0.058087748
daily_return,0.05464222
Volume,0.05443361
BB_lower,0.054155827
20_day_std,0.054132406
Open,0.05305881
20_day_ma,0.05277282
5_day_ma,0.05123374
10_day_ma,0.04379336
