Feature,Importance
Low,0.072926626
BB_upper,0.06639413
20_day_std,0.06315618
Open,0.062983364
daily_return,0.06215222
5_day_ma,0.061676063
MACD_signal,0.059770145
BB_lower,0.058992088
Close,0.058945768
volume_change,0.058089215
RSI_14,0.05655654
20_day_ma,0.056485992
volatility_10,0.05571253
MACD,0.055672407
10_day_ma,0.052500598
Volume,0.05139404
High,0.046592098
