Feature,Importance
High,0.069278345
volatility_10,0.068144195
BB_lower,0.06580279
Volume,0.064255714
BB_upper,0.063256435
20_day_ma,0.06005563
volume_change,0.059536193
10_day_ma,0.05941156
Low,0.058936466
5_day_ma,0.057366554
RSI_14,0.055490706
MACD_signal,0.055332012
20_day_std,0.054540116
daily_return,0.05273639
MACD,0.052524168
Open,0.051743813
Close,0.05158895
