Feature,Importance
Low,0.0695123
volume_change,0.06837448
5_day_ma,0.06333411
10_day_ma,0.06319963
High,0.06300162
BB_upper,0.06267499
RSI_14,0.062253598
Open,0.061190575
MACD_signal,0.06016024
MACD,0.05996778
BB_lower,0.05862185
Close,0.05522046
daily_return,0.05265492
Volume,0.051944304
volatility_10,0.050625507
20_day_std,0.049084716
20_day_ma,0.048178904
