Feature,Importance
volatility_10,0.07024495
Low,0.06834083
Close,0.0667752
MACD_signal,0.06312431
10_day_ma,0.062051825
MACD,0.060862392
Open,0.060715277
BB_lower,0.05932841
daily_return,0.059263676
High,0.058774535
20_day_std,0.057589237
BB_upper,0.056867223
Volume,0.055949986
volume_change,0.05536513
5_day_ma,0.055285353
20_day_ma,0.045082007
RSI_14,0.04437968
