Feature,Importance
MACD_signal,0.06537333
BB_lower,0.065294676
MACD,0.06490291
Low,0.062723994
daily_return,0.061830327
10_day_ma,0.061239835
Open,0.060452495
BB_upper,0.060100783
volatility_10,0.059540886
20_day_ma,0.05953372
20_day_std,0.058571674
RSI_14,0.05564303
High,0.05506146
5_day_ma,0.054280546
volume_change,0.053664677
Close,0.051882792
Volume,0.04990291
