Feature,Importance
volatility_10,0.067387275
BB_upper,0.06642467
20_day_std,0.064626835
Open,0.06429083
BB_lower,0.06406652
daily_return,0.06352318
Close,0.05987891
MACD_signal,0.05848027
5_day_ma,0.057836715
RSI_14,0.057732586
Volume,0.056421805
Low,0.055603016
MACD,0.054111585
10_day_ma,0.05327686
High,0.052430063
volume_change,0.052245375
20_day_ma,0.0516635
