Feature,Importance
10_day_ma,0.07237377
volume_change,0.063990965
Low,0.06364017
20_day_ma,0.06309179
20_day_std,0.06210295
volatility_10,0.059904486
High,0.0598138
MACD,0.059640992
BB_lower,0.059518445
MACD_signal,0.05909387
Close,0.059070308
Open,0.056776475
daily_return,0.05474978
BB_upper,0.05363345
Volume,0.053587124
5_day_ma,0.051004317
RSI_14,0.048007257
