Feature,Importance
BB_lower,0.066572
Close,0.0643846
RSI_14,0.06380534
20_day_std,0.061734423
5_day_ma,0.06166272
Low,0.060968224
Open,0.059324067
volume_change,0.059087846
BB_upper,0.058978852
20_day_ma,0.058672704
MACD_signal,0.058511432
High,0.058339294
daily_return,0.057603333
MACD,0.055176623
volatility_10,0.054116704
10_day_ma,0.054023862
Volume,0.04703793
