Feature,Importance
10_day_ma,0.06897048
BB_upper,0.064831346
daily_return,0.064619094
RSI_14,0.06370808
MACD_signal,0.06291725
MACD,0.06286462
Open,0.06008613
20_day_std,0.05999625
volatility_10,0.059610087
volume_change,0.057909112
5_day_ma,0.05743108
Volume,0.057031356
BB_lower,0.05548985
High,0.052611258
Close,0.05167113
20_day_ma,0.051450312
Low,0.048802517
