Feature,Importance
20_day_std,0.07151364
5_day_ma,0.06338529
Low,0.06288955
BB_upper,0.06269007
Open,0.0623166
volatility_10,0.06115127
10_day_ma,0.061068725
BB_lower,0.060959656
MACD_signal,0.060373936
Volume,0.059279993
RSI_14,0.05786914
daily_return,0.05761236
MACD,0.05654549
Close,0.05502716
volume_change,0.05269399
High,0.051130872
20_day_ma,0.043492272
