Feature,Importance
BB_lower,0.0656928
Open,0.06553296
RSI_14,0.06499988
10_day_ma,0.06489778
5_day_ma,0.06322014
20_day_std,0.0629261
High,0.0612687
20_day_ma,0.05939793
Close,0.058866616
Low,0.058365468
MACD,0.057019792
daily_return,0.056326766
MACD_signal,0.05566617
volume_change,0.054795645
BB_upper,0.053135972
volatility_10,0.049006008
Volume,0.048881277
