Feature,Importance
MACD,0.06984579
MACD_signal,0.066408664
Close,0.063187584
BB_upper,0.060574688
daily_return,0.060117513
20_day_std,0.059956264
Low,0.059728637
BB_lower,0.059565566
RSI_14,0.058241524
volatility_10,0.05786492
10_day_ma,0.05736592
20_day_ma,0.056481995
High,0.056228314
Volume,0.054709002
Open,0.054387376
volume_change,0.053481717
5_day_ma,0.05185442
