Feature,Importance
Low,0.07339847
Open,0.06525122
RSI_14,0.06360973
BB_upper,0.06337383
5_day_ma,0.06295206
10_day_ma,0.061808076
daily_return,0.059996855
volume_change,0.058653243
Close,0.058359776
High,0.058047283
Volume,0.057665814
BB_lower,0.05524408
MACD_signal,0.053288676
volatility_10,0.052789122
MACD,0.052431487
20_day_ma,0.052173957
20_day_std,0.05095636
