Feature,Importance
BB_upper,0.078822084
Close,0.07739195
High,0.07690348
MACD,0.070128426
5_day_ma,0.069458544
10_day_ma,0.062849835
20_day_std,0.059306465
MACD_signal,0.05448292
Volume,0.053366177
Low,0.053208202
daily_return,0.05240225
BB_lower,0.051694192
volume_change,0.051419444
20_day_ma,0.047587685
Open,0.04728181
RSI_14,0.046872176
volatility_10,0.04682436
