Feature,Importance
volume_change,0.0719481
High,0.064487256
10_day_ma,0.06349063
BB_upper,0.06310944
Close,0.062431473
Open,0.062178988
RSI_14,0.060436007
Low,0.05895385
MACD_signal,0.057467923
volatility_10,0.056382738
daily_return,0.056141872
MACD,0.056110606
5_day_ma,0.055747982
20_day_ma,0.053832073
Volume,0.053358518
20_day_std,0.052467767
BB_lower,0.051454756
