Feature,Importance
BB_upper,0.077578224
MACD_signal,0.07375387
volume_change,0.071676135
Open,0.06971874
Close,0.06868506
5_day_ma,0.06406122
RSI_14,0.06326104
Low,0.06123244
Volume,0.057476785
BB_lower,0.05464426
MACD,0.054609504
High,0.053581346
daily_return,0.05103149
volatility_10,0.049860533
20_day_std,0.049683817
10_day_ma,0.04310049
20_day_ma,0.036045074
