Feature,Importance
Low,0.07076444
Open,0.06907135
BB_lower,0.062277954
5_day_ma,0.062226243
MACD_signal,0.06195865
Close,0.061645757
High,0.059677236
20_day_std,0.059402045
20_day_ma,0.058606304
RSI_14,0.056763466
Volume,0.056388084
MACD,0.05598492
BB_upper,0.05554239
daily_return,0.055292416
volume_change,0.053017396
10_day_ma,0.052062575
volatility_10,0.049318798
