Feature,Importance
Open,0.07070747
BB_upper,0.06867423
daily_return,0.062323567
20_day_std,0.061892826
10_day_ma,0.061018884
High,0.06076531
volatility_10,0.060644027
volume_change,0.059387293
RSI_14,0.05888956
MACD_signal,0.058623035
BB_lower,0.05653794
Close,0.056441635
MACD,0.05563109
5_day_ma,0.05533322
Low,0.051552873
Volume,0.05140642
20_day_ma,0.05017061
