Feature,Importance
MACD_signal,0.07350064
BB_lower,0.06873908
volatility_10,0.06862074
20_day_ma,0.0677765
10_day_ma,0.06776789
Volume,0.065295175
daily_return,0.06357743
MACD,0.06149592
20_day_std,0.05795907
volume_change,0.056574266
BB_upper,0.054579534
5_day_ma,0.053444188
Open,0.053050607
RSI_14,0.04974356
Close,0.047583822
High,0.04678327
Low,0.04350837
