Feature,Importance
BB_lower,0.07187935
5_day_ma,0.06786026
daily_return,0.06481194
Volume,0.0636781
Close,0.062238056
BB_upper,0.06129714
10_day_ma,0.06094863
High,0.060749263
volatility_10,0.059582528
volume_change,0.05927813
20_day_ma,0.056405254
Open,0.053681925
MACD_signal,0.053502914
20_day_std,0.052967835
MACD,0.0527383
Low,0.049855504
RSI_14,0.048524912
