Feature,Importance
10_day_ma,0.09024697
Close,0.06950463
volatility_10,0.06789106
High,0.06626479
Low,0.06598081
MACD_signal,0.06525389
daily_return,0.060022175
RSI_14,0.056395397
20_day_ma,0.05519835
Volume,0.054566626
BB_lower,0.053154215
20_day_std,0.052614152
BB_upper,0.05227327
MACD,0.05158522
volume_change,0.05003917
5_day_ma,0.04636697
Open,0.04264227
