Feature,Importance
Low,0.0695135
Close,0.066546835
20_day_std,0.065918
volume_change,0.06415174
BB_upper,0.06262966
BB_lower,0.062457494
5_day_ma,0.05817974
20_day_ma,0.05787664
volatility_10,0.057507634
High,0.056070633
MACD_signal,0.0559098
10_day_ma,0.054979984
Volume,0.054406345
MACD,0.054330405
daily_return,0.053615596
RSI_14,0.053114012
Open,0.052791946
