Feature,Importance
volume_change,0.069346875
MACD,0.0677526
Low,0.0671973
Volume,0.0638998
High,0.05951345
volatility_10,0.058682337
BB_lower,0.058620147
20_day_std,0.05840722
5_day_ma,0.05828631
10_day_ma,0.05725945
BB_upper,0.05725228
daily_return,0.05594946
Open,0.05497424
RSI_14,0.054808527
Close,0.05335298
MACD_signal,0.053352
20_day_ma,0.051345006
