Feature,Importance
Low,0.100076586
MACD_signal,0.07707746
Open,0.07031449
BB_upper,0.06363144
RSI_14,0.059880093
volume_change,0.059175286
High,0.058920715
MACD,0.05663599
5_day_ma,0.055841517
Close,0.055780333
BB_lower,0.053661406
volatility_10,0.05300528
20_day_ma,0.050981
daily_return,0.04884635
Volume,0.047118764
20_day_std,0.046905473
10_day_ma,0.042147793
