Feature,Importance
10_day_ma,0.09031526
High,0.077955976
Close,0.07403792
MACD_signal,0.06852259
BB_upper,0.06508858
Open,0.06474841
20_day_std,0.06459606
BB_lower,0.059517723
5_day_ma,0.0560147
daily_return,0.055601966
volatility_10,0.052144546
volume_change,0.051476937
20_day_ma,0.051016133
MACD,0.045619916
Low,0.044926602
RSI_14,0.039221693
Volume,0.039195083
