Feature,Importance
Low,0.080366835
Open,0.07798627
High,0.0756909
RSI_14,0.07070926
5_day_ma,0.06767204
20_day_std,0.06336003
daily_return,0.05930416
10_day_ma,0.056881998
MACD,0.055953134
MACD_signal,0.054752924
20_day_ma,0.054253284
volume_change,0.054074273
Volume,0.051925324
BB_lower,0.050067656
volatility_10,0.047384772
BB_upper,0.04356072
Close,0.036056474
