Feature,Importance
daily_return,0.06702455
Low,0.06560884
BB_upper,0.06546115
5_day_ma,0.06380703
High,0.06307205
Volume,0.06301391
10_day_ma,0.061518583
20_day_std,0.060557853
MACD,0.060526107
volume_change,0.056672726
BB_lower,0.056337066
volatility_10,0.0560599
Open,0.05538955
20_day_ma,0.05366017
MACD_signal,0.051207386
RSI_14,0.050996635
Close,0.049086493
