Feature,Importance
volume_change,0.07004388
RSI_14,0.063519485
10_day_ma,0.06283348
Low,0.062271863
Close,0.06101782
BB_upper,0.060828544
Open,0.06044579
Volume,0.0600539
MACD,0.058315855
volatility_10,0.05794169
High,0.057868697
BB_lower,0.057131592
MACD_signal,0.056872215
5_day_ma,0.054909803
daily_return,0.053204764
20_day_ma,0.05267274
20_day_std,0.050067846
