Feature,Importance
MACD_signal,0.07404405
BB_upper,0.07122064
Low,0.06717199
volume_change,0.06448514
5_day_ma,0.0631601
MACD,0.061645802
Close,0.060655177
RSI_14,0.05908426
High,0.058411248
20_day_std,0.055057094
volatility_10,0.054789558
Volume,0.052473873
daily_return,0.052441943
Open,0.052177887
20_day_ma,0.052131884
BB_lower,0.05060108
10_day_ma,0.050448272
