Feature,Importance
MACD,0.070042714
20_day_ma,0.06958776
BB_lower,0.06678247
10_day_ma,0.06576627
High,0.06531684
BB_upper,0.06451631
Low,0.06362386
volatility_10,0.06291521
Close,0.06210502
daily_return,0.0607932
Volume,0.05810996
Open,0.05600484
volume_change,0.05492703
20_day_std,0.050416008
MACD_signal,0.047112994
5_day_ma,0.043259006
RSI_14,0.038720533
