Feature,Importance
MACD,0.06580002
BB_lower,0.065072015
Open,0.06494233
MACD_signal,0.062078606
High,0.061776
10_day_ma,0.06128861
BB_upper,0.060740046
Low,0.06047772
20_day_std,0.05837344
20_day_ma,0.05795889
volatility_10,0.056512482
volume_change,0.056036603
RSI_14,0.055256803
Close,0.055073734
daily_return,0.054967936
Volume,0.053547986
5_day_ma,0.050096713
