Feature,Importance
BB_lower,0.073603675
Close,0.07196898
Low,0.06580733
High,0.06504044
10_day_ma,0.064622805
daily_return,0.059863172
MACD,0.059846625
BB_upper,0.05723148
RSI_14,0.05674423
Open,0.056603692
volume_change,0.056117922
MACD_signal,0.056116436
5_day_ma,0.055985406
volatility_10,0.054255553
20_day_std,0.050965987
20_day_ma,0.048166916
Volume,0.047059376
