Feature,Importance
MACD_signal,0.073738545
Close,0.06994089
volume_change,0.06385348
BB_upper,0.063301004
RSI_14,0.06325286
High,0.06318849
Open,0.059986487
20_day_ma,0.05928314
MACD,0.05773863
10_day_ma,0.057707813
5_day_ma,0.05676042
Low,0.05416951
BB_lower,0.053511932
Volume,0.05237921
daily_return,0.052317366
volatility_10,0.051835157
20_day_std,0.047035057
