Feature,Importance
BB_upper,0.085459836
High,0.0832375
MACD,0.07403157
Close,0.07289755
Low,0.06237856
MACD_signal,0.061426573
Open,0.056913413
volume_change,0.056276225
5_day_ma,0.055225797
Volume,0.053504087
volatility_10,0.052903693
10_day_ma,0.05042057
RSI_14,0.048851836
BB_lower,0.04871261
daily_return,0.046763454
20_day_ma,0.045827564
20_day_std,0.045169182
