Feature,Importance
20_day_std,0.06761768
BB_lower,0.066827804
High,0.06459408
Low,0.06315283
10_day_ma,0.06306559
BB_upper,0.062216368
daily_return,0.06158069
MACD,0.060915235
20_day_ma,0.06006458
Open,0.059394795
Volume,0.059308402
volatility_10,0.059032362
RSI_14,0.057625
MACD_signal,0.053142328
volume_change,0.049830224
Close,0.04745901
5_day_ma,0.04417309
