Feature,Importance
volatility_10,0.068035655
Open,0.06718936
BB_lower,0.064190514
5_day_ma,0.06381258
BB_upper,0.0635293
20_day_ma,0.06342848
volume_change,0.06329988
High,0.060988102
Low,0.05840128
Volume,0.05740614
daily_return,0.05592057
MACD,0.055790454
10_day_ma,0.055423
MACD_signal,0.053467486
Close,0.053428374
20_day_std,0.050260533
RSI_14,0.045428317
