Feature,Importance
MACD_signal,0.066324666
BB_upper,0.06578907
Volume,0.065584466
20_day_ma,0.06475084
Open,0.0634299
High,0.06304215
BB_lower,0.062090274
Close,0.061237384
20_day_std,0.061056286
MACD,0.058251876
RSI_14,0.05767055
10_day_ma,0.053081125
daily_return,0.052473325
Low,0.051981818
volatility_10,0.05197086
volume_change,0.05196611
5_day_ma,0.04929924
