Feature,Importance
Low,0.07872562
5_day_ma,0.07180339
RSI_14,0.06841225
volatility_10,0.06569538
Volume,0.064726375
volume_change,0.060331874
20_day_ma,0.059733354
20_day_std,0.05919401
BB_upper,0.057757936
Open,0.054225415
10_day_ma,0.053754553
MACD,0.053754028
daily_return,0.053403005
BB_lower,0.05207971
MACD_signal,0.051198963
High,0.050067317
Close,0.045136895
