Feature,Importance
10_day_ma,0.07231782
Open,0.06898546
MACD,0.06787366
High,0.0655856
BB_lower,0.064262144
daily_return,0.062128022
Close,0.06114483
RSI_14,0.060145233
Volume,0.058975976
volume_change,0.058409903
Low,0.05784452
volatility_10,0.0564586
20_day_std,0.05398754
MACD_signal,0.053219624
BB_upper,0.05211411
5_day_ma,0.047625437
20_day_ma,0.03892157
