Feature,Importance
BB_upper,0.07380636
Volume,0.063566156
MACD,0.06275167
High,0.06247357
Open,0.062197365
BB_lower,0.06162355
10_day_ma,0.061404914
daily_return,0.059926942
Close,0.057872377
volume_change,0.05655824
RSI_14,0.05646041
20_day_std,0.055546932
20_day_ma,0.054959778
5_day_ma,0.053432792
volatility_10,0.052625395
MACD_signal,0.052563667
Low,0.052229937
