Feature,Importance
BB_lower,0.07034859
20_day_ma,0.06588225
daily_return,0.064919636
BB_upper,0.0625564
RSI_14,0.06178033
volume_change,0.061524134
MACD,0.061073706
High,0.060628187
20_day_std,0.05974702
MACD_signal,0.059067618
Open,0.058604132
5_day_ma,0.05728047
Low,0.055502556
10_day_ma,0.053573817
volatility_10,0.053022273
Close,0.04738083
Volume,0.047108024
