Feature,Importance
5_day_ma,0.08220147
Close,0.08125178
volatility_10,0.07696952
MACD_signal,0.06741367
RSI_14,0.060963992
BB_lower,0.0602661
volume_change,0.05890945
20_day_std,0.057501003
High,0.057070278
Low,0.056125317
BB_upper,0.055425394
MACD,0.05259777
Volume,0.051331494
20_day_ma,0.04979315
Open,0.048704777
10_day_ma,0.04293954
daily_return,0.04053536
