Feature,Importance
Open,0.07661863
5_day_ma,0.06752268
Close,0.06669026
BB_upper,0.06263639
Low,0.061057907
MACD,0.06085112
10_day_ma,0.06042797
Volume,0.058816765
MACD_signal,0.058324475
BB_lower,0.0566557
volatility_10,0.055788305
High,0.05426084
20_day_ma,0.054169916
RSI_14,0.052943308
volume_change,0.052197725
20_day_std,0.051806033
daily_return,0.04923193
