Feature,Importance
BB_upper,0.07598568
MACD_signal,0.06515493
MACD,0.06440711
volume_change,0.06377314
10_day_ma,0.063221104
daily_return,0.06268145
20_day_std,0.061302997
Open,0.060486577
volatility_10,0.059994176
20_day_ma,0.05921673
BB_lower,0.058838263
Close,0.054748684
RSI_14,0.053739563
Volume,0.053388346
5_day_ma,0.04958158
High,0.049199753
Low,0.04427996
