Feature,Importance
5_day_ma,0.069514014
Low,0.06894555
High,0.06780935
MACD_signal,0.0638096
Close,0.062621206
10_day_ma,0.0623407
BB_lower,0.060714245
20_day_std,0.05945098
Open,0.05908693
Volume,0.057893787
20_day_ma,0.05589894
MACD,0.054354798
volume_change,0.052670456
BB_upper,0.05165699
volatility_10,0.051467493
daily_return,0.05120469
RSI_14,0.050560303
