Feature,Importance
10_day_ma,0.06797883
MACD_signal,0.066906944
High,0.06489009
BB_upper,0.064479426
daily_return,0.06269862
20_day_std,0.062476523
Low,0.062245928
volatility_10,0.058796667
20_day_ma,0.05866275
volume_change,0.056971464
5_day_ma,0.056092177
BB_lower,0.05603329
RSI_14,0.056020197
Volume,0.05214797
Close,0.0520097
Open,0.050942
MACD,0.050647438
