Feature,Importance
Low,0.07875178
BB_upper,0.07551399
RSI_14,0.071740925
5_day_ma,0.066687584
BB_lower,0.06453984
Close,0.061771724
High,0.060771506
volatility_10,0.058948208
20_day_std,0.05694234
daily_return,0.05669269
volume_change,0.05528905
Open,0.05348285
10_day_ma,0.052886102
20_day_ma,0.052594006
MACD_signal,0.048539933
MACD,0.0462241
Volume,0.03862337
