Feature,Importance
5_day_ma,0.07516951
BB_lower,0.073872775
Close,0.06684991
High,0.06624212
Open,0.06589151
MACD_signal,0.06427686
volatility_10,0.06419833
MACD,0.061214935
volume_change,0.05868008
Low,0.05660555
BB_upper,0.05419436
daily_return,0.052332975
Volume,0.049660996
10_day_ma,0.0488743
20_day_std,0.04764081
RSI_14,0.047449328
20_day_ma,0.046845604
