Feature,Importance
volume_change,0.07815147
BB_upper,0.07498779
Low,0.071285084
20_day_ma,0.06745456
20_day_std,0.061447676
10_day_ma,0.06020995
RSI_14,0.059499256
daily_return,0.05631737
BB_lower,0.05625629
High,0.05569085
MACD,0.054360878
Open,0.053057875
5_day_ma,0.052456785
volatility_10,0.05130047
Close,0.051281862
MACD_signal,0.04818932
Volume,0.048052486
