Feature,Importance
20_day_ma,0.06870223
BB_lower,0.066486366
10_day_ma,0.06369599
20_day_std,0.0633293
5_day_ma,0.06254756
volume_change,0.0619816
BB_upper,0.06155792
daily_return,0.059155006
Low,0.05899082
Volume,0.058228754
RSI_14,0.058105525
Open,0.056800924
volatility_10,0.05568148
MACD,0.053073637
Close,0.051727016
High,0.051685497
MACD_signal,0.048250444
