Feature,Importance
5_day_ma,0.074506596
MACD,0.06575535
Open,0.06208291
BB_upper,0.061960686
volatility_10,0.061230727
daily_return,0.06112078
MACD_signal,0.05835699
10_day_ma,0.05823031
RSI_14,0.05819778
volume_change,0.057864487
High,0.05726591
Close,0.05613885
Volume,0.056115486
20_day_ma,0.055624384
Low,0.05199504
BB_lower,0.051990822
20_day_std,0.05156287
