Feature,Importance
volume_change,0.070773065
20_day_std,0.06777145
Volume,0.064849414
Low,0.06437126
BB_upper,0.063728325
BB_lower,0.060375948
20_day_ma,0.059073493
High,0.058646932
10_day_ma,0.058393613
5_day_ma,0.058002707
MACD,0.05640143
daily_return,0.05588044
volatility_10,0.055369884
MACD_signal,0.05422099
Close,0.05414005
RSI_14,0.051099468
Open,0.046901498
