Feature,Importance
daily_return,0.06989159
10_day_ma,0.06868209
20_day_std,0.06642843
BB_upper,0.06393748
volume_change,0.06323515
volatility_10,0.061960313
5_day_ma,0.06013061
MACD_signal,0.059756927
Open,0.05954443
BB_lower,0.059491515
Low,0.057725694
High,0.0551218
20_day_ma,0.052951586
RSI_14,0.05293418
Volume,0.0514937
MACD,0.048445236
Close,0.048269257
