Feature,Importance
BB_upper,0.08040554
MACD,0.0698862
MACD_signal,0.069108926
Open,0.06822579
daily_return,0.06252619
10_day_ma,0.061054397
Close,0.05941858
volume_change,0.058865495
20_day_ma,0.057334777
BB_lower,0.05595203
High,0.053402163
20_day_std,0.05192076
volatility_10,0.051893987
5_day_ma,0.051493943
Low,0.05122104
Volume,0.050357983
RSI_14,0.046932217
