Feature,Importance
10_day_ma,0.06933584
BB_upper,0.06770726
MACD,0.066017665
daily_return,0.06027056
5_day_ma,0.059610073
20_day_std,0.059068996
volatility_10,0.059052307
RSI_14,0.05805277
Low,0.057968613
Open,0.057225347
20_day_ma,0.056711543
MACD_signal,0.056286518
High,0.05556505
volume_change,0.055012982
BB_lower,0.054807283
Volume,0.054513372
Close,0.052793883
