Feature,Importance
10_day_ma,0.07597847
Open,0.072386764
Low,0.06471877
Volume,0.06348293
volatility_10,0.061804656
5_day_ma,0.061361462
High,0.05976175
20_day_ma,0.05951696
MACD,0.056470428
volume_change,0.055994216
BB_upper,0.055334717
MACD_signal,0.05370824
Close,0.05334626
RSI_14,0.05262632
daily_return,0.051833898
20_day_std,0.051061578
BB_lower,0.05061254
