Feature,Importance
High,0.07327786
Low,0.071856245
Close,0.07041001
20_day_ma,0.06784026
BB_upper,0.06284721
20_day_std,0.062265188
Open,0.060814634
5_day_ma,0.059446372
10_day_ma,0.05633689
BB_lower,0.055865426
RSI_14,0.054412898
volatility_10,0.0536185
volume_change,0.052311912
Volume,0.051153783
MACD,0.05078621
MACD_signal,0.048652004
daily_return,0.048104562
