Feature,Importance
Open,0.07631814
Low,0.07131743
Volume,0.06885611
volatility_10,0.06585612
5_day_ma,0.0651353
High,0.06404015
MACD,0.06394374
BB_lower,0.062080897
10_day_ma,0.058418743
MACD_signal,0.05545836
Close,0.05368003
20_day_std,0.053343218
RSI_14,0.05296573
volume_change,0.051522102
daily_return,0.05132342
BB_upper,0.045014042
20_day_ma,0.040726483
