Feature,Importance
High,0.07101033
volume_change,0.06873906
BB_upper,0.06873522
MACD_signal,0.06549992
Open,0.06451339
20_day_ma,0.06307161
10_day_ma,0.060658637
Low,0.060419668
BB_lower,0.059595983
volatility_10,0.058962163
20_day_std,0.058911443
5_day_ma,0.052160867
daily_return,0.05191242
RSI_14,0.05086974
MACD,0.050103992
Close,0.048121054
Volume,0.046714567
