Feature,Importance
High,0.077974014
10_day_ma,0.07531803
20_day_std,0.071720146
BB_lower,0.065091684
daily_return,0.062671974
Close,0.060487334
volatility_10,0.059509117
BB_upper,0.059494488
MACD_signal,0.058812536
volume_change,0.058167238
Open,0.057025876
20_day_ma,0.053965386
MACD,0.052767944
5_day_ma,0.048310287
RSI_14,0.04779976
Low,0.046838716
Volume,0.04404544
