Feature,Importance
Open,0.08001752
5_day_ma,0.07465375
20_day_ma,0.06702175
Low,0.06453865
MACD,0.06422927
daily_return,0.06224894
volatility_10,0.061393175
10_day_ma,0.05813332
Close,0.057292443
BB_upper,0.05616062
MACD_signal,0.056025576
volume_change,0.055987958
BB_lower,0.053514265
Volume,0.051245596
RSI_14,0.047154054
High,0.045243848
20_day_std,0.045139246
