Feature,Importance
20_day_std,0.07176372
Close,0.07150024
volume_change,0.06937055
Low,0.06486944
MACD,0.06374544
MACD_signal,0.06049524
10_day_ma,0.058801297
BB_upper,0.058101125
High,0.05796789
Volume,0.05756148
volatility_10,0.057401992
20_day_ma,0.057172637
BB_lower,0.056800943
5_day_ma,0.055843066
daily_return,0.050961304
RSI_14,0.044079944
Open,0.04356373
