Feature,Importance
BB_upper,0.08180576
daily_return,0.07465188
volatility_10,0.06611662
volume_change,0.064890675
Open,0.06162444
20_day_std,0.06116608
20_day_ma,0.059905812
Low,0.05798063
BB_lower,0.057574168
5_day_ma,0.055298373
MACD,0.05417955
Volume,0.051698815
MACD_signal,0.051629595
High,0.05135042
10_day_ma,0.050905127
Close,0.049733013
RSI_14,0.049489092
