Feature,Importance
High,0.070362195
volatility_10,0.068510674
Volume,0.06798763
volume_change,0.06782569
RSI_14,0.062127553
5_day_ma,0.061723243
BB_lower,0.060420103
20_day_std,0.057932198
20_day_ma,0.057760663
10_day_ma,0.05767997
daily_return,0.054321326
MACD_signal,0.0539332
BB_upper,0.05349929
Open,0.052876756
MACD,0.052101508
Close,0.05131683
Low,0.049621176
