Feature,Importance
BB_lower,0.06932706
High,0.06842288
Low,0.067155756
5_day_ma,0.066632375
Volume,0.06401678
Open,0.06276979
20_day_ma,0.061295975
BB_upper,0.06127525
MACD,0.05859592
volume_change,0.055122998
MACD_signal,0.05498565
volatility_10,0.05437747
RSI_14,0.053527597
10_day_ma,0.053342387
Close,0.05088264
20_day_std,0.05063684
daily_return,0.047632743
