Feature,Importance
Low,0.08629454
10_day_ma,0.07301062
BB_upper,0.06888889
5_day_ma,0.0678095
20_day_std,0.06691219
Close,0.065991074
Open,0.061458416
daily_return,0.05776473
High,0.056506258
Volume,0.056164645
20_day_ma,0.056086034
MACD_signal,0.05559591
RSI_14,0.050806914
volume_change,0.047847427
MACD,0.044962894
volatility_10,0.043158777
BB_lower,0.040741216
