Feature,Importance
volume_change,0.07282514
volatility_10,0.070988335
High,0.068654865
BB_upper,0.06659207
MACD,0.06487101
20_day_std,0.06302039
Open,0.062730625
BB_lower,0.061505012
20_day_ma,0.060419478
10_day_ma,0.06038978
RSI_14,0.058624305
MACD_signal,0.05422391
daily_return,0.052804988
5_day_ma,0.05145023
Close,0.05049138
Volume,0.043228082
Low,0.03718037
