Feature,Importance
MACD,0.070192605
5_day_ma,0.06765768
Open,0.06591042
BB_upper,0.06571639
volatility_10,0.06170781
High,0.061481535
BB_lower,0.06093508
20_day_ma,0.05843101
Volume,0.056727476
MACD_signal,0.05592927
20_day_std,0.05564249
10_day_ma,0.05489756
daily_return,0.054445304
Low,0.052786406
Close,0.05264006
volume_change,0.052488573
RSI_14,0.05241032
