Feature,Importance
10_day_ma,0.07120463
Open,0.06858401
Low,0.06664908
5_day_ma,0.062442448
Volume,0.06218714
MACD,0.05993065
High,0.05948816
volatility_10,0.058894947
BB_upper,0.05796377
BB_lower,0.057380576
volume_change,0.05688407
20_day_ma,0.05623523
Close,0.05484025
MACD_signal,0.05319675
RSI_14,0.053039163
daily_return,0.052495796
20_day_std,0.04858328
