Feature,Importance
BB_upper,0.073518835
BB_lower,0.06756276
5_day_ma,0.06474839
High,0.06457866
Open,0.0638429
10_day_ma,0.06286982
20_day_ma,0.061811503
RSI_14,0.058565926
volume_change,0.058129545
daily_return,0.057418287
volatility_10,0.054370232
Volume,0.054298658
20_day_std,0.053855933
MACD_signal,0.05354964
Low,0.05313182
MACD,0.052578736
Close,0.045168374
