Feature,Importance
MACD_signal,0.07243393
Open,0.07052565
20_day_ma,0.0693673
Close,0.06754958
MACD,0.06539733
Low,0.06428994
Volume,0.057854567
20_day_std,0.05765801
5_day_ma,0.05732262
daily_return,0.055697408
RSI_14,0.05521539
BB_upper,0.054676376
10_day_ma,0.053507783
High,0.052398384
volume_change,0.05049898
BB_lower,0.049985856
volatility_10,0.04562084
