Feature,Importance
BB_lower,0.082287386
20_day_ma,0.07822448
High,0.068180166
Open,0.06585525
5_day_ma,0.06262582
RSI_14,0.060748033
BB_upper,0.060488787
Volume,0.060460337
10_day_ma,0.058705304
20_day_std,0.055845793
daily_return,0.054787606
volume_change,0.052617155
MACD,0.049954776
volatility_10,0.04940244
Low,0.048457112
Close,0.047196757
MACD_signal,0.044162773
