Feature,Importance
RSI_14,0.0679216
High,0.06622877
volatility_10,0.06496368
volume_change,0.064089745
Close,0.06283422
BB_lower,0.06273659
Volume,0.060861945
daily_return,0.059237238
Open,0.05912623
20_day_ma,0.059117936
10_day_ma,0.058562715
MACD_signal,0.057452027
MACD,0.053787977
Low,0.05108236
5_day_ma,0.051066294
BB_upper,0.050525498
20_day_std,0.05040523
