Feature,Importance
Close,0.08542057
10_day_ma,0.08279518
BB_upper,0.07705826
5_day_ma,0.07082853
Low,0.067951344
20_day_std,0.06313058
High,0.061862238
MACD_signal,0.05628939
volume_change,0.05524241
Open,0.054184772
volatility_10,0.0519688
daily_return,0.051244225
Volume,0.049611803
MACD,0.04522316
RSI_14,0.044791956
20_day_ma,0.04368818
BB_lower,0.03870857
