Feature,Importance
20_day_ma,0.09767637
BB_upper,0.070350856
10_day_ma,0.06725652
MACD,0.062201828
volume_change,0.0609077
Low,0.05953533
BB_lower,0.058794778
Close,0.05813501
RSI_14,0.057035036
20_day_std,0.05497691
High,0.05472776
Volume,0.05435292
volatility_10,0.052985515
daily_return,0.05162012
Open,0.05018285
5_day_ma,0.04504589
MACD_signal,0.044214655
