Feature,Importance
BB_upper,0.07472931
High,0.067786075
Low,0.06623782
20_day_ma,0.0659569
MACD,0.0632305
BB_lower,0.060683165
MACD_signal,0.0604964
Close,0.059598427
daily_return,0.057544697
volatility_10,0.056414753
10_day_ma,0.055618037
RSI_14,0.054746427
20_day_std,0.05379778
volume_change,0.05270005
Open,0.05263424
5_day_ma,0.0493721
Volume,0.04845335
