Feature,Importance
Open,0.08300233
RSI_14,0.07192199
Close,0.069299094
BB_lower,0.0672379
Low,0.06577628
High,0.060331535
BB_upper,0.058739666
volume_change,0.05605271
MACD_signal,0.054768674
5_day_ma,0.054544777
daily_return,0.053853247
10_day_ma,0.052848745
20_day_ma,0.05177426
volatility_10,0.05139917
MACD,0.050716717
Volume,0.05041938
20_day_std,0.047313496
