Feature,Importance
BB_upper,0.088756934
High,0.080004476
Close,0.070516214
volatility_10,0.06521427
10_day_ma,0.065157406
daily_return,0.059759878
Open,0.05886801
MACD_signal,0.057399094
20_day_std,0.05389052
20_day_ma,0.05251112
RSI_14,0.052077048
MACD,0.051982936
Volume,0.05192306
BB_lower,0.05155576
5_day_ma,0.05095931
volume_change,0.04806573
Low,0.041358277
