Feature,Importance
10_day_ma,0.07454347
5_day_ma,0.0722371
Open,0.07015152
volume_change,0.06952455
High,0.06459097
volatility_10,0.06427139
Low,0.061123688
MACD_signal,0.06033359
20_day_ma,0.056574613
Close,0.056269977
Volume,0.056161925
BB_upper,0.05577352
RSI_14,0.0530307
MACD,0.052698497
daily_return,0.045686197
20_day_std,0.04460329
BB_lower,0.042425048
