Feature,Importance
Low,0.080418624
High,0.07632164
Close,0.07526862
Open,0.0682075
volatility_10,0.06383733
BB_lower,0.06188416
MACD_signal,0.06114955
20_day_ma,0.060853947
daily_return,0.058352306
5_day_ma,0.058019575
RSI_14,0.05781177
BB_upper,0.05087114
Volume,0.048851162
MACD,0.048319142
volume_change,0.047314294
20_day_std,0.042374168
10_day_ma,0.04014509
