Feature,Importance
High,0.074234545
Close,0.07199009
5_day_ma,0.06834509
BB_lower,0.067402214
20_day_ma,0.06605037
RSI_14,0.064366825
Low,0.06324925
MACD,0.06320954
BB_upper,0.058367454
volume_change,0.05664487
daily_return,0.055391453
Volume,0.053721495
10_day_ma,0.051552963
MACD_signal,0.050034348
Open,0.047167998
20_day_std,0.046038393
volatility_10,0.042233076
