Feature,Importance
MACD,0.07406308
MACD_signal,0.073622726
BB_upper,0.06664502
volume_change,0.06498218
BB_lower,0.060933962
volatility_10,0.060580593
RSI_14,0.05929627
5_day_ma,0.05869731
20_day_std,0.057585854
High,0.0570194
daily_return,0.056586564
Close,0.05494588
Volume,0.05464307
Open,0.05178076
10_day_ma,0.05178048
Low,0.050969213
20_day_ma,0.045867633
