Feature,Importance
Low,0.07757068
MACD,0.07426018
BB_upper,0.07290936
5_day_ma,0.06977598
MACD_signal,0.068363205
Close,0.067608155
Open,0.06437984
RSI_14,0.05928008
volume_change,0.05829405
BB_lower,0.057291154
20_day_std,0.05303126
daily_return,0.05060931
20_day_ma,0.047591135
10_day_ma,0.04686755
High,0.046257854
volatility_10,0.043418594
Volume,0.042491574
