Feature,Importance
Open,0.079001755
5_day_ma,0.071684316
MACD,0.06796022
volatility_10,0.06479711
10_day_ma,0.062166266
volume_change,0.060839694
BB_upper,0.060583282
20_day_std,0.05864892
Low,0.05862675
MACD_signal,0.057878185
Close,0.057715837
BB_lower,0.05716553
20_day_ma,0.054730672
daily_return,0.05076396
RSI_14,0.047694575
Volume,0.047311787
High,0.042431116
