Feature,Importance
MACD_signal,0.0708146
5_day_ma,0.070259675
BB_lower,0.06761864
Low,0.06669385
volatility_10,0.06325177
High,0.06281585
20_day_std,0.061602022
RSI_14,0.059381086
Volume,0.05926695
20_day_ma,0.05722195
daily_return,0.05669498
BB_upper,0.054488312
MACD,0.054048486
Open,0.052669473
Close,0.049808137
10_day_ma,0.0475303
volume_change,0.045833826
