Feature,Importance
10_day_ma,0.07012683
Low,0.06938786
High,0.06778642
MACD,0.0665373
MACD_signal,0.06432153
volatility_10,0.063998416
BB_upper,0.062309776
Close,0.062194124
daily_return,0.058170855
Volume,0.057258196
RSI_14,0.057097092
20_day_std,0.05416332
BB_lower,0.05202412
Open,0.051624194
20_day_ma,0.050655153
volume_change,0.047720775
5_day_ma,0.044624057
