Feature,Importance
BB_lower,0.071461536
20_day_ma,0.066466875
Open,0.06410314
10_day_ma,0.063455425
volatility_10,0.06330428
BB_upper,0.062489893
Low,0.06226651
20_day_std,0.061677616
MACD,0.05996714
High,0.05660175
MACD_signal,0.055963997
daily_return,0.055022836
Volume,0.054820016
volume_change,0.05295514
RSI_14,0.052829053
5_day_ma,0.04945366
Close,0.04716111
