Feature,Importance
MACD_signal,0.06883561
5_day_ma,0.065657414
volume_change,0.06537699
Low,0.0653225
20_day_std,0.06439609
RSI_14,0.06393129
Open,0.0620488
BB_upper,0.05980335
volatility_10,0.05968922
Close,0.057713278
daily_return,0.057198834
Volume,0.056354016
10_day_ma,0.05352768
MACD,0.05286325
High,0.05209241
20_day_ma,0.05116272
BB_lower,0.044026423
