Feature,Importance
Close,0.10639317
MACD_signal,0.091868356
High,0.08102257
MACD,0.07762857
BB_upper,0.0738749
Volume,0.071621574
20_day_std,0.06848714
Low,0.06344886
BB_lower,0.06335948
daily_return,0.054436494
volatility_10,0.05308689
Open,0.044177502
RSI_14,0.040872198
volume_change,0.034303807
10_day_ma,0.031137401
5_day_ma,0.02997614
20_day_ma,0.0143049285
