Feature,Importance
Low,0.08820825
daily_return,0.06746351
volatility_10,0.06720524
5_day_ma,0.067006126
BB_upper,0.06333145
Open,0.06257974
BB_lower,0.061843008
RSI_14,0.061623342
Volume,0.061023705
volume_change,0.058405656
MACD_signal,0.054588035
20_day_std,0.054407604
20_day_ma,0.052637003
MACD,0.05236772
Close,0.047763024
High,0.040029813
10_day_ma,0.03951675
