Feature,Importance
5_day_ma,0.07684432
20_day_std,0.07475165
Low,0.073854
RSI_14,0.070028454
BB_lower,0.065924026
Volume,0.061938062
daily_return,0.061242208
volume_change,0.06067235
volatility_10,0.060599193
High,0.057369173
20_day_ma,0.05712627
MACD,0.05641306
BB_upper,0.0557784
MACD_signal,0.05027899
Open,0.045908798
Close,0.036835104
10_day_ma,0.034435984
