Feature,Importance
Low,0.067357436
MACD_signal,0.06504182
BB_upper,0.06317853
20_day_std,0.06281817
BB_lower,0.06262816
volume_change,0.061046794
Open,0.06104273
MACD,0.059111256
RSI_14,0.057943564
Volume,0.05651141
Close,0.05608175
20_day_ma,0.05572793
daily_return,0.055154864
High,0.054879118
5_day_ma,0.05453548
10_day_ma,0.05354875
volatility_10,0.053392217
