Feature,Importance
Close,0.0680086
10_day_ma,0.06487979
volume_change,0.06433697
MACD,0.06396637
20_day_std,0.063957736
Low,0.062829696
BB_lower,0.06269896
High,0.062084638
MACD_signal,0.060789492
volatility_10,0.056807544
20_day_ma,0.05640799
BB_upper,0.05616106
daily_return,0.056138232
5_day_ma,0.05607434
Volume,0.053230528
RSI_14,0.04775347
Open,0.043874647
