Feature,Importance
BB_upper,0.08518198
MACD,0.07781838
RSI_14,0.06866966
volatility_10,0.068521865
BB_lower,0.06711123
5_day_ma,0.06644578
Low,0.057053123
Close,0.055241343
20_day_std,0.055204656
daily_return,0.053995896
High,0.053993747
MACD_signal,0.053730812
volume_change,0.050571006
Open,0.049823478
10_day_ma,0.048427533
Volume,0.047399353
20_day_ma,0.040810086
