Feature,Importance
Low,0.08351424
Open,0.07727469
volatility_10,0.07709019
MACD_signal,0.068965785
High,0.0648031
20_day_std,0.06420164
daily_return,0.061047733
BB_lower,0.05695438
Volume,0.05592167
volume_change,0.05514655
RSI_14,0.053218227
20_day_ma,0.052382644
Close,0.05013948
MACD,0.049919385
5_day_ma,0.04605408
BB_upper,0.043710683
10_day_ma,0.03965551
