Feature,Importance
BB_upper,0.06882731
Open,0.06655984
MACD,0.06305566
BB_lower,0.06296559
20_day_ma,0.06291042
5_day_ma,0.062491
20_day_std,0.061918948
Low,0.058565974
MACD_signal,0.05856549
RSI_14,0.058067907
10_day_ma,0.057847183
Volume,0.05579305
daily_return,0.054439288
volume_change,0.05434804
High,0.05347062
volatility_10,0.050357245
Close,0.049816426
