Feature,Importance
20_day_ma,0.068808496
Low,0.06780766
5_day_ma,0.06756453
High,0.06627067
BB_lower,0.064573996
Close,0.06382352
MACD,0.06268759
Volume,0.05642098
volatility_10,0.0558769
volume_change,0.054843795
10_day_ma,0.05482588
Open,0.05440081
MACD_signal,0.054135125
RSI_14,0.053078003
daily_return,0.052771978
BB_upper,0.051386796
20_day_std,0.050723247
