Feature,Importance
5_day_ma,0.06827756
RSI_14,0.064968646
Low,0.06391976
MACD_signal,0.062359594
20_day_ma,0.061904818
Volume,0.061568603
daily_return,0.059807703
Open,0.05862612
20_day_std,0.058085717
MACD,0.057120364
BB_upper,0.05685763
High,0.056591325
volume_change,0.056353357
volatility_10,0.0558338
BB_lower,0.0543689
10_day_ma,0.053854443
Close,0.049501598
