Feature,Importance
10_day_ma,0.07374701
MACD_signal,0.06636693
5_day_ma,0.06568004
volatility_10,0.06531001
High,0.06530787
Volume,0.06125329
BB_upper,0.06011503
volume_change,0.05998424
BB_lower,0.05936625
daily_return,0.05636955
Close,0.056173936
20_day_ma,0.056130905
Open,0.055590387
20_day_std,0.05162118
MACD,0.051159814
Low,0.04842755
RSI_14,0.04739604
