Feature,Importance
Low,0.08113185
10_day_ma,0.06762303
20_day_ma,0.065622486
BB_upper,0.06353404
Open,0.062460255
volume_change,0.061910536
daily_return,0.061884027
RSI_14,0.061461195
BB_lower,0.060001776
volatility_10,0.057717532
Close,0.057559162
20_day_std,0.055159513
MACD,0.053591467
MACD_signal,0.05068839
5_day_ma,0.049744703
Volume,0.047554918
High,0.042355206
