Feature,Importance
High,0.07368353
BB_lower,0.072581016
Open,0.07256723
5_day_ma,0.06592045
volatility_10,0.06467402
20_day_std,0.06392464
BB_upper,0.063087486
RSI_14,0.061644975
volume_change,0.061456647
Volume,0.061395403
daily_return,0.05878013
10_day_ma,0.055012465
MACD_signal,0.047931466
MACD,0.047738157
20_day_ma,0.046139568
Close,0.044690743
Low,0.038772013
