Feature,Importance
Low,0.076961935
Open,0.0743985
High,0.06727902
MACD,0.067039095
volatility_10,0.063992664
10_day_ma,0.061760344
Volume,0.060572732
20_day_ma,0.059699554
BB_upper,0.0575089
5_day_ma,0.057248622
MACD_signal,0.05589154
RSI_14,0.055679858
Close,0.055107452
BB_lower,0.05068812
volume_change,0.048518438
20_day_std,0.045157738
daily_return,0.04249544
