Feature,Importance
Close,0.08497603
10_day_ma,0.0824332
5_day_ma,0.06866849
volume_change,0.066735886
MACD,0.0655432
RSI_14,0.06395284
BB_lower,0.062398992
daily_return,0.05880715
Volume,0.056909066
Open,0.05597461
volatility_10,0.055879783
MACD_signal,0.052863967
BB_upper,0.05189299
Low,0.04808065
High,0.045814775
20_day_std,0.04373885
20_day_ma,0.03532952
