Feature,Importance
Open,0.070555136
Close,0.07043
MACD,0.06562186
20_day_ma,0.06500757
Low,0.06459658
Volume,0.062548436
5_day_ma,0.059607387
High,0.05727683
RSI_14,0.05717444
BB_lower,0.057098743
MACD_signal,0.056366883
10_day_ma,0.055888984
20_day_std,0.05580748
daily_return,0.054854136
volume_change,0.051576424
volatility_10,0.048060555
BB_upper,0.04752854
