Feature,Importance
10_day_ma,0.07679386
Low,0.07010813
High,0.06536931
5_day_ma,0.0640324
Close,0.062228564
20_day_ma,0.0610038
MACD,0.060030073
MACD_signal,0.05976263
Open,0.058853257
RSI_14,0.05644091
volume_change,0.055198416
daily_return,0.054404
Volume,0.054003846
BB_upper,0.05251032
20_day_std,0.05169437
BB_lower,0.049168866
volatility_10,0.048397258
