Feature,Importance
BB_lower,0.08265231
BB_upper,0.068071365
daily_return,0.06345501
10_day_ma,0.06305417
RSI_14,0.0602746
20_day_ma,0.06020665
20_day_std,0.05999652
volume_change,0.05897768
MACD_signal,0.05856965
Low,0.057197865
MACD,0.05714955
Open,0.05592606
Close,0.054478895
High,0.053148344
5_day_ma,0.0499451
volatility_10,0.04875818
Volume,0.048138034
