Feature,Importance
High,0.07076719
MACD,0.06484619
BB_lower,0.06421673
MACD_signal,0.06146349
Open,0.0605986
Low,0.05993656
5_day_ma,0.05982174
RSI_14,0.059262443
volume_change,0.05861911
Volume,0.058517203
BB_upper,0.058166962
daily_return,0.056823205
10_day_ma,0.05606558
20_day_ma,0.054676767
Close,0.05296269
volatility_10,0.05169436
20_day_std,0.05156117
