Feature,Importance
20_day_ma,0.065744296
BB_lower,0.06428446
volatility_10,0.064155966
Volume,0.06401158
20_day_std,0.063505866
BB_upper,0.06290911
MACD_signal,0.06288419
Open,0.062146097
10_day_ma,0.061906207
5_day_ma,0.06086101
MACD,0.057095993
RSI_14,0.056663517
High,0.054894276
volume_change,0.05356715
daily_return,0.05146658
Low,0.047675118
Close,0.046228573
