Feature,Importance
Open,0.06621477
5_day_ma,0.06552833
Low,0.06440116
High,0.06330021
10_day_ma,0.06329646
BB_upper,0.06326458
Close,0.062220126
BB_lower,0.061413597
MACD_signal,0.057879366
volume_change,0.056894537
volatility_10,0.055613853
20_day_ma,0.055559933
20_day_std,0.053923216
daily_return,0.053371727
RSI_14,0.05307095
MACD,0.052990094
Volume,0.05105706
