Feature,Importance
Low,0.07791602
RSI_14,0.07220767
BB_upper,0.06679854
BB_lower,0.065519884
5_day_ma,0.0648304
20_day_std,0.063646086
Volume,0.063467376
MACD_signal,0.063170426
MACD,0.06316412
volume_change,0.058147345
20_day_ma,0.05573926
Close,0.05521837
High,0.050711464
volatility_10,0.05017163
10_day_ma,0.045911387
daily_return,0.042229023
Open,0.04115095
