Feature,Importance
Low,0.09392918
10_day_ma,0.092075475
Close,0.0725229
5_day_ma,0.06289559
volume_change,0.062059917
20_day_ma,0.061803054
RSI_14,0.059473965
Open,0.055827577
High,0.055081993
MACD,0.05428352
volatility_10,0.05257097
MACD_signal,0.052018505
20_day_std,0.050946504
daily_return,0.048658144
Volume,0.045447744
BB_lower,0.043169335
BB_upper,0.03723552
