Feature,Importance
volume_change,0.07321774
daily_return,0.06720146
5_day_ma,0.065608
20_day_ma,0.06452806
BB_upper,0.06365453
10_day_ma,0.061829202
20_day_std,0.060960304
Volume,0.060401283
Close,0.060091376
RSI_14,0.058630392
Low,0.057137944
Open,0.05700333
volatility_10,0.056734785
MACD,0.053971782
BB_lower,0.050024692
High,0.045032382
MACD_signal,0.043972675
