Feature,Importance
20_day_ma,0.09257712
High,0.068347305
Open,0.06728704
MACD,0.06584629
RSI_14,0.06574325
10_day_ma,0.065171055
volatility_10,0.06375423
Low,0.057728685
volume_change,0.056648597
5_day_ma,0.054339007
daily_return,0.05391306
Volume,0.053859543
BB_lower,0.05372068
20_day_std,0.053363785
Close,0.04552428
MACD_signal,0.042082045
BB_upper,0.04009409
