Feature,Importance
Low,0.07478135
MACD_signal,0.07021308
5_day_ma,0.06872488
Close,0.068238914
High,0.06771075
Open,0.067108534
MACD,0.06641795
RSI_14,0.065602906
BB_upper,0.06091596
volume_change,0.05810391
10_day_ma,0.05676877
volatility_10,0.056200057
20_day_std,0.054305214
daily_return,0.04633224
Volume,0.04469915
20_day_ma,0.0384222
BB_lower,0.03545411
