Feature,Importance
BB_upper,0.09251692
daily_return,0.068015836
Low,0.06560408
RSI_14,0.061682332
MACD,0.06121351
volatility_10,0.0596824
20_day_std,0.058449388
High,0.057601932
20_day_ma,0.056832522
Close,0.05583703
BB_lower,0.055472802
10_day_ma,0.05535696
Volume,0.05438803
Open,0.05276369
MACD_signal,0.052056503
volume_change,0.05100257
5_day_ma,0.041523412
