Feature,Importance
10_day_ma,0.08630209
BB_upper,0.074189186
MACD,0.06992315
MACD_signal,0.06549001
volume_change,0.062034287
20_day_ma,0.06157297
Volume,0.0593327
Low,0.058774818
20_day_std,0.058652375
Close,0.056935202
daily_return,0.053429835
High,0.05307239
Open,0.051647667
5_day_ma,0.050756484
RSI_14,0.049419448
volatility_10,0.04935753
BB_lower,0.039109834
