Feature,Importance
High,0.06994378
volume_change,0.06881453
Open,0.068589754
BB_lower,0.06400848
5_day_ma,0.06361189
Volume,0.063261904
Close,0.06218321
10_day_ma,0.060685515
MACD,0.060484175
volatility_10,0.0593872
BB_upper,0.059360337
Low,0.055482123
RSI_14,0.0546554
MACD_signal,0.053711697
20_day_ma,0.0503502
daily_return,0.04887416
20_day_std,0.036595643
