Feature,Importance
Low,0.08360064
20_day_ma,0.0724687
20_day_std,0.07062326
10_day_ma,0.067436256
High,0.06295013
Close,0.06260755
RSI_14,0.06155186
Open,0.061059657
BB_lower,0.057985906
Volume,0.056151196
BB_upper,0.055924445
5_day_ma,0.051990706
volume_change,0.051841814
daily_return,0.05111688
MACD,0.047979493
volatility_10,0.043959074
MACD_signal,0.04075247
