Feature,Importance
20_day_ma,0.07390884
Close,0.06934231
10_day_ma,0.06702951
RSI_14,0.06331292
Open,0.0628178
MACD,0.061572608
Volume,0.059648428
BB_lower,0.059334718
MACD_signal,0.059185326
High,0.05894018
daily_return,0.05549367
Low,0.05403253
5_day_ma,0.05275053
20_day_std,0.052024852
BB_upper,0.05190576
volume_change,0.05065274
volatility_10,0.048047252
