Feature,Importance
Low,0.08596512
20_day_std,0.077845685
High,0.07135403
RSI_14,0.068671875
5_day_ma,0.06609454
10_day_ma,0.060486853
BB_lower,0.058416937
20_day_ma,0.057723314
daily_return,0.055379
MACD_signal,0.055075135
Close,0.054192983
volatility_10,0.054187257
BB_upper,0.05125241
MACD,0.049193796
volume_change,0.048645895
Volume,0.04457621
Open,0.04093897
