Feature,Importance
20_day_ma,0.07698578
volatility_10,0.07547044
BB_upper,0.073443666
Close,0.0718641
10_day_ma,0.06158604
Volume,0.060952704
20_day_std,0.060132712
BB_lower,0.058498777
volume_change,0.05847039
MACD,0.057801083
daily_return,0.057030994
RSI_14,0.056766007
5_day_ma,0.055595517
Open,0.052770995
MACD_signal,0.049619764
Low,0.041858606
High,0.031152412
