Feature,Importance
Close,0.067694716
Low,0.06729697
MACD,0.06487619
BB_upper,0.06384643
BB_lower,0.061787635
RSI_14,0.061331917
daily_return,0.059202578
20_day_std,0.05846315
High,0.058452625
volatility_10,0.057772998
Volume,0.056800675
Open,0.056029793
20_day_ma,0.055475295
volume_change,0.054055497
5_day_ma,0.053736452
MACD_signal,0.05263338
10_day_ma,0.05054376
