Feature,Importance
BB_upper,0.0684655
10_day_ma,0.06713833
Open,0.066664055
High,0.0650777
Low,0.064091735
RSI_14,0.061905343
Volume,0.061268177
BB_lower,0.06051186
Close,0.05890813
5_day_ma,0.057082575
MACD_signal,0.05650111
daily_return,0.0558554
MACD,0.055253897
20_day_std,0.05305857
volatility_10,0.051939916
volume_change,0.048181362
20_day_ma,0.04809633
