Feature,Importance
20_day_ma,0.06702869
Volume,0.06454403
daily_return,0.06452295
BB_lower,0.064058945
High,0.06213393
Open,0.06045451
10_day_ma,0.06029397
5_day_ma,0.060287725
MACD,0.05786456
volume_change,0.05638828
MACD_signal,0.056360062
BB_upper,0.056243133
RSI_14,0.054648127
Low,0.054322198
Close,0.054098103
20_day_std,0.05400909
volatility_10,0.05274168
