Feature,Importance
MACD_signal,0.07509453
MACD,0.06811506
RSI_14,0.06575737
20_day_std,0.062138617
BB_lower,0.0621222
5_day_ma,0.061763063
Low,0.060650785
Close,0.05974706
BB_upper,0.058238037
20_day_ma,0.05678103
10_day_ma,0.056235198
volume_change,0.055985194
Open,0.05540726
volatility_10,0.05536045
daily_return,0.055248667
High,0.046522055
Volume,0.044833373
