Feature,Importance
MACD,0.07001468
10_day_ma,0.06747534
BB_upper,0.06666728
Close,0.066616885
20_day_std,0.06422434
BB_lower,0.06324123
5_day_ma,0.06187058
Low,0.060703594
RSI_14,0.059331328
daily_return,0.056573767
Volume,0.05569516
High,0.055039838
volume_change,0.0548287
volatility_10,0.052542236
20_day_ma,0.049996197
Open,0.0487666
MACD_signal,0.046412252
