Feature,Importance
BB_upper,0.06918421
BB_lower,0.06899685
5_day_ma,0.068831936
volatility_10,0.06459936
volume_change,0.062364914
High,0.06115846
20_day_ma,0.0608824
Open,0.059531763
daily_return,0.05842963
MACD,0.05785279
Volume,0.05520318
MACD_signal,0.054475002
Close,0.053510904
10_day_ma,0.053134456
20_day_std,0.052992176
RSI_14,0.051379472
Low,0.047472496
