Feature,Importance
MACD_signal,0.068925664
volume_change,0.066639766
5_day_ma,0.066367395
High,0.06575481
Low,0.065660134
MACD,0.06199295
volatility_10,0.061225053
RSI_14,0.060154967
20_day_std,0.05816166
daily_return,0.057267353
Open,0.055859797
BB_upper,0.05542047
Close,0.053943846
10_day_ma,0.05347036
20_day_ma,0.05100273
Volume,0.05058441
BB_lower,0.047568657
