Feature,Importance
10_day_ma,0.07071825
BB_upper,0.06475882
20_day_ma,0.06270116
Open,0.06255474
MACD_signal,0.062483653
volatility_10,0.060524426
High,0.059942234
RSI_14,0.05974945
daily_return,0.059328385
Volume,0.05795346
Close,0.057595108
MACD,0.057366464
BB_lower,0.056577194
20_day_std,0.05557674
5_day_ma,0.053218544
Low,0.050299164
volume_change,0.04865212
