Feature,Importance
Low,0.072958015
Close,0.07213855
Open,0.06814025
MACD_signal,0.06474305
BB_lower,0.061694395
Volume,0.059298363
10_day_ma,0.058358397
volatility_10,0.05802586
5_day_ma,0.056543842
MACD,0.05584388
High,0.055585712
volume_change,0.05415363
daily_return,0.05361562
RSI_14,0.053453945
BB_upper,0.053091593
20_day_std,0.05259218
20_day_ma,0.049762677
