Feature,Importance
BB_lower,0.07239049
Low,0.07102382
20_day_ma,0.06821506
Open,0.06802887
High,0.067703746
Volume,0.06456612
5_day_ma,0.059027344
MACD,0.05757959
Close,0.05600813
BB_upper,0.055605114
volatility_10,0.05488087
MACD_signal,0.05448027
20_day_std,0.05344474
RSI_14,0.052098338
volume_change,0.051163062
10_day_ma,0.04837572
daily_return,0.04540869
