Feature,Importance
RSI_14,0.077520825
10_day_ma,0.07692207
BB_lower,0.074403234
MACD_signal,0.06505854
MACD,0.063235395
20_day_ma,0.06199844
20_day_std,0.059453458
Low,0.05734589
High,0.056177676
volume_change,0.05617721
Close,0.055337578
daily_return,0.05471802
Volume,0.05252828
Open,0.049284004
BB_upper,0.048417013
volatility_10,0.046920266
5_day_ma,0.04450212
