Feature,Importance
10_day_ma,0.07623538
BB_upper,0.07057242
Close,0.06420897
BB_lower,0.062799044
5_day_ma,0.062313464
20_day_ma,0.05922365
MACD_signal,0.05904201
volatility_10,0.058647145
High,0.05663731
20_day_std,0.05661633
daily_return,0.056106385
Open,0.0558075
MACD,0.05529082
Volume,0.055073418
volume_change,0.052393045
RSI_14,0.052039385
Low,0.04699367
