Feature,Importance
Open,0.077315085
volatility_10,0.072682895
20_day_std,0.07195439
BB_upper,0.068360694
volume_change,0.06714249
daily_return,0.06365991
5_day_ma,0.06308773
Volume,0.062821075
MACD,0.06087991
MACD_signal,0.060186945
Low,0.057925195
RSI_14,0.055030808
High,0.05368797
Close,0.049803983
10_day_ma,0.045159496
20_day_ma,0.03571469
BB_lower,0.034586754
