Feature,Importance
High,0.07588524
Low,0.068169795
BB_upper,0.06812761
Open,0.064252
RSI_14,0.06412833
Volume,0.06135225
20_day_std,0.061233282
Close,0.06095071
MACD,0.057524554
MACD_signal,0.05740467
volume_change,0.056840234
volatility_10,0.054764494
daily_return,0.054237515
20_day_ma,0.05280352
5_day_ma,0.049463995
10_day_ma,0.049200885
BB_lower,0.04366088
