Feature,Importance
BB_upper,0.0772836
volatility_10,0.0659758
volume_change,0.06348493
10_day_ma,0.06289096
BB_lower,0.06218504
MACD_signal,0.06079998
High,0.059808344
Low,0.059005793
Open,0.05697474
Volume,0.05636655
MACD,0.055393547
Close,0.05523943
20_day_ma,0.05501659
5_day_ma,0.054295547
daily_return,0.053611346
20_day_std,0.053235225
RSI_14,0.04843254
