Feature,Importance
Low,0.07636074
Open,0.070857525
BB_lower,0.06507888
10_day_ma,0.06461975
Volume,0.06138063
volume_change,0.060111016
20_day_ma,0.05936197
volatility_10,0.05800249
BB_upper,0.057890967
20_day_std,0.05781489
RSI_14,0.0563223
MACD,0.055243224
MACD_signal,0.05460393
daily_return,0.053709548
5_day_ma,0.053378247
Close,0.047764767
High,0.047499154
