Feature,Importance
10_day_ma,0.081308804
5_day_ma,0.07226338
Open,0.06963611
volatility_10,0.06580343
20_day_ma,0.062492266
BB_upper,0.061106432
Close,0.059350714
Volume,0.05850344
MACD_signal,0.05832701
RSI_14,0.057948206
daily_return,0.056489494
volume_change,0.05503905
Low,0.05492024
High,0.05152486
MACD,0.046147875
BB_lower,0.044955794
20_day_std,0.04418286
