Feature,Importance
High,0.08706832
Low,0.08498813
BB_upper,0.08439234
20_day_std,0.063681334
RSI_14,0.063155934
daily_return,0.057459757
MACD_signal,0.057160955
volatility_10,0.055188317
volume_change,0.054953065
Open,0.052571945
10_day_ma,0.052252285
Close,0.051499426
20_day_ma,0.051167533
BB_lower,0.0495391
MACD,0.047096923
5_day_ma,0.044809345
Volume,0.04301527
