Feature,Importance
Low,0.08295183
RSI_14,0.071566306
MACD,0.07080269
20_day_ma,0.066321924
10_day_ma,0.05961881
volatility_10,0.058358986
Volume,0.05708961
volume_change,0.056222543
BB_upper,0.055867
daily_return,0.055448014
MACD_signal,0.054875933
Close,0.05358482
High,0.05341912
20_day_std,0.052718595
5_day_ma,0.05174697
Open,0.0514959
BB_lower,0.04791087
