Feature,Importance
Low,0.07899342
MACD_signal,0.06836368
20_day_ma,0.067940556
MACD,0.06403754
BB_upper,0.062677234
20_day_std,0.061575696
RSI_14,0.06087816
volume_change,0.05612148
5_day_ma,0.056091707
daily_return,0.05541725
High,0.055054814
10_day_ma,0.054581117
Close,0.0543634
BB_lower,0.05340318
Open,0.052505612
volatility_10,0.051207766
Volume,0.046787426
