Feature,Importance
MACD_signal,0.07542459
MACD,0.06957186
BB_lower,0.065627955
volatility_10,0.061249427
Open,0.060768634
daily_return,0.05985788
Close,0.05900164
20_day_std,0.058988355
BB_upper,0.057225015
RSI_14,0.05716461
20_day_ma,0.056067575
High,0.05580421
Low,0.05559724
5_day_ma,0.054701734
10_day_ma,0.054269407
volume_change,0.052155584
Volume,0.046524342
