Feature,Importance
20_day_ma,0.07268014
10_day_ma,0.07242745
BB_upper,0.06859382
MACD,0.06643106
volume_change,0.06584815
Close,0.06533119
BB_lower,0.06436109
volatility_10,0.06278619
High,0.057635866
5_day_ma,0.053377435
daily_return,0.05307297
20_day_std,0.052814554
MACD_signal,0.051535062
Low,0.051119126
Volume,0.050374698
Open,0.04900399
RSI_14,0.042607144
