Feature,Importance
Low,0.08088367
BB_lower,0.07399621
10_day_ma,0.07367424
Close,0.06472549
Open,0.06447072
20_day_ma,0.060803566
5_day_ma,0.059387878
BB_upper,0.058657337
volatility_10,0.057994395
volume_change,0.05743518
Volume,0.056704924
20_day_std,0.05604666
daily_return,0.050406855
MACD,0.04940873
High,0.04788853
RSI_14,0.04613
MACD_signal,0.04138565
