Feature,Importance
5_day_ma,0.0713046
MACD,0.07121714
10_day_ma,0.0697605
Open,0.069462046
volatility_10,0.06833808
High,0.062042236
volume_change,0.061417952
Low,0.060173362
20_day_ma,0.060067967
MACD_signal,0.056972772
BB_lower,0.054538462
RSI_14,0.054118615
daily_return,0.052462533
Close,0.050816942
Volume,0.047884185
BB_upper,0.04629717
20_day_std,0.04312544
