Feature,Importance
Low,0.07286239
Close,0.07222816
High,0.07176932
BB_lower,0.06988035
BB_upper,0.06610033
Open,0.06212628
volume_change,0.060999297
20_day_std,0.060020197
10_day_ma,0.058867287
MACD_signal,0.05585567
20_day_ma,0.05550586
volatility_10,0.05537323
5_day_ma,0.054097626
RSI_14,0.051861543
Volume,0.050100576
daily_return,0.04880149
MACD,0.03355041
