Feature,Importance
BB_lower,0.07361562
10_day_ma,0.06714184
Open,0.06671912
Low,0.0661805
volume_change,0.066045396
High,0.061967634
BB_upper,0.05997717
20_day_std,0.05908207
Close,0.058450047
20_day_ma,0.055837143
RSI_14,0.055227887
daily_return,0.05485919
volatility_10,0.052825447
MACD_signal,0.051483423
5_day_ma,0.050674696
Volume,0.05050921
MACD,0.049403537
