Feature,Importance
MACD_signal,0.071961276
BB_upper,0.07172173
Low,0.07151156
RSI_14,0.06528197
volume_change,0.062122233
MACD,0.060353518
5_day_ma,0.059699595
Open,0.05959153
Close,0.0556765
10_day_ma,0.05497064
High,0.054913156
BB_lower,0.05490297
daily_return,0.05468882
20_day_ma,0.05426038
volatility_10,0.051034078
20_day_std,0.04984384
Volume,0.04746616
