Feature,Importance
High,0.08851081
Low,0.08297694
volume_change,0.07363981
BB_upper,0.06294512
MACD,0.062440444
RSI_14,0.06236088
5_day_ma,0.060774174
volatility_10,0.06077063
20_day_std,0.059061002
Close,0.054244157
MACD_signal,0.054020956
daily_return,0.053559747
Volume,0.05226064
10_day_ma,0.049641814
20_day_ma,0.046641856
BB_lower,0.04158784
Open,0.03456319
