Feature,Importance
BB_upper,0.07352348
High,0.07268827
BB_lower,0.070136584
5_day_ma,0.06706673
Open,0.060894247
20_day_ma,0.060496345
volume_change,0.06001043
10_day_ma,0.059917666
RSI_14,0.059040923
Volume,0.058861353
20_day_std,0.057849254
volatility_10,0.05680193
daily_return,0.053472213
MACD_signal,0.049323246
Close,0.047823694
MACD,0.047507312
Low,0.044586375
