Feature,Importance
MACD_signal,0.069689855
BB_lower,0.068867214
5_day_ma,0.06649768
volatility_10,0.063873835
Low,0.06230722
High,0.0621561
volume_change,0.06175247
Open,0.061399657
20_day_std,0.059529744
Close,0.0592371
daily_return,0.0579382
BB_upper,0.056991894
MACD,0.053648386
RSI_14,0.050670568
Volume,0.049765714
10_day_ma,0.048439227
20_day_ma,0.047235187
