Feature,Importance
daily_return,0.06845711
20_day_std,0.06673469
MACD,0.06636715
10_day_ma,0.06551384
RSI_14,0.061472442
BB_upper,0.060607746
Low,0.06048234
volume_change,0.059000414
5_day_ma,0.058727823
Close,0.0582408
Open,0.05664642
Volume,0.05633421
20_day_ma,0.056298975
High,0.055046182
MACD_signal,0.054582395
volatility_10,0.052398704
BB_lower,0.043088805
