Feature,Importance
Low,0.073342904
Close,0.0732555
Open,0.06980135
BB_upper,0.069099806
20_day_std,0.066711485
High,0.060249805
BB_lower,0.060100496
MACD_signal,0.059373394
volume_change,0.05441416
RSI_14,0.053822853
daily_return,0.053672347
10_day_ma,0.05364972
MACD,0.05348282
Volume,0.051314138
5_day_ma,0.051207054
20_day_ma,0.049616728
volatility_10,0.04688542
