Feature,Importance
Open,0.076619096
Low,0.067230895
Volume,0.06651755
MACD,0.06479112
daily_return,0.06382128
High,0.06122045
volume_change,0.0611683
RSI_14,0.059709508
10_day_ma,0.058766622
volatility_10,0.05796108
BB_upper,0.056752943
BB_lower,0.055479966
MACD_signal,0.05297829
Close,0.051967982
20_day_std,0.05058647
20_day_ma,0.047480922
5_day_ma,0.046947554
