Feature,Importance
BB_upper,0.06882222
Volume,0.064618416
High,0.06395434
Open,0.063369036
MACD,0.061547745
MACD_signal,0.061290834
BB_lower,0.06047125
5_day_ma,0.059112914
20_day_ma,0.059070762
20_day_std,0.05904758
volatility_10,0.057313725
daily_return,0.056101948
10_day_ma,0.054646615
volume_change,0.054600783
Low,0.054369897
Close,0.051186614
RSI_14,0.050475396
