Feature,Importance
20_day_ma,0.087180816
BB_lower,0.07233657
Close,0.067420565
BB_upper,0.06673101
MACD,0.06435329
Low,0.063295774
High,0.062275752
MACD_signal,0.061229333
Volume,0.057767373
daily_return,0.05381266
RSI_14,0.05349554
Open,0.050462753
5_day_ma,0.049614213
volume_change,0.049406495
10_day_ma,0.047642715
volatility_10,0.047633026
20_day_std,0.04534208
