Feature,Importance
BB_lower,0.069966525
Open,0.06655159
MACD,0.06499551
20_day_ma,0.06428423
High,0.06258203
volatility_10,0.059708692
volume_change,0.059385486
BB_upper,0.0593821
5_day_ma,0.05893116
Close,0.05718554
Volume,0.05647987
RSI_14,0.056408126
daily_return,0.053785462
Low,0.053189646
MACD_signal,0.05314525
20_day_std,0.05295403
10_day_ma,0.051064674
