Feature,Importance
BB_lower,0.07831301
BB_upper,0.07308992
Low,0.064548135
MACD_signal,0.060546022
20_day_std,0.05997009
daily_return,0.059303567
10_day_ma,0.058580622
Volume,0.058068056
20_day_ma,0.057984818
MACD,0.057581633
Open,0.057400912
volatility_10,0.055578187
volume_change,0.054445792
RSI_14,0.053287055
Close,0.050967064
High,0.05075487
5_day_ma,0.049580216
