Feature,Importance
20_day_ma,0.073494494
High,0.07201177
Open,0.066963516
Low,0.06471653
Volume,0.06368385
BB_lower,0.063665524
5_day_ma,0.06350772
BB_upper,0.06210572
volatility_10,0.054924227
MACD_signal,0.054785796
volume_change,0.054681376
MACD,0.054107755
20_day_std,0.053287413
Close,0.0508974
RSI_14,0.05063204
daily_return,0.049454235
10_day_ma,0.04708055
