Feature,Importance
Low,0.070083834
BB_upper,0.066099495
10_day_ma,0.06189807
5_day_ma,0.06097124
MACD,0.060801927
BB_lower,0.06023858
daily_return,0.05878392
20_day_std,0.05847609
MACD_signal,0.058418017
RSI_14,0.058196593
volatility_10,0.057917405
20_day_ma,0.05701691
Open,0.056926727
Volume,0.05543126
volume_change,0.0550378
Close,0.053887364
High,0.049814884
