Feature,Importance
10_day_ma,0.08059729
5_day_ma,0.08057594
20_day_ma,0.07667455
High,0.067819946
MACD_signal,0.064852156
MACD,0.06249872
daily_return,0.060833827
RSI_14,0.060730916
Open,0.05651927
Low,0.054608986
Volume,0.053341754
volume_change,0.05322275
volatility_10,0.05054014
BB_upper,0.04944332
Close,0.046785086
BB_lower,0.04183443
20_day_std,0.039120965
