Feature,Importance
MACD,0.074735895
Open,0.06598072
volume_change,0.06294603
BB_lower,0.062851675
Volume,0.062443815
volatility_10,0.06118272
RSI_14,0.059594158
High,0.059374414
20_day_ma,0.058500197
20_day_std,0.05833757
BB_upper,0.05812406
daily_return,0.05659528
MACD_signal,0.055140246
5_day_ma,0.05285922
Low,0.05236274
10_day_ma,0.05031731
Close,0.048653957
