Feature,Importance
BB_upper,0.09109557
20_day_ma,0.07016742
High,0.067985274
MACD,0.06588694
BB_lower,0.06517807
Close,0.06315766
5_day_ma,0.060792834
RSI_14,0.058853127
Low,0.05612979
MACD_signal,0.05568046
volatility_10,0.051296126
Open,0.050803356
daily_return,0.049827974
volume_change,0.049295094
10_day_ma,0.049164757
20_day_std,0.048175965
Volume,0.04650961
