Feature,Importance
20_day_ma,0.07088159
MACD,0.06350685
Close,0.06289057
RSI_14,0.062554345
BB_lower,0.062008347
volume_change,0.061854985
Open,0.060107216
20_day_std,0.0596581
High,0.05796563
volatility_10,0.057760198
BB_upper,0.057054408
Volume,0.05587095
5_day_ma,0.054489393
MACD_signal,0.054198876
daily_return,0.053675547
Low,0.053624496
10_day_ma,0.051898472
