Feature,Importance
BB_upper,0.0818261
daily_return,0.073432274
High,0.0675819
RSI_14,0.06646678
5_day_ma,0.06438526
Low,0.06255375
BB_lower,0.062096152
Volume,0.05927777
Open,0.056605853
MACD_signal,0.05519692
Close,0.054999202
20_day_std,0.05446641
volume_change,0.051572993
10_day_ma,0.050687063
MACD,0.049547963
volatility_10,0.047048494
20_day_ma,0.042255174
