Feature,Importance
5_day_ma,0.07482561
BB_lower,0.0668705
High,0.06551555
10_day_ma,0.0627385
daily_return,0.061163247
MACD,0.05960498
Close,0.058068767
Volume,0.05780111
Open,0.057685222
volume_change,0.057679605
20_day_ma,0.056337483
Low,0.055932608
volatility_10,0.05527554
BB_upper,0.05451218
20_day_std,0.05415561
RSI_14,0.05271615
MACD_signal,0.049117386
