Feature,Importance
Open,0.10193156
20_day_ma,0.08736919
volatility_10,0.07031757
5_day_ma,0.069192715
MACD,0.06477217
BB_upper,0.06234914
BB_lower,0.056288317
Low,0.05616217
20_day_std,0.053447835
MACD_signal,0.050639886
Volume,0.050182402
Close,0.048708968
RSI_14,0.04824316
daily_return,0.046871472
volume_change,0.04623687
10_day_ma,0.046060167
High,0.04122636
