Feature,Importance
5_day_ma,0.067445956
MACD_signal,0.06693466
MACD,0.06560633
volume_change,0.06503255
20_day_std,0.06451949
BB_upper,0.06226342
volatility_10,0.061318666
Open,0.06126248
10_day_ma,0.060775854
BB_lower,0.057768427
Low,0.057198156
daily_return,0.054747496
RSI_14,0.05215316
High,0.051767737
Volume,0.051515847
20_day_ma,0.050710652
Close,0.04897921
