Feature,Importance
MACD,0.07155743
RSI_14,0.06818383
5_day_ma,0.06500696
20_day_ma,0.06463596
MACD_signal,0.06355121
10_day_ma,0.06218572
BB_lower,0.06179474
volume_change,0.061465874
Volume,0.05735646
20_day_std,0.05733677
BB_upper,0.05592969
daily_return,0.05529396
Close,0.05440927
Low,0.05315462
volatility_10,0.053007003
Open,0.052676175
High,0.042454313
