Feature,Importance
BB_upper,0.07875566
10_day_ma,0.07335924
MACD,0.06709457
Low,0.06541918
MACD_signal,0.063840285
High,0.06247852
Open,0.061151937
volatility_10,0.057673756
daily_return,0.056609716
20_day_std,0.05620022
RSI_14,0.055023402
Volume,0.05400436
5_day_ma,0.051696505
volume_change,0.050643846
20_day_ma,0.049768783
BB_lower,0.048337154
Close,0.04794278
