Feature,Importance
High,0.07360127
Low,0.064456664
20_day_ma,0.06243906
BB_upper,0.061592434
MACD,0.060506236
Open,0.06029958
BB_lower,0.060132176
RSI_14,0.06000695
volatility_10,0.05926693
Close,0.058948927
Volume,0.058746986
5_day_ma,0.058065027
daily_return,0.056588247
volume_change,0.056367066
10_day_ma,0.055027302
20_day_std,0.049337897
MACD_signal,0.044617258
