Feature,Importance
5_day_ma,0.08737812
20_day_std,0.07971148
20_day_ma,0.07401429
MACD_signal,0.06450708
RSI_14,0.061906487
High,0.061628934
volume_change,0.058510147
Low,0.05759019
Close,0.05689946
MACD,0.05432038
BB_lower,0.054254763
Volume,0.053683866
daily_return,0.052029185
Open,0.047941122
10_day_ma,0.047902074
volatility_10,0.047699098
BB_upper,0.040023368
