Feature,Importance
MACD_signal,0.07508885
BB_upper,0.06758311
Low,0.06567256
Close,0.06088626
MACD,0.059659585
BB_lower,0.05896786
Volume,0.05842804
volatility_10,0.058408856
daily_return,0.057359554
volume_change,0.057287384
20_day_std,0.05719995
Open,0.05689129
High,0.05631174
10_day_ma,0.055323146
20_day_ma,0.05191758
5_day_ma,0.051644694
RSI_14,0.05136951
