Feature,Importance
10_day_ma,0.07504372
BB_lower,0.06978684
High,0.06890512
BB_upper,0.0680346
Close,0.06430383
volume_change,0.063755885
MACD,0.06266984
Low,0.059393346
Open,0.05682266
20_day_ma,0.05447964
volatility_10,0.05447363
MACD_signal,0.0536609
5_day_ma,0.053283136
RSI_14,0.05190236
Volume,0.051389165
daily_return,0.050266244
20_day_std,0.041829064
