Feature,Importance
Open,0.07224708
Low,0.06887517
5_day_ma,0.067057565
BB_upper,0.063486345
High,0.06029339
10_day_ma,0.059866495
MACD_signal,0.05956973
Close,0.059490096
daily_return,0.059145223
BB_lower,0.058827788
20_day_ma,0.05712011
MACD,0.054720122
RSI_14,0.05423441
Volume,0.052089687
volatility_10,0.05205262
20_day_std,0.051456396
volume_change,0.049467772
