Feature,Importance
BB_upper,0.083915025
Low,0.0706168
5_day_ma,0.06694723
RSI_14,0.06679156
Close,0.06287929
volume_change,0.059458572
20_day_std,0.059295215
10_day_ma,0.05708312
MACD_signal,0.055699315
20_day_ma,0.055121884
MACD,0.055110354
BB_lower,0.05437802
Volume,0.053015865
daily_return,0.0523011
High,0.05061619
volatility_10,0.04870587
Open,0.048064526
