Feature,Importance
High,0.08393475
10_day_ma,0.07944606
MACD_signal,0.07326845
MACD,0.069233805
BB_upper,0.06576818
Low,0.06007172
daily_return,0.057068225
20_day_ma,0.057013106
5_day_ma,0.053827517
Volume,0.053771805
Close,0.053542994
volatility_10,0.0501894
volume_change,0.049572732
RSI_14,0.04952838
BB_lower,0.048217643
Open,0.048203822
20_day_std,0.047341418
