Feature,Importance
20_day_ma,0.065973975
BB_upper,0.06501643
volatility_10,0.064927615
Open,0.063508205
BB_lower,0.062322617
High,0.061991688
10_day_ma,0.06133552
5_day_ma,0.060242243
MACD,0.059983455
volume_change,0.058915213
MACD_signal,0.057307385
Volume,0.056573212
Close,0.05551521
RSI_14,0.052185174
20_day_std,0.051850718
Low,0.05139737
daily_return,0.05095399
