Feature,Importance
BB_lower,0.06975163
MACD,0.068075106
MACD_signal,0.0664408
Low,0.06066656
20_day_ma,0.06040905
daily_return,0.05977103
BB_upper,0.05967082
Open,0.05933735
20_day_std,0.059077356
10_day_ma,0.057135947
Close,0.056697886
volatility_10,0.056258272
volume_change,0.05500192
High,0.054900516
5_day_ma,0.053483963
RSI_14,0.053336494
Volume,0.049985282
