Feature,Importance
Low,0.1055321
High,0.08819768
20_day_ma,0.06589162
volatility_10,0.06502677
5_day_ma,0.0632944
20_day_std,0.05977235
BB_lower,0.05642783
daily_return,0.055291075
Volume,0.054034088
10_day_ma,0.052706663
Open,0.0524904
volume_change,0.050678983
MACD,0.05043697
Close,0.047783803
BB_upper,0.045486465
MACD_signal,0.0444861
RSI_14,0.04246265
