Feature,Importance
High,0.06902977
BB_lower,0.06575003
Volume,0.06248938
MACD,0.06246938
Low,0.06166221
20_day_std,0.060146872
BB_upper,0.059700236
RSI_14,0.059576415
MACD_signal,0.059337184
daily_return,0.05932871
20_day_ma,0.057904296
5_day_ma,0.056740366
volume_change,0.05638507
Close,0.055099037
10_day_ma,0.05486916
volatility_10,0.05053718
Open,0.048974644
