Feature,Importance
Open,0.07382923
20_day_ma,0.07094805
5_day_ma,0.06719018
Low,0.06679305
High,0.066384
BB_lower,0.06381102
Volume,0.06110048
Close,0.06038702
BB_upper,0.056539387
MACD,0.05395146
volume_change,0.053640734
MACD_signal,0.052338526
volatility_10,0.05214075
RSI_14,0.051592886
10_day_ma,0.050714284
daily_return,0.049843866
20_day_std,0.048795037
