Feature,Importance
BB_upper,0.07507105
daily_return,0.07054559
volatility_10,0.06925231
20_day_ma,0.06830901
BB_lower,0.062703885
Low,0.062085573
volume_change,0.060840927
Open,0.05801174
20_day_std,0.05611816
MACD_signal,0.054550342
Volume,0.053455006
MACD,0.053156964
5_day_ma,0.052844245
10_day_ma,0.05248697
Close,0.05227963
High,0.05090344
RSI_14,0.04738511
