Feature,Importance
Low,0.087891206
BB_upper,0.07292365
RSI_14,0.064498864
5_day_ma,0.06421377
volume_change,0.0632965
High,0.06211401
10_day_ma,0.061406497
Open,0.05957421
Close,0.058311194
MACD,0.056437396
20_day_std,0.055196416
20_day_ma,0.054750226
daily_return,0.051716045
BB_lower,0.048600934
volatility_10,0.046822168
Volume,0.04645732
MACD_signal,0.045789618
