Feature,Importance
BB_lower,0.06859564
Low,0.06767012
MACD_signal,0.06737198
BB_upper,0.06573255
Open,0.061641548
High,0.061221033
volatility_10,0.059702393
10_day_ma,0.059105612
20_day_std,0.05869369
MACD,0.056958836
volume_change,0.056460842
5_day_ma,0.05636153
Volume,0.056134272
RSI_14,0.054316055
Close,0.052194964
daily_return,0.05156498
20_day_ma,0.046274003
