Feature,Importance
High,0.07312627
Volume,0.067562886
volatility_10,0.066208735
BB_lower,0.064861126
RSI_14,0.06406813
Close,0.06276496
MACD_signal,0.062381785
20_day_std,0.059035867
10_day_ma,0.057318248
BB_upper,0.057137698
5_day_ma,0.056173082
daily_return,0.056018665
MACD,0.05572704
volume_change,0.05298465
Low,0.049598236
20_day_ma,0.047764156
Open,0.047268532
