Feature,Importance
BB_upper,0.08470507
Low,0.068816416
Open,0.065255746
volume_change,0.06458392
MACD,0.064433634
5_day_ma,0.06340857
BB_lower,0.06336985
RSI_14,0.06199405
Close,0.06112802
daily_return,0.05924843
volatility_10,0.05436737
Volume,0.05378527
High,0.051661607
MACD_signal,0.049222495
20_day_std,0.048156083
10_day_ma,0.044583008
20_day_ma,0.041280486
