Feature,Importance
5_day_ma,0.072675176
Open,0.06866227
volume_change,0.06669085
20_day_ma,0.0629301
10_day_ma,0.06047966
volatility_10,0.059209738
Volume,0.058965098
daily_return,0.05881292
Low,0.058535002
BB_lower,0.058143955
MACD,0.056643557
BB_upper,0.056191012
MACD_signal,0.05598837
RSI_14,0.05424772
20_day_std,0.053538814
High,0.05064784
Close,0.047637925
