Feature,Importance
RSI_14,0.06949383
volatility_10,0.065684915
20_day_std,0.065482296
volume_change,0.06374287
Volume,0.06226327
Open,0.06218635
20_day_ma,0.061292406
5_day_ma,0.060678262
10_day_ma,0.0601553
MACD_signal,0.060154185
Low,0.059443172
BB_upper,0.056958497
High,0.05362205
MACD,0.052690417
daily_return,0.05200196
Close,0.050072856
BB_lower,0.04407733
