Feature,Importance
Open,0.06925569
volume_change,0.06890046
10_day_ma,0.06743107
BB_upper,0.06544427
Low,0.062554985
Volume,0.06027568
volatility_10,0.05873774
RSI_14,0.058220144
5_day_ma,0.05761382
High,0.057172507
MACD,0.056445617
MACD_signal,0.055862863
20_day_ma,0.054072656
BB_lower,0.054054506
daily_return,0.053722586
20_day_std,0.051796686
Close,0.048438698
