Feature,Importance
Low,0.06882774
High,0.067806184
BB_upper,0.06392254
5_day_ma,0.062871315
Volume,0.0624639
10_day_ma,0.062304027
daily_return,0.06214595
20_day_std,0.0609498
volume_change,0.060581744
20_day_ma,0.059661604
volatility_10,0.057725932
BB_lower,0.056724142
Open,0.056132123
MACD_signal,0.05446784
MACD,0.050046094
RSI_14,0.04841333
Close,0.04495564
