Feature,Importance
High,0.07656319
BB_upper,0.07296886
10_day_ma,0.066929474
MACD_signal,0.0665076
MACD,0.06591953
volatility_10,0.06535395
20_day_std,0.06470479
Close,0.06283932
5_day_ma,0.061298743
RSI_14,0.05669247
Volume,0.053759895
Open,0.0511239
daily_return,0.049617976
BB_lower,0.04907375
Low,0.047426045
20_day_ma,0.04633976
volume_change,0.04288078
