Feature,Importance
Open,0.095920354
High,0.07351487
BB_upper,0.06651901
20_day_ma,0.061832357
5_day_ma,0.06063998
10_day_ma,0.060345825
Low,0.058700208
daily_return,0.057378177
20_day_std,0.055799503
Volume,0.055254377
MACD_signal,0.054727174
BB_lower,0.05356263
volatility_10,0.053442642
volume_change,0.052134823
MACD,0.050889913
Close,0.0473179
RSI_14,0.042020198
