Feature,Importance
5_day_ma,0.08038133
10_day_ma,0.07231363
Open,0.063788846
Low,0.06368565
20_day_ma,0.06313571
BB_upper,0.06294826
20_day_std,0.058726482
Volume,0.057339773
RSI_14,0.057300992
MACD_signal,0.057264544
volatility_10,0.05590171
daily_return,0.055470347
MACD,0.052725293
Close,0.052305903
High,0.050874688
volume_change,0.049884457
BB_lower,0.045952346
