Feature,Importance
MACD,0.06766871
5_day_ma,0.06765083
volatility_10,0.06763982
Open,0.06606615
Close,0.06579224
20_day_ma,0.065238565
volume_change,0.06105403
10_day_ma,0.059881765
Volume,0.05819541
High,0.05733074
Low,0.057224017
daily_return,0.054446254
BB_lower,0.05374545
MACD_signal,0.05176772
RSI_14,0.05003854
20_day_std,0.049808647
BB_upper,0.04645101
