Feature,Importance
5_day_ma,0.07965614
20_day_std,0.068751216
Open,0.065032184
BB_upper,0.062434606
daily_return,0.06163764
High,0.06109515
MACD,0.060929816
RSI_14,0.06042653
Volume,0.059935622
volatility_10,0.059164878
BB_lower,0.057263177
MACD_signal,0.055773474
Close,0.052255623
10_day_ma,0.051727656
volume_change,0.051313657
Low,0.050057027
20_day_ma,0.042545605
