Feature,Importance
Low,0.07242545
10_day_ma,0.06748418
Open,0.06724243
Close,0.064145416
BB_upper,0.061999876
MACD,0.06095851
RSI_14,0.058999598
MACD_signal,0.058895916
High,0.058289602
20_day_ma,0.05682173
5_day_ma,0.05610624
20_day_std,0.054842506
volatility_10,0.054074038
BB_lower,0.05403285
Volume,0.05237136
daily_return,0.050655626
volume_change,0.05065467
