Feature,Importance
BB_lower,0.07484735
20_day_ma,0.06292751
20_day_std,0.06088253
BB_upper,0.060775053
5_day_ma,0.06065703
volume_change,0.060589727
Low,0.060006846
RSI_14,0.059088275
Open,0.058189765
daily_return,0.057786588
MACD,0.057729885
High,0.05702452
MACD_signal,0.056531906
Volume,0.05529216
volatility_10,0.05501789
10_day_ma,0.051875066
Close,0.050777912
