Feature,Importance
Low,0.07656287
volatility_10,0.06579003
BB_upper,0.06457997
20_day_std,0.06147769
BB_lower,0.060643867
daily_return,0.060165808
5_day_ma,0.060065784
Close,0.057311688
Open,0.056840923
RSI_14,0.05661615
volume_change,0.055961516
High,0.055557206
Volume,0.055347797
MACD_signal,0.054730337
20_day_ma,0.054027554
10_day_ma,0.05247726
MACD,0.051843524
