Feature,Importance
Low,0.08463366
BB_upper,0.074038476
Open,0.060586795
RSI_14,0.060495723
High,0.060469072
10_day_ma,0.060152106
5_day_ma,0.059597112
20_day_std,0.059176784
volume_change,0.05849732
MACD_signal,0.056653444
MACD,0.056476958
Close,0.056031704
20_day_ma,0.054579485
daily_return,0.053915966
Volume,0.04903946
volatility_10,0.04791197
BB_lower,0.047744043
