Feature,Importance
20_day_ma,0.07988587
High,0.07534019
BB_upper,0.06688843
10_day_ma,0.06657315
MACD,0.064249724
Low,0.06311227
Open,0.06275557
volume_change,0.056340493
5_day_ma,0.055659227
daily_return,0.055179793
BB_lower,0.053483747
20_day_std,0.052907854
Close,0.052902997
MACD_signal,0.051187746
Volume,0.049407333
volatility_10,0.049006075
RSI_14,0.04511953
