Feature,Importance
BB_lower,0.07427202
MACD,0.068529345
Close,0.066852726
High,0.06661843
BB_upper,0.065135196
5_day_ma,0.06416639
20_day_std,0.05908641
volume_change,0.057868656
Low,0.057265043
MACD_signal,0.057129096
volatility_10,0.056469794
10_day_ma,0.055518687
20_day_ma,0.05325253
Open,0.05097284
RSI_14,0.049675588
daily_return,0.049137574
Volume,0.048049748
