Feature,Importance
MACD,0.07911075
20_day_std,0.0712841
High,0.06742266
Low,0.06712993
5_day_ma,0.06684476
Open,0.065418884
volatility_10,0.065343775
20_day_ma,0.060164355
Close,0.059209164
BB_upper,0.05499457
MACD_signal,0.052783746
BB_lower,0.052670322
RSI_14,0.04954249
daily_return,0.04885476
volume_change,0.048848983
Volume,0.04844313
10_day_ma,0.041933637
