Feature,Importance
MACD,0.06930349
Low,0.06597399
RSI_14,0.06584856
10_day_ma,0.06264222
daily_return,0.060713243
20_day_ma,0.059843946
20_day_std,0.059717633
volume_change,0.058981083
High,0.05821157
Open,0.058083918
BB_lower,0.057716493
volatility_10,0.05695631
MACD_signal,0.054635786
Volume,0.05422407
Close,0.05375795
BB_upper,0.05347952
5_day_ma,0.0499102
