Feature,Importance
5_day_ma,0.076038875
10_day_ma,0.072595604
Open,0.067118146
BB_upper,0.062444963
Low,0.061468616
20_day_ma,0.06107612
Volume,0.059932813
High,0.058940824
Close,0.05783885
MACD,0.057062797
volatility_10,0.056886766
daily_return,0.05536674
RSI_14,0.05242971
MACD_signal,0.051095944
20_day_std,0.05095244
BB_lower,0.05083442
volume_change,0.047916472
