Feature,Importance
BB_upper,0.08368734
Close,0.069350906
Open,0.06918477
Low,0.06910424
High,0.06607513
10_day_ma,0.06554203
20_day_std,0.060197007
volume_change,0.05534081
MACD_signal,0.055226848
BB_lower,0.055087656
daily_return,0.053562038
RSI_14,0.053407405
Volume,0.051768273
MACD,0.051458366
20_day_ma,0.04952579
volatility_10,0.04894554
5_day_ma,0.042535923
