Feature,Importance
BB_upper,0.06884772
10_day_ma,0.06729852
RSI_14,0.0627843
MACD,0.061957005
20_day_std,0.061830763
Volume,0.059757534
5_day_ma,0.058963206
MACD_signal,0.05805718
20_day_ma,0.057904046
volume_change,0.057181742
Low,0.0569821
daily_return,0.05672927
Close,0.055757273
volatility_10,0.05503772
BB_lower,0.05424946
Open,0.05355844
High,0.053103767
