Feature,Importance
BB_upper,0.0721079
MACD_signal,0.07083205
20_day_ma,0.06833359
MACD,0.067273185
20_day_std,0.06563752
Open,0.061935697
Close,0.05968949
daily_return,0.0581966
Volume,0.057655223
High,0.05714548
BB_lower,0.055997346
10_day_ma,0.055845123
RSI_14,0.05408044
Low,0.053425703
volume_change,0.053362146
volatility_10,0.05217868
5_day_ma,0.036303904
