Feature,Importance
BB_lower,0.07980901
10_day_ma,0.06995529
volume_change,0.06832382
MACD_signal,0.06528718
Volume,0.06515602
daily_return,0.06471658
20_day_ma,0.06457202
BB_upper,0.06426681
volatility_10,0.0593937
20_day_std,0.05804509
Low,0.05730505
RSI_14,0.056001402
5_day_ma,0.050642915
Close,0.049972538
MACD,0.04666406
Open,0.040626388
High,0.03926213
