Feature,Importance
Low,0.088672996
20_day_ma,0.07997549
RSI_14,0.07095593
MACD,0.067507066
volume_change,0.063134484
Open,0.06262067
Close,0.061489914
5_day_ma,0.060835447
volatility_10,0.059033472
Volume,0.058017783
20_day_std,0.057467066
MACD_signal,0.053632554
10_day_ma,0.050669532
daily_return,0.045294773
High,0.045127477
BB_upper,0.040715635
BB_lower,0.034849714
