Feature,Importance
MACD_signal,0.086855896
Open,0.07386727
daily_return,0.07205237
volume_change,0.06197277
20_day_std,0.060846023
5_day_ma,0.060501605
20_day_ma,0.06025781
10_day_ma,0.06003983
BB_upper,0.057247117
Volume,0.055760946
RSI_14,0.05457806
volatility_10,0.053712495
Close,0.052818235
BB_lower,0.051685322
MACD,0.050010785
High,0.04614493
Low,0.041648448
