Feature,Importance
Close,0.09795765
volatility_10,0.072470255
Open,0.070493616
5_day_ma,0.07049
MACD,0.07036204
20_day_ma,0.059771847
RSI_14,0.056797452
volume_change,0.05626229
BB_upper,0.054817
10_day_ma,0.054118894
High,0.05283715
daily_return,0.051578175
BB_lower,0.050924744
20_day_std,0.050152298
Volume,0.04709168
MACD_signal,0.046663813
Low,0.037211116
