Feature,Importance
10_day_ma,0.08035186
Low,0.07374105
5_day_ma,0.06414067
MACD_signal,0.06120019
20_day_ma,0.060790118
volume_change,0.06036113
High,0.059707474
daily_return,0.058370113
Volume,0.057270408
20_day_std,0.056626167
BB_lower,0.056570195
Close,0.055581868
RSI_14,0.053676747
Open,0.053193737
BB_upper,0.05058242
MACD,0.05022874
volatility_10,0.047607142
