Feature,Importance
Low,0.074997924
10_day_ma,0.06544519
Close,0.06509901
MACD,0.06334214
5_day_ma,0.063268185
MACD_signal,0.06191427
RSI_14,0.060780838
volume_change,0.059407923
BB_upper,0.057940107
BB_lower,0.05543962
volatility_10,0.05523819
20_day_ma,0.055179436
20_day_std,0.055122845
High,0.054898996
Open,0.05240934
Volume,0.05010848
daily_return,0.04940758
