Feature,Importance
BB_lower,0.073568724
Open,0.07137782
BB_upper,0.07062439
MACD_signal,0.06947936
High,0.06800242
RSI_14,0.06331511
Low,0.06220817
20_day_std,0.05921183
Close,0.056797914
daily_return,0.05646624
20_day_ma,0.056300938
volatility_10,0.05462824
MACD,0.053553406
volume_change,0.053268038
Volume,0.051906973
5_day_ma,0.044287674
10_day_ma,0.035002697
