Feature,Importance
10_day_ma,0.077945024
20_day_ma,0.07739129
volume_change,0.07110931
Open,0.06551925
BB_upper,0.065465085
Close,0.06543652
MACD,0.060825292
Volume,0.0587638
Low,0.057744212
5_day_ma,0.05475331
RSI_14,0.053934693
High,0.0519935
20_day_std,0.05195705
BB_lower,0.0518061
MACD_signal,0.049598787
volatility_10,0.045950364
daily_return,0.039806396
