Feature,Importance
volume_change,0.07667403
5_day_ma,0.064675145
daily_return,0.064079195
Open,0.06318362
volatility_10,0.06277861
20_day_std,0.062400766
Low,0.061619192
BB_upper,0.060604554
RSI_14,0.060007364
MACD,0.059185095
Close,0.058313336
10_day_ma,0.056652382
20_day_ma,0.05466446
MACD_signal,0.0541237
Volume,0.051248726
BB_lower,0.04800444
High,0.041785352
