Feature,Importance
MACD_signal,0.06749838
High,0.06562169
MACD,0.0648617
5_day_ma,0.064278334
Low,0.06352674
20_day_std,0.062941715
BB_lower,0.058611847
RSI_14,0.058599308
BB_upper,0.058108
Close,0.055619296
Volume,0.055345424
volatility_10,0.054638833
20_day_ma,0.05438803
10_day_ma,0.05422756
daily_return,0.053939365
volume_change,0.053921103
Open,0.053872604
