Feature,Importance
BB_upper,0.08873623
BB_lower,0.06366665
MACD_signal,0.063041665
Open,0.062450334
Close,0.061840132
Low,0.06165508
10_day_ma,0.061296403
volatility_10,0.058826823
20_day_std,0.058506966
5_day_ma,0.054132286
Volume,0.05390855
MACD,0.05356762
20_day_ma,0.05339182
volume_change,0.052974604
daily_return,0.052108493
RSI_14,0.05046211
High,0.049434192
