Feature,Importance
20_day_ma,0.064782456
daily_return,0.06449452
BB_upper,0.06430036
Volume,0.0628361
Open,0.062175475
5_day_ma,0.061772604
BB_lower,0.06130665
Low,0.060951367
10_day_ma,0.060151003
High,0.059018157
20_day_std,0.056544043
MACD,0.056346454
volatility_10,0.054983277
volume_change,0.05423314
RSI_14,0.054100126
Close,0.05285539
MACD_signal,0.04914889
