Feature,Importance
MACD,0.069440916
High,0.06861597
20_day_ma,0.06740491
Low,0.06561993
Close,0.06286221
Volume,0.060719594
volume_change,0.059099287
RSI_14,0.05839704
daily_return,0.05828923
BB_upper,0.058224007
MACD_signal,0.05766831
BB_lower,0.05694217
Open,0.054544758
10_day_ma,0.05339885
volatility_10,0.05019682
5_day_ma,0.049629018
20_day_std,0.04894707
