Feature,Importance
Low,0.07020924
daily_return,0.067385994
Open,0.061335687
BB_lower,0.06116369
High,0.06085913
volatility_10,0.05933803
20_day_std,0.059075113
RSI_14,0.05870106
5_day_ma,0.058330726
MACD_signal,0.05756946
MACD,0.057443675
volume_change,0.057418354
BB_upper,0.05671211
20_day_ma,0.05577707
Close,0.05367166
Volume,0.05263399
10_day_ma,0.05237502
