Feature,Importance
MACD_signal,0.06643015
High,0.06530082
daily_return,0.065072805
10_day_ma,0.064838655
volatility_10,0.06402333
RSI_14,0.06278072
20_day_std,0.061435908
BB_upper,0.061217945
BB_lower,0.059158437
Open,0.058171794
20_day_ma,0.05720941
volume_change,0.05483504
Volume,0.054587264
Low,0.054544304
MACD,0.052052263
Close,0.049455084
5_day_ma,0.04888607
