Feature,Importance
volume_change,0.07761194
20_day_std,0.06941209
High,0.065117076
daily_return,0.064721145
Low,0.063930035
5_day_ma,0.06302912
RSI_14,0.06293195
MACD_signal,0.058999833
BB_upper,0.05853829
volatility_10,0.057371166
10_day_ma,0.055872377
Volume,0.0553633
Close,0.05414611
MACD,0.053898647
BB_lower,0.050971314
20_day_ma,0.047646295
Open,0.04043924
