Feature,Importance
BB_upper,0.072864965
MACD_signal,0.06999667
Low,0.06881261
volatility_10,0.06296436
High,0.06174851
20_day_std,0.06042593
RSI_14,0.060353804
daily_return,0.059647284
BB_lower,0.05852337
MACD,0.058304623
10_day_ma,0.05797942
volume_change,0.056743648
Close,0.053472098
Volume,0.05266379
20_day_ma,0.052394025
Open,0.050120518
5_day_ma,0.04298429
