Feature,Importance
5_day_ma,0.08733433
Open,0.081854545
BB_upper,0.06894182
10_day_ma,0.06695039
20_day_ma,0.066736795
Close,0.06490183
MACD,0.059933312
High,0.05774792
volume_change,0.056641378
Low,0.055849973
daily_return,0.05200255
MACD_signal,0.05083095
BB_lower,0.04989122
Volume,0.04846454
20_day_std,0.046680484
volatility_10,0.044875983
RSI_14,0.04036202
