Feature,Importance
BB_upper,0.07798183
Volume,0.065213814
volatility_10,0.0626763
High,0.061897278
Open,0.0615552
daily_return,0.06152717
Low,0.059578966
5_day_ma,0.059050217
volume_change,0.058574587
20_day_std,0.05803304
BB_lower,0.057197988
20_day_ma,0.056125086
10_day_ma,0.05597677
MACD,0.0553445
MACD_signal,0.05433009
RSI_14,0.047599647
Close,0.047337558
