Feature,Importance
BB_upper,0.08774232
Low,0.077605896
20_day_ma,0.06817154
10_day_ma,0.06710078
volume_change,0.06709104
daily_return,0.06582312
RSI_14,0.06287955
5_day_ma,0.060673777
Open,0.060205534
BB_lower,0.056615353
volatility_10,0.053527612
Close,0.05219486
MACD_signal,0.050319035
20_day_std,0.049661912
MACD,0.04134346
High,0.040669344
Volume,0.038374905
