Feature,Importance
20_day_ma,0.06499906
Volume,0.06405947
BB_lower,0.06394109
10_day_ma,0.06380026
20_day_std,0.06339926
volatility_10,0.06275677
MACD,0.061834004
MACD_signal,0.06173771
BB_upper,0.06078174
5_day_ma,0.056401122
volume_change,0.056079067
Open,0.054753512
daily_return,0.054161213
Low,0.053859755
Close,0.05345382
RSI_14,0.052330356
High,0.051651735
