Feature,Importance
MACD,0.073876396
BB_upper,0.07264169
MACD_signal,0.06515129
20_day_ma,0.06424296
Low,0.062278364
BB_lower,0.06198998
RSI_14,0.0619848
Open,0.06032973
daily_return,0.059128776
Volume,0.05623973
volume_change,0.054711457
volatility_10,0.054501683
20_day_std,0.052859757
Close,0.051622532
10_day_ma,0.05082542
5_day_ma,0.05076245
High,0.04685296
