Feature,Importance
5_day_ma,0.07145567
Open,0.071154505
MACD,0.06543404
volatility_10,0.06359558
Volume,0.06063199
High,0.058884043
Low,0.058821727
20_day_ma,0.05821173
BB_lower,0.057409775
daily_return,0.055763435
BB_upper,0.05556946
Close,0.05556593
RSI_14,0.055383474
volume_change,0.05408136
MACD_signal,0.05396155
10_day_ma,0.053312384
20_day_std,0.05076337
