Feature,Importance
BB_upper,0.077015504
20_day_ma,0.07270316
volume_change,0.06941131
Low,0.06693217
10_day_ma,0.063817486
Open,0.05806327
Close,0.057911716
RSI_14,0.057381295
20_day_std,0.05725081
daily_return,0.057058383
MACD_signal,0.05575343
BB_lower,0.054763366
High,0.052985024
MACD,0.052516695
volatility_10,0.04915823
5_day_ma,0.048728105
Volume,0.04855001
