Feature,Importance
Close,0.07783113
BB_upper,0.076760456
BB_lower,0.06668959
5_day_ma,0.066013336
High,0.06288649
10_day_ma,0.06272875
20_day_std,0.06130875
MACD,0.060356304
Open,0.058588337
Low,0.05580211
daily_return,0.055687297
volume_change,0.053768065
MACD_signal,0.049713757
RSI_14,0.0495869
volatility_10,0.049471587
20_day_ma,0.048683107
Volume,0.04412396
