Feature,Importance
volume_change,0.071289025
10_day_ma,0.07047335
High,0.069781944
Open,0.06824615
5_day_ma,0.062021203
BB_lower,0.05981734
Volume,0.059390686
MACD,0.05819608
BB_upper,0.057435345
MACD_signal,0.056287292
20_day_ma,0.05447179
volatility_10,0.05405569
RSI_14,0.053911015
Close,0.053654164
Low,0.052196644
daily_return,0.05213574
20_day_std,0.04663653
