Feature,Importance
BB_upper,0.07252148
High,0.06977573
BB_lower,0.06661597
5_day_ma,0.06607419
10_day_ma,0.061603572
20_day_ma,0.06150884
20_day_std,0.06096972
Open,0.060690723
volume_change,0.060531136
Low,0.05754622
Volume,0.057234995
RSI_14,0.05543662
MACD_signal,0.05211108
volatility_10,0.051852282
daily_return,0.049671706
MACD,0.049112033
Close,0.046743665
