Feature,Importance
Low,0.0772354
High,0.068961635
Volume,0.068634465
Open,0.06794232
BB_lower,0.065313645
20_day_ma,0.06119761
BB_upper,0.06030085
MACD_signal,0.05977428
20_day_std,0.057267565
5_day_ma,0.056667835
volatility_10,0.055218123
MACD,0.052870832
Close,0.05185617
RSI_14,0.051646806
volume_change,0.050910346
daily_return,0.049405273
10_day_ma,0.0447968
