Feature,Importance
RSI_14,0.07291489
MACD,0.071758375
volatility_10,0.06855215
Volume,0.06559253
20_day_std,0.060711913
5_day_ma,0.060203966
20_day_ma,0.060122024
BB_upper,0.06001086
MACD_signal,0.05825244
volume_change,0.057142396
BB_lower,0.05653967
daily_return,0.05503756
Close,0.054820318
Low,0.054779056
10_day_ma,0.05298706
High,0.0503556
Open,0.04021916
