Feature,Importance
Low,0.07241499
BB_upper,0.07172886
RSI_14,0.0710977
20_day_ma,0.06878189
MACD,0.06811469
Open,0.06411573
volatility_10,0.063883215
volume_change,0.062037017
Close,0.060344778
20_day_std,0.058996085
Volume,0.05290765
daily_return,0.05156314
10_day_ma,0.050894722
MACD_signal,0.049962826
5_day_ma,0.04621455
BB_lower,0.046067297
High,0.040874816
