Feature,Importance
Close,0.06536185
MACD_signal,0.065276004
volatility_10,0.064611316
BB_lower,0.06406084
5_day_ma,0.06316982
High,0.06281473
MACD,0.061660174
volume_change,0.061013136
20_day_std,0.060146924
Volume,0.05781842
10_day_ma,0.057431806
daily_return,0.0572058
20_day_ma,0.05658292
RSI_14,0.05310263
Low,0.052536134
BB_upper,0.0506799
Open,0.046527643
