Feature,Importance
Low,0.077335075
High,0.0695889
5_day_ma,0.06632411
20_day_ma,0.06629348
10_day_ma,0.06505042
volatility_10,0.06373926
RSI_14,0.0625476
Volume,0.05738357
Open,0.056732465
MACD,0.05413155
BB_lower,0.05385498
BB_upper,0.053682208
MACD_signal,0.053336732
20_day_std,0.052322924
daily_return,0.050019626
volume_change,0.04980236
Close,0.047854736
