Feature,Importance
5_day_ma,0.073260956
MACD_signal,0.070818886
MACD,0.06865832
Low,0.06775197
BB_upper,0.064921774
Close,0.063179985
volatility_10,0.062263254
Open,0.060549963
10_day_ma,0.056256615
volume_change,0.055976637
RSI_14,0.054620113
BB_lower,0.053908046
20_day_std,0.05360406
daily_return,0.052711185
Volume,0.049841926
High,0.046859387
20_day_ma,0.04481695
