Feature,Importance
Low,0.08050488
BB_upper,0.0755324
Close,0.070629425
BB_lower,0.06785558
MACD,0.06343863
20_day_ma,0.061768487
High,0.061183203
daily_return,0.059692055
20_day_std,0.058276344
5_day_ma,0.05575745
MACD_signal,0.05363097
volume_change,0.05335338
Open,0.050193314
volatility_10,0.048479334
Volume,0.047299076
RSI_14,0.046318997
10_day_ma,0.046086464
