Feature,Importance
5_day_ma,0.073956355
20_day_ma,0.07387463
Close,0.07333541
BB_upper,0.0676842
Open,0.06706311
20_day_std,0.0644702
High,0.060893174
Low,0.059559874
10_day_ma,0.059343707
MACD_signal,0.057760324
volatility_10,0.053803574
RSI_14,0.051836174
MACD,0.05013915
volume_change,0.049329996
daily_return,0.048778336
BB_lower,0.04478708
Volume,0.04338468
