Feature,Importance
Low,0.078038365
MACD,0.070852816
10_day_ma,0.06804462
MACD_signal,0.0663078
BB_upper,0.06578674
20_day_std,0.061537817
volatility_10,0.058791995
daily_return,0.05760502
RSI_14,0.05725892
Volume,0.055603944
20_day_ma,0.05548712
Close,0.055095933
High,0.053763177
volume_change,0.052607153
5_day_ma,0.050504513
BB_lower,0.046534
Open,0.046180032
