Feature,Importance
10_day_ma,0.069441155
BB_upper,0.0644889
High,0.06442195
MACD,0.06395758
Low,0.06375639
MACD_signal,0.062968396
RSI_14,0.060577832
daily_return,0.06048197
20_day_ma,0.059472263
Volume,0.05931124
volatility_10,0.056011226
20_day_std,0.05575724
volume_change,0.05559066
BB_lower,0.05422523
Open,0.0535292
5_day_ma,0.048023142
Close,0.047985632
