Feature,Importance
Close,0.08607761
Low,0.07928801
Open,0.077026136
5_day_ma,0.07613783
volatility_10,0.07351524
20_day_ma,0.062053353
MACD,0.061689414
High,0.061644815
BB_upper,0.057463523
BB_lower,0.057212353
volume_change,0.054746334
daily_return,0.05181014
RSI_14,0.045246758
Volume,0.044966165
10_day_ma,0.04137867
20_day_std,0.035121277
MACD_signal,0.03462237
