Feature,Importance
BB_upper,0.06739091
volatility_10,0.06614965
Open,0.06395326
Volume,0.06229158
MACD_signal,0.06149486
5_day_ma,0.059670158
daily_return,0.059466902
volume_change,0.05933436
20_day_ma,0.05916425
10_day_ma,0.058110796
MACD,0.057812933
High,0.05660391
20_day_std,0.056594238
RSI_14,0.056520823
Close,0.052495748
BB_lower,0.05242952
Low,0.050516076
