Feature,Importance
BB_lower,0.0729664
20_day_ma,0.063681684
daily_return,0.06320181
BB_upper,0.06258497
volume_change,0.062527984
20_day_std,0.06220969
Close,0.05807319
Open,0.0580253
10_day_ma,0.05774964
MACD_signal,0.057442736
MACD,0.057418995
High,0.056870203
RSI_14,0.0567457
Low,0.055502266
Volume,0.054357093
volatility_10,0.051713474
5_day_ma,0.04892884
