Feature,Importance
BB_lower,0.06880665
MACD_signal,0.063936606
BB_upper,0.06269952
20_day_std,0.0622162
daily_return,0.059813943
RSI_14,0.059738662
10_day_ma,0.059588995
20_day_ma,0.058649994
MACD,0.058627777
volatility_10,0.058509868
5_day_ma,0.05844106
Volume,0.05743798
High,0.056604225
Low,0.054389063
volume_change,0.054294977
Close,0.05321037
Open,0.05303413
