Feature,Importance
Low,0.077631064
daily_return,0.0652819
BB_upper,0.06474439
High,0.062570915
10_day_ma,0.061837073
volume_change,0.06057969
5_day_ma,0.060375296
MACD,0.060299404
Volume,0.059910897
RSI_14,0.059477605
20_day_std,0.058364477
volatility_10,0.05645869
Open,0.054618116
Close,0.05111558
20_day_ma,0.05052926
MACD_signal,0.05005116
BB_lower,0.046154443
