Feature,Importance
Open,0.1068905
High,0.07581298
MACD_signal,0.06884714
Close,0.06673484
volume_change,0.06485786
volatility_10,0.060328204
5_day_ma,0.058238648
20_day_ma,0.056369208
BB_lower,0.05392183
daily_return,0.053260483
MACD,0.05253603
10_day_ma,0.051681638
Low,0.050030526
Volume,0.048394773
RSI_14,0.04601628
BB_upper,0.044484187
20_day_std,0.041594807
