Feature,Importance
5_day_ma,0.06885974
BB_lower,0.06527443
MACD_signal,0.06374403
Low,0.06352407
20_day_std,0.06294103
Close,0.06269612
High,0.062572956
MACD,0.061038084
volume_change,0.058377314
daily_return,0.058199644
Open,0.05726377
volatility_10,0.056322154
BB_upper,0.054017894
Volume,0.05291335
RSI_14,0.0523279
20_day_ma,0.05144075
10_day_ma,0.048486743
