Feature,Importance
MACD,0.06825482
RSI_14,0.06567726
volatility_10,0.06552076
MACD_signal,0.06428208
volume_change,0.061726596
20_day_ma,0.06142452
20_day_std,0.060490858
BB_lower,0.059634645
Volume,0.05798296
5_day_ma,0.05795346
BB_upper,0.055668276
Open,0.055268954
High,0.05523897
daily_return,0.054753724
Low,0.054615255
Close,0.052469965
10_day_ma,0.049036954
