Feature,Importance
10_day_ma,0.07173043
MACD_signal,0.0694783
Open,0.06847222
BB_lower,0.06311673
volume_change,0.062412553
MACD,0.060592856
20_day_ma,0.060296062
volatility_10,0.059920475
20_day_std,0.059142265
daily_return,0.05805878
RSI_14,0.057068005
Close,0.056534328
Volume,0.052426714
BB_upper,0.0523078
High,0.0515059
Low,0.05097253
5_day_ma,0.045964155
