Feature,Importance
20_day_ma,0.07424162
BB_upper,0.06761247
volatility_10,0.06244378
Open,0.061602775
Volume,0.061006032
5_day_ma,0.0609395
MACD,0.06061157
High,0.059551984
Close,0.057974104
RSI_14,0.056734942
volume_change,0.055936176
BB_lower,0.054977886
MACD_signal,0.054936353
10_day_ma,0.05479067
daily_return,0.054139618
Low,0.053271003
20_day_std,0.049229603
