Feature,Importance
Open,0.070331596
20_day_ma,0.06741247
RSI_14,0.06493142
Low,0.0647583
5_day_ma,0.063968584
20_day_std,0.061524533
volume_change,0.06093086
daily_return,0.060547706
BB_lower,0.059536222
BB_upper,0.059142705
Volume,0.05661984
MACD,0.055100787
High,0.053281184
MACD_signal,0.05280282
volatility_10,0.052275497
10_day_ma,0.04922238
Close,0.047613136
