Feature,Importance
MACD,0.07333874
Volume,0.06644093
volume_change,0.06633912
BB_upper,0.065372035
RSI_14,0.063088864
MACD_signal,0.061948646
Low,0.061434634
20_day_std,0.0594859
volatility_10,0.05674188
Open,0.056026082
BB_lower,0.05523712
5_day_ma,0.0550793
Close,0.054640707
10_day_ma,0.053892184
daily_return,0.053526793
High,0.05284017
20_day_ma,0.044566933
