Feature,Importance
High,0.078211196
BB_upper,0.07682122
10_day_ma,0.06695858
Open,0.06551078
MACD_signal,0.06546944
volatility_10,0.060955297
Close,0.05851485
BB_lower,0.056890998
daily_return,0.05637666
20_day_std,0.054680668
Volume,0.05414062
volume_change,0.05370741
RSI_14,0.05282202
5_day_ma,0.052072305
MACD,0.051991794
Low,0.04985309
20_day_ma,0.0450231
