Feature,Importance
RSI_14,0.06917803
volatility_10,0.067928635
High,0.06674151
Volume,0.064786546
volume_change,0.06350686
BB_lower,0.062053807
MACD,0.059904646
5_day_ma,0.059701916
BB_upper,0.05896451
Open,0.056118317
daily_return,0.054607663
10_day_ma,0.05457787
Low,0.054268405
Close,0.054170888
MACD_signal,0.053150877
20_day_ma,0.05283088
20_day_std,0.047508646
