Feature,Importance
Low,0.114151545
High,0.0695239
5_day_ma,0.06862687
Open,0.06781063
BB_upper,0.06256122
10_day_ma,0.06143072
Close,0.060786694
Volume,0.057310615
RSI_14,0.05427273
volatility_10,0.053716704
daily_return,0.053555813
MACD_signal,0.0513557
MACD,0.050023217
volume_change,0.049053483
20_day_std,0.04792881
20_day_ma,0.04264265
BB_lower,0.035248756
