Feature,Importance
Low,0.08935981
BB_upper,0.07142138
MACD,0.0689145
High,0.06833279
Open,0.06830966
Close,0.06571804
volume_change,0.0576758
MACD_signal,0.053607244
Volume,0.05345217
20_day_std,0.052936263
RSI_14,0.05254031
5_day_ma,0.05163408
10_day_ma,0.051281996
BB_lower,0.05067211
20_day_ma,0.04913799
volatility_10,0.048121933
daily_return,0.046883885
