Feature,Importance
MACD,0.07419649
Low,0.07149434
volume_change,0.06398168
Volume,0.06343325
BB_upper,0.06279834
volatility_10,0.061096422
Close,0.060394336
RSI_14,0.058623243
20_day_std,0.05747937
High,0.056223214
MACD_signal,0.055141583
Open,0.054575525
BB_lower,0.05331089
10_day_ma,0.053152125
5_day_ma,0.052222285
daily_return,0.05164275
20_day_ma,0.050234195
