Feature,Importance
10_day_ma,0.08985938
Low,0.07342073
5_day_ma,0.069421194
Close,0.06519299
BB_lower,0.06401187
MACD,0.061274543
RSI_14,0.060329836
volume_change,0.058976986
Volume,0.057109997
20_day_std,0.056138888
daily_return,0.05503264
BB_upper,0.054478776
volatility_10,0.053737532
High,0.049666453
MACD_signal,0.04735134
Open,0.042226642
20_day_ma,0.041770153
