Feature,Importance
High,0.07832723
10_day_ma,0.07093004
MACD,0.06554556
Low,0.063555375
volume_change,0.06267988
daily_return,0.061865747
MACD_signal,0.06056172
Close,0.05982912
Volume,0.058854923
RSI_14,0.05779951
20_day_ma,0.05647747
BB_upper,0.05493284
Open,0.0546237
BB_lower,0.05009652
volatility_10,0.0499918
20_day_std,0.047880985
5_day_ma,0.04604756
