Feature,Importance
BB_lower,0.07799632
High,0.073710755
MACD,0.07293379
Close,0.06758339
20_day_std,0.066716194
daily_return,0.06378076
MACD_signal,0.06306534
BB_upper,0.06218341
20_day_ma,0.058490355
RSI_14,0.055129483
Volume,0.053074665
5_day_ma,0.051652126
10_day_ma,0.049342304
volume_change,0.0491487
volatility_10,0.048816595
Low,0.044818137
Open,0.04155762
