Feature,Importance
Open,0.073785976
Low,0.06973386
Close,0.06932934
BB_upper,0.066735856
20_day_std,0.06480237
BB_lower,0.06369303
High,0.060620964
MACD_signal,0.058380786
5_day_ma,0.054946598
daily_return,0.054719552
20_day_ma,0.054023057
MACD,0.053849388
RSI_14,0.05281728
volume_change,0.052555263
volatility_10,0.0502652
Volume,0.0501083
10_day_ma,0.049633153
