Feature,Importance
RSI_14,0.066815555
Open,0.066393696
Low,0.06550171
20_day_std,0.064300336
10_day_ma,0.06317262
volatility_10,0.06243101
daily_return,0.061008606
High,0.060681913
Volume,0.060145132
5_day_ma,0.059556335
volume_change,0.05702865
BB_lower,0.05572841
20_day_ma,0.05567246
MACD_signal,0.05191952
MACD,0.05055032
BB_upper,0.049855974
Close,0.049237736
