Feature,Importance
MACD,0.07872266
volume_change,0.07123826
Volume,0.06788118
Low,0.06279169
BB_upper,0.059141792
High,0.059135944
20_day_ma,0.058844216
MACD_signal,0.05820793
Close,0.058175918
5_day_ma,0.058027096
20_day_std,0.057245005
10_day_ma,0.05342638
BB_lower,0.05289609
RSI_14,0.0526681
Open,0.05215805
volatility_10,0.050372064
daily_return,0.049067657
