Feature,Importance
volatility_10,0.081843235
BB_upper,0.06567918
BB_lower,0.06553677
20_day_ma,0.06553027
20_day_std,0.06436462
MACD,0.064022064
5_day_ma,0.06343389
Volume,0.0628434
High,0.05825263
daily_return,0.05731166
Open,0.05534579
volume_change,0.054753073
10_day_ma,0.053202853
MACD_signal,0.049671765
Close,0.046731792
RSI_14,0.046342418
Low,0.045134567
