Feature,Importance
Low,0.06821383
BB_upper,0.063185304
volatility_10,0.0630717
Open,0.062939554
MACD_signal,0.0617853
Volume,0.06140553
volume_change,0.06055517
High,0.059601173
BB_lower,0.058735184
daily_return,0.058548797
20_day_std,0.057024058
5_day_ma,0.056963146
20_day_ma,0.056939032
MACD,0.055504937
Close,0.054929838
10_day_ma,0.053413674
RSI_14,0.04718374
