Feature,Importance
5_day_ma,0.07199538
MACD_signal,0.06807468
volume_change,0.06380167
MACD,0.062195357
BB_lower,0.061092786
daily_return,0.05921872
Open,0.059071943
20_day_std,0.05771471
BB_upper,0.057256598
Close,0.057057634
volatility_10,0.05698066
Low,0.056101352
Volume,0.055684123
10_day_ma,0.055081673
High,0.054963086
RSI_14,0.053342897
20_day_ma,0.050366744
