Feature,Importance
BB_upper,0.07002414
Low,0.06867188
20_day_ma,0.06836844
Open,0.06340235
volume_change,0.06155554
BB_lower,0.06109168
MACD,0.060171094
10_day_ma,0.059926473
20_day_std,0.05964953
RSI_14,0.058504872
5_day_ma,0.057217076
Close,0.054160636
MACD_signal,0.05301988
Volume,0.05141552
volatility_10,0.051098477
daily_return,0.050873127
High,0.050849322
