Feature,Importance
Volume,0.0729522
BB_upper,0.065535605
High,0.06441201
volatility_10,0.06404311
BB_lower,0.060844265
20_day_ma,0.06037017
daily_return,0.060256913
Close,0.060120244
MACD_signal,0.059661265
5_day_ma,0.05924723
Open,0.0577826
volume_change,0.056975134
20_day_std,0.056233324
MACD,0.053194467
10_day_ma,0.051962968
Low,0.050429307
RSI_14,0.04597919
