Feature,Importance
Low,0.08007607
High,0.0732816
5_day_ma,0.0717223
BB_upper,0.064498134
Open,0.062375583
Volume,0.060830064
MACD,0.05715547
20_day_std,0.056609184
volume_change,0.05618578
volatility_10,0.054981314
daily_return,0.05488508
BB_lower,0.054651037
20_day_ma,0.053164445
Close,0.052389756
MACD_signal,0.050906915
10_day_ma,0.049109224
RSI_14,0.047178086
