Feature,Importance
Close,0.07590914
20_day_std,0.06937805
Low,0.06554163
10_day_ma,0.06447132
MACD_signal,0.06425157
Volume,0.0636525
BB_upper,0.059592146
BB_lower,0.059299774
volume_change,0.057346813
volatility_10,0.057242747
MACD,0.05674768
20_day_ma,0.05660708
High,0.054123327
5_day_ma,0.05313448
Open,0.050371878
daily_return,0.05034921
RSI_14,0.041980594
