Feature,Importance
Low,0.08019556
BB_upper,0.07512006
Open,0.071454145
20_day_ma,0.06739717
BB_lower,0.066011295
Volume,0.064673595
High,0.063469954
MACD,0.06078532
volatility_10,0.0547328
volume_change,0.052855216
5_day_ma,0.050712317
daily_return,0.050703615
Close,0.050521854
MACD_signal,0.048617978
10_day_ma,0.04852357
20_day_std,0.047519043
RSI_14,0.046706505
