Feature,Importance
Low,0.09370076
Close,0.07550846
MACD,0.0721788
20_day_ma,0.06725199
BB_upper,0.06644975
Volume,0.06585362
High,0.06176024
volatility_10,0.05967889
MACD_signal,0.057461254
daily_return,0.056381825
volume_change,0.053908978
Open,0.053814016
BB_lower,0.050737664
RSI_14,0.049348928
5_day_ma,0.045808908
20_day_std,0.040065724
10_day_ma,0.030090148
