Feature,Importance
BB_lower,0.08791952
10_day_ma,0.069701046
BB_upper,0.06959558
Low,0.06882345
volume_change,0.06208194
20_day_ma,0.058117725
daily_return,0.05762083
RSI_14,0.05608301
20_day_std,0.05590216
Open,0.05503454
volatility_10,0.054528367
High,0.05284143
5_day_ma,0.051644057
MACD_signal,0.05125578
Volume,0.050987042
Close,0.049411226
MACD,0.048452243
