Feature,Importance
5_day_ma,0.070049524
BB_upper,0.06963571
Low,0.06576253
10_day_ma,0.0651985
volume_change,0.06210539
RSI_14,0.06043296
20_day_std,0.05961581
Open,0.059026137
daily_return,0.057957634
volatility_10,0.05645741
MACD,0.056137644
MACD_signal,0.056085043
BB_lower,0.054499578
Volume,0.053771276
20_day_ma,0.053522885
High,0.049933
Close,0.04980893
