Feature,Importance
5_day_ma,0.06448726
High,0.062666506
daily_return,0.06266387
Open,0.06261412
BB_upper,0.061591867
Low,0.06050972
Volume,0.059151992
BB_lower,0.058708128
RSI_14,0.057781126
MACD_signal,0.057026833
volatility_10,0.05682889
20_day_ma,0.056814607
Close,0.05648443
20_day_std,0.056168128
10_day_ma,0.05597549
MACD,0.0553083
volume_change,0.05521871
