Feature,Importance
Low,0.069429114
Volume,0.06789345
daily_return,0.06723507
BB_upper,0.06499782
Open,0.059978634
High,0.059467047
MACD,0.058897644
5_day_ma,0.05866978
volatility_10,0.058607683
20_day_std,0.057671756
volume_change,0.05679735
BB_lower,0.056152128
Close,0.055766426
10_day_ma,0.054988846
20_day_ma,0.054799166
RSI_14,0.052053187
MACD_signal,0.0465949
