Feature,Importance
Low,0.07943928
RSI_14,0.0656584
20_day_std,0.06390648
High,0.06326372
volume_change,0.060456965
20_day_ma,0.060214836
BB_upper,0.05855995
Volume,0.05849196
BB_lower,0.05797187
Close,0.05793286
daily_return,0.0560741
MACD,0.055230796
Open,0.05490106
volatility_10,0.05452374
10_day_ma,0.05373657
5_day_ma,0.05149247
MACD_signal,0.04814499
