Feature,Importance
Low,0.07605885
High,0.071674176
MACD_signal,0.06672903
20_day_std,0.063631244
BB_lower,0.063130975
Volume,0.060834967
10_day_ma,0.059968617
Open,0.05882218
Close,0.05659261
MACD,0.056431346
RSI_14,0.055777244
5_day_ma,0.055133484
daily_return,0.054591976
volatility_10,0.053982086
20_day_ma,0.051278487
BB_upper,0.048255455
volume_change,0.047107257
