Feature,Importance
BB_upper,0.09542587
Low,0.07152811
Close,0.06686405
High,0.06653484
Open,0.065769985
10_day_ma,0.06335185
volatility_10,0.060250238
volume_change,0.057820193
20_day_std,0.055685025
5_day_ma,0.055030454
MACD,0.051957726
RSI_14,0.051291607
BB_lower,0.050833177
daily_return,0.050392993
20_day_ma,0.047491677
Volume,0.045042403
MACD_signal,0.044729862
