Feature,Importance
Low,0.07513837
RSI_14,0.07168928
volume_change,0.07149863
BB_lower,0.07005882
Open,0.06564806
BB_upper,0.061756607
20_day_std,0.06118356
Close,0.06064428
MACD,0.057738587
10_day_ma,0.057121214
High,0.057008404
daily_return,0.05368463
MACD_signal,0.050152533
20_day_ma,0.049232308
5_day_ma,0.04913281
volatility_10,0.04892397
Volume,0.039387934
