Feature,Importance
MACD_signal,0.070158415
MACD,0.06803417
High,0.06517251
20_day_std,0.06454071
Close,0.06273794
BB_upper,0.06266537
volume_change,0.06262017
5_day_ma,0.06167226
BB_lower,0.061448477
daily_return,0.05921584
volatility_10,0.058907304
Low,0.058811415
Open,0.053821847
Volume,0.051810987
RSI_14,0.050072335
20_day_ma,0.044656668
10_day_ma,0.043653596
