Feature,Importance
Low,0.07459121
Close,0.07089609
BB_upper,0.06997123
MACD_signal,0.064835384
volume_change,0.064658366
Open,0.063965514
High,0.058998045
5_day_ma,0.05865748
20_day_ma,0.057055984
MACD,0.05661383
RSI_14,0.054456092
BB_lower,0.054424763
volatility_10,0.053643763
Volume,0.05305811
daily_return,0.050997816
10_day_ma,0.0498813
20_day_std,0.04329497
