Feature,Importance
Low,0.07132119
20_day_ma,0.06620898
MACD_signal,0.06524674
BB_lower,0.06500324
High,0.06165452
20_day_std,0.061177567
Close,0.061166935
Open,0.05957183
10_day_ma,0.059536114
Volume,0.05829856
MACD,0.057394367
BB_upper,0.056024995
5_day_ma,0.05524127
daily_return,0.0533857
RSI_14,0.05218483
volume_change,0.050234355
volatility_10,0.04634875
