Feature,Importance
Open,0.07707747
BB_upper,0.072157286
10_day_ma,0.07005927
High,0.06412567
MACD_signal,0.0630455
volatility_10,0.06177776
20_day_std,0.06152653
Low,0.059997287
daily_return,0.059858065
5_day_ma,0.05638963
RSI_14,0.05383208
Volume,0.05345611
MACD,0.052938353
Close,0.0513972
volume_change,0.05122959
20_day_ma,0.050416086
BB_lower,0.04071606
