Feature,Importance
5_day_ma,0.07154381
20_day_ma,0.07109507
Close,0.06611363
Volume,0.06061301
MACD,0.06055887
Low,0.060274087
BB_upper,0.05998505
Open,0.05926174
volume_change,0.057524025
BB_lower,0.05739924
daily_return,0.05609493
MACD_signal,0.0554513
High,0.055351786
20_day_std,0.0550772
10_day_ma,0.054995533
RSI_14,0.049524114
volatility_10,0.049136605
