Feature,Importance
20_day_ma,0.070047654
High,0.06376407
10_day_ma,0.06285311
Open,0.06272479
RSI_14,0.061715163
volume_change,0.059777822
MACD,0.058883876
20_day_std,0.058411967
volatility_10,0.058022164
5_day_ma,0.05746322
BB_upper,0.05702492
Volume,0.056838676
Close,0.05635104
daily_return,0.05500714
BB_lower,0.054581586
MACD_signal,0.054069962
Low,0.0524629
