Feature,Importance
20_day_ma,0.07148057
MACD,0.0664102
RSI_14,0.06599449
BB_lower,0.064987116
volume_change,0.06324079
20_day_std,0.061024945
High,0.06054212
Volume,0.060005706
volatility_10,0.05979808
daily_return,0.058402997
10_day_ma,0.057779387
BB_upper,0.05382083
Close,0.052935608
Low,0.05269439
Open,0.051508825
MACD_signal,0.050690576
5_day_ma,0.048683368
