Feature,Importance
High,0.07866077
20_day_std,0.07111142
20_day_ma,0.067669414
MACD_signal,0.06546629
volatility_10,0.064865775
Low,0.06422198
MACD,0.061027016
Close,0.06066655
BB_lower,0.05915894
RSI_14,0.058886267
daily_return,0.056215182
Open,0.052405056
5_day_ma,0.051885817
Volume,0.05142751
volume_change,0.04727663
10_day_ma,0.045787312
BB_upper,0.043268118
