Feature,Importance
20_day_ma,0.07661928
20_day_std,0.068125054
High,0.06497128
daily_return,0.06438152
BB_lower,0.063101366
5_day_ma,0.06278272
BB_upper,0.061560906
Low,0.061319135
volume_change,0.06054518
volatility_10,0.058965
10_day_ma,0.056289688
Open,0.05437743
Volume,0.050489374
RSI_14,0.050274327
MACD_signal,0.049051806
MACD,0.048919648
Close,0.04822626
