Feature,Importance
BB_upper,0.07165749
Low,0.07026189
MACD,0.06926219
volatility_10,0.06599664
High,0.06380889
MACD_signal,0.06217794
20_day_std,0.059845295
volume_change,0.05962769
20_day_ma,0.059103698
daily_return,0.05781186
RSI_14,0.057337385
Open,0.05608812
BB_lower,0.05536928
5_day_ma,0.05132103
10_day_ma,0.051036038
Volume,0.048624303
Close,0.040670298
