Feature,Importance
20_day_std,0.0697264
5_day_ma,0.06735373
BB_lower,0.06614999
20_day_ma,0.065494604
Close,0.06214019
RSI_14,0.061621193
volume_change,0.059916683
High,0.05978362
10_day_ma,0.05911884
Low,0.057226803
daily_return,0.057140455
Volume,0.056333303
volatility_10,0.055217855
MACD,0.054329213
MACD_signal,0.051137183
Open,0.05053474
BB_upper,0.04677519
