Feature,Importance
MACD_signal,0.070917174
BB_lower,0.06880845
BB_upper,0.0670469
Low,0.06555369
5_day_ma,0.061313488
High,0.06093067
20_day_std,0.060846835
20_day_ma,0.06004986
volatility_10,0.058613725
Volume,0.058427073
MACD,0.056741484
Open,0.056498706
Close,0.055130787
daily_return,0.053129204
RSI_14,0.051587656
volume_change,0.04970692
10_day_ma,0.044697378
