Feature,Importance
High,0.07536114
10_day_ma,0.07334276
20_day_std,0.07136343
volume_change,0.068153426
5_day_ma,0.06572288
Low,0.064990066
RSI_14,0.06330183
Volume,0.056538254
daily_return,0.05561302
volatility_10,0.055520937
20_day_ma,0.05507461
BB_upper,0.054902107
Close,0.053696472
BB_lower,0.05339791
MACD,0.048100732
MACD_signal,0.043218642
Open,0.041701768
