Feature,Importance
Close,0.083121024
High,0.08201318
20_day_ma,0.08178837
MACD,0.075690895
BB_upper,0.07058666
Low,0.057980098
volume_change,0.057017658
Open,0.053309936
volatility_10,0.052172493
daily_return,0.051659465
Volume,0.051339123
20_day_std,0.05017201
BB_lower,0.04950798
10_day_ma,0.04761648
MACD_signal,0.047472663
RSI_14,0.04735691
5_day_ma,0.041195124
