Feature,Importance
Low,0.08854142
20_day_std,0.074937485
BB_lower,0.07397793
RSI_14,0.07137662
10_day_ma,0.063520774
20_day_ma,0.06212452
volatility_10,0.06114242
MACD,0.05886576
High,0.057423607
MACD_signal,0.054404963
volume_change,0.052600134
BB_upper,0.051151622
daily_return,0.05046486
Close,0.048844155
5_day_ma,0.04464657
Open,0.043639783
Volume,0.042337395
