Feature,Importance
10_day_ma,0.07081855
MACD_signal,0.0679284
20_day_ma,0.067236535
20_day_std,0.065720715
Close,0.065185115
BB_lower,0.06407273
Low,0.06121368
High,0.05824111
MACD,0.058154073
daily_return,0.05809523
volume_change,0.05751916
Open,0.057135444
RSI_14,0.05546757
volatility_10,0.053208362
BB_upper,0.048691314
Volume,0.048454136
5_day_ma,0.042857893
