Feature,Importance
MACD_signal,0.07784054
10_day_ma,0.07700338
MACD,0.07465849
daily_return,0.07249085
BB_upper,0.06954687
20_day_ma,0.06781142
Open,0.06355855
BB_lower,0.06005024
Low,0.05608201
volume_change,0.05418073
20_day_std,0.053657938
5_day_ma,0.0533183
Close,0.051959608
High,0.047526255
volatility_10,0.043770928
RSI_14,0.040771656
Volume,0.03577217
