Feature,Importance
BB_upper,0.078460895
Open,0.07557774
20_day_ma,0.07435623
Close,0.07087965
MACD,0.064395666
RSI_14,0.061834175
daily_return,0.059465878
volatility_10,0.058291405
High,0.0581137
20_day_std,0.055485863
5_day_ma,0.05430516
Volume,0.05328577
BB_lower,0.053181354
volume_change,0.053180296
MACD_signal,0.04701072
Low,0.041982636
10_day_ma,0.04019282
