Feature,Importance
Open,0.0711427
Low,0.070814595
RSI_14,0.06618251
MACD,0.061576955
10_day_ma,0.061280847
volatility_10,0.060286775
BB_upper,0.060028438
20_day_ma,0.059796818
5_day_ma,0.057602275
volume_change,0.057377197
daily_return,0.055199582
Volume,0.05508048
High,0.054264568
BB_lower,0.053671036
MACD_signal,0.05313224
20_day_std,0.051901247
Close,0.050661746
