Feature,Importance
20_day_ma,0.06550211
Open,0.065225
High,0.065101884
Low,0.062534906
volume_change,0.061305337
Close,0.06013442
Volume,0.059410337
5_day_ma,0.059360713
MACD,0.05833078
daily_return,0.058165193
20_day_std,0.057988435
RSI_14,0.05770122
BB_lower,0.056915432
MACD_signal,0.05624031
volatility_10,0.05303992
BB_upper,0.05302912
10_day_ma,0.050014935
