Feature,Importance
BB_upper,0.0777637
Open,0.066077605
MACD_signal,0.0654202
BB_lower,0.06530592
10_day_ma,0.06300493
20_day_std,0.061814953
volatility_10,0.0606361
daily_return,0.059849307
High,0.058006547
Low,0.057388503
5_day_ma,0.05723762
volume_change,0.055450216
RSI_14,0.05446502
Close,0.051850636
MACD,0.051522627
Volume,0.05141378
20_day_ma,0.042792264
