Feature,Importance
10_day_ma,0.075770095
BB_upper,0.07354098
Close,0.07139191
BB_lower,0.06860967
MACD,0.06721565
High,0.06536798
volatility_10,0.06064973
5_day_ma,0.059327547
MACD_signal,0.055408858
20_day_ma,0.05381713
Low,0.053012174
Volume,0.052994363
volume_change,0.050641548
RSI_14,0.050245725
20_day_std,0.049635936
daily_return,0.048941307
Open,0.043429397
