Feature,Importance
BB_lower,0.068688214
High,0.067384206
Open,0.06315146
MACD,0.06314971
Low,0.060615398
20_day_ma,0.059614655
20_day_std,0.05944253
BB_upper,0.058365133
volatility_10,0.057785034
volume_change,0.057686906
10_day_ma,0.056395344
MACD_signal,0.056145765
RSI_14,0.05553272
daily_return,0.05547723
Volume,0.05465492
Close,0.05454547
5_day_ma,0.051365297
