Feature,Importance
20_day_ma,0.10251148
5_day_ma,0.08059507
10_day_ma,0.07545565
High,0.06867043
daily_return,0.063533515
Open,0.061288886
BB_upper,0.059866015
volume_change,0.05879544
Low,0.058044266
BB_lower,0.05396599
RSI_14,0.05334359
Close,0.050728958
volatility_10,0.047193896
MACD,0.043949157
20_day_std,0.04261652
Volume,0.03986898
MACD_signal,0.039572135
