Feature,Importance
10_day_ma,0.07423446
MACD_signal,0.06870391
MACD,0.06865822
Low,0.066835545
5_day_ma,0.06450996
High,0.06250355
20_day_ma,0.062461857
daily_return,0.06088529
BB_upper,0.05967371
volume_change,0.055905093
BB_lower,0.055496715
20_day_std,0.054097183
Volume,0.052229956
Open,0.049622968
Close,0.049539015
volatility_10,0.048806503
RSI_14,0.045836046
