Feature,Importance
volatility_10,0.07086808
Close,0.06739612
Low,0.066788465
MACD_signal,0.064642094
5_day_ma,0.06294308
MACD,0.061815403
BB_lower,0.06179191
Open,0.06029583
20_day_std,0.05920242
High,0.058584232
BB_upper,0.05602725
Volume,0.054774012
daily_return,0.054311845
RSI_14,0.05186352
volume_change,0.051392894
20_day_ma,0.049232006
10_day_ma,0.04807085
