Feature,Importance
MACD,0.06809795
Low,0.06720325
5_day_ma,0.06601923
Open,0.06587143
volatility_10,0.064458594
High,0.06141364
20_day_ma,0.060218606
MACD_signal,0.059792627
Close,0.058847893
daily_return,0.05782186
Volume,0.05702076
BB_upper,0.056995727
20_day_std,0.05383846
BB_lower,0.051053274
10_day_ma,0.050894372
volume_change,0.050416544
RSI_14,0.0500358
