Feature,Importance
Low,0.09278477
BB_upper,0.07101246
5_day_ma,0.06622783
High,0.06434369
Open,0.06392155
MACD,0.06129306
MACD_signal,0.059821088
20_day_std,0.057932492
Volume,0.05783025
volume_change,0.054983225
RSI_14,0.054928254
daily_return,0.0538367
Close,0.05336707
10_day_ma,0.051646404
volatility_10,0.04988505
20_day_ma,0.043482956
BB_lower,0.04270318
