Feature,Importance
daily_return,0.06709404
volatility_10,0.06515022
volume_change,0.064155795
MACD,0.0637481
High,0.062032875
20_day_ma,0.060407218
RSI_14,0.06021284
5_day_ma,0.060197886
BB_lower,0.060191922
10_day_ma,0.059297517
Low,0.058328327
Close,0.056812894
Open,0.056217246
MACD_signal,0.054483425
Volume,0.051660623
20_day_std,0.05048753
BB_upper,0.049521558
