Feature,Importance
Low,0.08330193
High,0.07563663
Open,0.071685895
Close,0.071104206
RSI_14,0.059893526
10_day_ma,0.059714053
MACD,0.05893351
20_day_ma,0.058022287
BB_upper,0.05784628
5_day_ma,0.053936753
volume_change,0.05246692
MACD_signal,0.052434366
Volume,0.051732004
daily_return,0.0510777
BB_lower,0.049056105
volatility_10,0.048156578
20_day_std,0.045001257
