Feature,Importance
High,0.08516477
Low,0.0743076
10_day_ma,0.07022375
MACD_signal,0.06572016
20_day_ma,0.06510666
20_day_std,0.0642502
5_day_ma,0.05813825
BB_lower,0.057699718
daily_return,0.057230428
Volume,0.056539584
BB_upper,0.056308135
Close,0.05620574
RSI_14,0.055357426
Open,0.05340825
MACD,0.044176582
volume_change,0.041474655
volatility_10,0.038688075
