Feature,Importance
Open,0.06774781
MACD,0.06592951
20_day_ma,0.064402625
5_day_ma,0.063799545
MACD_signal,0.06301299
Low,0.061742816
volatility_10,0.061461277
High,0.05939061
BB_lower,0.05885614
volume_change,0.058071144
Close,0.057678998
RSI_14,0.057299763
Volume,0.05645666
20_day_std,0.055703104
daily_return,0.052605566
10_day_ma,0.050413985
BB_upper,0.045427453
