Feature,Importance
MACD,0.06624944
BB_upper,0.06530477
High,0.06442001
Low,0.06345166
Close,0.061555218
20_day_ma,0.061497588
BB_lower,0.061414614
RSI_14,0.06119959
Open,0.060372714
volume_change,0.059658375
Volume,0.058922183
20_day_std,0.05813571
10_day_ma,0.054666303
volatility_10,0.054653805
daily_return,0.053395063
MACD_signal,0.050299637
5_day_ma,0.044803254
