Feature,Importance
volume_change,0.071443364
RSI_14,0.067202434
daily_return,0.06207679
Low,0.06203501
20_day_std,0.06071577
Open,0.060486518
BB_lower,0.06013493
BB_upper,0.057908107
High,0.057561252
MACD_signal,0.057108328
20_day_ma,0.0569628
10_day_ma,0.05666333
MACD,0.056456495
Close,0.05529416
5_day_ma,0.05399544
Volume,0.053683117
volatility_10,0.050272148
