Feature,Importance
BB_lower,0.07305545
High,0.07155352
10_day_ma,0.06841095
BB_upper,0.0664134
Close,0.06457135
20_day_ma,0.06394666
MACD,0.06389784
volume_change,0.060066827
20_day_std,0.05907248
RSI_14,0.05890306
Open,0.0561058
volatility_10,0.05378343
Low,0.04923321
5_day_ma,0.049145333
daily_return,0.048285596
Volume,0.04695441
MACD_signal,0.046600576
