Feature,Importance
Open,0.070903406
High,0.06913107
BB_lower,0.065605424
20_day_ma,0.065204
BB_upper,0.06403291
MACD_signal,0.06301397
MACD,0.05869533
5_day_ma,0.058443647
volatility_10,0.058072213
Close,0.057690307
daily_return,0.056717735
Low,0.05481596
20_day_std,0.053009093
RSI_14,0.052691553
Volume,0.05145269
10_day_ma,0.050467458
volume_change,0.05005317
