Feature,Importance
MACD,0.06814887
BB_upper,0.06695716
10_day_ma,0.06558552
Open,0.06374097
MACD_signal,0.06373273
Close,0.060870934
20_day_ma,0.059853353
High,0.059488866
Low,0.059409697
volume_change,0.057058066
RSI_14,0.05687278
Volume,0.055728335
daily_return,0.05514845
volatility_10,0.05427315
20_day_std,0.053657446
BB_lower,0.05225585
5_day_ma,0.04721781
