Feature,Importance
volatility_10,0.08030746
MACD,0.07624573
daily_return,0.068854496
5_day_ma,0.06822338
RSI_14,0.067953065
10_day_ma,0.06788663
BB_upper,0.06666563
volume_change,0.065962054
Open,0.06496628
Volume,0.052619632
MACD_signal,0.051842783
20_day_ma,0.050917424
Low,0.049617473
High,0.047849953
Close,0.04542866
20_day_std,0.04175877
BB_lower,0.032900665
