Feature,Importance
5_day_ma,0.070987396
BB_upper,0.06966608
MACD_signal,0.062432718
10_day_ma,0.062081896
Low,0.060483634
volume_change,0.05951985
20_day_std,0.059102498
volatility_10,0.059007794
Volume,0.05739415
MACD,0.05730474
RSI_14,0.056272913
High,0.056009118
daily_return,0.05559074
Close,0.05532122
20_day_ma,0.054760113
BB_lower,0.053265262
Open,0.050799884
