Feature,Importance
BB_upper,0.08865666
MACD,0.073078945
10_day_ma,0.066330805
MACD_signal,0.063771196
daily_return,0.063609414
BB_lower,0.06309561
20_day_std,0.062340144
High,0.060885854
RSI_14,0.059300195
Volume,0.056396455
Low,0.056194097
20_day_ma,0.054898996
volatility_10,0.05421552
volume_change,0.053471528
Close,0.044814333
5_day_ma,0.04272481
Open,0.03621543
