Feature,Importance
20_day_std,0.06898206
MACD_signal,0.06842367
High,0.06719596
BB_lower,0.06388139
Volume,0.061662253
BB_upper,0.061496098
5_day_ma,0.06063402
Low,0.060344648
volatility_10,0.05961595
MACD,0.059000492
daily_return,0.057061996
10_day_ma,0.055195585
RSI_14,0.05314967
20_day_ma,0.053120717
volume_change,0.05213835
Close,0.0490543
Open,0.04904279
