Feature,Importance
Open,0.072552904
5_day_ma,0.071871445
BB_lower,0.06369514
MACD_signal,0.062469155
BB_upper,0.06142811
10_day_ma,0.060944133
RSI_14,0.059493292
MACD,0.059233274
Low,0.059125945
daily_return,0.058535766
Volume,0.058271904
20_day_ma,0.056358404
volatility_10,0.05314759
High,0.052602924
volume_change,0.051892076
20_day_std,0.049576025
Close,0.048801873
