Feature,Importance
Open,0.0878896
High,0.0772418
Low,0.07683795
5_day_ma,0.06714257
BB_upper,0.065258436
20_day_ma,0.06400805
10_day_ma,0.06156917
Volume,0.05709914
RSI_14,0.054154713
Close,0.053781085
MACD,0.053469714
volume_change,0.052019406
volatility_10,0.05141287
20_day_std,0.049881786
daily_return,0.048199832
MACD_signal,0.04051638
BB_lower,0.03951753
