Feature,Importance
5_day_ma,0.07718594
Close,0.072241634
BB_lower,0.07090554
MACD_signal,0.07009625
10_day_ma,0.06292233
MACD,0.06281465
High,0.057345852
Volume,0.05544934
20_day_ma,0.055318758
daily_return,0.054866597
BB_upper,0.05414714
Low,0.05337251
volume_change,0.052999083
RSI_14,0.05265347
20_day_std,0.052599855
volatility_10,0.048634622
Open,0.04644637
