Feature,Importance
Open,0.068450235
BB_upper,0.067326345
Low,0.06701339
20_day_std,0.066821486
daily_return,0.05921937
20_day_ma,0.058713622
MACD,0.05870755
volume_change,0.058433995
MACD_signal,0.058370583
BB_lower,0.05832173
RSI_14,0.057814885
Volume,0.055410307
volatility_10,0.055403475
High,0.05526065
Close,0.054119635
10_day_ma,0.05159703
5_day_ma,0.049015675
