Feature,Importance
Low,0.07153004
Open,0.07024953
20_day_std,0.06595531
5_day_ma,0.06574962
High,0.064139515
BB_upper,0.062087536
MACD_signal,0.0604565
MACD,0.058567997
Close,0.057840105
10_day_ma,0.05664665
RSI_14,0.054669775
Volume,0.05424282
daily_return,0.053693663
20_day_ma,0.05342632
BB_lower,0.051155876
volatility_10,0.0505313
volume_change,0.04905753
