Feature,Importance
Low,0.08644392
5_day_ma,0.07404904
BB_upper,0.07263699
10_day_ma,0.07160189
Open,0.06615164
RSI_14,0.06323712
daily_return,0.05807813
MACD_signal,0.054830786
20_day_std,0.054005474
Volume,0.053990394
20_day_ma,0.053206902
High,0.053113416
MACD,0.049546935
BB_lower,0.048434295
volatility_10,0.048343007
volume_change,0.04698616
Close,0.045343895
