Feature,Importance
5_day_ma,0.07181651
MACD,0.06845551
volatility_10,0.06691532
Open,0.06239196
volume_change,0.06029232
BB_upper,0.059378985
High,0.059165977
daily_return,0.058197804
BB_lower,0.058107503
10_day_ma,0.05669161
Low,0.056371268
Volume,0.056271113
RSI_14,0.05539469
MACD_signal,0.0550566
20_day_ma,0.053640604
20_day_std,0.05309462
Close,0.048757624
