Feature,Importance
BB_upper,0.075057186
volatility_10,0.06764758
MACD_signal,0.06363573
5_day_ma,0.06362503
10_day_ma,0.062079806
BB_lower,0.059998985
Low,0.05922592
volume_change,0.05802172
20_day_std,0.057913747
20_day_ma,0.057663646
Open,0.056369647
Close,0.056309626
Volume,0.05603187
daily_return,0.055063903
RSI_14,0.053031944
High,0.052326284
MACD,0.045997515
