Feature,Importance
20_day_ma,0.084709555
5_day_ma,0.07500032
Low,0.0713179
MACD_signal,0.067619465
20_day_std,0.064348996
volatility_10,0.060106702
Volume,0.05979687
BB_upper,0.05951278
MACD,0.05824385
BB_lower,0.055252675
10_day_ma,0.054947663
RSI_14,0.05487715
daily_return,0.053766135
volume_change,0.050364695
High,0.045845065
Close,0.04331157
Open,0.040978584
