Feature,Importance
Low,0.07918746
RSI_14,0.062771894
High,0.062710434
5_day_ma,0.06150872
20_day_ma,0.06064362
BB_lower,0.060052548
Volume,0.058586136
MACD_signal,0.058520246
Close,0.05811569
volume_change,0.05673614
Open,0.056130297
20_day_std,0.056128014
MACD,0.056045055
daily_return,0.055389635
BB_upper,0.053793132
volatility_10,0.052749656
10_day_ma,0.050931264
