Feature,Importance
High,0.10121783
20_day_ma,0.08106967
MACD_signal,0.06786885
5_day_ma,0.06734601
RSI_14,0.06364868
20_day_std,0.062135793
Close,0.061638765
BB_lower,0.06077263
MACD,0.05730874
daily_return,0.05511971
volume_change,0.05146972
volatility_10,0.05028967
Volume,0.049305517
BB_upper,0.04905941
10_day_ma,0.045692038
Low,0.041209895
Open,0.034847107
