Feature,Importance
BB_upper,0.07499317
Close,0.06834841
Low,0.06750713
5_day_ma,0.067167856
volatility_10,0.06595553
BB_lower,0.064136334
20_day_std,0.060954504
daily_return,0.06052519
20_day_ma,0.056492776
RSI_14,0.055857703
Volume,0.05514351
MACD_signal,0.05373775
10_day_ma,0.053086415
volume_change,0.051157642
MACD,0.050278667
High,0.047540996
Open,0.04711635
