Feature,Importance
20_day_std,0.072647825
MACD_signal,0.065255485
volatility_10,0.063872874
BB_upper,0.06350073
Open,0.063493006
RSI_14,0.06191035
daily_return,0.06157257
MACD,0.06142284
BB_lower,0.059774503
20_day_ma,0.059067883
volume_change,0.058258653
Close,0.056392945
Volume,0.055044804
10_day_ma,0.05187221
Low,0.051633563
High,0.05123769
5_day_ma,0.043042075
