Feature,Importance
Low,0.08884441
BB_upper,0.068708785
RSI_14,0.06519312
BB_lower,0.06333151
5_day_ma,0.06055513
daily_return,0.06014897
20_day_std,0.059076555
10_day_ma,0.058340106
volume_change,0.05686113
20_day_ma,0.05551572
High,0.054944843
Volume,0.053422228
MACD_signal,0.052814886
volatility_10,0.051664513
Open,0.0513132
MACD,0.049729615
Close,0.049535293
