Feature,Importance
Low,0.06973493
Open,0.0690424
10_day_ma,0.0687429
BB_lower,0.06823234
5_day_ma,0.062536106
Volume,0.05932109
BB_upper,0.059108377
volatility_10,0.05894158
RSI_14,0.057335727
20_day_ma,0.056288775
volume_change,0.056145653
MACD_signal,0.05465076
High,0.054473583
daily_return,0.05379717
MACD,0.05305742
20_day_std,0.049373165
Close,0.04921807
