Feature,Importance
5_day_ma,0.06929459
Open,0.06729176
High,0.06430966
MACD,0.06300044
20_day_std,0.062789954
volume_change,0.061467502
BB_lower,0.061449468
Low,0.059792135
MACD_signal,0.057596873
BB_upper,0.056710307
Close,0.055724036
RSI_14,0.055554878
daily_return,0.055433493
volatility_10,0.054588202
Volume,0.053615153
20_day_ma,0.050975338
10_day_ma,0.050406203
