Feature,Importance
10_day_ma,0.08374764
High,0.07827492
Low,0.0777272
20_day_ma,0.07124187
Close,0.06937307
5_day_ma,0.06412792
BB_upper,0.058931384
volume_change,0.055834576
Open,0.05515693
BB_lower,0.05507756
Volume,0.05346138
20_day_std,0.05262623
RSI_14,0.049806066
MACD_signal,0.048300687
daily_return,0.04408933
volatility_10,0.04381876
MACD,0.03840449
