Feature,Importance
10_day_ma,0.079108626
High,0.07720363
Low,0.06611094
RSI_14,0.06544473
Close,0.06504898
Volume,0.06439205
5_day_ma,0.06267533
volume_change,0.061338995
BB_upper,0.06073276
Open,0.05969825
volatility_10,0.054177284
BB_lower,0.053288843
daily_return,0.05052084
20_day_std,0.0474332
MACD,0.04730386
20_day_ma,0.04305482
MACD_signal,0.042466834
