Feature,Importance
High,0.072010346
BB_upper,0.07037632
5_day_ma,0.06922964
Volume,0.065820165
daily_return,0.065539226
Close,0.06106417
20_day_std,0.05700084
volatility_10,0.056592364
MACD,0.05610003
Low,0.05559737
BB_lower,0.055429522
Open,0.054812938
RSI_14,0.054494012
10_day_ma,0.05417267
MACD_signal,0.053026468
volume_change,0.051140018
20_day_ma,0.047593884
