Feature,Importance
RSI_14,0.069626704
5_day_ma,0.06948788
10_day_ma,0.06855635
MACD,0.06609245
volatility_10,0.064617276
20_day_std,0.06017816
20_day_ma,0.059918966
High,0.05955242
volume_change,0.058977265
MACD_signal,0.058943115
BB_upper,0.0584511
Open,0.05758094
BB_lower,0.055489656
daily_return,0.053789847
Close,0.051350717
Volume,0.044650555
Low,0.042736635
