Feature,Importance
Low,0.07205827
RSI_14,0.067649804
Open,0.065508716
BB_upper,0.06525291
High,0.064161524
MACD_signal,0.06359614
MACD,0.0612501
5_day_ma,0.060217448
10_day_ma,0.060110934
volume_change,0.058438934
20_day_std,0.05376948
volatility_10,0.053012863
BB_lower,0.05297303
Close,0.051547557
20_day_ma,0.05110925
daily_return,0.050875198
Volume,0.04846782
