Feature,Importance
Open,0.06808509
RSI_14,0.06370679
Low,0.062420625
MACD,0.061882857
10_day_ma,0.061186578
Close,0.06104791
5_day_ma,0.059953984
BB_lower,0.059911884
Volume,0.059529867
High,0.058620784
20_day_std,0.058472216
MACD_signal,0.057676632
volume_change,0.057580397
daily_return,0.05649579
BB_upper,0.054456387
volatility_10,0.052975617
20_day_ma,0.04599655
