Feature,Importance
High,0.08839963
BB_upper,0.08160263
Close,0.07055832
Volume,0.06728294
20_day_ma,0.06173016
volume_change,0.058292855
daily_return,0.05779232
volatility_10,0.05528654
10_day_ma,0.054614555
MACD_signal,0.054570433
RSI_14,0.05340263
20_day_std,0.052354842
Open,0.05135045
5_day_ma,0.050635543
BB_lower,0.048411246
MACD,0.04817296
Low,0.04554194
