Feature,Importance
10_day_ma,0.06725817
Open,0.06553572
MACD_signal,0.065487094
Low,0.06416644
daily_return,0.062375553
volatility_10,0.062221695
RSI_14,0.0609595
20_day_std,0.060507536
BB_upper,0.05971422
BB_lower,0.059187535
High,0.059029106
Volume,0.058036033
MACD,0.056182478
volume_change,0.054238223
Close,0.051457006
5_day_ma,0.047051307
20_day_ma,0.046592385
