Feature,Importance
High,0.08037477
Low,0.07888052
Open,0.067765
BB_lower,0.066331
MACD_signal,0.063353896
volume_change,0.062192816
20_day_std,0.059768636
5_day_ma,0.05728303
20_day_ma,0.054436922
MACD,0.053084657
RSI_14,0.052199792
Close,0.051570542
Volume,0.051282924
10_day_ma,0.051223733
volatility_10,0.050956864
daily_return,0.049845938
BB_upper,0.049449015
