Feature,Importance
Open,0.06714968
BB_upper,0.066626824
daily_return,0.06389039
10_day_ma,0.06350045
Volume,0.062494893
High,0.060909837
MACD,0.060348902
5_day_ma,0.060126748
20_day_ma,0.059399515
20_day_std,0.059104245
BB_lower,0.057047974
RSI_14,0.05578787
Low,0.05561508
volatility_10,0.055593777
volume_change,0.052102976
MACD_signal,0.050473876
Close,0.04982693
