Feature,Importance
High,0.06931625
BB_lower,0.06768801
Open,0.066281706
Low,0.064577095
20_day_ma,0.0631329
MACD,0.06205622
BB_upper,0.060234588
5_day_ma,0.059588455
Volume,0.058273755
10_day_ma,0.056951355
volume_change,0.05494232
Close,0.054799423
MACD_signal,0.05427718
RSI_14,0.054254413
volatility_10,0.05307508
20_day_std,0.05217915
daily_return,0.048372094
