Feature,Importance
Low,0.07923492
High,0.07023887
MACD,0.068873934
BB_lower,0.06493749
20_day_std,0.06399133
5_day_ma,0.062140875
volume_change,0.05886072
Open,0.05680005
volatility_10,0.055578683
MACD_signal,0.055177595
10_day_ma,0.054481056
Volume,0.05361783
RSI_14,0.053108424
BB_upper,0.052984152
daily_return,0.05097249
Close,0.050603457
20_day_ma,0.048398126
