Feature,Importance
BB_upper,0.076540925
5_day_ma,0.07309137
Low,0.063678235
MACD,0.06116148
volume_change,0.059922855
20_day_ma,0.059213553
BB_lower,0.058347303
Close,0.05819675
20_day_std,0.05793533
Volume,0.05666609
Open,0.05643957
MACD_signal,0.05584053
RSI_14,0.05555154
volatility_10,0.054877713
High,0.054416068
daily_return,0.0523585
10_day_ma,0.04576219
