Feature,Importance
Open,0.07653868
Low,0.06952411
RSI_14,0.06302427
BB_upper,0.062480718
10_day_ma,0.06140934
BB_lower,0.060846347
Volume,0.058703654
5_day_ma,0.05796231
daily_return,0.05666688
Close,0.05615393
MACD,0.055432983
volume_change,0.05537348
20_day_std,0.054771587
MACD_signal,0.05439021
20_day_ma,0.05262032
High,0.052302707
volatility_10,0.05179848
