Feature,Importance
10_day_ma,0.078393325
Close,0.073424555
RSI_14,0.070027
Low,0.067472175
daily_return,0.06271391
MACD,0.06219401
5_day_ma,0.0613227
BB_lower,0.057218622
Open,0.05674467
volatility_10,0.05625361
High,0.0553342
BB_upper,0.054370664
20_day_std,0.054001503
Volume,0.052849527
volume_change,0.047888134
MACD_signal,0.046527587
20_day_ma,0.04326385
