Feature,Importance
5_day_ma,0.08357818
Open,0.080161124
10_day_ma,0.066952266
MACD,0.06536388
volatility_10,0.06512077
Close,0.060870178
BB_lower,0.05796176
High,0.056681976
Volume,0.05637771
Low,0.05540845
daily_return,0.054192346
20_day_ma,0.051941883
BB_upper,0.05189565
RSI_14,0.050297104
MACD_signal,0.04960359
volume_change,0.048957128
20_day_std,0.04463607
