Feature,Importance
5_day_ma,0.08953175
20_day_ma,0.08189065
10_day_ma,0.06626229
volatility_10,0.06563635
BB_upper,0.06401258
BB_lower,0.06298216
volume_change,0.06270941
Open,0.059256725
20_day_std,0.058497567
MACD,0.05382459
Close,0.053544596
Low,0.052048568
daily_return,0.050719034
Volume,0.048892878
RSI_14,0.047088977
MACD_signal,0.043756735
High,0.039345115
