Feature,Importance
Open,0.06874969
BB_upper,0.067485936
RSI_14,0.06656494
Low,0.06514672
10_day_ma,0.061693877
MACD,0.0608196
volume_change,0.060074218
20_day_std,0.058554884
volatility_10,0.05668037
High,0.056245673
MACD_signal,0.056090277
daily_return,0.056046356
BB_lower,0.05532263
Close,0.054689843
5_day_ma,0.052893743
Volume,0.051901605
20_day_ma,0.051039703
