Feature,Importance
Open,0.09272943
5_day_ma,0.080815755
Low,0.07435234
20_day_ma,0.06443047
MACD,0.061492912
20_day_std,0.060731884
volume_change,0.060323354
Volume,0.05984503
daily_return,0.05943215
volatility_10,0.056967303
Close,0.05533804
BB_lower,0.050245024
RSI_14,0.04935212
BB_upper,0.04825128
High,0.044716503
MACD_signal,0.04113478
10_day_ma,0.039841693
