Feature,Importance
5_day_ma,0.0709886
MACD,0.06774603
Low,0.062885165
High,0.06285584
RSI_14,0.06282743
daily_return,0.06190121
BB_lower,0.060568176
20_day_std,0.060476862
BB_upper,0.06039396
volatility_10,0.0603252
Open,0.05572014
MACD_signal,0.05516054
Volume,0.054620754
10_day_ma,0.054161627
20_day_ma,0.054070253
volume_change,0.052909095
Close,0.042389087
