Feature,Importance
BB_lower,0.06289528
Volume,0.06288378
daily_return,0.062137827
20_day_ma,0.061971903
Open,0.061247952
MACD,0.061027344
Low,0.060424242
20_day_std,0.060373884
volatility_10,0.059874095
BB_upper,0.059232995
High,0.058900133
RSI_14,0.05731558
5_day_ma,0.056669295
10_day_ma,0.055260755
volume_change,0.05504217
MACD_signal,0.052516803
Close,0.052225925
