Feature,Importance
20_day_std,0.08789957
BB_upper,0.07621114
High,0.066620685
volume_change,0.06363699
Close,0.06247013
MACD_signal,0.060580947
MACD,0.06028411
20_day_ma,0.059856914
5_day_ma,0.056719813
RSI_14,0.056305755
daily_return,0.052573804
Low,0.052172966
Open,0.051720176
Volume,0.051521223
BB_lower,0.05092877
volatility_10,0.04830712
10_day_ma,0.042189863
