Feature,Importance
High,0.08959369
Close,0.07618853
BB_upper,0.07086364
MACD_signal,0.07062124
20_day_std,0.06511554
volatility_10,0.06450729
MACD,0.06348598
10_day_ma,0.058416594
5_day_ma,0.05743471
Open,0.05137754
Volume,0.05124133
daily_return,0.05023702
20_day_ma,0.04949069
RSI_14,0.048352264
volume_change,0.047480926
Low,0.04630871
BB_lower,0.03928434
