Feature,Importance
MACD_signal,0.073732175
BB_upper,0.072245754
Low,0.067364655
Close,0.066250324
High,0.066050835
10_day_ma,0.06468709
Open,0.059167445
20_day_ma,0.05915597
5_day_ma,0.055284392
volume_change,0.05413851
volatility_10,0.053935762
20_day_std,0.052920304
MACD,0.05267986
RSI_14,0.052405674
daily_return,0.05172572
BB_lower,0.049920227
Volume,0.048335277
