Feature,Importance
10_day_ma,0.07837332
5_day_ma,0.0715468
daily_return,0.068771526
High,0.067988835
Low,0.065577075
20_day_ma,0.0655132
MACD,0.0635323
BB_upper,0.060715254
volume_change,0.057284746
volatility_10,0.055225905
20_day_std,0.05443761
Close,0.053591486
RSI_14,0.05285822
Open,0.050691277
BB_lower,0.050360702
Volume,0.04327579
MACD_signal,0.040255975
