Feature,Importance
20_day_ma,0.0700524
5_day_ma,0.06459254
BB_lower,0.06449395
20_day_std,0.06258812
Low,0.06190697
High,0.061535656
MACD_signal,0.059752192
volume_change,0.057484593
Open,0.057125438
10_day_ma,0.056834377
BB_upper,0.056109454
MACD,0.055567753
volatility_10,0.055298552
RSI_14,0.054499477
Close,0.054431908
Volume,0.053922772
daily_return,0.053803876
