Feature,Importance
volatility_10,0.06598627
volume_change,0.064959034
MACD,0.064282335
daily_return,0.06252725
20_day_ma,0.06200691
20_day_std,0.061606206
BB_upper,0.0611319
Open,0.059576694
Volume,0.058643285
5_day_ma,0.058389563
RSI_14,0.058284987
MACD_signal,0.057791486
High,0.057230297
Low,0.056770645
BB_lower,0.05459733
10_day_ma,0.04885102
Close,0.04736482
