Feature,Importance
Open,0.07923501
10_day_ma,0.06840934
volatility_10,0.06695499
BB_upper,0.06425606
BB_lower,0.064052135
Volume,0.06255212
MACD,0.06151759
20_day_ma,0.06151728
Close,0.061193258
5_day_ma,0.056745853
Low,0.0557312
MACD_signal,0.05482327
volume_change,0.051649168
RSI_14,0.05015309
daily_return,0.048696607
20_day_std,0.046671115
High,0.045841865
