Feature,Importance
BB_upper,0.081758626
Close,0.08162931
Low,0.07883319
High,0.07854987
BB_lower,0.066984616
Open,0.06410793
MACD,0.06396986
5_day_ma,0.060848303
Volume,0.056625504
RSI_14,0.053182516
10_day_ma,0.0531313
daily_return,0.048927773
volatility_10,0.048685223
MACD_signal,0.045467418
volume_change,0.044784933
20_day_std,0.03986044
20_day_ma,0.0326532
