Feature,Importance
BB_upper,0.06782156
Low,0.06664782
Open,0.06408055
5_day_ma,0.0625892
MACD_signal,0.06213352
BB_lower,0.061529074
Close,0.060393058
High,0.060392946
daily_return,0.059646465
20_day_std,0.058355857
Volume,0.056887913
MACD,0.05663533
10_day_ma,0.0563251
20_day_ma,0.05612937
volume_change,0.051250905
volatility_10,0.049736846
RSI_14,0.049444497
