Feature,Importance
BB_lower,0.06925939
20_day_std,0.067295074
MACD,0.06525921
BB_upper,0.06234714
Low,0.061723437
High,0.059966907
Volume,0.05979844
20_day_ma,0.059107676
daily_return,0.058653623
Open,0.0581288
volume_change,0.05769861
5_day_ma,0.05727128
volatility_10,0.054839898
10_day_ma,0.054803304
RSI_14,0.0544367
MACD_signal,0.05063465
Close,0.048775844
