Feature,Importance
Open,0.07723211
20_day_ma,0.07097855
Volume,0.06831356
5_day_ma,0.06727564
High,0.06578101
Low,0.06477325
MACD_signal,0.06391544
BB_lower,0.061723042
20_day_std,0.06063242
BB_upper,0.057712454
volume_change,0.056983046
MACD,0.054994352
Close,0.0518308
volatility_10,0.049894616
RSI_14,0.04620641
daily_return,0.0457601
10_day_ma,0.03599318
