Feature,Importance
High,0.075418256
Open,0.07225209
volatility_10,0.065576255
volume_change,0.06552201
20_day_std,0.06480301
BB_upper,0.06240591
daily_return,0.06169442
Low,0.060349792
5_day_ma,0.059099555
Volume,0.05666448
10_day_ma,0.05651791
RSI_14,0.055175345
Close,0.05382042
MACD,0.05217834
20_day_ma,0.050818
MACD_signal,0.050411634
BB_lower,0.037292533
