Feature,Importance
Low,0.0943719
5_day_ma,0.080048084
MACD,0.06595305
RSI_14,0.06565122
20_day_ma,0.0654365
10_day_ma,0.06125903
Open,0.060803253
20_day_std,0.05845029
volume_change,0.058177475
MACD_signal,0.055092905
Close,0.054830473
daily_return,0.05105924
BB_upper,0.049490083
Volume,0.046634234
BB_lower,0.046370644
volatility_10,0.044942778
High,0.041428857
