Feature,Importance
volatility_10,0.08525969
BB_upper,0.06924805
MACD,0.06560662
MACD_signal,0.06431427
5_day_ma,0.063399
High,0.059503794
Close,0.05854474
daily_return,0.05782548
20_day_std,0.057432353
Volume,0.057184327
Low,0.054930337
BB_lower,0.054041263
20_day_ma,0.052595913
Open,0.052518435
volume_change,0.05192862
RSI_14,0.04787439
10_day_ma,0.047792763
