Feature,Importance
MACD,0.068368286
High,0.06718898
BB_lower,0.06603845
20_day_std,0.0637287
daily_return,0.060107015
Low,0.059034698
MACD_signal,0.05838878
5_day_ma,0.058146253
BB_upper,0.05787539
20_day_ma,0.0570632
Close,0.056699432
Open,0.05641792
Volume,0.055435922
volatility_10,0.054842163
RSI_14,0.0541006
volume_change,0.05359488
10_day_ma,0.0529694
