Feature,Importance
MACD_signal,0.064764276
5_day_ma,0.06395109
MACD,0.061525807
Open,0.060990304
Low,0.060987115
BB_upper,0.06072283
volume_change,0.060356144
High,0.06025375
BB_lower,0.05980094
20_day_ma,0.05844109
20_day_std,0.057705753
daily_return,0.05714897
10_day_ma,0.056238603
Close,0.056100067
RSI_14,0.05529069
volatility_10,0.053244546
Volume,0.05247808
