Feature,Importance
BB_upper,0.070646346
20_day_std,0.070177965
MACD_signal,0.06688477
MACD,0.06539463
High,0.06324711
RSI_14,0.061830327
Open,0.061421845
volatility_10,0.060943216
daily_return,0.05890503
volume_change,0.05724676
BB_lower,0.056368303
Close,0.055380307
20_day_ma,0.054793224
Volume,0.05444403
Low,0.051265433
10_day_ma,0.04615784
5_day_ma,0.04489288
