Feature,Importance
20_day_ma,0.07271553
BB_lower,0.07002711
Open,0.068593286
High,0.06796548
5_day_ma,0.064478554
Volume,0.06009505
Low,0.059463948
volume_change,0.05803661
MACD,0.056839284
MACD_signal,0.05678354
BB_upper,0.056468327
Close,0.05582233
volatility_10,0.05403291
RSI_14,0.053105704
daily_return,0.04999384
20_day_std,0.048920993
10_day_ma,0.04665739
