Feature,Importance
Low,0.0786607
High,0.06941624
20_day_ma,0.065088406
volume_change,0.06362103
Volume,0.06270806
5_day_ma,0.06266961
Close,0.06260285
volatility_10,0.05900388
MACD_signal,0.057064515
Open,0.055711225
daily_return,0.0556596
20_day_std,0.055509128
10_day_ma,0.054556195
RSI_14,0.05441309
BB_lower,0.049856953
BB_upper,0.047447737
MACD,0.046010744
