Feature,Importance
MACD,0.073828936
High,0.0711951
Low,0.07052595
BB_lower,0.063460045
5_day_ma,0.06226796
10_day_ma,0.060470775
Close,0.059931092
20_day_ma,0.059778385
BB_upper,0.05789741
volume_change,0.057443954
daily_return,0.05700206
20_day_std,0.05418713
Open,0.054062378
volatility_10,0.053147446
Volume,0.050656594
MACD_signal,0.04821957
RSI_14,0.04592513
