Feature,Importance
Low,0.06954217
volume_change,0.06619397
volatility_10,0.06512768
Open,0.06352567
5_day_ma,0.06264038
RSI_14,0.06040594
20_day_ma,0.06033671
BB_upper,0.05890676
daily_return,0.05889079
MACD,0.058679897
High,0.05812119
Close,0.056003287
MACD_signal,0.054884367
Volume,0.0544732
20_day_std,0.051773466
10_day_ma,0.05170622
BB_lower,0.04878831
