Feature,Importance
High,0.07641536
volatility_10,0.07464661
Open,0.06955572
Low,0.0630124
MACD,0.061474226
20_day_ma,0.06122794
Close,0.060952548
5_day_ma,0.059284307
BB_upper,0.05824689
MACD_signal,0.057564277
20_day_std,0.057281215
daily_return,0.055233378
volume_change,0.052519314
RSI_14,0.051113337
Volume,0.04950882
10_day_ma,0.049171533
BB_lower,0.042792182
