Feature,Importance
BB_lower,0.085741244
volume_change,0.066904895
daily_return,0.06476228
20_day_ma,0.06440495
BB_upper,0.06355505
Low,0.06217618
20_day_std,0.060924586
10_day_ma,0.05935096
MACD_signal,0.056628328
RSI_14,0.056242727
MACD,0.05585091
volatility_10,0.055165786
5_day_ma,0.053381264
Volume,0.05131204
Close,0.051041782
Open,0.04788977
High,0.044667214
