Feature,Importance
Low,0.06558506
20_day_ma,0.06546561
BB_upper,0.0646534
5_day_ma,0.062594414
MACD,0.06227691
High,0.062035915
Close,0.061845634
daily_return,0.06074712
RSI_14,0.060309526
volume_change,0.05894601
MACD_signal,0.058384556
Volume,0.054743975
BB_lower,0.054385792
10_day_ma,0.053719953
Open,0.05318599
20_day_std,0.051417172
volatility_10,0.0497029
