Feature,Importance
Low,0.08105128
Open,0.07185627
BB_lower,0.0697994
High,0.06601143
5_day_ma,0.065486975
MACD_signal,0.06419037
volume_change,0.061778326
10_day_ma,0.05619863
BB_upper,0.054194067
Close,0.05348916
Volume,0.052791547
20_day_std,0.05270072
20_day_ma,0.052369684
daily_return,0.05143306
RSI_14,0.050659567
volatility_10,0.04920989
MACD,0.04677963
