Feature,Importance
volatility_10,0.07811631
RSI_14,0.07136398
Low,0.06807165
BB_upper,0.06407723
daily_return,0.061400894
MACD,0.060988802
Volume,0.058831625
BB_lower,0.05856357
Open,0.057388153
20_day_ma,0.05731172
5_day_ma,0.056854244
MACD_signal,0.056446463
10_day_ma,0.05491432
High,0.05273458
20_day_std,0.050918616
volume_change,0.050507788
Close,0.04151001
