Feature,Importance
20_day_ma,0.079544924
10_day_ma,0.07169273
Low,0.07126209
RSI_14,0.06845041
BB_upper,0.06577373
MACD,0.06454962
High,0.061791945
20_day_std,0.058979686
5_day_ma,0.057162374
MACD_signal,0.05600091
volume_change,0.055935387
daily_return,0.05421789
volatility_10,0.049020253
Volume,0.048352037
Close,0.047731567
BB_lower,0.044939116
Open,0.044595387
