Feature,Importance
10_day_ma,0.07202365
High,0.067805536
MACD,0.0675469
Close,0.06723021
Open,0.06522212
Low,0.06317161
BB_lower,0.0618039
RSI_14,0.06172538
20_day_ma,0.05945781
20_day_std,0.057858285
volume_change,0.05601965
Volume,0.05494835
BB_upper,0.054750394
daily_return,0.05420236
volatility_10,0.047645163
5_day_ma,0.045608446
MACD_signal,0.042980228
