Feature,Importance
10_day_ma,0.09272606
Open,0.07660949
Low,0.06916512
daily_return,0.0652055
Close,0.06513923
BB_upper,0.060113866
volatility_10,0.059608974
RSI_14,0.059211865
MACD_signal,0.058454182
20_day_std,0.057106845
MACD,0.05694213
volume_change,0.05648185
Volume,0.052593097
5_day_ma,0.044979762
High,0.04463178
BB_lower,0.04115543
20_day_ma,0.03987483
