Feature,Importance
20_day_ma,0.09040263
10_day_ma,0.07696384
High,0.06779449
5_day_ma,0.06672914
BB_lower,0.06337186
20_day_std,0.06069935
BB_upper,0.06025018
daily_return,0.059074618
Volume,0.05673264
RSI_14,0.054977093
Low,0.05479927
volume_change,0.054010384
volatility_10,0.051746
Open,0.04938659
MACD,0.048686307
Close,0.043436985
MACD_signal,0.040938616
