Feature,Importance
MACD,0.06818887
Close,0.067078985
Open,0.06548562
Low,0.06311085
20_day_ma,0.06265455
Volume,0.059760816
20_day_std,0.059556536
RSI_14,0.059206758
10_day_ma,0.058938384
daily_return,0.05802696
volume_change,0.05736781
High,0.056594864
5_day_ma,0.05568007
MACD_signal,0.054253068
BB_lower,0.0537867
BB_upper,0.052034523
volatility_10,0.04827467
