Feature,Importance
MACD,0.071192406
MACD_signal,0.07035905
RSI_14,0.06578045
volatility_10,0.06456643
5_day_ma,0.06417464
volume_change,0.062451303
Volume,0.05990912
20_day_std,0.058378845
Open,0.057741296
Close,0.057523753
High,0.057352316
10_day_ma,0.054659843
BB_upper,0.054477293
BB_lower,0.05408547
20_day_ma,0.05127148
daily_return,0.050892804
Low,0.04518352
