Feature,Importance
High,0.08106393
Volume,0.073438436
volatility_10,0.071180254
BB_lower,0.06655627
5_day_ma,0.06453895
RSI_14,0.06442095
MACD_signal,0.059192672
volume_change,0.059031665
20_day_ma,0.056588054
20_day_std,0.054686714
BB_upper,0.054371413
10_day_ma,0.05427994
daily_return,0.053676177
Open,0.048897214
MACD,0.047378764
Close,0.0453688
Low,0.04532989
