Feature,Importance
Low,0.06475133
MACD,0.064599074
MACD_signal,0.064395376
RSI_14,0.06274929
20_day_ma,0.06221944
Open,0.06215265
5_day_ma,0.062110692
BB_upper,0.060460776
BB_lower,0.060433358
volume_change,0.059039515
10_day_ma,0.05633363
Close,0.05510875
volatility_10,0.055058192
Volume,0.05421405
20_day_std,0.053619433
High,0.051981006
daily_return,0.05077345
