Feature,Importance
Low,0.078342274
BB_upper,0.064180896
RSI_14,0.06302091
BB_lower,0.061559837
volume_change,0.061307047
Volume,0.06081519
20_day_std,0.05843085
5_day_ma,0.0584205
20_day_ma,0.05813482
Open,0.05749135
MACD,0.0569472
10_day_ma,0.05569856
daily_return,0.05499318
Close,0.05403455
High,0.053490136
volatility_10,0.05293967
MACD_signal,0.05019303
