Feature,Importance
10_day_ma,0.068963446
BB_upper,0.06777735
BB_lower,0.065167286
Low,0.065060884
20_day_std,0.06505195
Open,0.06028476
MACD,0.059918366
MACD_signal,0.05795214
Volume,0.05759268
daily_return,0.057490196
volatility_10,0.057331163
5_day_ma,0.056899972
Close,0.056894556
RSI_14,0.05634195
High,0.055112947
volume_change,0.051817477
20_day_ma,0.04034296
