Feature,Importance
BB_upper,0.07268297
Close,0.07188308
5_day_ma,0.07158251
Open,0.06632387
BB_lower,0.06249939
High,0.062422305
MACD,0.062373374
RSI_14,0.058666136
Low,0.05848854
volatility_10,0.058476146
daily_return,0.057206403
20_day_ma,0.054467272
10_day_ma,0.053763438
20_day_std,0.05109558
MACD_signal,0.048634056
Volume,0.04622254
volume_change,0.043212425
