Feature,Importance
volatility_10,0.06844672
10_day_ma,0.06451365
20_day_ma,0.06269842
MACD,0.062303904
BB_upper,0.062176116
Open,0.062072013
MACD_signal,0.06200848
Volume,0.06130178
volume_change,0.059567828
High,0.058360953
RSI_14,0.055881973
Low,0.055209354
daily_return,0.055161275
20_day_std,0.055135902
BB_lower,0.052393243
Close,0.052165147
5_day_ma,0.050603244
