Feature,Importance
Close,0.074887894
5_day_ma,0.07358174
Low,0.064978436
20_day_ma,0.06428073
Volume,0.06116766
volatility_10,0.05928345
MACD,0.057956565
Open,0.057509817
BB_upper,0.055313237
BB_lower,0.054709017
daily_return,0.054591216
20_day_std,0.05447713
High,0.054450445
volume_change,0.054441594
10_day_ma,0.05435269
RSI_14,0.052882295
MACD_signal,0.05113615
