Feature,Importance
Low,0.06961429
20_day_std,0.06698091
High,0.06457368
MACD_signal,0.06321128
5_day_ma,0.0627784
RSI_14,0.06265616
BB_lower,0.060593456
daily_return,0.05808962
BB_upper,0.057396986
volatility_10,0.057125863
Open,0.056748405
MACD,0.056538284
Close,0.05543845
20_day_ma,0.054133147
10_day_ma,0.052431542
Volume,0.052151587
volume_change,0.049537957
