Feature,Importance
Low,0.07136419
BB_upper,0.06760524
BB_lower,0.06645161
20_day_std,0.06483898
Close,0.06127637
20_day_ma,0.060183384
MACD_signal,0.060178146
High,0.06002984
Open,0.059912983
volume_change,0.05798247
MACD,0.05633744
daily_return,0.054198574
volatility_10,0.05410109
RSI_14,0.052700724
Volume,0.052492034
10_day_ma,0.05163241
5_day_ma,0.048714507
