Feature,Importance
MACD,0.06697576
Open,0.06508245
High,0.062521234
5_day_ma,0.06109084
Close,0.06079154
BB_lower,0.06046693
20_day_std,0.060001507
BB_upper,0.059539128
Low,0.05875167
10_day_ma,0.058461055
volatility_10,0.05818679
volume_change,0.05755312
20_day_ma,0.056583844
MACD_signal,0.056082334
RSI_14,0.05540746
daily_return,0.052540686
Volume,0.049963612
