Feature,Importance
20_day_ma,0.06510698
Low,0.064256765
Open,0.06334304
Close,0.063065834
20_day_std,0.06213148
10_day_ma,0.061528493
Volume,0.061071906
MACD,0.060960375
MACD_signal,0.059074733
BB_lower,0.058800425
RSI_14,0.057659466
5_day_ma,0.0568642
daily_return,0.05536872
volume_change,0.053880606
High,0.052427117
volatility_10,0.052329514
BB_upper,0.05213021
