Feature,Importance
BB_upper,0.0865063
volatility_10,0.06919013
Low,0.06902118
Close,0.06693494
MACD_signal,0.06688815
MACD,0.06310117
volume_change,0.062704444
High,0.060298942
20_day_ma,0.05669135
10_day_ma,0.055056863
daily_return,0.054789204
Open,0.05392871
20_day_std,0.05310323
5_day_ma,0.052670147
Volume,0.046441864
RSI_14,0.04616444
BB_lower,0.036509015
