Feature,Importance
Close,0.08694014
5_day_ma,0.08504254
High,0.06801158
20_day_ma,0.06789513
Volume,0.064956404
BB_lower,0.0646215
BB_upper,0.06279061
Open,0.062618665
MACD,0.058777664
Low,0.05536325
volatility_10,0.054443616
20_day_std,0.04783524
MACD_signal,0.04722838
RSI_14,0.047184724
daily_return,0.044917595
volume_change,0.044684604
10_day_ma,0.03668831
