Feature,Importance
MACD,0.07165286
5_day_ma,0.06785671
Open,0.06444136
High,0.06369399
Close,0.06045084
volume_change,0.059533227
20_day_std,0.058779836
daily_return,0.058619607
MACD_signal,0.058446117
volatility_10,0.058031775
10_day_ma,0.057249937
Low,0.056669842
RSI_14,0.056409717
BB_lower,0.05478583
20_day_ma,0.05207752
BB_upper,0.051614426
Volume,0.049686436
