Feature,Importance
BB_lower,0.07091792
Open,0.06673024
High,0.06556886
RSI_14,0.062003706
Volume,0.06181376
10_day_ma,0.060714405
20_day_std,0.060666848
daily_return,0.059585202
Low,0.058859125
BB_upper,0.058026973
20_day_ma,0.05740522
volume_change,0.056862667
5_day_ma,0.056005314
volatility_10,0.05287178
Close,0.05251809
MACD_signal,0.04984072
MACD,0.049609203
