Feature,Importance
10_day_ma,0.06591345
Low,0.065652795
MACD_signal,0.06330748
daily_return,0.062830724
20_day_std,0.061934657
Open,0.06177444
BB_upper,0.061050527
volatility_10,0.059717286
Volume,0.059166458
Close,0.05845146
RSI_14,0.058183897
MACD,0.05622534
High,0.055807523
BB_lower,0.055475995
20_day_ma,0.052505743
volume_change,0.05171354
5_day_ma,0.050288726
