Feature,Importance
Open,0.073447146
volume_change,0.06719597
5_day_ma,0.064897425
10_day_ma,0.0643415
BB_upper,0.063632555
RSI_14,0.06128658
MACD,0.060303383
High,0.05932267
daily_return,0.057764556
20_day_ma,0.05588249
MACD_signal,0.05571135
BB_lower,0.055682555
Volume,0.054395605
Low,0.052743353
volatility_10,0.052356433
Close,0.051913507
20_day_std,0.049122926
