Feature,Importance
High,0.07633198
Low,0.07444381
Close,0.068155974
5_day_ma,0.06467346
BB_upper,0.062429946
BB_lower,0.062392775
20_day_ma,0.06142865
Open,0.05878962
Volume,0.055469826
20_day_std,0.055424713
daily_return,0.05352821
10_day_ma,0.052897006
volume_change,0.052193023
RSI_14,0.05215111
MACD_signal,0.05156194
MACD,0.049270704
volatility_10,0.048857287
