Feature,Importance
5_day_ma,0.07860477
10_day_ma,0.071347505
High,0.069537595
Low,0.06584105
BB_lower,0.061363313
MACD_signal,0.0608186
daily_return,0.0582742
Close,0.0571305
20_day_std,0.05686621
volatility_10,0.056575835
volume_change,0.05543492
20_day_ma,0.055296168
BB_upper,0.054003228
RSI_14,0.05246483
MACD,0.051258832
Volume,0.04843246
Open,0.046750013
