Feature,Importance
Low,0.08200893
20_day_ma,0.07622502
High,0.07543699
5_day_ma,0.06819618
Open,0.067644246
BB_lower,0.06669181
Volume,0.06628037
20_day_std,0.05297985
MACD_signal,0.05210583
MACD,0.051853366
volume_change,0.05081299
Close,0.050107673
volatility_10,0.049806602
BB_upper,0.049392547
RSI_14,0.048540056
daily_return,0.046737336
10_day_ma,0.04518028
