Feature,Importance
MACD,0.07096248
MACD_signal,0.06973504
BB_upper,0.06639329
Low,0.06386416
5_day_ma,0.06363932
20_day_std,0.06096911
Volume,0.05983263
High,0.059461214
daily_return,0.05942444
volatility_10,0.059339926
BB_lower,0.05920148
volume_change,0.05870669
Close,0.056330524
Open,0.053511467
RSI_14,0.050306026
10_day_ma,0.0467992
20_day_ma,0.04152301
