Feature,Importance
Low,0.08301267
20_day_ma,0.06927525
volatility_10,0.06471184
RSI_14,0.06447823
Close,0.062481787
Volume,0.058821503
Open,0.05880475
volume_change,0.058615476
5_day_ma,0.05765234
MACD,0.05724849
BB_upper,0.05540038
BB_lower,0.055394966
daily_return,0.05405271
10_day_ma,0.052002102
20_day_std,0.04988627
High,0.04958557
MACD_signal,0.048575655
