Feature,Importance
High,0.09425331
BB_upper,0.07889813
volatility_10,0.071172446
MACD,0.07101985
10_day_ma,0.066202976
RSI_14,0.06498512
MACD_signal,0.06342297
5_day_ma,0.05966848
Volume,0.05426484
volume_change,0.053386036
daily_return,0.05188256
20_day_std,0.051350463
Close,0.046544205
Open,0.044095624
BB_lower,0.043952163
20_day_ma,0.042919185
Low,0.041981637
