Feature,Importance
BB_upper,0.06893464
5_day_ma,0.065986484
MACD_signal,0.06392228
BB_lower,0.063910544
RSI_14,0.06288285
volatility_10,0.060621448
Volume,0.05807179
20_day_std,0.057816412
20_day_ma,0.05694489
daily_return,0.056919213
volume_change,0.056861933
MACD,0.056419495
High,0.055380367
Low,0.05480629
Open,0.053685468
Close,0.053465426
10_day_ma,0.053370457
