Feature,Importance
MACD,0.065846555
20_day_std,0.065063305
RSI_14,0.063475706
MACD_signal,0.063032925
volume_change,0.061879214
20_day_ma,0.06152033
Low,0.061104637
daily_return,0.060708627
volatility_10,0.059907727
10_day_ma,0.059291605
BB_upper,0.05903502
Open,0.058714807
5_day_ma,0.058286242
Close,0.055009946
Volume,0.05075254
High,0.049635418
BB_lower,0.046735466
