Feature,Importance
MACD,0.07081819
20_day_ma,0.066937916
volume_change,0.06590185
High,0.0629415
daily_return,0.060790975
Low,0.05913585
5_day_ma,0.05861035
volatility_10,0.058190946
MACD_signal,0.057557076
20_day_std,0.056990817
Open,0.056680266
BB_lower,0.05613355
Volume,0.055770185
RSI_14,0.05475726
BB_upper,0.054387417
10_day_ma,0.053408854
Close,0.050987028
