Feature,Importance
BB_lower,0.06926202
10_day_ma,0.066285
BB_upper,0.06401468
High,0.0627778
5_day_ma,0.062301997
volatility_10,0.06180083
volume_change,0.059982345
daily_return,0.05988645
20_day_ma,0.059468023
MACD_signal,0.058803905
MACD,0.058347717
Volume,0.056891955
Close,0.05400789
Open,0.053813413
Low,0.053222466
RSI_14,0.052771088
20_day_std,0.046362422
