Feature,Importance
Open,0.07793438
20_day_ma,0.07076138
10_day_ma,0.06405856
daily_return,0.062562175
RSI_14,0.06250193
Low,0.06186739
Volume,0.06067481
High,0.05890228
BB_lower,0.057524532
MACD,0.0559966
Close,0.055259723
MACD_signal,0.05516668
20_day_std,0.0548189
BB_upper,0.053770225
5_day_ma,0.052738637
volume_change,0.047942866
volatility_10,0.047518935
