Feature,Importance
20_day_ma,0.07842294
volatility_10,0.06269724
Low,0.06252357
High,0.06143518
20_day_std,0.06130179
BB_upper,0.060949776
10_day_ma,0.060934197
5_day_ma,0.0607374
RSI_14,0.05855453
daily_return,0.057825275
Open,0.05757004
volume_change,0.0570733
Volume,0.055383258
BB_lower,0.05263082
MACD,0.051808514
Close,0.05071894
MACD_signal,0.0494332
