Feature,Importance
BB_lower,0.068977736
10_day_ma,0.06783516
MACD,0.066817544
MACD_signal,0.066030495
Open,0.06494053
Close,0.06297175
5_day_ma,0.06206272
daily_return,0.060889482
20_day_ma,0.059678156
BB_upper,0.059114024
Volume,0.05768542
volume_change,0.05704033
RSI_14,0.053072486
High,0.05119253
20_day_std,0.049183723
volatility_10,0.04687172
Low,0.04563621
