Feature,Importance
20_day_ma,0.06916273
MACD_signal,0.06457651
BB_lower,0.06379483
10_day_ma,0.063574545
Open,0.06221389
volatility_10,0.061654
5_day_ma,0.061255388
20_day_std,0.060552124
MACD,0.060195595
Volume,0.059959874
BB_upper,0.056426357
Low,0.056304865
volume_change,0.055644844
RSI_14,0.054977737
daily_return,0.054318402
Close,0.050653517
High,0.044734776
