Feature,Importance
5_day_ma,0.07711603
BB_lower,0.074602716
Low,0.071948454
MACD_signal,0.06603398
BB_upper,0.06234156
High,0.06209672
10_day_ma,0.059041195
Close,0.058786724
Volume,0.05872911
RSI_14,0.058318526
daily_return,0.055439785
MACD,0.053313117
20_day_std,0.052116346
20_day_ma,0.048679102
volume_change,0.048065547
volatility_10,0.047016896
Open,0.0463542
