Feature,Importance
Open,0.081735246
20_day_ma,0.06904539
5_day_ma,0.06887212
BB_lower,0.06448904
Low,0.061252784
volume_change,0.05905894
Volume,0.0580612
daily_return,0.058013655
MACD,0.05709837
BB_upper,0.056001592
10_day_ma,0.05525276
volatility_10,0.054788202
MACD_signal,0.05413207
Close,0.05412644
20_day_std,0.05082537
High,0.04929971
RSI_14,0.047947146
