Feature,Importance
High,0.071259454
5_day_ma,0.071164005
Low,0.06826537
BB_lower,0.065405905
Volume,0.06456817
20_day_ma,0.06440443
Open,0.06354634
MACD,0.05678191
BB_upper,0.056741077
RSI_14,0.055492483
volume_change,0.054184847
Close,0.052798316
MACD_signal,0.05169301
volatility_10,0.051406514
daily_return,0.05133366
10_day_ma,0.050921287
20_day_std,0.050033167
