Feature,Importance
MACD_signal,0.07132449
BB_lower,0.069749676
BB_upper,0.06926617
MACD,0.066534854
Low,0.066241175
volatility_10,0.06452988
volume_change,0.06303217
Close,0.06232554
High,0.05742474
20_day_std,0.055704977
Volume,0.055308856
5_day_ma,0.053374313
daily_return,0.05155357
20_day_ma,0.050547905
Open,0.049786277
10_day_ma,0.04706294
RSI_14,0.04623244
