Feature,Importance
BB_upper,0.07343518
20_day_std,0.069307946
MACD_signal,0.06357045
daily_return,0.062170394
MACD,0.061459318
10_day_ma,0.059777346
20_day_ma,0.059332047
RSI_14,0.058674376
High,0.058393233
5_day_ma,0.056696616
volatility_10,0.056682423
Close,0.056113835
Open,0.055337083
volume_change,0.055006534
Volume,0.054047167
BB_lower,0.05167354
Low,0.048322517
