Feature,Importance
Open,0.07662725
5_day_ma,0.07132723
10_day_ma,0.06603255
volume_change,0.06541401
RSI_14,0.062015522
MACD,0.060494073
Low,0.060225785
MACD_signal,0.059279792
Volume,0.05727141
BB_upper,0.057227034
Close,0.056924224
High,0.05486651
volatility_10,0.054047566
daily_return,0.053507764
20_day_ma,0.049295194
20_day_std,0.048940513
BB_lower,0.046503652
