Feature,Importance
Low,0.06793767
10_day_ma,0.06786267
5_day_ma,0.06394203
MACD,0.06329674
Open,0.06261928
BB_upper,0.06240645
20_day_ma,0.062185314
BB_lower,0.061936256
MACD_signal,0.059160497
RSI_14,0.058346383
Volume,0.056166124
daily_return,0.055302452
20_day_std,0.054576468
Close,0.054000933
High,0.052880865
volume_change,0.050094064
volatility_10,0.04728586
