Feature,Importance
Low,0.07805387
High,0.07786734
Open,0.07474359
20_day_std,0.0598902
5_day_ma,0.059347417
20_day_ma,0.057592273
BB_upper,0.057436906
Close,0.057022188
volatility_10,0.05531779
RSI_14,0.05509725
Volume,0.05471008
daily_return,0.05397792
BB_lower,0.053968485
MACD,0.05366505
10_day_ma,0.0532042
volume_change,0.051688977
MACD_signal,0.046416484
