Feature,Importance
20_day_std,0.066117115
Low,0.065748274
High,0.06381158
MACD,0.063021414
10_day_ma,0.060529884
20_day_ma,0.06044477
volatility_10,0.06042847
5_day_ma,0.05997921
Close,0.058913995
Volume,0.058106244
BB_lower,0.05734522
Open,0.05703751
MACD_signal,0.056619797
daily_return,0.054737613
BB_upper,0.053571977
volume_change,0.052782398
RSI_14,0.050804567
