Feature,Importance
20_day_std,0.067067765
MACD_signal,0.066148445
20_day_ma,0.065964386
5_day_ma,0.0647649
BB_lower,0.06254472
High,0.06246754
volatility_10,0.061486665
Open,0.060410734
RSI_14,0.06033554
Volume,0.05825365
Low,0.058173086
daily_return,0.056162957
10_day_ma,0.053866565
BB_upper,0.0536162
volume_change,0.0508465
MACD,0.049624383
Close,0.048265956
