Feature,Importance
5_day_ma,0.07399914
BB_lower,0.071357265
Open,0.06753607
MACD_signal,0.0632837
High,0.061604433
daily_return,0.060933135
volatility_10,0.060654584
10_day_ma,0.058343284
Close,0.058044057
BB_upper,0.056887444
20_day_std,0.05582269
20_day_ma,0.05375646
MACD,0.05374398
Volume,0.053339373
volume_change,0.053028736
RSI_14,0.051496588
Low,0.04616903
