Feature,Importance
Close,0.07672037
BB_upper,0.072467424
BB_lower,0.07046419
MACD,0.07024348
High,0.0684858
Open,0.06486266
volatility_10,0.062352065
20_day_ma,0.05822212
20_day_std,0.055731185
5_day_ma,0.05438889
MACD_signal,0.05380189
10_day_ma,0.0536334
daily_return,0.05196997
volume_change,0.05162603
Low,0.049526755
RSI_14,0.044790965
Volume,0.040712837
