Feature,Importance
BB_upper,0.072447106
volatility_10,0.06818622
20_day_ma,0.0653348
Low,0.06231169
Open,0.06222818
BB_lower,0.0606096
RSI_14,0.059365522
20_day_std,0.059023656
10_day_ma,0.05889343
daily_return,0.058527455
High,0.056042615
MACD,0.055012915
Volume,0.054572716
5_day_ma,0.05368017
MACD_signal,0.051711358
Close,0.051553726
volume_change,0.0504989
