Feature,Importance
BB_lower,0.06851668
20_day_std,0.064265855
High,0.06410797
BB_upper,0.06405117
MACD_signal,0.06290552
volatility_10,0.062294565
MACD,0.058768373
Close,0.058524214
Low,0.058441013
5_day_ma,0.058418572
volume_change,0.057928894
20_day_ma,0.057619914
Volume,0.057006687
RSI_14,0.05591725
daily_return,0.054818675
Open,0.053895652
10_day_ma,0.042519037
