Feature,Importance
High,0.08174887
volatility_10,0.06765371
BB_lower,0.06608706
Volume,0.065806456
5_day_ma,0.0647395
10_day_ma,0.061665747
BB_upper,0.060410686
RSI_14,0.057272065
20_day_std,0.055823512
daily_return,0.05454994
volume_change,0.054352455
Close,0.053675596
MACD,0.053404015
20_day_ma,0.051720183
MACD_signal,0.051293038
Low,0.051082443
Open,0.04871469
