Feature,Importance
Low,0.0882368
High,0.06939259
Open,0.065354005
MACD,0.06418113
BB_upper,0.06363412
Close,0.061854415
volume_change,0.059022058
BB_lower,0.058368057
daily_return,0.05798292
10_day_ma,0.056234747
RSI_14,0.05575794
Volume,0.054604247
MACD_signal,0.05401324
volatility_10,0.051056538
20_day_std,0.04956521
20_day_ma,0.04612542
5_day_ma,0.04461657
