Feature,Importance
High,0.0861273
MACD,0.07304903
10_day_ma,0.06722189
MACD_signal,0.066709846
5_day_ma,0.06554238
volatility_10,0.06300326
Volume,0.06288886
BB_upper,0.062362295
Low,0.061421826
daily_return,0.055358265
20_day_ma,0.05534003
volume_change,0.053717088
RSI_14,0.052485984
Close,0.051994633
20_day_std,0.041130804
BB_lower,0.040954337
Open,0.040692203
