Feature,Importance
Low,0.0718919
BB_lower,0.06588431
BB_upper,0.0656528
volume_change,0.06521802
20_day_ma,0.06455753
Open,0.060815617
10_day_ma,0.060196843
MACD_signal,0.058256898
Close,0.057346527
MACD,0.05609408
5_day_ma,0.055865653
daily_return,0.05440937
volatility_10,0.054256313
RSI_14,0.054053403
20_day_std,0.05362107
Volume,0.05117405
High,0.05070562
