Feature,Importance
volatility_10,0.06877294
Low,0.06807677
Volume,0.06742167
Close,0.067270815
Open,0.06547421
MACD,0.064307384
BB_lower,0.06422944
10_day_ma,0.06231837
5_day_ma,0.0603097
20_day_ma,0.05559639
BB_upper,0.05470325
MACD_signal,0.052953698
High,0.052189805
volume_change,0.05056487
daily_return,0.05032115
RSI_14,0.049579453
20_day_std,0.045910053
