Feature,Importance
10_day_ma,0.076932095
5_day_ma,0.065109305
RSI_14,0.06257545
BB_lower,0.06209967
High,0.06097213
Close,0.06052956
Open,0.059412684
daily_return,0.05810902
MACD_signal,0.057666168
Volume,0.057561442
20_day_std,0.056115158
20_day_ma,0.05549103
Low,0.055045806
MACD,0.054116774
volume_change,0.0540209
volatility_10,0.053839423
BB_upper,0.05040338
