Feature,Importance
5_day_ma,0.0665834
Low,0.063790776
RSI_14,0.06254079
BB_lower,0.06251131
20_day_std,0.061966248
BB_upper,0.06145433
20_day_ma,0.05951408
Open,0.05950627
MACD,0.059066344
Close,0.057769604
volume_change,0.057024565
MACD_signal,0.056542993
daily_return,0.056484688
volatility_10,0.05451646
High,0.05368996
10_day_ma,0.05364119
Volume,0.053397037
