Feature,Importance
5_day_ma,0.06834659
BB_lower,0.06615373
daily_return,0.06533507
20_day_ma,0.064990275
High,0.06441677
BB_upper,0.063508146
MACD_signal,0.062464956
volatility_10,0.05826266
RSI_14,0.058052674
Low,0.05665739
20_day_std,0.05661898
Open,0.05661695
MACD,0.054746356
10_day_ma,0.05380985
volume_change,0.052400853
Close,0.05143558
Volume,0.046183158
