Feature,Importance
BB_upper,0.07812504
5_day_ma,0.066838
20_day_ma,0.06397312
MACD_signal,0.06137683
10_day_ma,0.06088664
volatility_10,0.0606748
Volume,0.0598433
Open,0.05982745
High,0.05726255
BB_lower,0.056410868
volume_change,0.05619945
daily_return,0.05500877
20_day_std,0.05481818
MACD,0.05456666
Low,0.05385109
RSI_14,0.0512968
Close,0.04904046
