Feature,Importance
20_day_ma,0.0735007
10_day_ma,0.069450036
High,0.06942502
MACD_signal,0.067268565
MACD,0.066038586
5_day_ma,0.06376425
Low,0.062237445
RSI_14,0.057521224
20_day_std,0.056272894
volatility_10,0.055578917
Volume,0.05556416
daily_return,0.05445791
BB_upper,0.053029057
Open,0.052524053
BB_lower,0.04962191
volume_change,0.049577825
Close,0.044167414
