Feature,Importance
BB_upper,0.07203109
MACD,0.060977966
High,0.0609598
20_day_std,0.06045754
Low,0.060400058
MACD_signal,0.060286693
20_day_ma,0.059854712
Volume,0.059402324
daily_return,0.058545657
Open,0.058368508
volatility_10,0.057615288
5_day_ma,0.055729385
Close,0.055707205
volume_change,0.055314537
BB_lower,0.0550416
10_day_ma,0.054750565
RSI_14,0.0545571
