Feature,Importance
10_day_ma,0.07880651
Close,0.071539536
5_day_ma,0.06834037
RSI_14,0.06345119
volume_change,0.06258698
BB_lower,0.062192187
BB_upper,0.05985323
MACD,0.059474453
daily_return,0.058257546
20_day_std,0.05638502
20_day_ma,0.05367883
Low,0.053430736
volatility_10,0.052626446
Volume,0.051597863
MACD_signal,0.050328627
Open,0.04907572
High,0.048374735
