Feature,Importance
Open,0.067567416
BB_lower,0.06503985
MACD_signal,0.06392119
RSI_14,0.06320119
Low,0.06261371
volatility_10,0.06210292
5_day_ma,0.06161803
MACD,0.061568685
Close,0.05844594
High,0.057642203
daily_return,0.05645948
BB_upper,0.055973444
Volume,0.055888597
volume_change,0.055278324
20_day_ma,0.05443828
20_day_std,0.051976938
10_day_ma,0.046263814
