Feature,Importance
20_day_ma,0.073702306
High,0.072635405
RSI_14,0.06383036
volatility_10,0.06346699
MACD_signal,0.06344887
volume_change,0.062368196
Open,0.061251782
Low,0.06021229
daily_return,0.058939613
Close,0.057973843
BB_lower,0.057036195
BB_upper,0.05494778
10_day_ma,0.052992877
5_day_ma,0.05192564
Volume,0.049712636
20_day_std,0.048790965
MACD,0.046764284
