Feature,Importance
volume_change,0.07546511
20_day_ma,0.07494638
Close,0.07071682
5_day_ma,0.06774416
volatility_10,0.066947915
RSI_14,0.06326756
Low,0.062334012
Volume,0.061332244
daily_return,0.060670666
MACD,0.058225345
High,0.05785098
Open,0.053869873
BB_upper,0.04835581
20_day_std,0.04715834
MACD_signal,0.04556536
10_day_ma,0.04481885
BB_lower,0.040730644
