Feature,Importance
BB_lower,0.065839685
20_day_ma,0.064344466
MACD_signal,0.063201085
MACD,0.062457558
volatility_10,0.06200279
BB_upper,0.061849378
10_day_ma,0.060642276
Open,0.060548328
5_day_ma,0.05988426
Low,0.059736982
Volume,0.05922636
20_day_std,0.05820022
Close,0.054857764
volume_change,0.053796742
High,0.053234104
daily_return,0.051304933
RSI_14,0.048873115
