Feature,Importance
Open,0.06807082
Low,0.065902956
RSI_14,0.06552308
High,0.06472667
5_day_ma,0.06273308
BB_upper,0.06092554
MACD,0.06013806
Close,0.059255064
daily_return,0.058491662
10_day_ma,0.05818926
volume_change,0.05736108
Volume,0.05655234
20_day_ma,0.055622336
MACD_signal,0.054717835
BB_lower,0.05165628
volatility_10,0.050083846
20_day_std,0.05005008
