Feature,Importance
BB_upper,0.06758785
10_day_ma,0.0652915
Open,0.06510354
20_day_ma,0.06286233
RSI_14,0.06197544
volume_change,0.06149548
5_day_ma,0.06056866
Low,0.060049545
Volume,0.05932397
BB_lower,0.057554334
MACD,0.05628615
20_day_std,0.055087715
Close,0.0541459
High,0.053984262
daily_return,0.053351544
MACD_signal,0.05330679
volatility_10,0.052025
