Feature,Importance
BB_upper,0.07689078
5_day_ma,0.07421086
20_day_ma,0.06786117
MACD_signal,0.06523917
Close,0.063063234
Low,0.060896195
MACD,0.057583224
RSI_14,0.056883182
Volume,0.056549795
High,0.05635677
10_day_ma,0.056139052
volume_change,0.055297796
daily_return,0.05495134
volatility_10,0.053304847
20_day_std,0.05276937
BB_lower,0.05139058
Open,0.040612664
