Feature,Importance
Low,0.0788498
High,0.07557381
Open,0.06872483
BB_upper,0.06721939
20_day_ma,0.063566305
MACD,0.062181313
Close,0.060126033
BB_lower,0.057720292
Volume,0.05691123
MACD_signal,0.05612911
5_day_ma,0.05598484
10_day_ma,0.05329188
daily_return,0.05231551
RSI_14,0.05116727
20_day_std,0.050128944
volume_change,0.04757113
volatility_10,0.04253838
