Feature,Importance
MACD_signal,0.07364601
Low,0.06982388
High,0.06953688
20_day_ma,0.066463105
BB_lower,0.064058214
MACD,0.060766224
RSI_14,0.059587378
20_day_std,0.059388492
Volume,0.059383564
Close,0.05772472
daily_return,0.056751013
5_day_ma,0.0567324
volatility_10,0.054334637
volume_change,0.052865777
10_day_ma,0.04856644
Open,0.04798259
BB_upper,0.042388625
