Feature,Importance
BB_upper,0.06569988
BB_lower,0.06433922
Open,0.06421624
20_day_std,0.06415021
MACD_signal,0.06404384
Low,0.062287226
5_day_ma,0.061745632
MACD,0.061138965
volatility_10,0.060180288
volume_change,0.056457855
High,0.056426466
daily_return,0.056255296
20_day_ma,0.056106377
Volume,0.05550665
RSI_14,0.055379543
Close,0.054849755
10_day_ma,0.041216504
