Feature,Importance
5_day_ma,0.07300616
High,0.06825949
Low,0.06638994
MACD,0.06629532
Close,0.06259253
20_day_ma,0.061246175
BB_lower,0.059745822
20_day_std,0.057971824
10_day_ma,0.057892207
MACD_signal,0.05552885
BB_upper,0.05444833
Open,0.0543207
RSI_14,0.05408632
daily_return,0.05376659
Volume,0.052220646
volume_change,0.05213751
volatility_10,0.050091546
