Feature,Importance
BB_lower,0.06950503
volatility_10,0.06644646
MACD,0.06383342
10_day_ma,0.063153155
20_day_std,0.06171473
BB_upper,0.06059844
High,0.06006293
Close,0.05952388
volume_change,0.058251858
Volume,0.058128346
Open,0.057531983
Low,0.056999255
20_day_ma,0.056949474
MACD_signal,0.056882184
5_day_ma,0.051866468
RSI_14,0.051456086
daily_return,0.04709626
