Feature,Importance
volume_change,0.06844411
Low,0.06781953
High,0.067514054
20_day_std,0.06742015
10_day_ma,0.064426936
Open,0.062425043
volatility_10,0.062287815
RSI_14,0.061694484
daily_return,0.06148788
BB_lower,0.05905935
MACD,0.0579233
20_day_ma,0.057828404
BB_upper,0.052630067
Volume,0.05210363
MACD_signal,0.04982365
Close,0.04519552
5_day_ma,0.04191613
