Feature,Importance
20_day_ma,0.07251167
BB_upper,0.0723883
BB_lower,0.069179714
High,0.06858846
Low,0.06634632
10_day_ma,0.06157467
20_day_std,0.0599057
RSI_14,0.057473067
Volume,0.05600419
5_day_ma,0.054867115
volume_change,0.052745026
MACD,0.052399624
daily_return,0.05224734
MACD_signal,0.051558096
volatility_10,0.051493634
Open,0.05130067
Close,0.04941646
