Feature,Importance
Low,0.07769621
10_day_ma,0.06849221
High,0.06558014
BB_upper,0.063545115
20_day_ma,0.062010337
volume_change,0.059594795
BB_lower,0.059205614
MACD_signal,0.058463495
20_day_std,0.05777656
volatility_10,0.055862695
Open,0.0556081
5_day_ma,0.054197628
Close,0.053232074
RSI_14,0.053138588
daily_return,0.05267038
Volume,0.051849443
MACD,0.051076617
