Feature,Importance
Open,0.07059928
20_day_std,0.066586666
MACD_signal,0.06541117
10_day_ma,0.06319538
BB_lower,0.06273195
BB_upper,0.06257939
daily_return,0.061515007
Volume,0.05950476
5_day_ma,0.059090465
volatility_10,0.05709423
High,0.055897944
Low,0.055661183
20_day_ma,0.05560013
MACD,0.054688957
Close,0.05344379
RSI_14,0.051352315
volume_change,0.04504737
