Feature,Importance
20_day_ma,0.087597474
BB_lower,0.07996932
Close,0.06529926
High,0.065065086
volatility_10,0.062182534
10_day_ma,0.06196184
Low,0.059797917
volume_change,0.058962516
MACD,0.058219697
BB_upper,0.05637719
5_day_ma,0.054138266
MACD_signal,0.052146923
daily_return,0.051843144
Open,0.047848985
20_day_std,0.046857417
RSI_14,0.046222426
Volume,0.04551006
