Feature,Importance
daily_return,0.069682926
High,0.06923213
volume_change,0.06917897
MACD,0.067904375
volatility_10,0.06301209
20_day_ma,0.06252903
5_day_ma,0.062304392
BB_upper,0.058779955
MACD_signal,0.05805848
Open,0.056409992
RSI_14,0.05619186
Low,0.056070544
Volume,0.055256497
20_day_std,0.053159732
10_day_ma,0.04952246
BB_lower,0.047191102
Close,0.045515537
