Feature,Importance
High,0.07022772
volatility_10,0.06970058
5_day_ma,0.066382475
MACD_signal,0.06488209
20_day_ma,0.06287941
volume_change,0.062494274
BB_upper,0.06220452
20_day_std,0.061548516
BB_lower,0.061000805
Volume,0.05700294
daily_return,0.056586772
Open,0.052938953
Low,0.052780166
Close,0.051963236
MACD,0.05159007
10_day_ma,0.05131035
RSI_14,0.044507157
