Feature,Importance
BB_upper,0.06894862
volume_change,0.066916086
Open,0.066874884
10_day_ma,0.066785775
Low,0.061872013
RSI_14,0.06164281
High,0.061579335
MACD_signal,0.06082519
BB_lower,0.0594288
5_day_ma,0.0584743
Volume,0.05828569
volatility_10,0.053617544
20_day_ma,0.053464837
MACD,0.052229434
Close,0.052058995
20_day_std,0.04912358
daily_return,0.04787212
