Feature,Importance
Close,0.06961625
MACD_signal,0.06933548
Volume,0.06854644
20_day_ma,0.06269627
BB_lower,0.06174412
10_day_ma,0.061187938
20_day_std,0.061034665
volatility_10,0.05930084
5_day_ma,0.05848887
Low,0.057288527
daily_return,0.055573657
MACD,0.055503443
volume_change,0.055097334
BB_upper,0.05415134
High,0.053118527
RSI_14,0.052165255
Open,0.045151
