Feature,Importance
MACD_signal,0.066380806
BB_upper,0.065963425
daily_return,0.062432814
BB_lower,0.061435618
20_day_ma,0.060275458
20_day_std,0.060169704
volume_change,0.06009311
10_day_ma,0.05982071
Open,0.059529074
Volume,0.05872329
Close,0.058685247
Low,0.056983896
volatility_10,0.056134433
MACD,0.055470634
RSI_14,0.054539304
High,0.051943738
5_day_ma,0.05141875
