Feature,Importance
Low,0.06688849
BB_upper,0.06508461
5_day_ma,0.063188635
High,0.0620103
MACD_signal,0.061743498
20_day_ma,0.061250962
20_day_std,0.061149623
RSI_14,0.059844553
BB_lower,0.05969059
Open,0.05856255
Volume,0.057346236
daily_return,0.056739386
volume_change,0.056731757
MACD,0.054005068
10_day_ma,0.05342587
volatility_10,0.052203767
Close,0.050134078
