Feature,Importance
Low,0.09133726
10_day_ma,0.0886743
Open,0.07051987
High,0.065594904
5_day_ma,0.064738534
Volume,0.06244215
MACD,0.06026972
volatility_10,0.05724767
daily_return,0.056210622
Close,0.055736363
BB_upper,0.05412328
20_day_std,0.0519072
MACD_signal,0.051339027
20_day_ma,0.047866832
RSI_14,0.04339148
volume_change,0.040398203
BB_lower,0.03820254
