Feature,Importance
Open,0.07558088
Low,0.06910805
10_day_ma,0.06533993
Volume,0.06436859
BB_upper,0.062785536
High,0.062301584
RSI_14,0.060879253
5_day_ma,0.060369764
volatility_10,0.05909464
20_day_ma,0.058425926
daily_return,0.055947255
Close,0.055334095
BB_lower,0.053550147
volume_change,0.052163303
MACD,0.050501026
MACD_signal,0.049608294
20_day_std,0.044641715
