Feature,Importance
volatility_10,0.06348198
20_day_ma,0.062173545
MACD_signal,0.062046535
BB_lower,0.061943762
Volume,0.06115704
10_day_ma,0.060958046
20_day_std,0.060566224
5_day_ma,0.06001184
Low,0.05930275
daily_return,0.05915178
MACD,0.058565725
BB_upper,0.058526628
High,0.056064773
volume_change,0.05459077
RSI_14,0.0541675
Close,0.053891823
Open,0.053399153
