Feature,Importance
BB_lower,0.073902
High,0.07234017
20_day_std,0.070538744
MACD_signal,0.065316536
Volume,0.060987562
daily_return,0.060716677
RSI_14,0.058235474
BB_upper,0.058188953
Low,0.05777101
volatility_10,0.056940284
5_day_ma,0.055973325
Close,0.05515041
volume_change,0.052005097
10_day_ma,0.05180859
20_day_ma,0.05178843
MACD,0.04983789
Open,0.04849879
