Feature,Importance
BB_upper,0.069906116
10_day_ma,0.064383075
BB_lower,0.06320237
5_day_ma,0.06307501
20_day_ma,0.06266543
volume_change,0.060278043
High,0.059769817
MACD,0.059372738
Volume,0.057254333
RSI_14,0.056963857
volatility_10,0.056799304
MACD_signal,0.056650143
Open,0.056363657
20_day_std,0.055514272
daily_return,0.05538156
Low,0.05405981
Close,0.048360452
