Feature,Importance
5_day_ma,0.07166602
volatility_10,0.07018664
Low,0.06848924
20_day_std,0.06692551
High,0.06660603
volume_change,0.06410901
MACD_signal,0.0626959
Open,0.061431445
MACD,0.061164256
Close,0.057798237
BB_lower,0.056282137
BB_upper,0.054756116
daily_return,0.05249704
10_day_ma,0.048164904
RSI_14,0.04755464
20_day_ma,0.04747755
Volume,0.0421953
