Feature,Importance
Low,0.077935174
Close,0.07238307
MACD_signal,0.070919715
BB_lower,0.0697554
volatility_10,0.06224584
volume_change,0.06181554
MACD,0.058724526
daily_return,0.057391677
5_day_ma,0.05687875
Volume,0.05616324
High,0.05436974
RSI_14,0.05276682
20_day_ma,0.052628245
20_day_std,0.051536754
10_day_ma,0.051338755
Open,0.05010562
BB_upper,0.04304109
