Feature,Importance
20_day_ma,0.07024298
Volume,0.06753122
Open,0.06683314
5_day_ma,0.066551976
BB_lower,0.06634443
High,0.06575543
BB_upper,0.063872
Low,0.062419925
MACD_signal,0.06010994
volume_change,0.059830613
volatility_10,0.05555521
RSI_14,0.05370298
20_day_std,0.051513616
MACD,0.05006226
Close,0.048973024
10_day_ma,0.048575234
daily_return,0.042125966
