Feature,Importance
Low,0.07353726
High,0.068525635
BB_upper,0.06696604
20_day_ma,0.06466167
volatility_10,0.064401716
BB_lower,0.06318283
Close,0.061487768
Volume,0.06135641
5_day_ma,0.060605686
volume_change,0.060462147
10_day_ma,0.056717247
20_day_std,0.05434525
RSI_14,0.05191111
daily_return,0.050433762
Open,0.049232975
MACD,0.04721849
MACD_signal,0.044954
