Feature,Importance
5_day_ma,0.07625066
Close,0.07044039
MACD_signal,0.0665379
20_day_ma,0.06301245
Open,0.06179376
10_day_ma,0.06009167
MACD,0.059999596
RSI_14,0.059982464
daily_return,0.058965433
20_day_std,0.056330614
Low,0.056026973
Volume,0.054499313
volatility_10,0.053709306
High,0.051841184
BB_lower,0.051103327
volume_change,0.049973898
BB_upper,0.049441013
