Feature,Importance
BB_lower,0.06589854
10_day_ma,0.06562436
BB_upper,0.06311434
High,0.06176327
MACD_signal,0.061164226
RSI_14,0.06049859
5_day_ma,0.059574477
daily_return,0.05892624
MACD,0.058363777
volume_change,0.05817573
Open,0.057594888
Volume,0.057511814
20_day_ma,0.057359595
Close,0.05555597
20_day_std,0.05463423
Low,0.0525072
volatility_10,0.051732708
