Feature,Importance
Open,0.08626802
MACD,0.06871815
20_day_ma,0.06729161
High,0.066005126
Low,0.061028115
20_day_std,0.06026325
Close,0.06010567
BB_lower,0.05924438
RSI_14,0.05901626
5_day_ma,0.05654783
10_day_ma,0.05370123
volume_change,0.052608468
daily_return,0.052362204
MACD_signal,0.052298587
Volume,0.04926041
volatility_10,0.048845816
BB_upper,0.04643488
