Feature,Importance
MACD,0.077512175
volume_change,0.075134724
High,0.07461585
10_day_ma,0.07290905
Open,0.06871076
20_day_std,0.063587874
volatility_10,0.063524134
MACD_signal,0.062060073
RSI_14,0.053730503
Close,0.053212326
BB_lower,0.052199617
daily_return,0.052117407
Low,0.051203996
Volume,0.04963584
BB_upper,0.0460146
20_day_ma,0.04433752
5_day_ma,0.039493505
