Feature,Importance
5_day_ma,0.07662728
MACD_signal,0.069804884
BB_upper,0.06721027
10_day_ma,0.06415525
20_day_std,0.063773416
volatility_10,0.062703356
20_day_ma,0.0626572
BB_lower,0.062631115
Volume,0.060089942
MACD,0.05852637
Open,0.057759557
RSI_14,0.052597214
volume_change,0.051596
Low,0.0496741
Close,0.048844166
daily_return,0.04663847
High,0.044711404
