Feature,Importance
Close,0.06938967
10_day_ma,0.067674816
BB_lower,0.06528013
MACD,0.06420602
High,0.063776135
MACD_signal,0.062158264
5_day_ma,0.06060525
Low,0.06058241
daily_return,0.058728606
volume_change,0.057543293
RSI_14,0.05751618
20_day_ma,0.054461814
20_day_std,0.053508665
Open,0.05234644
Volume,0.051334016
BB_upper,0.05132807
volatility_10,0.049560104
