Feature,Importance
MACD_signal,0.07956381
BB_lower,0.0750584
10_day_ma,0.07038986
Volume,0.067086615
MACD,0.06702999
volatility_10,0.060541585
daily_return,0.05971809
BB_upper,0.058537178
20_day_std,0.05803642
20_day_ma,0.057991214
5_day_ma,0.054494563
Low,0.054144487
High,0.05122574
Close,0.051087435
Open,0.046814553
volume_change,0.044237815
RSI_14,0.044042177
