Feature,Importance
volume_change,0.07240061
Low,0.06819521
daily_return,0.065877646
BB_upper,0.06532801
BB_lower,0.06519434
RSI_14,0.062065165
20_day_std,0.061765175
20_day_ma,0.061609626
MACD_signal,0.06120886
5_day_ma,0.059821457
Volume,0.05698703
10_day_ma,0.055507954
Open,0.053854983
Close,0.05296087
volatility_10,0.05045568
MACD,0.047861204
High,0.03890614
