Feature,Importance
High,0.06551253
MACD,0.06506296
5_day_ma,0.06485222
Low,0.06397599
BB_lower,0.06272125
RSI_14,0.06229997
volume_change,0.06104185
BB_upper,0.060711
10_day_ma,0.059311207
Volume,0.0588357
20_day_std,0.05839548
20_day_ma,0.057215136
Open,0.055837348
daily_return,0.05394643
Close,0.051489286
MACD_signal,0.050422348
volatility_10,0.04836926
