Feature,Importance
Low,0.07612789
High,0.06978569
Open,0.06824111
BB_lower,0.06635916
MACD_signal,0.06375468
10_day_ma,0.06324966
volume_change,0.06128921
BB_upper,0.056571558
20_day_ma,0.056565106
5_day_ma,0.05630936
daily_return,0.055179104
Close,0.05503012
RSI_14,0.05411338
20_day_std,0.052233044
volatility_10,0.050362248
Volume,0.048500285
MACD,0.04632845
