Feature,Importance
BB_upper,0.0792986
Close,0.073712915
High,0.06982124
volatility_10,0.06651283
Low,0.0654307
Open,0.06501321
daily_return,0.06236212
BB_lower,0.06190319
volume_change,0.058880348
MACD_signal,0.058618076
20_day_std,0.057646114
RSI_14,0.057438046
5_day_ma,0.05317791
MACD,0.048170924
Volume,0.043953113
10_day_ma,0.04222592
20_day_ma,0.03583472
