Feature,Importance
High,0.10178317
20_day_ma,0.09738874
Close,0.07676287
Low,0.058454867
daily_return,0.05836395
20_day_std,0.05725603
MACD_signal,0.055696666
10_day_ma,0.05561975
volume_change,0.055431653
5_day_ma,0.051684055
volatility_10,0.05165578
RSI_14,0.04884679
BB_upper,0.04741313
MACD,0.04633115
Open,0.046256617
BB_lower,0.045539286
Volume,0.045515493
