Feature,Importance
MACD,0.06928885
10_day_ma,0.067719385
Open,0.06623773
BB_upper,0.064734295
MACD_signal,0.06292225
Low,0.060770664
5_day_ma,0.060186293
20_day_std,0.05965502
daily_return,0.059604082
BB_lower,0.057281885
volatility_10,0.05726424
20_day_ma,0.055446476
RSI_14,0.055421673
Volume,0.053897146
volume_change,0.052728336
High,0.05113487
Close,0.045706782
