Feature,Importance
volume_change,0.06609876
Close,0.0648282
20_day_std,0.06365539
Low,0.06310722
10_day_ma,0.06303977
BB_lower,0.062331196
Open,0.061096665
MACD,0.060494713
20_day_ma,0.060468215
BB_upper,0.060438167
volatility_10,0.06019125
MACD_signal,0.05636824
High,0.056292776
daily_return,0.054042056
Volume,0.050391402
RSI_14,0.04986309
5_day_ma,0.04729287
