Feature,Importance
MACD,0.06858583
5_day_ma,0.06454216
volume_change,0.06426366
20_day_std,0.06338297
BB_upper,0.062669575
Volume,0.061895136
RSI_14,0.059318304
Low,0.059188135
BB_lower,0.058438987
volatility_10,0.058343645
MACD_signal,0.057366658
Open,0.05722323
20_day_ma,0.055001665
10_day_ma,0.05460469
Close,0.05369576
High,0.051538408
daily_return,0.049941193
