Feature,Importance
Volume,0.06983082
BB_upper,0.0681206
daily_return,0.0679663
20_day_std,0.063004896
BB_lower,0.06201238
5_day_ma,0.062001295
Open,0.06183438
volatility_10,0.06147111
MACD,0.057725478
10_day_ma,0.0567363
MACD_signal,0.05636059
Close,0.05372231
High,0.053316627
20_day_ma,0.05293388
volume_change,0.052183677
Low,0.05203897
RSI_14,0.048740417
