Feature,Importance
Close,0.07067714
High,0.070310526
5_day_ma,0.0679048
Low,0.06777094
volatility_10,0.062892005
20_day_ma,0.06252326
Volume,0.0611568
daily_return,0.06063286
10_day_ma,0.058032207
volume_change,0.057327796
MACD,0.057165638
RSI_14,0.05550009
BB_lower,0.053037845
20_day_std,0.052740864
MACD_signal,0.05054841
BB_upper,0.046745196
Open,0.04503355
