Feature,Importance
BB_lower,0.07337105
20_day_std,0.066559546
Open,0.063670136
daily_return,0.061524652
MACD_signal,0.06108644
BB_upper,0.060474154
RSI_14,0.05952273
Low,0.05882325
High,0.0584311
20_day_ma,0.057574667
volume_change,0.057161346
MACD,0.055332046
Close,0.05527778
5_day_ma,0.054714195
Volume,0.052362446
10_day_ma,0.052084763
volatility_10,0.052029707
