Feature,Importance
10_day_ma,0.06926178
BB_lower,0.06923034
MACD,0.06834543
MACD_signal,0.0660546
20_day_ma,0.06584971
Volume,0.06144321
RSI_14,0.06051144
Low,0.059297793
5_day_ma,0.05838729
Close,0.05776176
volume_change,0.057524174
daily_return,0.054989114
Open,0.053746764
BB_upper,0.050424576
volatility_10,0.04963753
20_day_std,0.049539234
High,0.04799522
