Feature,Importance
BB_upper,0.07525604
daily_return,0.06954407
Low,0.06949776
20_day_std,0.069156155
20_day_ma,0.06766522
volatility_10,0.06501543
BB_lower,0.06033243
Volume,0.059561256
volume_change,0.059324607
10_day_ma,0.059056364
5_day_ma,0.05615902
Open,0.053406026
High,0.052245878
RSI_14,0.05125362
MACD,0.049747232
MACD_signal,0.04274591
Close,0.04003297
