Feature,Importance
BB_upper,0.07148024
Low,0.068300195
5_day_ma,0.06676599
MACD,0.06349524
daily_return,0.06101999
Open,0.060590595
Volume,0.060507987
MACD_signal,0.060008436
20_day_std,0.05945031
volume_change,0.05891521
RSI_14,0.058023985
BB_lower,0.05706531
volatility_10,0.056259185
20_day_ma,0.052661706
10_day_ma,0.052184325
High,0.049515996
Close,0.043755267
