Feature,Importance
Low,0.0719376
MACD_signal,0.06731605
Open,0.06518211
High,0.06475601
5_day_ma,0.061861925
BB_lower,0.061044913
Volume,0.060726505
20_day_std,0.060707882
20_day_ma,0.06041643
MACD,0.0577317
BB_upper,0.054645646
Close,0.054585505
RSI_14,0.052734774
volume_change,0.05204133
volatility_10,0.05202346
daily_return,0.051149562
10_day_ma,0.0511386
