Feature,Importance
Open,0.08317686
10_day_ma,0.07311595
MACD,0.069821075
volatility_10,0.06578375
5_day_ma,0.063585885
Close,0.061669912
Volume,0.06039864
BB_upper,0.059685078
20_day_ma,0.059396137
Low,0.055292316
MACD_signal,0.054205608
BB_lower,0.05250767
20_day_std,0.051841795
High,0.051024433
RSI_14,0.050719194
volume_change,0.04640542
daily_return,0.04137023
