Feature,Importance
20_day_ma,0.07132634
volume_change,0.070702635
MACD,0.06534856
BB_upper,0.06495602
20_day_std,0.06320999
Open,0.062459294
High,0.059972454
BB_lower,0.05952273
Close,0.059398852
volatility_10,0.058855165
5_day_ma,0.058511205
Volume,0.056209557
daily_return,0.052777223
Low,0.050123874
MACD_signal,0.049279533
RSI_14,0.048755944
10_day_ma,0.04859062
