Feature,Importance
MACD_signal,0.072473146
10_day_ma,0.069377735
High,0.06735228
MACD,0.06714469
Low,0.06480454
BB_upper,0.061465226
daily_return,0.061091136
Open,0.059696905
volatility_10,0.059317753
BB_lower,0.059226733
Volume,0.058321927
Close,0.05568374
20_day_std,0.055499185
RSI_14,0.050826266
5_day_ma,0.050452426
volume_change,0.048112262
20_day_ma,0.039154034
