Feature,Importance
5_day_ma,0.06640173
10_day_ma,0.06621637
Open,0.064010985
MACD,0.06390163
20_day_ma,0.059387542
BB_upper,0.059116255
BB_lower,0.058581807
daily_return,0.058566865
RSI_14,0.058223844
20_day_std,0.057681054
MACD_signal,0.05764377
Volume,0.055914138
Low,0.055689346
volatility_10,0.05553693
High,0.05526237
Close,0.054343175
volume_change,0.053522173
