Feature,Importance
High,0.071663424
Low,0.069541276
MACD,0.06470197
BB_lower,0.063716926
5_day_ma,0.06348559
20_day_ma,0.059744507
Close,0.058973677
20_day_std,0.058359627
volatility_10,0.058175176
daily_return,0.057256248
volume_change,0.055565987
10_day_ma,0.055501845
Open,0.055138327
MACD_signal,0.052924458
RSI_14,0.052306127
Volume,0.052249745
BB_upper,0.05069517
