Feature,Importance
Open,0.0703198
High,0.06801775
RSI_14,0.06348901
MACD_signal,0.06337898
Low,0.06241536
MACD,0.06038149
BB_lower,0.060054
volume_change,0.059698947
20_day_std,0.059612516
Close,0.057364307
10_day_ma,0.057295475
daily_return,0.05558169
20_day_ma,0.05446041
BB_upper,0.0541905
volatility_10,0.05330336
5_day_ma,0.050499767
Volume,0.049936578
