Feature,Importance
Open,0.064594515
RSI_14,0.06305539
Close,0.06295584
5_day_ma,0.061456714
BB_lower,0.06116576
Low,0.059983447
Volume,0.0599331
10_day_ma,0.05992581
daily_return,0.05862501
20_day_std,0.057942733
BB_upper,0.057723735
20_day_ma,0.057215158
High,0.05670412
volatility_10,0.055521127
MACD_signal,0.05550651
volume_change,0.05469034
MACD,0.053000677
