Feature,Importance
BB_lower,0.068926096
High,0.066126145
Low,0.066037364
20_day_std,0.065192334
BB_upper,0.06428315
MACD,0.06252493
10_day_ma,0.060148872
daily_return,0.0595445
volume_change,0.05937314
Volume,0.05868991
RSI_14,0.05764012
Close,0.05578734
volatility_10,0.054138765
MACD_signal,0.052828826
Open,0.052453764
20_day_ma,0.04830593
5_day_ma,0.047998864
