Feature,Importance
5_day_ma,0.08089864
High,0.077369906
Low,0.073783785
MACD_signal,0.06735623
BB_lower,0.059480842
volatility_10,0.059192885
10_day_ma,0.058739178
MACD,0.055787556
Volume,0.054750293
volume_change,0.053800587
daily_return,0.05307216
Close,0.052727383
Open,0.052228604
RSI_14,0.0520121
20_day_std,0.05031248
20_day_ma,0.05003046
BB_upper,0.048457008
