Feature,Importance
Close,0.06744899
10_day_ma,0.06542665
BB_upper,0.06308611
20_day_ma,0.0628832
RSI_14,0.062313154
Volume,0.05983139
BB_lower,0.059579626
Open,0.059091445
Low,0.059080925
20_day_std,0.05905547
volume_change,0.058320634
MACD,0.0576182
5_day_ma,0.05716844
volatility_10,0.05380565
MACD_signal,0.053114627
High,0.051161196
daily_return,0.05101422
