Feature,Importance
10_day_ma,0.078025006
Open,0.07431775
5_day_ma,0.06562805
Volume,0.0627769
volatility_10,0.061209615
MACD_signal,0.061042
20_day_ma,0.0588838
RSI_14,0.058672175
MACD,0.058380418
Low,0.05699947
volume_change,0.056371
20_day_std,0.05492358
BB_lower,0.05476642
High,0.05468311
BB_upper,0.0497458
daily_return,0.049004845
Close,0.044570036
