Feature,Importance
Low,0.08103816
20_day_ma,0.06887918
MACD_signal,0.068730734
BB_upper,0.065341376
RSI_14,0.06437227
volume_change,0.063094005
BB_lower,0.057419196
Open,0.05714287
volatility_10,0.057114817
MACD,0.05696243
5_day_ma,0.056947414
10_day_ma,0.054934274
Close,0.054619808
Volume,0.04982501
High,0.048424356
20_day_std,0.048339415
daily_return,0.046814606
