Feature,Importance
Low,0.07240596
BB_upper,0.07038751
Close,0.06538775
5_day_ma,0.06381285
High,0.06279341
MACD_signal,0.062499408
20_day_ma,0.061597917
RSI_14,0.061552387
Open,0.059569106
10_day_ma,0.056352403
MACD,0.05625759
volume_change,0.056177504
20_day_std,0.056116477
BB_lower,0.05308538
volatility_10,0.047928777
Volume,0.04725605
daily_return,0.046819538
