Feature,Importance
Low,0.081118554
volatility_10,0.07666715
High,0.07508494
volume_change,0.064820014
Volume,0.06454528
Close,0.06327461
20_day_std,0.06271626
10_day_ma,0.062279448
5_day_ma,0.062041517
BB_lower,0.055336475
MACD,0.054140404
RSI_14,0.052619122
daily_return,0.048742104
20_day_ma,0.047887404
BB_upper,0.04779401
MACD_signal,0.04364753
Open,0.037285134
