Feature,Importance
MACD_signal,0.07378648
BB_lower,0.06551921
volume_change,0.064255886
5_day_ma,0.063067384
High,0.061364304
daily_return,0.060187936
Low,0.059008412
20_day_std,0.05858626
BB_upper,0.057504747
Close,0.05736824
MACD,0.057268444
10_day_ma,0.056902017
volatility_10,0.056670863
20_day_ma,0.056615483
Open,0.0530286
Volume,0.052073427
RSI_14,0.04679233
