Feature,Importance
BB_upper,0.06812147
20_day_ma,0.06719302
volume_change,0.062544346
RSI_14,0.062158756
10_day_ma,0.061920676
MACD,0.060047098
Volume,0.05939639
20_day_std,0.0593009
Open,0.05871701
BB_lower,0.05848197
volatility_10,0.057827655
Low,0.057816118
daily_return,0.05608152
Close,0.055303436
MACD_signal,0.052315693
High,0.051873337
5_day_ma,0.05090053
