Feature,Importance
20_day_ma,0.07536244
Low,0.07312441
BB_lower,0.069753915
High,0.06738962
Open,0.064812645
Volume,0.06350621
5_day_ma,0.059344165
BB_upper,0.05834384
volatility_10,0.054986104
MACD_signal,0.05390618
10_day_ma,0.053179845
volume_change,0.053073548
20_day_std,0.05295104
Close,0.051465314
MACD,0.051011227
RSI_14,0.049726836
daily_return,0.04806265
