Feature,Importance
5_day_ma,0.07982257
Low,0.07924719
10_day_ma,0.07858888
Open,0.0648459
High,0.06226354
MACD,0.06191655
20_day_ma,0.06030086
BB_upper,0.059375472
RSI_14,0.05515657
MACD_signal,0.054326557
daily_return,0.051558375
BB_lower,0.051293455
volume_change,0.051067673
Volume,0.050759804
volatility_10,0.047468364
20_day_std,0.04666099
Close,0.045347217
