Feature,Importance
Low,0.086622566
High,0.0669568
10_day_ma,0.06580054
Open,0.06551922
BB_upper,0.063443325
20_day_ma,0.06242358
BB_lower,0.06051241
MACD,0.05831173
volatility_10,0.05789344
Close,0.057249922
20_day_std,0.05720206
Volume,0.05397239
MACD_signal,0.053823
RSI_14,0.053431604
volume_change,0.04629358
5_day_ma,0.045711447
daily_return,0.044832375
