Feature,Importance
BB_upper,0.07946676
Low,0.07224517
5_day_ma,0.06952198
10_day_ma,0.06901104
Close,0.06029734
High,0.06008212
20_day_ma,0.059950307
Open,0.058891907
daily_return,0.057679363
MACD_signal,0.054636303
BB_lower,0.054161206
RSI_14,0.05396873
20_day_std,0.051287208
MACD,0.05093096
Volume,0.050669942
volume_change,0.05020719
volatility_10,0.046992462
