Feature,Importance
MACD_signal,0.06983604
20_day_ma,0.06425289
daily_return,0.063581824
Low,0.063329086
BB_upper,0.06322641
volatility_10,0.061531417
10_day_ma,0.06064291
Volume,0.060597837
Open,0.058665752
RSI_14,0.05862709
volume_change,0.058081295
Close,0.05661022
20_day_std,0.05620427
MACD,0.05594151
5_day_ma,0.051573288
High,0.050165508
BB_lower,0.047132593
