Feature,Importance
MACD,0.07867885
BB_upper,0.06861139
Low,0.067103215
MACD_signal,0.06649576
5_day_ma,0.06454761
volatility_10,0.061268684
20_day_std,0.061260317
Close,0.060877252
volume_change,0.06077946
Volume,0.059096985
High,0.056259394
RSI_14,0.05491936
20_day_ma,0.052592613
BB_lower,0.05032032
daily_return,0.047091838
10_day_ma,0.04584311
Open,0.044253875
