Feature,Importance
BB_lower,0.068871096
10_day_ma,0.068797775
20_day_ma,0.0616076
MACD_signal,0.061186578
volatility_10,0.060184885
MACD,0.06004251
Open,0.059805978
BB_upper,0.058523096
volume_change,0.05736396
5_day_ma,0.05732002
Close,0.056851126
Volume,0.0566834
daily_return,0.055707864
Low,0.05524017
20_day_std,0.05507436
High,0.053963393
RSI_14,0.052776184
