Feature,Importance
RSI_14,0.078044474
High,0.06909028
20_day_std,0.06565023
volume_change,0.06431335
Volume,0.06416877
5_day_ma,0.06364026
BB_upper,0.0591288
daily_return,0.05899433
volatility_10,0.057305194
BB_lower,0.05447141
20_day_ma,0.054312665
Open,0.05386426
MACD,0.05337503
MACD_signal,0.05257054
Close,0.05247626
10_day_ma,0.051424384
Low,0.04716976
