Feature,Importance
10_day_ma,0.07617433
Low,0.07540649
MACD,0.071506515
MACD_signal,0.06749495
daily_return,0.06719717
BB_lower,0.0620524
Close,0.059099548
20_day_ma,0.058504667
Open,0.057453997
volume_change,0.057227958
5_day_ma,0.05714127
BB_upper,0.05657125
20_day_std,0.052462664
High,0.051942874
Volume,0.044816125
volatility_10,0.043497793
RSI_14,0.041450046
