Feature,Importance
Open,0.09692428
10_day_ma,0.07150522
Low,0.07061644
MACD_signal,0.06879817
High,0.06353311
Close,0.059233613
5_day_ma,0.057552963
20_day_std,0.0553206
BB_upper,0.055279616
20_day_ma,0.055149272
volatility_10,0.054246303
RSI_14,0.05221406
MACD,0.050442863
volume_change,0.049474478
Volume,0.04848814
BB_lower,0.04715177
daily_return,0.04406908
