Feature,Importance
BB_lower,0.06927765
20_day_ma,0.068849854
MACD,0.06673237
5_day_ma,0.065620214
BB_upper,0.06474407
Low,0.060823753
20_day_std,0.060624346
RSI_14,0.06007498
Close,0.05864564
volume_change,0.057346363
10_day_ma,0.057037123
volatility_10,0.05486194
High,0.053102218
Open,0.050876644
daily_return,0.050644185
Volume,0.050389722
MACD_signal,0.05034894
