Feature,Importance
BB_upper,0.07433567
20_day_std,0.06966484
Low,0.06893596
High,0.06719202
Open,0.06592695
Close,0.06506209
MACD_signal,0.06451549
BB_lower,0.058046468
volume_change,0.057547003
20_day_ma,0.056796882
5_day_ma,0.05339271
10_day_ma,0.05243079
daily_return,0.051576234
volatility_10,0.050548874
MACD,0.049869232
Volume,0.04871318
RSI_14,0.045445625
