Feature,Importance
10_day_ma,0.06639056
BB_lower,0.06517109
Close,0.064641766
volatility_10,0.064380534
20_day_ma,0.06386323
daily_return,0.06232468
MACD_signal,0.06162501
High,0.060989138
Open,0.060898364
Volume,0.058366276
MACD,0.058058694
20_day_std,0.056932595
RSI_14,0.054726973
BB_upper,0.05145625
Low,0.051307008
volume_change,0.049840722
5_day_ma,0.049027085
