Feature,Importance
Low,0.08470994
BB_upper,0.07060445
20_day_std,0.06866232
RSI_14,0.06818789
MACD,0.06709958
daily_return,0.06466622
MACD_signal,0.06205354
5_day_ma,0.06127272
Open,0.061184373
Volume,0.05780561
volume_change,0.05692792
20_day_ma,0.054028258
volatility_10,0.051903132
High,0.047707655
BB_lower,0.044013094
10_day_ma,0.039873537
Close,0.039299723
