Feature,Importance
MACD,0.079278424
volatility_10,0.073160335
High,0.072106354
10_day_ma,0.07131994
Open,0.07038393
BB_upper,0.06265318
5_day_ma,0.060451683
daily_return,0.058800194
Low,0.05814681
MACD_signal,0.05695964
20_day_ma,0.054216985
Close,0.05238108
volume_change,0.051204726
BB_lower,0.04885002
Volume,0.04879659
RSI_14,0.041991804
20_day_std,0.039298274
