Feature,Importance
Low,0.08511493
volume_change,0.070051
BB_lower,0.06827359
BB_upper,0.06698748
20_day_std,0.06381852
High,0.06376852
MACD_signal,0.06149808
20_day_ma,0.059197046
10_day_ma,0.058337886
volatility_10,0.05538991
Volume,0.054799754
Open,0.054125335
Close,0.05363539
5_day_ma,0.052771393
RSI_14,0.048367217
daily_return,0.047618218
MACD,0.036245763
