Feature,Importance
10_day_ma,0.075939626
Open,0.070016116
Volume,0.06997243
BB_lower,0.06457616
Low,0.064148456
BB_upper,0.063846804
20_day_ma,0.059198838
MACD,0.059025254
volatility_10,0.057416916
daily_return,0.056785285
RSI_14,0.056740567
20_day_std,0.053511884
volume_change,0.053510938
MACD_signal,0.052275207
5_day_ma,0.051602717
Close,0.050706625
High,0.040726233
