Feature,Importance
RSI_14,0.07645234
Low,0.0747521
High,0.06828992
20_day_ma,0.06715374
volatility_10,0.063836694
Close,0.06365307
Volume,0.060396634
MACD_signal,0.05888107
20_day_std,0.058829807
volume_change,0.058005914
10_day_ma,0.05443967
MACD,0.05228677
daily_return,0.05129303
5_day_ma,0.049669843
BB_upper,0.04953498
BB_lower,0.048791483
Open,0.043732986
