Feature,Importance
RSI_14,0.06610521
MACD,0.06423468
High,0.06330603
Low,0.062709525
Volume,0.06184046
5_day_ma,0.06169374
20_day_ma,0.0614639
BB_upper,0.061333764
Open,0.060940336
10_day_ma,0.060471356
daily_return,0.06000516
volatility_10,0.057638098
20_day_std,0.05555475
volume_change,0.052653573
Close,0.052629475
BB_lower,0.050069023
MACD_signal,0.047350883
