Feature,Importance
daily_return,0.07071852
Volume,0.06605261
Low,0.06516408
Open,0.06388377
5_day_ma,0.06364872
BB_upper,0.059088666
10_day_ma,0.059045743
20_day_std,0.058585793
MACD,0.058264088
High,0.058215715
RSI_14,0.05772065
20_day_ma,0.057589676
volatility_10,0.054159623
volume_change,0.053341944
Close,0.052988876
BB_lower,0.051563207
MACD_signal,0.049968377
