Feature,Importance
BB_upper,0.0646487
High,0.06264647
20_day_std,0.06263329
MACD,0.062572055
Low,0.062216856
20_day_ma,0.060346797
RSI_14,0.060172457
volume_change,0.059239462
Volume,0.058226056
BB_lower,0.057720415
10_day_ma,0.05720149
5_day_ma,0.05655551
daily_return,0.056333598
Close,0.055509415
Open,0.0547097
MACD_signal,0.05467627
volatility_10,0.054591466
