Feature,Importance
Open,0.06870657
Low,0.06728979
10_day_ma,0.064666376
Volume,0.062727265
High,0.061113395
MACD_signal,0.06007295
volatility_10,0.05961055
BB_lower,0.059284553
volume_change,0.059115008
5_day_ma,0.05829724
RSI_14,0.057630006
BB_upper,0.056371182
20_day_std,0.055380825
20_day_ma,0.055310298
daily_return,0.052370887
MACD,0.051483236
Close,0.050569836
