Feature,Importance
Open,0.0669597
10_day_ma,0.066915646
MACD_signal,0.066419065
daily_return,0.06549759
High,0.065495454
volatility_10,0.06416494
BB_lower,0.060873896
RSI_14,0.060865972
Volume,0.060430195
20_day_std,0.05970881
MACD,0.0582245
20_day_ma,0.05763828
BB_upper,0.056223143
Close,0.053470384
5_day_ma,0.049254905
volume_change,0.04449813
Low,0.043359365
