Feature,Importance
BB_upper,0.07382807
20_day_ma,0.07268129
Open,0.064928435
volume_change,0.064106
10_day_ma,0.063033715
Volume,0.062007573
RSI_14,0.061232183
MACD,0.061133843
BB_lower,0.060766358
High,0.059468508
Low,0.055823725
Close,0.054764498
MACD_signal,0.05252318
20_day_std,0.05172269
volatility_10,0.050022397
5_day_ma,0.046182323
daily_return,0.04577521
