Feature,Importance
Low,0.072239734
MACD,0.06889438
volume_change,0.06666143
5_day_ma,0.06597626
BB_upper,0.062278826
High,0.061858248
Open,0.05939446
Volume,0.059245102
20_day_std,0.059024792
MACD_signal,0.05700095
BB_lower,0.056643624
10_day_ma,0.056338172
RSI_14,0.051817894
Close,0.05124014
daily_return,0.051190354
volatility_10,0.05087763
20_day_ma,0.04931802
