Feature,Importance
Close,0.07123442
RSI_14,0.06799515
High,0.067802384
Low,0.06624716
BB_lower,0.06403078
MACD,0.064002626
volatility_10,0.06220803
10_day_ma,0.06195802
Volume,0.059043493
volume_change,0.057134073
20_day_ma,0.05619494
20_day_std,0.0546511
daily_return,0.054102644
BB_upper,0.05153276
MACD_signal,0.050797854
Open,0.04700141
5_day_ma,0.044063132
