Feature,Importance
20_day_ma,0.07449826
volume_change,0.06599688
BB_upper,0.06596306
MACD,0.065935135
20_day_std,0.06563992
10_day_ma,0.064619385
RSI_14,0.06389112
5_day_ma,0.06322908
volatility_10,0.061659742
daily_return,0.058565482
High,0.057495542
BB_lower,0.056226905
Volume,0.05360183
Low,0.049956582
Open,0.049890704
Close,0.04649741
MACD_signal,0.036332954
