Feature,Importance
20_day_ma,0.09482673
BB_upper,0.07740576
RSI_14,0.06725124
Close,0.06624265
High,0.06575154
10_day_ma,0.061966915
BB_lower,0.06190559
20_day_std,0.056034792
Volume,0.054057922
daily_return,0.05401201
5_day_ma,0.053753752
volume_change,0.052561045
Open,0.049506795
MACD,0.048930872
volatility_10,0.047232054
MACD_signal,0.0445593
Low,0.044001017
