Feature,Importance
Low,0.07102395
BB_upper,0.06575585
RSI_14,0.06521045
5_day_ma,0.06496459
MACD,0.061957605
daily_return,0.061809063
volume_change,0.06034418
20_day_std,0.058816288
Close,0.058768943
Open,0.058071975
BB_lower,0.05587034
Volume,0.053874806
High,0.05328005
volatility_10,0.05288068
10_day_ma,0.05281899
20_day_ma,0.0524716
MACD_signal,0.052080646
