Feature,Importance
Close,0.069533914
High,0.067656875
Low,0.066491224
Open,0.06591581
5_day_ma,0.06563627
Volume,0.06135042
BB_lower,0.060949333
volume_change,0.05860364
MACD,0.058240928
RSI_14,0.0578354
daily_return,0.057462595
10_day_ma,0.057176802
MACD_signal,0.055506233
20_day_ma,0.05275604
BB_upper,0.048616685
volatility_10,0.04829719
20_day_std,0.047970634
