Feature,Importance
BB_upper,0.095315725
BB_lower,0.07506326
20_day_std,0.074602515
10_day_ma,0.073148005
High,0.0720314
MACD,0.070761606
20_day_ma,0.06078828
Close,0.060576536
volatility_10,0.059548825
daily_return,0.055209797
MACD_signal,0.0524794
RSI_14,0.046821944
5_day_ma,0.044104353
Volume,0.04259333
Open,0.041659825
Low,0.039800175
volume_change,0.035494983
