Feature,Importance
MACD_signal,0.07218002
Low,0.0670234
5_day_ma,0.06390155
BB_upper,0.063666105
Close,0.06337254
Open,0.06259286
volatility_10,0.058756627
10_day_ma,0.058157623
20_day_ma,0.057887096
High,0.056110486
20_day_std,0.055928037
BB_lower,0.0554957
RSI_14,0.0552271
MACD,0.054782618
volume_change,0.053230822
daily_return,0.052065827
Volume,0.049621616
