Feature,Importance
5_day_ma,0.069397084
20_day_std,0.06710229
daily_return,0.06514122
Open,0.06467688
MACD_signal,0.06347929
RSI_14,0.061768655
volume_change,0.061116096
BB_lower,0.060267728
Volume,0.060130242
BB_upper,0.059033796
MACD,0.058006927
volatility_10,0.05555681
20_day_ma,0.05532491
Low,0.05352687
10_day_ma,0.051716994
High,0.047064103
Close,0.04669004
