Feature,Importance
Open,0.06932677
High,0.068145625
Close,0.06766935
volume_change,0.063180506
20_day_ma,0.06315595
10_day_ma,0.062033016
MACD,0.061478842
BB_lower,0.059682477
20_day_std,0.058768645
RSI_14,0.058413066
MACD_signal,0.05820411
daily_return,0.056258563
Volume,0.05538214
volatility_10,0.05185083
Low,0.05163543
BB_upper,0.047936145
5_day_ma,0.046878513
