Feature,Importance
Close,0.07603451
10_day_ma,0.070584364
Volume,0.06807932
MACD_signal,0.06794897
20_day_ma,0.0644782
MACD,0.06441065
5_day_ma,0.06405181
Open,0.05997203
daily_return,0.05981212
20_day_std,0.056727923
High,0.056521423
RSI_14,0.055091105
BB_upper,0.053385857
Low,0.051262297
volatility_10,0.04801485
volume_change,0.04349592
BB_lower,0.040128678
