Feature,Importance
10_day_ma,0.09486484
High,0.08940423
Open,0.081964985
BB_upper,0.07474339
Low,0.072489075
BB_lower,0.06296151
Volume,0.061614927
MACD,0.05849863
daily_return,0.05422638
20_day_ma,0.051598992
volatility_10,0.048154514
Close,0.04794006
MACD_signal,0.046662614
RSI_14,0.044628356
20_day_std,0.03823306
volume_change,0.038074777
5_day_ma,0.033939663
