Feature,Importance
Low,0.071583346
High,0.069688626
20_day_ma,0.068175204
Open,0.067643836
BB_lower,0.065098494
5_day_ma,0.06223281
Volume,0.05998926
BB_upper,0.05722328
Close,0.056671634
20_day_std,0.055059955
MACD_signal,0.05422645
MACD,0.05414343
RSI_14,0.052870277
10_day_ma,0.05251401
volatility_10,0.051390264
volume_change,0.050968584
daily_return,0.050520584
