Feature,Importance
BB_upper,0.07120828
Open,0.06517597
volatility_10,0.06450783
RSI_14,0.06421958
BB_lower,0.06313562
daily_return,0.061564233
10_day_ma,0.061248142
Close,0.06070282
5_day_ma,0.059165362
MACD,0.057387006
volume_change,0.05728172
Low,0.057140563
20_day_std,0.05574039
Volume,0.053953137
MACD_signal,0.050928995
20_day_ma,0.049453914
High,0.047186475
