Feature,Importance
10_day_ma,0.07446649
5_day_ma,0.06732488
Close,0.06632832
Low,0.06602027
High,0.05983647
MACD,0.05957394
20_day_ma,0.05898191
Volume,0.05848909
volume_change,0.056748256
daily_return,0.056555778
RSI_14,0.056085058
BB_upper,0.056000173
volatility_10,0.05437467
BB_lower,0.05426394
MACD_signal,0.05333624
Open,0.053145446
20_day_std,0.04846907
