Feature,Importance
MACD,0.07291525
High,0.0702768
MACD_signal,0.0671632
5_day_ma,0.06597341
20_day_std,0.06553215
20_day_ma,0.06201271
Volume,0.060865022
Low,0.059798703
volume_change,0.059301723
BB_upper,0.05459155
10_day_ma,0.054046396
Close,0.053639423
daily_return,0.05353075
volatility_10,0.052138433
Open,0.050953448
RSI_14,0.049552526
BB_lower,0.047708552
