Feature,Importance
20_day_ma,0.069308996
MACD,0.06571624
Low,0.06493409
RSI_14,0.06337667
BB_upper,0.060756367
10_day_ma,0.060361788
Open,0.059236847
Close,0.05812212
BB_lower,0.05800571
daily_return,0.056745246
Volume,0.056641575
High,0.056542374
MACD_signal,0.056037344
volatility_10,0.054322716
5_day_ma,0.05413917
20_day_std,0.053904038
volume_change,0.051848736
