Feature,Importance
volatility_10,0.07704511
Close,0.074878514
Low,0.07251008
High,0.07146808
RSI_14,0.06876303
Open,0.0653511
20_day_ma,0.06318551
daily_return,0.0630115
MACD_signal,0.05989409
volume_change,0.059636403
20_day_std,0.055167023
MACD,0.04983298
10_day_ma,0.047689784
5_day_ma,0.046195
Volume,0.045671225
BB_lower,0.040851936
BB_upper,0.038848657
