Feature,Importance
20_day_std,0.07029182
Volume,0.06512149
BB_lower,0.064247474
volatility_10,0.06345384
20_day_ma,0.0630912
MACD_signal,0.06168752
10_day_ma,0.061491936
MACD,0.06111461
BB_upper,0.059802603
Open,0.05849732
Low,0.05784073
5_day_ma,0.056668263
volume_change,0.05589176
daily_return,0.0526019
RSI_14,0.052513734
High,0.048028626
Close,0.04765511
