Feature,Importance
20_day_std,0.07366774
High,0.065609746
BB_upper,0.065040536
MACD_signal,0.06493916
BB_lower,0.06082892
volatility_10,0.060271557
Low,0.05998582
daily_return,0.05777716
5_day_ma,0.0570166
Volume,0.05636319
RSI_14,0.05621999
20_day_ma,0.056164477
MACD,0.055093702
10_day_ma,0.05452569
Close,0.053465452
Open,0.052399386
volume_change,0.050630886
