Feature,Importance
MACD_signal,0.07648953
10_day_ma,0.0725465
MACD,0.07121005
BB_upper,0.06986468
Open,0.05978731
High,0.05955724
20_day_ma,0.05954368
daily_return,0.058134723
5_day_ma,0.0574384
BB_lower,0.056741767
Close,0.056163516
volatility_10,0.05603937
20_day_std,0.05598483
Volume,0.053574476
volume_change,0.049215514
Low,0.047149308
RSI_14,0.040559027
