Feature,Importance
BB_lower,0.07065813
Low,0.069653735
5_day_ma,0.06770961
Open,0.06761514
High,0.06649798
10_day_ma,0.06319546
volume_change,0.060806252
20_day_ma,0.060269702
BB_upper,0.057804275
MACD_signal,0.055171248
daily_return,0.054876376
RSI_14,0.054126073
Close,0.05373461
volatility_10,0.05168909
20_day_std,0.05008908
MACD,0.048260387
Volume,0.047842845
