Feature,Importance
RSI_14,0.07635189
10_day_ma,0.06503801
20_day_ma,0.06500826
5_day_ma,0.06295061
volatility_10,0.062467717
Low,0.062424712
MACD,0.06061346
20_day_std,0.05931399
Open,0.05909103
MACD_signal,0.05863682
High,0.058443904
BB_upper,0.057748344
volume_change,0.054296963
Close,0.052821238
daily_return,0.05050374
Volume,0.047274068
BB_lower,0.04701521
