Feature,Importance
volatility_10,0.06921542
RSI_14,0.06845127
MACD,0.06412755
volume_change,0.06198793
Open,0.061530035
Volume,0.06009299
High,0.059756
5_day_ma,0.05938582
MACD_signal,0.059304483
Close,0.057626605
Low,0.05710856
20_day_std,0.056007233
10_day_ma,0.05525734
daily_return,0.054664478
BB_upper,0.054200847
BB_lower,0.053694062
20_day_ma,0.047589406
