Feature,Importance
Open,0.0752747
High,0.07272963
10_day_ma,0.071794786
RSI_14,0.07153752
BB_upper,0.06681969
volume_change,0.06266715
Low,0.06160543
20_day_std,0.060930006
BB_lower,0.060417056
daily_return,0.05491498
Volume,0.052451063
MACD,0.052434787
volatility_10,0.051421627
MACD_signal,0.050180428
20_day_ma,0.0478859
Close,0.04479632
5_day_ma,0.042138964
