Feature,Importance
20_day_std,0.07212738
5_day_ma,0.0658864
RSI_14,0.06275496
BB_upper,0.062731765
Low,0.06243079
daily_return,0.062161364
Volume,0.0609252
Open,0.059858274
High,0.058800597
BB_lower,0.05868382
volatility_10,0.05760327
MACD_signal,0.055991944
20_day_ma,0.05504718
volume_change,0.05421139
MACD,0.050664537
Close,0.050574116
10_day_ma,0.049547095
