Feature,Importance
Open,0.07629685
5_day_ma,0.0676131
BB_lower,0.06721442
High,0.06314346
daily_return,0.06295518
volume_change,0.062119387
RSI_14,0.058752485
BB_upper,0.058056343
MACD,0.057857346
volatility_10,0.05712551
20_day_ma,0.05632707
20_day_std,0.055551395
Volume,0.055047784
Low,0.053821385
10_day_ma,0.052884337
MACD_signal,0.04961481
Close,0.045619126
