Feature,Importance
BB_upper,0.07754381
High,0.06693579
Low,0.06661257
10_day_ma,0.06548058
20_day_ma,0.064630374
Close,0.06398535
RSI_14,0.061483044
volatility_10,0.058678083
volume_change,0.057275303
MACD_signal,0.05716743
5_day_ma,0.056959987
Volume,0.05591336
daily_return,0.053799637
Open,0.051396724
20_day_std,0.050430536
BB_lower,0.05016445
MACD,0.04154299
