Feature,Importance
Low,0.07448372
10_day_ma,0.070755094
BB_lower,0.07050067
volume_change,0.06763837
20_day_std,0.064466655
MACD_signal,0.06390203
Close,0.062260676
BB_upper,0.058862053
5_day_ma,0.058124207
MACD,0.05807103
20_day_ma,0.055190627
volatility_10,0.054923203
daily_return,0.053049255
High,0.052096345
Volume,0.049108416
RSI_14,0.043882977
Open,0.042684555
