Feature,Importance
High,0.06795194
20_day_std,0.06441711
RSI_14,0.063898265
20_day_ma,0.061850525
BB_upper,0.061817057
10_day_ma,0.061366484
BB_lower,0.059866667
Close,0.059384074
Volume,0.058681816
MACD_signal,0.05854957
5_day_ma,0.05815639
Open,0.058084838
volume_change,0.055983648
volatility_10,0.054376893
MACD,0.0526962
Low,0.05186176
daily_return,0.05105682
