Feature,Importance
Low,0.07338525
5_day_ma,0.06804998
Open,0.06771056
BB_upper,0.06447994
High,0.060716365
MACD,0.060685355
10_day_ma,0.060667697
Volume,0.05885703
20_day_ma,0.05881747
volatility_10,0.056817282
20_day_std,0.056620613
MACD_signal,0.056433447
RSI_14,0.055697326
daily_return,0.052222967
BB_lower,0.049835354
volume_change,0.049810518
Close,0.04919285
