Feature,Importance
Low,0.087751485
BB_upper,0.07267251
20_day_ma,0.07098089
volume_change,0.06563304
5_day_ma,0.060190123
Close,0.059420392
RSI_14,0.059110533
Open,0.058968186
10_day_ma,0.058607716
20_day_std,0.058020286
MACD_signal,0.055374537
BB_lower,0.054299593
volatility_10,0.051673353
daily_return,0.050029974
MACD,0.048499767
Volume,0.04474256
High,0.044025104
