Feature,Importance
20_day_ma,0.07940799
Open,0.07214646
10_day_ma,0.06984931
BB_lower,0.063761614
daily_return,0.063737094
20_day_std,0.060758397
Low,0.059163153
5_day_ma,0.05830965
High,0.05783112
MACD,0.05744501
volume_change,0.056624938
RSI_14,0.055883158
volatility_10,0.05304133
Close,0.050380737
BB_upper,0.04956774
MACD_signal,0.048357233
Volume,0.043735053
