Feature,Importance
Open,0.08029977
MACD,0.07401762
BB_lower,0.073547535
Close,0.06965278
5_day_ma,0.0685097
volatility_10,0.06699827
volume_change,0.061752696
Low,0.059765607
Volume,0.059145555
High,0.055507004
MACD_signal,0.054695122
daily_return,0.052453384
20_day_ma,0.04976494
BB_upper,0.04802027
20_day_std,0.046459403
RSI_14,0.04621194
10_day_ma,0.03319838
