Feature,Importance
Low,0.078268535
10_day_ma,0.07812141
Open,0.07408538
20_day_std,0.06664612
daily_return,0.06372127
Volume,0.062358093
volume_change,0.06169654
MACD,0.05910401
MACD_signal,0.056017876
volatility_10,0.05597557
BB_upper,0.05444563
5_day_ma,0.054157667
High,0.049998734
20_day_ma,0.04929419
Close,0.047666013
BB_lower,0.045909703
RSI_14,0.042533264
