Feature,Importance
BB_upper,0.077637166
20_day_ma,0.06996514
Close,0.06941501
Low,0.06936083
RSI_14,0.06480346
High,0.064454675
MACD,0.061986636
20_day_std,0.061555784
5_day_ma,0.060579877
volatility_10,0.057544496
BB_lower,0.05444765
daily_return,0.052904956
Volume,0.051529475
Open,0.04886501
volume_change,0.048814084
MACD_signal,0.043572918
10_day_ma,0.042562872
