Feature,Importance
BB_lower,0.06711187
RSI_14,0.06624878
20_day_std,0.061605267
daily_return,0.0615161
5_day_ma,0.06078642
BB_upper,0.060543794
MACD_signal,0.060394228
Volume,0.060283724
20_day_ma,0.059645064
Open,0.05833166
Low,0.058241937
volume_change,0.057592537
volatility_10,0.056314297
High,0.0555485
MACD,0.055424597
10_day_ma,0.051638708
Close,0.048772495
