Feature,Importance
Low,0.071098216
MACD_signal,0.06652363
BB_upper,0.065532036
20_day_std,0.06341309
High,0.06265012
Close,0.061778925
Open,0.061088752
Volume,0.05873359
RSI_14,0.056640577
20_day_ma,0.056185637
BB_lower,0.055526458
5_day_ma,0.054773346
MACD,0.05463774
volatility_10,0.05430014
10_day_ma,0.054059666
volume_change,0.05180852
daily_return,0.051249523
