Feature,Importance
Low,0.06976002
BB_upper,0.068503655
20_day_std,0.06739107
MACD_signal,0.066532195
daily_return,0.063615456
Volume,0.06332506
RSI_14,0.060101677
volume_change,0.05907841
MACD,0.05776344
BB_lower,0.056853175
volatility_10,0.055598956
5_day_ma,0.055307806
Open,0.0542172
20_day_ma,0.053494997
Close,0.050901193
10_day_ma,0.049450062
High,0.048105687
