Feature,Importance
daily_return,0.07597609
Volume,0.06986009
5_day_ma,0.06700771
RSI_14,0.06398197
20_day_std,0.061538078
High,0.060987234
Low,0.059646007
Open,0.0589122
BB_lower,0.058824755
volatility_10,0.05773197
volume_change,0.05728622
Close,0.056210864
10_day_ma,0.055164956
MACD,0.05410662
BB_upper,0.050751954
MACD_signal,0.048063055
20_day_ma,0.043950163
