Feature,Importance
Open,0.06673769
10_day_ma,0.06417312
volatility_10,0.06102389
daily_return,0.060582425
MACD_signal,0.060310427
20_day_ma,0.0594951
20_day_std,0.05893668
High,0.058923084
MACD,0.0588475
BB_lower,0.058120593
Close,0.057776455
Volume,0.057744265
RSI_14,0.057339523
Low,0.0567634
BB_upper,0.056546476
volume_change,0.055095486
5_day_ma,0.05158382
