Feature,Importance
MACD,0.06976874
5_day_ma,0.068628505
20_day_ma,0.06410269
BB_upper,0.06290546
volatility_10,0.061470576
BB_lower,0.06015854
Volume,0.058259245
volume_change,0.057680245
daily_return,0.056761794
MACD_signal,0.056703083
Low,0.056241374
10_day_ma,0.05613692
Open,0.05570217
20_day_std,0.055542264
RSI_14,0.054396443
High,0.053649113
Close,0.051892813
