Feature,Importance
Low,0.07603791
20_day_ma,0.07250854
BB_lower,0.071942285
10_day_ma,0.0628782
High,0.062386505
BB_upper,0.061517607
20_day_std,0.058314547
RSI_14,0.05817972
volatility_10,0.056642007
5_day_ma,0.055918533
volume_change,0.054279488
MACD,0.054047514
daily_return,0.053412195
Close,0.05298546
Volume,0.051329866
MACD_signal,0.04895253
Open,0.04866714
