Feature,Importance
MACD,0.070192926
Low,0.069965556
BB_lower,0.065468475
10_day_ma,0.06366999
MACD_signal,0.063117445
20_day_ma,0.061071474
Open,0.060546886
volume_change,0.060484137
BB_upper,0.059339352
High,0.057214946
daily_return,0.057132326
20_day_std,0.05594304
5_day_ma,0.053923283
RSI_14,0.053771015
volatility_10,0.051762577
Close,0.04899547
Volume,0.047401145
