Feature,Importance
BB_upper,0.070074044
MACD_signal,0.06898304
BB_lower,0.06729774
Low,0.06662596
RSI_14,0.06325546
MACD,0.063006826
10_day_ma,0.05975533
20_day_std,0.05966916
daily_return,0.05880326
volatility_10,0.056989275
Close,0.055546343
Open,0.055322167
volume_change,0.054955326
20_day_ma,0.052835193
High,0.05258463
Volume,0.049868505
5_day_ma,0.044427745
