Feature,Importance
MACD_signal,0.07213341
Low,0.07094666
BB_lower,0.06622068
5_day_ma,0.06572938
20_day_std,0.06383877
BB_upper,0.062398657
volume_change,0.06221092
MACD,0.05945314
daily_return,0.05944624
volatility_10,0.059374157
Volume,0.0569962
Close,0.05426023
Open,0.052834
10_day_ma,0.052166827
High,0.04912952
RSI_14,0.04826722
20_day_ma,0.044594023
