Feature,Importance
Open,0.072383165
BB_upper,0.07067745
10_day_ma,0.06677127
Low,0.065498345
5_day_ma,0.06447375
Close,0.062684864
daily_return,0.061147206
Volume,0.059924394
MACD_signal,0.057573177
High,0.057321433
MACD,0.05717875
20_day_ma,0.055352896
RSI_14,0.05234853
BB_lower,0.051148016
volatility_10,0.04917326
20_day_std,0.0489316
volume_change,0.04741195
