Feature,Importance
BB_upper,0.076044925
Low,0.07245912
High,0.07002565
MACD_signal,0.06502341
Volume,0.061947886
daily_return,0.061743084
MACD,0.060472336
volatility_10,0.060179375
20_day_std,0.05796647
10_day_ma,0.05763061
RSI_14,0.05734985
volume_change,0.052052278
Open,0.051646214
BB_lower,0.051405758
5_day_ma,0.04917308
Close,0.048208583
20_day_ma,0.0466714
