Feature,Importance
Close,0.0726434
volatility_10,0.06824406
High,0.065450475
20_day_std,0.06268379
5_day_ma,0.06172733
RSI_14,0.06146694
BB_lower,0.060862232
MACD_signal,0.059658058
daily_return,0.057833433
Low,0.057136193
10_day_ma,0.05572578
Volume,0.054797277
MACD,0.054331575
volume_change,0.054228604
20_day_ma,0.052682307
Open,0.051748812
BB_upper,0.04877969
