Feature,Importance
RSI_14,0.07897466
volatility_10,0.07527362
MACD,0.07427007
MACD_signal,0.06835348
Close,0.06407742
High,0.060290195
BB_lower,0.060120564
Volume,0.060093995
Open,0.058022756
BB_upper,0.057842847
Low,0.056608338
volume_change,0.056526113
20_day_ma,0.052537728
daily_return,0.049579825
20_day_std,0.047884163
5_day_ma,0.04574055
10_day_ma,0.033803686
