Feature,Importance
BB_upper,0.07777769
Low,0.076913625
5_day_ma,0.066516556
20_day_std,0.064745225
daily_return,0.059951223
High,0.059633102
volume_change,0.059369072
MACD_signal,0.05881118
Open,0.05790051
Volume,0.05762577
10_day_ma,0.05707297
RSI_14,0.056718867
BB_lower,0.05404042
20_day_ma,0.052971803
Close,0.049805216
volatility_10,0.04752252
MACD,0.0426243
