Feature,Importance
volume_change,0.073133044
High,0.06978145
20_day_ma,0.06825431
Close,0.06653462
Volume,0.06525237
Open,0.063775435
MACD_signal,0.059860166
RSI_14,0.057932347
daily_return,0.057729747
MACD,0.056454793
20_day_std,0.055809334
volatility_10,0.054537702
10_day_ma,0.053742327
BB_upper,0.05322228
5_day_ma,0.053117506
Low,0.04590335
BB_lower,0.04495921
