Feature,Importance
BB_lower,0.066692375
High,0.064036384
volume_change,0.06371474
10_day_ma,0.06311831
20_day_ma,0.06275646
volatility_10,0.06267265
BB_upper,0.062467385
Volume,0.059839923
5_day_ma,0.059778992
Open,0.05972117
MACD,0.05943803
Low,0.05750275
MACD_signal,0.056641504
daily_return,0.0539603
Close,0.052909594
20_day_std,0.047698244
RSI_14,0.047051188
