Feature,Importance
Close,0.06893995
RSI_14,0.068488024
High,0.06529617
10_day_ma,0.06434092
MACD_signal,0.06381783
volume_change,0.062455248
20_day_ma,0.058643676
volatility_10,0.05790014
BB_upper,0.05787491
20_day_std,0.057112165
5_day_ma,0.05617369
Low,0.055993922
Volume,0.054443076
MACD,0.054277707
daily_return,0.05286761
BB_lower,0.052430306
Open,0.04894462
