Feature,Importance
20_day_ma,0.06443768
MACD_signal,0.06303035
BB_upper,0.06212323
Volume,0.06190113
RSI_14,0.06167269
Low,0.061532255
20_day_std,0.060163654
daily_return,0.05962062
MACD,0.058171533
High,0.057452843
5_day_ma,0.05706382
volume_change,0.056160294
Close,0.05591579
BB_lower,0.055703685
Open,0.05539106
10_day_ma,0.055093285
volatility_10,0.054566137
