Feature,Importance
BB_lower,0.07280322
Low,0.06858339
BB_upper,0.06694427
20_day_ma,0.06684206
daily_return,0.06397177
20_day_std,0.060652155
volume_change,0.058710642
5_day_ma,0.058199126
MACD,0.057904318
10_day_ma,0.057294708
volatility_10,0.05432105
Open,0.0542029
RSI_14,0.053701308
MACD_signal,0.053356074
Close,0.05140728
Volume,0.0510888
High,0.050016973
