Feature,Importance
Low,0.078049846
volatility_10,0.06540585
MACD,0.06521402
MACD_signal,0.0645239
BB_upper,0.063580625
BB_lower,0.063374944
daily_return,0.062279236
20_day_std,0.060923498
10_day_ma,0.060414597
Open,0.059466142
Volume,0.058685537
volume_change,0.058494583
5_day_ma,0.05408267
Close,0.05287493
RSI_14,0.046926837
20_day_ma,0.042961396
High,0.04274137
