Feature,Importance
High,0.069536574
Close,0.06941683
MACD,0.06917228
5_day_ma,0.06761117
BB_lower,0.06319345
20_day_std,0.061066005
MACD_signal,0.06043697
Low,0.059985116
RSI_14,0.05897786
volume_change,0.05860849
daily_return,0.058058303
Open,0.05558872
10_day_ma,0.054921247
volatility_10,0.053653345
BB_upper,0.051589288
Volume,0.047359403
20_day_ma,0.040824912
