Feature,Importance
10_day_ma,0.071326785
Open,0.066789575
BB_upper,0.0631926
Low,0.06143428
MACD,0.06117642
MACD_signal,0.06091507
20_day_ma,0.060880866
daily_return,0.060278956
BB_lower,0.058903422
volatility_10,0.057951514
20_day_std,0.057728674
High,0.05662403
RSI_14,0.055186152
Volume,0.054706015
volume_change,0.054033875
Close,0.052756146
5_day_ma,0.046115644
