Feature,Importance
10_day_ma,0.06881819
20_day_std,0.0656714
MACD,0.0639494
20_day_ma,0.061383624
Volume,0.060664233
High,0.06045383
BB_lower,0.059920114
BB_upper,0.059600227
Low,0.059367303
Close,0.05888357
Open,0.05718793
MACD_signal,0.056444094
volatility_10,0.055972632
volume_change,0.055412423
RSI_14,0.053394306
5_day_ma,0.053262014
daily_return,0.04961464
