Feature,Importance
Low,0.06632465
volume_change,0.06512738
MACD,0.06411973
MACD_signal,0.062040623
RSI_14,0.060998455
20_day_ma,0.060909238
Open,0.060885906
Close,0.05945572
5_day_ma,0.05934787
Volume,0.058749802
20_day_std,0.057696264
BB_upper,0.056812614
10_day_ma,0.055854958
volatility_10,0.05551981
daily_return,0.0543723
BB_lower,0.0540616
High,0.047723103
