Feature,Importance
MACD,0.0679014
High,0.06413574
BB_upper,0.061852217
10_day_ma,0.061745323
Volume,0.061631467
MACD_signal,0.061359983
Close,0.06068794
RSI_14,0.060541824
5_day_ma,0.059422497
BB_lower,0.059108038
daily_return,0.058876295
volume_change,0.05848032
20_day_std,0.05827742
20_day_ma,0.05714584
Open,0.0506484
volatility_10,0.05022284
Low,0.04796244
