Feature,Importance
BB_upper,0.06874056
RSI_14,0.06852434
MACD,0.06441887
5_day_ma,0.06302162
BB_lower,0.06079874
Volume,0.060130186
daily_return,0.059733838
Open,0.059064656
volatility_10,0.057976503
20_day_ma,0.056953464
20_day_std,0.056707215
MACD_signal,0.056612976
High,0.05645766
Low,0.056127913
Close,0.054772336
10_day_ma,0.05371328
volume_change,0.04624585
