Feature,Importance
20_day_ma,0.08443084
Open,0.08023671
MACD,0.07452758
5_day_ma,0.06823972
volatility_10,0.06325719
BB_upper,0.059837356
Close,0.05746035
daily_return,0.05672834
MACD_signal,0.055231974
High,0.05415609
BB_lower,0.05264641
Volume,0.05238461
volume_change,0.050930716
RSI_14,0.049376834
Low,0.047762662
10_day_ma,0.046975344
20_day_std,0.045817275
