Feature,Importance
volume_change,0.065902226
BB_upper,0.06555454
Open,0.064444765
20_day_std,0.061656274
5_day_ma,0.060861673
10_day_ma,0.06083801
High,0.060238384
Close,0.060162537
Low,0.058672894
Volume,0.058014255
BB_lower,0.05789199
20_day_ma,0.056106433
volatility_10,0.055872545
MACD_signal,0.05546867
MACD,0.053951755
RSI_14,0.05255695
daily_return,0.051806115
