Feature,Importance
Low,0.07122871
Close,0.06969806
volume_change,0.06746094
20_day_ma,0.06293551
High,0.06291921
10_day_ma,0.062192872
BB_lower,0.06203095
20_day_std,0.059443224
volatility_10,0.057602823
BB_upper,0.056294654
daily_return,0.0557144
MACD_signal,0.05524175
5_day_ma,0.05489515
MACD,0.054386787
Volume,0.052046526
RSI_14,0.05159439
Open,0.044314045
