Feature,Importance
20_day_std,0.070556976
Volume,0.06759968
5_day_ma,0.0667609
BB_upper,0.066514134
Open,0.06501299
RSI_14,0.06422608
daily_return,0.06132025
10_day_ma,0.05914998
volume_change,0.058208827
BB_lower,0.057875864
20_day_ma,0.05694439
volatility_10,0.05562334
Low,0.052839488
High,0.051177908
MACD_signal,0.04997784
MACD,0.049356494
Close,0.04685479
