Feature,Importance
20_day_ma,0.09621115
High,0.09144704
10_day_ma,0.06466712
volatility_10,0.06268631
MACD,0.06056481
Close,0.058719877
Volume,0.058597516
BB_lower,0.057227146
Low,0.05662318
daily_return,0.054561198
RSI_14,0.053297687
BB_upper,0.050407726
MACD_signal,0.049398623
Open,0.04926174
volume_change,0.049076416
5_day_ma,0.04852464
20_day_std,0.03872776
