Feature,Importance
BB_lower,0.06799845
High,0.067737594
MACD,0.06695662
Volume,0.062600374
Low,0.061124597
Open,0.06089679
RSI_14,0.059813213
volume_change,0.05978208
daily_return,0.0583666
volatility_10,0.058302797
BB_upper,0.057090867
20_day_std,0.056709334
MACD_signal,0.056032073
20_day_ma,0.054797433
10_day_ma,0.051527616
Close,0.0505638
5_day_ma,0.049699835
