Feature,Importance
BB_lower,0.0726644
Low,0.06854953
5_day_ma,0.06517136
BB_upper,0.063129514
Open,0.0627162
daily_return,0.062089786
RSI_14,0.05940015
volume_change,0.05856917
Close,0.05838107
volatility_10,0.058067787
20_day_std,0.05789548
20_day_ma,0.05425413
10_day_ma,0.05272285
MACD,0.052594375
Volume,0.05256893
MACD_signal,0.05165331
High,0.049572002
