Feature,Importance
Low,0.072552115
BB_lower,0.0660473
MACD,0.066024765
MACD_signal,0.06363032
High,0.06233301
volume_change,0.062323723
10_day_ma,0.062137924
BB_upper,0.061574217
20_day_std,0.0600312
volatility_10,0.059601005
daily_return,0.056777395
Close,0.05521715
20_day_ma,0.053887367
Volume,0.051670324
RSI_14,0.050076686
5_day_ma,0.04967306
Open,0.04644236
