Feature,Importance
Open,0.067604825
20_day_ma,0.067404
MACD_signal,0.06627992
Close,0.06590938
MACD,0.06528015
Volume,0.06369326
BB_lower,0.063672855
20_day_std,0.061716657
Low,0.0613508
High,0.057550635
BB_upper,0.05469756
10_day_ma,0.0534137
volatility_10,0.05338749
RSI_14,0.052476224
daily_return,0.050701052
volume_change,0.04830442
5_day_ma,0.046557143
