Feature,Importance
Low,0.079385884
RSI_14,0.06727508
20_day_ma,0.06662474
MACD_signal,0.06288473
volume_change,0.062688835
daily_return,0.062434442
MACD,0.05880469
volatility_10,0.058624674
Volume,0.057996564
20_day_std,0.05789776
BB_lower,0.057070173
High,0.05642397
Close,0.056116376
10_day_ma,0.053685762
5_day_ma,0.052633025
BB_upper,0.047315903
Open,0.04213741
