Feature,Importance
MACD_signal,0.074859515
BB_upper,0.069560565
High,0.06467008
BB_lower,0.062484775
Low,0.06129764
Open,0.060897402
volume_change,0.06017895
5_day_ma,0.05898104
10_day_ma,0.057998437
20_day_std,0.05735949
MACD,0.054727804
RSI_14,0.054557186
Volume,0.053603888
Close,0.053120747
volatility_10,0.05192547
daily_return,0.05192416
20_day_ma,0.051852904
