Feature,Importance
Volume,0.06900592
volatility_10,0.06784721
5_day_ma,0.064766705
10_day_ma,0.061368894
daily_return,0.06092843
BB_upper,0.060903694
MACD_signal,0.060393427
High,0.059150103
20_day_ma,0.059052
Close,0.057678144
volume_change,0.057116974
Open,0.056334153
Low,0.05577957
20_day_std,0.055537585
MACD,0.05420696
RSI_14,0.050844282
BB_lower,0.049085952
