Feature,Importance
20_day_ma,0.06826845
BB_lower,0.066292256
High,0.06543502
volume_change,0.06493017
Open,0.063557856
10_day_ma,0.06161571
BB_upper,0.059979547
20_day_std,0.05664291
Volume,0.056638896
5_day_ma,0.05641939
MACD,0.05631927
volatility_10,0.05590227
RSI_14,0.055638827
daily_return,0.055329155
MACD_signal,0.055152662
Low,0.053971976
Close,0.04790559
