Feature,Importance
MACD,0.07030569
Close,0.069464445
MACD_signal,0.06539949
20_day_std,0.06275119
BB_lower,0.061309125
RSI_14,0.061090786
BB_upper,0.059685428
daily_return,0.058594402
5_day_ma,0.058077075
volume_change,0.057907064
volatility_10,0.057470538
20_day_ma,0.05620512
Low,0.05474115
10_day_ma,0.054188438
High,0.05230727
Open,0.051169634
Volume,0.049333107
