Feature,Importance
Low,0.07050851
MACD_signal,0.0699347
Open,0.06426001
RSI_14,0.0633754
Close,0.06219471
BB_upper,0.062144388
MACD,0.061230697
10_day_ma,0.05986439
5_day_ma,0.0597109
High,0.05619112
volume_change,0.05616295
volatility_10,0.054586228
daily_return,0.053770795
BB_lower,0.053763688
20_day_std,0.052951336
20_day_ma,0.05018385
Volume,0.049166303
