Feature,Importance
5_day_ma,0.069910266
MACD,0.06874025
20_day_std,0.06527557
Volume,0.065202706
BB_upper,0.064976506
RSI_14,0.063613
BB_lower,0.06330874
Open,0.062385205
volatility_10,0.061696745
volume_change,0.05543267
20_day_ma,0.054494295
10_day_ma,0.0526745
MACD_signal,0.051699385
Close,0.051030066
Low,0.05061007
daily_return,0.049916558
High,0.0490334
