Feature,Importance
BB_lower,0.08486972
Low,0.07638085
5_day_ma,0.06553818
20_day_std,0.06445651
20_day_ma,0.06250754
BB_upper,0.062348697
RSI_14,0.061238423
10_day_ma,0.05785438
daily_return,0.05657973
Open,0.056132957
High,0.055823307
volatility_10,0.054167196
volume_change,0.052464202
Close,0.048723888
MACD_signal,0.047992438
MACD,0.04789359
Volume,0.045028366
