Feature,Importance
5_day_ma,0.09188177
BB_lower,0.080131695
20_day_ma,0.06923291
Low,0.067435205
MACD_signal,0.06041513
volatility_10,0.05767108
Close,0.057442494
High,0.05585819
10_day_ma,0.05534701
volume_change,0.053870607
Open,0.053730328
BB_upper,0.052774683
MACD,0.050832015
Volume,0.05046946
RSI_14,0.04978853
20_day_std,0.04802149
daily_return,0.04509742
