Feature,Importance
Low,0.06990855
Open,0.065255105
BB_upper,0.064792834
Close,0.06297398
MACD_signal,0.06294008
volatility_10,0.060366627
daily_return,0.06033719
MACD,0.059523866
5_day_ma,0.059434313
High,0.05822084
RSI_14,0.057482444
10_day_ma,0.056401424
Volume,0.0558295
BB_lower,0.055552162
20_day_ma,0.05317626
volume_change,0.049271137
20_day_std,0.048533715
