Feature,Importance
BB_lower,0.07434487
volume_change,0.06625272
MACD,0.064698584
Volume,0.06373799
MACD_signal,0.06372083
Low,0.061845295
BB_upper,0.06168703
20_day_ma,0.06112185
RSI_14,0.058181085
Close,0.05637324
High,0.053979892
Open,0.053752597
daily_return,0.0531453
10_day_ma,0.052944854
5_day_ma,0.05226328
volatility_10,0.05171173
20_day_std,0.050238907
