Feature,Importance
Low,0.08054215
volume_change,0.069703616
High,0.06818951
BB_lower,0.06448766
20_day_std,0.06326804
BB_upper,0.06229749
Close,0.062133707
10_day_ma,0.06101744
MACD_signal,0.05744113
Open,0.056407638
MACD,0.055694185
Volume,0.05382241
20_day_ma,0.053679552
volatility_10,0.04998393
daily_return,0.049675554
RSI_14,0.048876863
5_day_ma,0.042779163
