Feature,Importance
BB_lower,0.07150155
BB_upper,0.06893825
5_day_ma,0.065973446
20_day_ma,0.06422486
High,0.06419914
volume_change,0.0636813
volatility_10,0.06335332
Volume,0.061606575
daily_return,0.05917668
MACD,0.055715054
Close,0.055105582
10_day_ma,0.054867025
Low,0.05297226
MACD_signal,0.05295559
Open,0.051490065
RSI_14,0.04974824
20_day_std,0.044491086
