Feature,Importance
Low,0.077868246
5_day_ma,0.07505142
Close,0.072999604
Open,0.06743425
BB_upper,0.06625573
MACD_signal,0.06385823
20_day_ma,0.06220637
RSI_14,0.061113883
High,0.060179368
10_day_ma,0.057884723
volume_change,0.057321638
MACD,0.055350233
volatility_10,0.054392956
20_day_std,0.044592652
BB_lower,0.04178994
Volume,0.04171725
daily_return,0.03998348
