Feature,Importance
BB_upper,0.07154282
volatility_10,0.068352334
20_day_ma,0.06466398
daily_return,0.06001524
MACD_signal,0.059984714
20_day_std,0.059953947
5_day_ma,0.059820734
Open,0.059651863
RSI_14,0.05856554
Close,0.058199283
Volume,0.056649968
MACD,0.05644639
Low,0.056246813
10_day_ma,0.055115886
BB_lower,0.054397784
volume_change,0.05091614
High,0.049476556
