Feature,Importance
volume_change,0.066237375
Low,0.06551312
5_day_ma,0.06354046
20_day_ma,0.062898204
BB_upper,0.06262489
volatility_10,0.06143916
daily_return,0.06088261
MACD,0.058934428
10_day_ma,0.058431532
BB_lower,0.05784896
RSI_14,0.057284866
Open,0.056903422
Volume,0.05650458
High,0.056459714
MACD_signal,0.055448163
20_day_std,0.053952836
Close,0.04509573
