Feature,Importance
20_day_ma,0.084997386
High,0.082790636
BB_upper,0.06769274
Volume,0.06548483
Low,0.06363687
volatility_10,0.062490683
daily_return,0.059884246
RSI_14,0.058017854
20_day_std,0.05580976
5_day_ma,0.05521461
MACD,0.054213252
BB_lower,0.05043038
Open,0.049989015
10_day_ma,0.049252257
MACD_signal,0.048643842
Close,0.04650632
volume_change,0.0449454
