Feature,Importance
BB_lower,0.07924839
High,0.0709561
MACD,0.06710048
volatility_10,0.06621007
Close,0.06492029
MACD_signal,0.06059167
20_day_ma,0.058654055
BB_upper,0.057418067
volume_change,0.055795263
20_day_std,0.05549119
5_day_ma,0.054764565
Volume,0.054518487
Open,0.053795327
Low,0.052733976
daily_return,0.05222524
RSI_14,0.048271768
10_day_ma,0.047305066
