Feature,Importance
volatility_10,0.104646325
High,0.096799135
5_day_ma,0.07422146
volume_change,0.064228006
20_day_std,0.06155544
daily_return,0.061271258
Open,0.06118191
MACD,0.05655792
MACD_signal,0.05422198
Low,0.052569784
Close,0.04986479
20_day_ma,0.04903926
BB_lower,0.047154788
Volume,0.046250988
RSI_14,0.04137498
BB_upper,0.04136436
10_day_ma,0.037697677
