Feature,Importance
MACD,0.07279756
Low,0.07057761
Open,0.069208734
10_day_ma,0.06735798
BB_upper,0.06645375
BB_lower,0.06269043
5_day_ma,0.061518136
Volume,0.059320774
High,0.05700232
Close,0.056694604
20_day_ma,0.05532928
daily_return,0.05400202
volatility_10,0.05103067
RSI_14,0.050397415
MACD_signal,0.04946004
volume_change,0.048912454
20_day_std,0.047246203
