Feature,Importance
BB_upper,0.08821488
volatility_10,0.075103976
daily_return,0.06684416
Low,0.06618654
RSI_14,0.0626593
High,0.058203403
BB_lower,0.058165576
5_day_ma,0.05798917
MACD_signal,0.057982385
20_day_ma,0.05618519
Volume,0.055366483
10_day_ma,0.054569032
20_day_std,0.05214533
MACD,0.050006706
volume_change,0.048816137
Close,0.046513
Open,0.045048743
