Feature,Importance
BB_lower,0.06608796
MACD,0.06467611
BB_upper,0.0643169
Volume,0.062307492
20_day_std,0.06196199
10_day_ma,0.06053046
daily_return,0.06034569
RSI_14,0.05823472
MACD_signal,0.05765565
Low,0.057022855
High,0.05695879
volatility_10,0.05685923
Open,0.05614778
5_day_ma,0.054667614
20_day_ma,0.05463541
volume_change,0.054552823
Close,0.05303854
