Feature,Importance
20_day_ma,0.06625328
MACD,0.064777404
BB_upper,0.06476454
BB_lower,0.06393497
10_day_ma,0.06304426
High,0.061432898
MACD_signal,0.060672127
Close,0.059320547
Low,0.057569835
daily_return,0.057160772
Volume,0.057074904
20_day_std,0.056620948
volume_change,0.056280043
Open,0.05537432
volatility_10,0.05514043
RSI_14,0.053254373
5_day_ma,0.04732438
