Feature,Importance
MACD,0.07255483
20_day_std,0.07057609
5_day_ma,0.06543005
BB_lower,0.065258995
10_day_ma,0.0604583
Close,0.058858965
daily_return,0.05738015
Low,0.056830294
Volume,0.05644654
volatility_10,0.056004915
High,0.055485643
BB_upper,0.05522999
RSI_14,0.05490576
20_day_ma,0.054720245
volume_change,0.054545082
MACD_signal,0.053056527
Open,0.052257635
