Feature,Importance
Low,0.068749145
BB_lower,0.06608145
MACD_signal,0.06521557
5_day_ma,0.06310352
volatility_10,0.062273093
BB_upper,0.059979282
10_day_ma,0.059755933
20_day_ma,0.0588465
MACD,0.057830494
20_day_std,0.057678685
Close,0.05694369
daily_return,0.05653794
volume_change,0.056020908
Open,0.055081792
High,0.053915765
Volume,0.051564574
RSI_14,0.05042168
