Feature,Importance
Open,0.07941727
20_day_ma,0.071645476
10_day_ma,0.0664415
5_day_ma,0.066007674
BB_upper,0.06496992
Low,0.06387229
High,0.05714746
daily_return,0.056621477
MACD,0.05595242
Volume,0.054761548
MACD_signal,0.05444716
volume_change,0.052390113
volatility_10,0.05222269
20_day_std,0.0517167
RSI_14,0.051606443
BB_lower,0.050749004
Close,0.050030876
