Feature,Importance
BB_upper,0.08066475
MACD,0.068535626
BB_lower,0.06699388
20_day_std,0.065696195
daily_return,0.061218694
High,0.060417287
Close,0.060208015
MACD_signal,0.059546676
5_day_ma,0.05789911
volatility_10,0.05553921
20_day_ma,0.054246847
RSI_14,0.054026242
Low,0.05391426
Volume,0.052711144
10_day_ma,0.05262335
Open,0.04846633
volume_change,0.047292404
