Feature,Importance
BB_upper,0.07297009
Low,0.06673637
volatility_10,0.06450243
20_day_std,0.0617005
Open,0.06142855
20_day_ma,0.060735065
RSI_14,0.059598673
5_day_ma,0.059500646
daily_return,0.05907863
Volume,0.05870888
BB_lower,0.058412448
MACD,0.05745893
volume_change,0.05535195
MACD_signal,0.05353648
High,0.051877074
10_day_ma,0.05052689
Close,0.04787642
