Feature,Importance
High,0.08026682
20_day_std,0.07684168
volatility_10,0.072804905
daily_return,0.06894193
5_day_ma,0.064184755
BB_upper,0.061020907
Low,0.060720604
volume_change,0.05997088
20_day_ma,0.056917034
Open,0.05643616
Close,0.051891197
MACD,0.051473092
Volume,0.04997892
MACD_signal,0.048514478
RSI_14,0.047999132
BB_lower,0.04792487
10_day_ma,0.044112623
