Feature,Importance
Open,0.075824216
Close,0.06818658
MACD,0.06574863
20_day_ma,0.06548977
MACD_signal,0.06150691
High,0.060492955
5_day_ma,0.060312577
Volume,0.059379004
20_day_std,0.05921588
BB_upper,0.054694638
Low,0.053696737
RSI_14,0.05358265
10_day_ma,0.05346307
daily_return,0.05267685
volume_change,0.052173115
BB_lower,0.051865652
volatility_10,0.05169078
