Feature,Importance
MACD,0.086477436
BB_upper,0.07109505
5_day_ma,0.06847939
RSI_14,0.06607304
MACD_signal,0.06468365
High,0.06447402
Low,0.06332881
BB_lower,0.06253132
20_day_ma,0.059941124
volume_change,0.05924016
daily_return,0.053188253
Open,0.050239217
Volume,0.049827643
volatility_10,0.04871023
20_day_std,0.04601798
10_day_ma,0.044433843
Close,0.041258786
