Feature,Importance
RSI_14,0.077084415
MACD,0.07460035
BB_upper,0.073526934
BB_lower,0.06322397
10_day_ma,0.06265881
20_day_std,0.062396135
Volume,0.06013825
MACD_signal,0.06006428
volume_change,0.0593532
5_day_ma,0.058896646
20_day_ma,0.05887108
volatility_10,0.05252733
daily_return,0.050171897
Close,0.047341187
High,0.047285534
Low,0.046303526
Open,0.04555644
