Feature,Importance
RSI_14,0.07539755
5_day_ma,0.07321109
20_day_ma,0.07010319
volume_change,0.06556517
High,0.061425164
volatility_10,0.060548063
Low,0.058817554
20_day_std,0.057801727
Open,0.057118297
BB_lower,0.05709774
MACD,0.056887344
Close,0.055631492
MACD_signal,0.0556017
BB_upper,0.05492927
Volume,0.051392972
daily_return,0.04744689
10_day_ma,0.0410248
