Feature,Importance
BB_lower,0.06977482
volatility_10,0.06811414
5_day_ma,0.06803547
BB_upper,0.06269842
volume_change,0.06211029
10_day_ma,0.06113558
Volume,0.060407165
20_day_ma,0.060134046
High,0.058369942
MACD,0.05790809
Open,0.057273496
daily_return,0.05611835
Close,0.055900715
MACD_signal,0.054605067
Low,0.053043537
20_day_std,0.050318457
RSI_14,0.04405232
