Feature,Importance
volatility_10,0.07373891
Open,0.07125526
Close,0.07070109
daily_return,0.06475132
BB_upper,0.06313347
5_day_ma,0.0608218
20_day_ma,0.059512846
Low,0.05943995
volume_change,0.058747135
Volume,0.05863069
BB_lower,0.058107853
10_day_ma,0.056838803
20_day_std,0.055131085
MACD,0.054453086
MACD_signal,0.052107133
RSI_14,0.04483592
High,0.037793618
