Feature,Importance
Open,0.0668627
BB_upper,0.06636637
Low,0.064795904
MACD_signal,0.063606866
5_day_ma,0.06290777
20_day_std,0.060483873
High,0.06047953
BB_lower,0.060338937
MACD,0.059741575
20_day_ma,0.057224885
Close,0.056616962
daily_return,0.055839445
RSI_14,0.055332735
10_day_ma,0.055151142
Volume,0.053363193
volume_change,0.05326153
volatility_10,0.04762664
