Feature,Importance
High,0.08803544
Low,0.08542567
MACD_signal,0.06994708
RSI_14,0.06571294
BB_lower,0.0638328
MACD,0.062065195
20_day_std,0.05970471
Close,0.057815243
BB_upper,0.05574475
volume_change,0.05547746
20_day_ma,0.054128006
Volume,0.05153657
10_day_ma,0.047689743
daily_return,0.047291446
volatility_10,0.046154935
5_day_ma,0.045581024
Open,0.04385703
