Feature,Importance
volume_change,0.07582291
BB_upper,0.074746594
MACD_signal,0.06884747
Low,0.06379697
High,0.061988126
5_day_ma,0.061849717
volatility_10,0.06082038
BB_lower,0.059558757
RSI_14,0.05905761
Close,0.058738574
MACD,0.05604213
20_day_std,0.05326315
10_day_ma,0.0499449
Open,0.049237877
daily_return,0.048842162
20_day_ma,0.048815466
Volume,0.048627198
