Feature,Importance
20_day_ma,0.07302345
RSI_14,0.0707748
10_day_ma,0.064527504
MACD,0.0642803
volatility_10,0.06309535
MACD_signal,0.062183507
Low,0.060904924
20_day_std,0.058900468
Open,0.05674759
BB_lower,0.05587943
BB_upper,0.05478237
Volume,0.0547117
volume_change,0.05364976
Close,0.05319929
5_day_ma,0.05153848
High,0.051147506
daily_return,0.050653562
