Feature,Importance
Low,0.06944053
10_day_ma,0.069162875
MACD_signal,0.06625262
RSI_14,0.06587234
volume_change,0.06535344
BB_upper,0.06428256
MACD,0.062039454
20_day_ma,0.058316007
High,0.057858832
Volume,0.056391425
5_day_ma,0.055875342
Close,0.055384997
volatility_10,0.053372737
daily_return,0.051305525
Open,0.0507816
20_day_std,0.050750185
BB_lower,0.04755957
