Feature,Importance
High,0.072681725
5_day_ma,0.064188406
MACD_signal,0.06348681
Close,0.06324105
BB_lower,0.06218974
10_day_ma,0.060018748
20_day_ma,0.05914757
BB_upper,0.05889039
volume_change,0.058313962
20_day_std,0.057375792
Low,0.056609895
daily_return,0.055457514
MACD,0.055352874
RSI_14,0.05534525
Open,0.05470297
volatility_10,0.054358114
Volume,0.048639193
