Feature,Importance
20_day_ma,0.07413684
Low,0.07394122
Close,0.067499906
MACD,0.06628587
BB_upper,0.06328104
High,0.06268283
daily_return,0.060800053
5_day_ma,0.060630143
volume_change,0.058372542
Volume,0.056015037
MACD_signal,0.055666514
volatility_10,0.05535519
20_day_std,0.053029552
BB_lower,0.051311474
Open,0.049994096
RSI_14,0.048198022
10_day_ma,0.04279966
