Feature,Importance
5_day_ma,0.070238814
High,0.06883595
RSI_14,0.065023705
daily_return,0.06446049
MACD_signal,0.06310885
MACD,0.06273273
Low,0.06134298
BB_lower,0.060807176
Volume,0.059194103
BB_upper,0.05769685
10_day_ma,0.054424558
volume_change,0.054288782
20_day_std,0.054084554
Open,0.05310702
volatility_10,0.051469587
Close,0.051046707
20_day_ma,0.04813717
