Feature,Importance
MACD,0.07089735
5_day_ma,0.06953379
High,0.067457214
20_day_ma,0.06223494
volume_change,0.061708868
daily_return,0.061325986
10_day_ma,0.05991801
RSI_14,0.058488343
Volume,0.058141932
MACD_signal,0.05648167
BB_upper,0.055917017
BB_lower,0.055878956
volatility_10,0.05370447
Low,0.053692948
Close,0.0532617
20_day_std,0.053091854
Open,0.048264906
