Feature,Importance
Low,0.06668669
10_day_ma,0.06534873
volume_change,0.06497514
20_day_ma,0.063717976
RSI_14,0.06208397
MACD,0.060803458
Open,0.0596506
BB_lower,0.057930153
20_day_std,0.0577231
daily_return,0.05752909
Close,0.05672768
MACD_signal,0.056658372
5_day_ma,0.05634281
BB_upper,0.056045752
Volume,0.05342032
High,0.0532956
volatility_10,0.05106057
