Feature,Importance
20_day_std,0.06604526
10_day_ma,0.06452124
Low,0.06443673
BB_lower,0.061707776
RSI_14,0.061674647
5_day_ma,0.061110727
volume_change,0.06080561
Volume,0.060746856
BB_upper,0.060254674
Open,0.059141193
Close,0.056490295
20_day_ma,0.055093814
MACD,0.05508248
High,0.054794014
daily_return,0.054777514
volatility_10,0.05427236
MACD_signal,0.049044784
