Feature,Importance
MACD,0.06803078
BB_lower,0.067587875
daily_return,0.06213578
BB_upper,0.06177915
volatility_10,0.06128062
volume_change,0.061114527
Volume,0.060957067
Open,0.05906354
10_day_ma,0.05777214
20_day_std,0.056928497
Low,0.056430463
20_day_ma,0.05640726
RSI_14,0.056379985
MACD_signal,0.056284633
High,0.056231905
5_day_ma,0.053846147
Close,0.047769707
