Feature,Importance
volatility_10,0.07167513
5_day_ma,0.06983972
volume_change,0.06861739
MACD,0.06854308
BB_upper,0.0674404
Open,0.065370835
Low,0.05869641
daily_return,0.05795582
MACD_signal,0.056316853
RSI_14,0.0559792
Volume,0.052579075
10_day_ma,0.052391708
BB_lower,0.05231659
20_day_std,0.051772594
High,0.05138256
20_day_ma,0.05049545
Close,0.048627228
