Feature,Importance
Low,0.08033341
Open,0.074436195
RSI_14,0.06574435
volume_change,0.06156506
volatility_10,0.06138123
MACD_signal,0.061034407
High,0.059927434
20_day_std,0.057139695
5_day_ma,0.05678833
MACD,0.055972572
BB_upper,0.055951413
daily_return,0.053808782
20_day_ma,0.053745907
10_day_ma,0.052687783
Volume,0.052295078
BB_lower,0.04878758
Close,0.048400793
