Feature,Importance
20_day_ma,0.06739486
Open,0.065774955
BB_lower,0.06414197
5_day_ma,0.0636135
20_day_std,0.06237345
Close,0.062253915
volume_change,0.062012665
High,0.05904056
daily_return,0.05850561
MACD_signal,0.05789929
Volume,0.0578305
RSI_14,0.05564802
MACD,0.05554781
Low,0.053311087
volatility_10,0.053242214
10_day_ma,0.0510665
BB_upper,0.0503431
