Feature,Importance
Open,0.069881074
Low,0.06788975
MACD,0.06628005
volume_change,0.062369067
High,0.061672147
RSI_14,0.06161594
Volume,0.06140027
5_day_ma,0.05973116
10_day_ma,0.05802017
volatility_10,0.05754626
daily_return,0.05615156
20_day_ma,0.05547737
20_day_std,0.05322013
BB_upper,0.0530349
BB_lower,0.053012848
MACD_signal,0.05297371
Close,0.049723607
