Feature,Importance
Low,0.07513039
MACD_signal,0.066849515
10_day_ma,0.06466615
BB_upper,0.062360317
Close,0.061372347
Open,0.060903132
High,0.060689237
BB_lower,0.060278185
volatility_10,0.05932191
20_day_std,0.056985456
Volume,0.056196336
volume_change,0.05546876
5_day_ma,0.054478347
daily_return,0.054307766
20_day_ma,0.05144981
RSI_14,0.050055068
MACD,0.049487308
