Feature,Importance
Low,0.07706591
5_day_ma,0.07000956
Close,0.067782655
20_day_ma,0.06558263
10_day_ma,0.06440027
BB_upper,0.06368118
volume_change,0.06227746
volatility_10,0.061751634
daily_return,0.056973543
High,0.05685175
20_day_std,0.055976823
MACD,0.054934766
Volume,0.05287184
RSI_14,0.052063037
MACD_signal,0.047153145
Open,0.046717346
BB_lower,0.043906424
