Feature,Importance
High,0.08432593
Low,0.08025154
Close,0.06737123
MACD,0.062133316
Open,0.06014564
Volume,0.05993372
5_day_ma,0.05925469
20_day_std,0.055354528
volatility_10,0.055112075
daily_return,0.05487235
10_day_ma,0.05393575
20_day_ma,0.053157184
volume_change,0.051928733
BB_lower,0.051046308
RSI_14,0.051044676
BB_upper,0.05016744
MACD_signal,0.049964935
