Feature,Importance
5_day_ma,0.06793295
BB_upper,0.06501518
volatility_10,0.064685576
BB_lower,0.06244612
20_day_ma,0.06223332
20_day_std,0.06155875
MACD_signal,0.05922005
volume_change,0.05871211
RSI_14,0.0584742
daily_return,0.05829914
Low,0.058141015
MACD,0.05603846
Close,0.055895876
Volume,0.05559549
High,0.053719964
10_day_ma,0.052407272
Open,0.04962448
