Feature,Importance
Open,0.08343953
Low,0.07689315
BB_upper,0.07337773
MACD,0.06601846
MACD_signal,0.06476056
Close,0.06452607
volume_change,0.060526803
High,0.060354814
5_day_ma,0.06016946
RSI_14,0.058583714
volatility_10,0.054086916
20_day_std,0.050790615
daily_return,0.04950832
20_day_ma,0.046824448
Volume,0.046756525
BB_lower,0.04545958
10_day_ma,0.037923273
