Feature,Importance
volatility_10,0.07572206
MACD_signal,0.07556144
10_day_ma,0.07114702
5_day_ma,0.061755523
Low,0.061276108
MACD,0.0611579
volume_change,0.06000069
Close,0.059209716
BB_lower,0.058674786
daily_return,0.057808906
High,0.057508636
BB_upper,0.056735758
20_day_ma,0.050089616
Volume,0.049464386
Open,0.048678976
RSI_14,0.048572477
20_day_std,0.04663599
