Feature,Importance
10_day_ma,0.0787082
Open,0.07388602
Low,0.06846351
5_day_ma,0.0679383
daily_return,0.0629196
MACD_signal,0.061965354
volatility_10,0.061429624
Close,0.059467662
20_day_ma,0.0587248
BB_upper,0.05744834
High,0.054844797
volume_change,0.054463863
MACD,0.051485773
BB_lower,0.04904973
20_day_std,0.047961876
RSI_14,0.045693796
Volume,0.045548737
