Feature,Importance
BB_upper,0.06930404
MACD,0.06425486
RSI_14,0.06285768
10_day_ma,0.061539013
High,0.06086315
daily_return,0.060257167
20_day_std,0.059017472
20_day_ma,0.058906022
MACD_signal,0.05821889
volume_change,0.058212876
Open,0.057709124
Close,0.057326328
5_day_ma,0.05636738
Low,0.056257892
Volume,0.056007933
volatility_10,0.053050358
BB_lower,0.04984983
