Feature,Importance
High,0.067749396
5_day_ma,0.06672537
MACD,0.06491193
Open,0.06432422
20_day_std,0.064323634
BB_upper,0.06315122
MACD_signal,0.0603029
volume_change,0.059424564
Close,0.05803827
volatility_10,0.057961445
Low,0.05775459
20_day_ma,0.054694563
daily_return,0.054150842
BB_lower,0.053097405
10_day_ma,0.052541256
RSI_14,0.051351607
Volume,0.04949682
