Feature,Importance
BB_lower,0.07476168
BB_upper,0.063158266
20_day_ma,0.06257512
10_day_ma,0.06224815
20_day_std,0.06211915
Low,0.06158556
Open,0.06058195
daily_return,0.05979501
volume_change,0.059440333
RSI_14,0.059130315
MACD,0.05691427
5_day_ma,0.05642005
MACD_signal,0.05545417
High,0.052714627
Volume,0.05173443
volatility_10,0.0513865
Close,0.049980387
