Feature,Importance
MACD_signal,0.06495757
BB_lower,0.06386552
Low,0.06380489
Open,0.063707426
5_day_ma,0.06196287
20_day_std,0.061352197
BB_upper,0.061196197
10_day_ma,0.060878437
Close,0.06064865
MACD,0.059975985
daily_return,0.059021067
High,0.056005552
20_day_ma,0.05535752
Volume,0.053932305
RSI_14,0.05255212
volume_change,0.051101312
volatility_10,0.049680375
