Feature,Importance
BB_lower,0.082805015
Low,0.066636145
BB_upper,0.06646193
volume_change,0.06494544
20_day_std,0.06375991
Close,0.060753427
daily_return,0.060246572
20_day_ma,0.060129847
RSI_14,0.0563279
Volume,0.055629745
Open,0.05415709
10_day_ma,0.05313811
MACD_signal,0.05217308
volatility_10,0.052007634
High,0.051822297
5_day_ma,0.050355732
MACD,0.048650082
