Feature,Importance
Low,0.069104485
20_day_ma,0.06659438
MACD,0.06535329
Close,0.061558526
Open,0.060724825
20_day_std,0.059906065
MACD_signal,0.059864428
10_day_ma,0.059244093
Volume,0.05831184
BB_upper,0.058302738
High,0.057953615
volume_change,0.057299025
BB_lower,0.057063133
RSI_14,0.05317176
5_day_ma,0.052997705
daily_return,0.05155917
volatility_10,0.050990954
