Feature,Importance
High,0.06865621
Low,0.06754419
5_day_ma,0.066804096
BB_lower,0.06672598
20_day_ma,0.065591976
BB_upper,0.06136403
Open,0.06088377
volume_change,0.057930786
volatility_10,0.056815315
Volume,0.056125045
daily_return,0.055410095
Close,0.054975104
MACD_signal,0.05442794
MACD,0.0537994
RSI_14,0.052225213
10_day_ma,0.050705906
20_day_std,0.050014883
