Feature,Importance
Low,0.06993541
20_day_ma,0.06849297
BB_lower,0.06773478
High,0.06769996
BB_upper,0.06267324
20_day_std,0.061334424
5_day_ma,0.059463184
RSI_14,0.057846777
volatility_10,0.057789873
volume_change,0.057666577
Volume,0.056546256
daily_return,0.055510227
Open,0.054836497
10_day_ma,0.053793672
MACD_signal,0.052105624
MACD,0.05132313
Close,0.045247424
