Feature,Importance
Low,0.066330135
BB_upper,0.06387227
MACD,0.062491506
Volume,0.06139877
20_day_std,0.06125498
BB_lower,0.060721483
Open,0.060126636
daily_return,0.059994783
volatility_10,0.059771795
10_day_ma,0.058823284
20_day_ma,0.05790883
volume_change,0.057498466
MACD_signal,0.05716598
RSI_14,0.057144295
High,0.056672655
5_day_ma,0.04946758
Close,0.04935654
