Feature,Importance
volume_change,0.07121023
5_day_ma,0.06927548
Low,0.064595185
daily_return,0.06438555
volatility_10,0.06326984
High,0.059568107
10_day_ma,0.05945733
BB_upper,0.05913913
Open,0.05882105
20_day_std,0.057499204
20_day_ma,0.055790905
Close,0.055520494
Volume,0.05507234
RSI_14,0.053819224
MACD,0.053465243
MACD_signal,0.051385306
BB_lower,0.047725413
