Feature,Importance
Low,0.07749962
volume_change,0.069278315
20_day_std,0.06888208
Close,0.0671364
BB_lower,0.0652206
BB_upper,0.06450652
10_day_ma,0.0631352
High,0.061273303
MACD,0.059548944
20_day_ma,0.05872904
MACD_signal,0.057733625
volatility_10,0.05431804
5_day_ma,0.054276552
Volume,0.054203153
daily_return,0.04943149
RSI_14,0.047567096
Open,0.027259976
