Feature,Importance
5_day_ma,0.078536004
BB_lower,0.07293839
High,0.06605149
20_day_ma,0.063551724
Low,0.06285625
BB_upper,0.061462577
Volume,0.061343495
Open,0.059889574
MACD,0.05737458
volume_change,0.055708785
RSI_14,0.0539736
volatility_10,0.0533532
Close,0.052431967
daily_return,0.052005317
MACD_signal,0.05197781
20_day_std,0.05069776
10_day_ma,0.04584753
