Feature,Importance
Low,0.07363574
MACD_signal,0.07043138
5_day_ma,0.06566755
BB_lower,0.06201396
volatility_10,0.060911804
Close,0.05886677
High,0.05856619
volume_change,0.05849555
Open,0.058277525
daily_return,0.057947602
20_day_std,0.05787477
20_day_ma,0.055505134
MACD,0.05302692
BB_upper,0.052566737
Volume,0.052372243
RSI_14,0.05212499
10_day_ma,0.05171512
