Feature,Importance
Low,0.074093744
5_day_ma,0.07093376
Open,0.069862105
MACD,0.06678851
Close,0.06550978
volatility_10,0.06419983
20_day_std,0.06264903
20_day_ma,0.058115054
10_day_ma,0.05755086
volume_change,0.05657927
High,0.054701183
BB_upper,0.053088017
Volume,0.051415484
daily_return,0.05135837
BB_lower,0.049903087
MACD_signal,0.048159264
RSI_14,0.04509265
