Feature,Importance
volume_change,0.074688785
Open,0.0722351
20_day_std,0.07035979
MACD_signal,0.06673371
RSI_14,0.06476098
MACD,0.06440105
20_day_ma,0.06059517
Low,0.05899647
High,0.058563072
Close,0.058526073
daily_return,0.05655492
10_day_ma,0.055866357
Volume,0.054329515
volatility_10,0.050129574
5_day_ma,0.04646666
BB_upper,0.04493741
BB_lower,0.041855402
