Feature,Importance
5_day_ma,0.072143555
20_day_std,0.06825197
BB_upper,0.0677125
MACD,0.06560384
volume_change,0.06330036
volatility_10,0.06067772
MACD_signal,0.0590443
daily_return,0.05904194
RSI_14,0.058327135
10_day_ma,0.058209036
BB_lower,0.058068614
Volume,0.056404587
High,0.054796986
Close,0.054604113
Low,0.05190238
20_day_ma,0.04990417
Open,0.042006783
