Feature,Importance
Low,0.07118844
Open,0.06951812
10_day_ma,0.065234296
High,0.064602196
RSI_14,0.06216957
MACD,0.06133879
20_day_std,0.059833754
BB_upper,0.059757788
BB_lower,0.057692815
volume_change,0.05705253
Close,0.056484275
5_day_ma,0.055056423
Volume,0.054992408
daily_return,0.054368936
MACD_signal,0.05271886
volatility_10,0.052474443
20_day_ma,0.04551633
