Feature,Importance
Close,0.0878642
BB_lower,0.085022636
BB_upper,0.06846536
20_day_ma,0.066557355
Low,0.064324126
5_day_ma,0.05947972
MACD_signal,0.058764465
Open,0.055384368
MACD,0.05488382
10_day_ma,0.054370742
daily_return,0.054280825
volume_change,0.053174514
volatility_10,0.051987186
20_day_std,0.050291765
High,0.04918387
Volume,0.044616215
RSI_14,0.0413488
