Feature,Importance
Low,0.074648306
MACD_signal,0.067168005
20_day_std,0.06658123
High,0.06496207
daily_return,0.06260732
Open,0.06244482
Volume,0.06061111
MACD,0.059329815
5_day_ma,0.058471017
RSI_14,0.057182763
BB_upper,0.05717076
BB_lower,0.056735206
Close,0.0535525
volume_change,0.051873162
volatility_10,0.050489992
20_day_ma,0.048878353
10_day_ma,0.047293555
