Feature,Importance
20_day_ma,0.07341121
High,0.062003892
Open,0.061867774
volume_change,0.061403964
BB_lower,0.05996205
20_day_std,0.059681162
5_day_ma,0.059528098
RSI_14,0.058289804
Volume,0.05823686
MACD,0.0578428
daily_return,0.057582192
MACD_signal,0.056971814
BB_upper,0.056156486
Close,0.055682126
volatility_10,0.055343572
Low,0.054690316
10_day_ma,0.051345896
