Feature,Importance
Low,0.0765277
volume_change,0.07054378
Close,0.069612734
20_day_std,0.0675596
BB_lower,0.0622562
MACD,0.059743363
volatility_10,0.059654407
10_day_ma,0.059643004
High,0.05721158
MACD_signal,0.05584908
Open,0.053114016
Volume,0.052581977
5_day_ma,0.05218066
BB_upper,0.051879637
RSI_14,0.051047206
daily_return,0.050891563
20_day_ma,0.04970358
