Feature,Importance
Volume,0.068569824
RSI_14,0.06699825
10_day_ma,0.066664115
5_day_ma,0.06637099
volume_change,0.061417647
volatility_10,0.061270475
Open,0.061263334
20_day_std,0.06071971
BB_lower,0.059872992
daily_return,0.058777846
20_day_ma,0.058295786
Low,0.054681413
MACD,0.052970737
High,0.052490905
MACD_signal,0.051735144
BB_upper,0.04933376
Close,0.04856702
