Feature,Importance
10_day_ma,0.068612866
20_day_ma,0.06662364
Close,0.06497427
BB_upper,0.06318752
MACD,0.06267353
daily_return,0.062039025
BB_lower,0.061899807
volatility_10,0.061601624
Volume,0.060160108
volume_change,0.05981119
5_day_ma,0.05867913
RSI_14,0.056248646
Open,0.054284938
20_day_std,0.052561227
High,0.050762586
MACD_signal,0.04930555
Low,0.046574283
