Feature,Importance
5_day_ma,0.08952591
20_day_ma,0.074548885
BB_upper,0.07369566
Low,0.069452405
Open,0.06474241
MACD_signal,0.06022117
RSI_14,0.058178056
MACD,0.056500122
Close,0.055625703
volume_change,0.05459204
Volume,0.05154733
20_day_std,0.05099928
High,0.050545435
volatility_10,0.050281413
daily_return,0.04754848
BB_lower,0.046172015
10_day_ma,0.04582373
