Feature,Importance
Low,0.07362512
BB_upper,0.0667251
MACD_signal,0.062990665
20_day_std,0.06291046
RSI_14,0.060111023
5_day_ma,0.05992717
daily_return,0.059243083
BB_lower,0.05805359
MACD,0.057710808
volume_change,0.057652827
Open,0.057391148
10_day_ma,0.056337867
High,0.055635612
20_day_ma,0.054045774
Close,0.05355913
Volume,0.053156413
volatility_10,0.050924182
