Feature,Importance
5_day_ma,0.07331955
High,0.069368966
Low,0.06719518
20_day_std,0.06566687
Close,0.064904556
MACD,0.06447431
Volume,0.06346985
volatility_10,0.061829668
BB_upper,0.056493636
10_day_ma,0.05625014
BB_lower,0.05583124
RSI_14,0.054530945
Open,0.05389592
daily_return,0.052202586
MACD_signal,0.05215344
volume_change,0.050638292
20_day_ma,0.037774827
