Feature,Importance
BB_lower,0.07544649
Close,0.07314517
MACD_signal,0.07293812
Low,0.07152854
High,0.068789564
daily_return,0.06060165
volatility_10,0.060336955
Volume,0.058601983
10_day_ma,0.058140263
20_day_std,0.057189733
MACD,0.056834836
20_day_ma,0.05284129
BB_upper,0.052275464
volume_change,0.050233554
5_day_ma,0.04733252
RSI_14,0.043688487
Open,0.040075403
