Feature,Importance
BB_upper,0.066400036
20_day_ma,0.064675964
5_day_ma,0.063762076
RSI_14,0.061940335
20_day_std,0.061385185
Low,0.06123272
volume_change,0.060412563
Close,0.06000932
Volume,0.059118144
Open,0.05895295
BB_lower,0.058133386
MACD,0.058110405
10_day_ma,0.05639405
High,0.05485856
volatility_10,0.05351959
daily_return,0.051203016
MACD_signal,0.049891647
