Feature,Importance
Open,0.07019705
10_day_ma,0.06815103
volume_change,0.06745792
MACD,0.06547993
Close,0.06317818
High,0.0629631
RSI_14,0.062783584
Low,0.0623995
5_day_ma,0.058785945
BB_upper,0.058485307
BB_lower,0.05741677
MACD_signal,0.055888887
daily_return,0.05255023
Volume,0.050246004
20_day_std,0.05021385
volatility_10,0.049864173
20_day_ma,0.043938585
