Feature,Importance
20_day_std,0.078182355
5_day_ma,0.07604901
BB_upper,0.07388494
MACD,0.06775255
volume_change,0.06680989
High,0.06659606
20_day_ma,0.06654755
Low,0.06422068
RSI_14,0.059025973
Close,0.055143975
daily_return,0.054508917
BB_lower,0.053132914
volatility_10,0.05194394
Open,0.047520623
Volume,0.047413412
MACD_signal,0.046107788
10_day_ma,0.025159398
