Feature,Importance
BB_lower,0.08605695
volume_change,0.07058708
20_day_ma,0.06632704
10_day_ma,0.06478753
daily_return,0.06373949
BB_upper,0.063079655
20_day_std,0.061017282
MACD,0.059225935
Close,0.05919807
RSI_14,0.057405826
Volume,0.05695279
Open,0.055280443
MACD_signal,0.055134278
volatility_10,0.051602386
5_day_ma,0.047283906
Low,0.04128928
High,0.041032042
