Feature,Importance
BB_lower,0.075819306
Low,0.066066556
5_day_ma,0.06594743
volume_change,0.06465784
RSI_14,0.0614532
Open,0.06106849
daily_return,0.060766257
BB_upper,0.060669348
High,0.060342364
MACD,0.056566905
20_day_std,0.056521256
20_day_ma,0.056162413
MACD_signal,0.05392061
10_day_ma,0.05171545
Close,0.051304534
Volume,0.050194886
volatility_10,0.04682316
