Feature,Importance
20_day_ma,0.07606641
High,0.06876069
5_day_ma,0.06815877
BB_upper,0.067888
Close,0.067461014
volatility_10,0.06582851
20_day_std,0.06294451
RSI_14,0.060323197
BB_lower,0.057404045
10_day_ma,0.055894118
volume_change,0.053414598
daily_return,0.052274033
MACD_signal,0.051813956
MACD,0.050957315
Open,0.050466727
Volume,0.045936093
Low,0.04440795
