Feature,Importance
MACD_signal,0.06793847
BB_upper,0.06706735
Low,0.06492729
20_day_std,0.06405998
daily_return,0.061026923
20_day_ma,0.059257746
MACD,0.059007484
5_day_ma,0.058015846
10_day_ma,0.05788626
RSI_14,0.057511777
Volume,0.057275333
volatility_10,0.056227483
volume_change,0.055774447
Close,0.055759866
High,0.054735452
Open,0.05468482
BB_lower,0.04884352
