Feature,Importance
BB_upper,0.06907794
BB_lower,0.065776624
MACD,0.06300433
20_day_std,0.062613636
volatility_10,0.061555073
20_day_ma,0.06149531
Open,0.060995888
Low,0.060994316
volume_change,0.05788679
10_day_ma,0.05750733
daily_return,0.05670318
Volume,0.05584983
5_day_ma,0.05398987
Close,0.05396002
RSI_14,0.053200386
MACD_signal,0.05280304
High,0.05258643
