Feature,Importance
Open,0.07934273
High,0.06628723
volume_change,0.06550096
10_day_ma,0.060696125
BB_upper,0.0602143
Volume,0.05830287
5_day_ma,0.057761863
Low,0.057685923
MACD,0.05725028
MACD_signal,0.057070334
volatility_10,0.05689433
Close,0.055823356
daily_return,0.055236764
RSI_14,0.054631144
20_day_ma,0.054535408
BB_lower,0.052818414
20_day_std,0.049948007
