Feature,Importance
volatility_10,0.07162643
MACD_signal,0.068134695
20_day_ma,0.0663801
Open,0.06423521
Volume,0.06383675
BB_upper,0.06306895
10_day_ma,0.06084403
High,0.06070319
MACD,0.06055926
volume_change,0.06055344
daily_return,0.059999395
20_day_std,0.05403827
BB_lower,0.053725064
RSI_14,0.05357884
Close,0.047677796
Low,0.04726827
5_day_ma,0.04377022
