Feature,Importance
Low,0.07669027
Open,0.06948847
BB_lower,0.06633204
High,0.06561254
10_day_ma,0.06546126
BB_upper,0.06502019
5_day_ma,0.061225574
Close,0.05835557
MACD_signal,0.0581269
daily_return,0.05789494
20_day_std,0.056804385
20_day_ma,0.05423075
MACD,0.053291734
Volume,0.052312218
volume_change,0.049147088
RSI_14,0.04625843
volatility_10,0.043747652
