Feature,Importance
volume_change,0.06997986
20_day_std,0.06863141
Close,0.06389662
High,0.063411884
MACD_signal,0.06263297
daily_return,0.062234182
BB_upper,0.06135562
RSI_14,0.061025202
BB_lower,0.060653236
20_day_ma,0.05878994
Low,0.05851024
Open,0.056568302
5_day_ma,0.054913476
volatility_10,0.054669775
MACD,0.048103653
Volume,0.047312442
10_day_ma,0.04731126
