Feature,Importance
Volume,0.07550235
volatility_10,0.06850143
Open,0.06479583
High,0.062069032
MACD_signal,0.061729655
BB_upper,0.05986005
daily_return,0.059640553
volume_change,0.058890615
20_day_ma,0.058651485
5_day_ma,0.058557354
10_day_ma,0.056552924
MACD,0.05542492
20_day_std,0.054576848
Close,0.051991276
BB_lower,0.051916596
Low,0.051479734
RSI_14,0.0498593
