Feature,Importance
20_day_ma,0.06567278
Open,0.064375885
BB_lower,0.06280706
Close,0.061960448
20_day_std,0.06095567
MACD,0.060907666
daily_return,0.06087475
volume_change,0.059970263
RSI_14,0.05983184
High,0.058433976
Volume,0.05757238
5_day_ma,0.057156086
MACD_signal,0.056377914
10_day_ma,0.05515253
volatility_10,0.05385405
Low,0.053622894
BB_upper,0.050473884
