Feature,Importance
MACD,0.07499105
BB_upper,0.0646731
volume_change,0.06300216
5_day_ma,0.0627307
20_day_std,0.062167447
Low,0.060977083
MACD_signal,0.059971146
Volume,0.059219424
Open,0.058701955
20_day_ma,0.05784029
Close,0.057682876
volatility_10,0.054467306
High,0.053873897
10_day_ma,0.053846136
daily_return,0.053546928
RSI_14,0.052512478
BB_lower,0.04979606
