Feature,Importance
10_day_ma,0.06502382
BB_lower,0.062498674
MACD_signal,0.06243574
5_day_ma,0.06186415
daily_return,0.061346874
Low,0.06028714
20_day_std,0.059668798
Volume,0.059143435
High,0.05845479
20_day_ma,0.057787232
volatility_10,0.057721
RSI_14,0.05733156
BB_upper,0.055981606
MACD,0.055586115
volume_change,0.055314317
Open,0.055133894
Close,0.054420833
