Feature,Importance
BB_upper,0.06795671
volatility_10,0.065070964
High,0.06498824
MACD_signal,0.06266409
MACD,0.061751
10_day_ma,0.060684808
Open,0.060510635
20_day_ma,0.059584823
5_day_ma,0.058043662
daily_return,0.057026584
Volume,0.056978043
volume_change,0.056589324
20_day_std,0.056066733
BB_lower,0.05573179
RSI_14,0.053365596
Close,0.052752815
Low,0.050234217
