Feature,Importance
10_day_ma,0.06525426
20_day_std,0.06440802
20_day_ma,0.06268881
RSI_14,0.061818253
BB_lower,0.061708957
BB_upper,0.061646927
Open,0.06034593
5_day_ma,0.060270045
High,0.0596171
MACD_signal,0.058533456
Close,0.05762088
MACD,0.055101085
volatility_10,0.054823745
Volume,0.054643184
volume_change,0.054000817
daily_return,0.053913523
Low,0.05360501
