Feature,Importance
Low,0.07927119
BB_lower,0.071204126
Close,0.061601084
5_day_ma,0.061318144
10_day_ma,0.061148327
Open,0.060995284
BB_upper,0.060636744
High,0.058913898
volume_change,0.058237314
MACD_signal,0.057538822
RSI_14,0.054439925
volatility_10,0.05433492
20_day_std,0.052896254
MACD,0.052537918
daily_return,0.052258253
20_day_ma,0.052182663
Volume,0.05048514
