Feature,Importance
volatility_10,0.072310574
daily_return,0.06612145
10_day_ma,0.06525943
BB_upper,0.06404649
Low,0.06354096
volume_change,0.060414046
Volume,0.060313962
Close,0.060114056
BB_lower,0.057528123
High,0.057519633
Open,0.057240624
MACD,0.056762584
20_day_ma,0.055778794
MACD_signal,0.0543284
20_day_std,0.05128825
5_day_ma,0.049482193
RSI_14,0.047950443
