Feature,Importance
daily_return,0.066276565
10_day_ma,0.06531454
BB_upper,0.06501784
volatility_10,0.06316861
High,0.06282785
MACD_signal,0.06189039
RSI_14,0.061535113
20_day_std,0.060790934
Volume,0.059096105
MACD,0.05798109
volume_change,0.0575153
20_day_ma,0.05746392
Close,0.055999927
BB_lower,0.051908467
Low,0.05130186
5_day_ma,0.051203605
Open,0.050707843
