Feature,Importance
Low,0.07166406
Open,0.06882439
High,0.065735444
RSI_14,0.06318296
MACD_signal,0.062835775
5_day_ma,0.061254792
volatility_10,0.06053011
20_day_ma,0.059493016
daily_return,0.059264462
BB_upper,0.05906471
Volume,0.058782075
10_day_ma,0.05858385
BB_lower,0.05283653
20_day_std,0.05139227
MACD,0.051143304
volume_change,0.049706385
Close,0.04570587
