Feature,Importance
10_day_ma,0.0758042
BB_upper,0.06453028
5_day_ma,0.06347538
Open,0.06036609
BB_lower,0.060314093
MACD_signal,0.059860554
MACD,0.059789035
High,0.059752434
RSI_14,0.059683632
daily_return,0.058501683
20_day_ma,0.058121875
20_day_std,0.05763533
volatility_10,0.057500012
Volume,0.053189576
volume_change,0.052685644
Close,0.05220631
Low,0.04658383
