Feature,Importance
20_day_ma,0.066746
Low,0.06609267
BB_upper,0.06565932
volume_change,0.06367309
10_day_ma,0.06306595
Open,0.06243112
RSI_14,0.059623435
20_day_std,0.058731284
5_day_ma,0.05808044
MACD,0.056898415
Volume,0.056611747
BB_lower,0.05528959
MACD_signal,0.054731663
daily_return,0.05445859
volatility_10,0.05355625
Close,0.053011622
High,0.051338844
