Feature,Importance
10_day_ma,0.074892886
High,0.06239738
daily_return,0.061986748
MACD_signal,0.06173038
Close,0.06002644
20_day_std,0.059933554
BB_upper,0.059208993
RSI_14,0.058311954
BB_lower,0.057755556
Open,0.05748669
MACD,0.057349015
Volume,0.056639615
20_day_ma,0.05649072
Low,0.055125784
volume_change,0.054547418
5_day_ma,0.053139012
volatility_10,0.0529779
