Feature,Importance
BB_upper,0.066550784
Low,0.065768026
MACD_signal,0.06496117
BB_lower,0.06402527
MACD,0.06276869
Open,0.06078902
Close,0.060394634
20_day_std,0.059587106
RSI_14,0.05840635
volume_change,0.05779174
20_day_ma,0.056425847
10_day_ma,0.05623559
High,0.05584697
volatility_10,0.055309236
daily_return,0.053758323
5_day_ma,0.05192201
Volume,0.049459223
