Feature,Importance
BB_lower,0.07874711
MACD_signal,0.075862505
volatility_10,0.071469955
High,0.067836344
MACD,0.062245008
volume_change,0.059817076
Close,0.058940772
Open,0.05747156
BB_upper,0.05578903
10_day_ma,0.05539636
Low,0.054739915
20_day_ma,0.052385975
daily_return,0.052339975
RSI_14,0.051698714
5_day_ma,0.04915665
Volume,0.048191823
20_day_std,0.04791125
