Feature,Importance
Low,0.09220829
20_day_ma,0.073465176
MACD,0.064532444
Close,0.06328807
BB_lower,0.061274394
20_day_std,0.06086938
Volume,0.059370853
RSI_14,0.058092736
BB_upper,0.05668354
Open,0.05621077
daily_return,0.0545379
High,0.053594712
volume_change,0.052252855
5_day_ma,0.049419805
volatility_10,0.0491628
10_day_ma,0.049092937
MACD_signal,0.045943365
