Feature,Importance
Open,0.073666885
MACD_signal,0.069212176
Low,0.068353586
Close,0.064418994
High,0.06347745
BB_upper,0.061667573
10_day_ma,0.059533346
20_day_std,0.059497252
BB_lower,0.058654238
daily_return,0.058276508
MACD,0.058063656
Volume,0.055091076
RSI_14,0.053332824
5_day_ma,0.053090494
volatility_10,0.048947547
20_day_ma,0.047472425
volume_change,0.04724402
