Feature,Importance
BB_upper,0.077332005
High,0.0733144
5_day_ma,0.06799927
BB_lower,0.064244844
10_day_ma,0.06303027
volume_change,0.06117247
RSI_14,0.059045818
volatility_10,0.05730421
20_day_ma,0.056940697
Open,0.055935282
Volume,0.055555105
MACD,0.05523996
daily_return,0.05457433
20_day_std,0.05416803
Low,0.051322225
MACD_signal,0.049588792
Close,0.04323226
