Feature,Importance
volatility_10,0.07495077
RSI_14,0.06913987
MACD,0.067570664
MACD_signal,0.06641473
5_day_ma,0.06205602
Open,0.05970556
20_day_std,0.059559736
Close,0.057773784
BB_upper,0.057153255
BB_lower,0.056939468
Volume,0.056203496
volume_change,0.05606116
Low,0.054340824
20_day_ma,0.054275308
daily_return,0.05101404
10_day_ma,0.049217716
High,0.04762363
