Feature,Importance
10_day_ma,0.068224244
BB_upper,0.06687834
20_day_ma,0.066652216
MACD,0.06369885
Close,0.062240865
5_day_ma,0.061629523
Volume,0.06104841
volume_change,0.059807744
RSI_14,0.059313055
High,0.059057336
MACD_signal,0.058302652
20_day_std,0.05502357
Open,0.05434025
Low,0.05394337
daily_return,0.052995577
BB_lower,0.049925167
volatility_10,0.046918888
