Feature,Importance
Low,0.076336846
High,0.07194617
5_day_ma,0.066232346
Close,0.064596444
RSI_14,0.06329268
BB_upper,0.062824264
10_day_ma,0.06245755
daily_return,0.0610672
MACD_signal,0.060583223
BB_lower,0.060311366
Volume,0.05687429
volatility_10,0.055683363
volume_change,0.055372667
MACD,0.05289891
20_day_std,0.05285149
20_day_ma,0.04290241
Open,0.03376882
