Feature,Importance
MACD_signal,0.09756783
Close,0.082882024
Low,0.07885188
BB_upper,0.074548416
5_day_ma,0.071913965
Open,0.06561411
MACD,0.06042476
RSI_14,0.059909347
20_day_ma,0.050234813
High,0.04975175
volume_change,0.048870582
volatility_10,0.048111193
daily_return,0.047664434
Volume,0.044534776
20_day_std,0.04239176
BB_lower,0.03978814
10_day_ma,0.0369402
