Feature,Importance
5_day_ma,0.07245163
High,0.07050287
10_day_ma,0.07039991
Close,0.06750185
MACD,0.06747542
20_day_ma,0.06606736
BB_upper,0.06394612
20_day_std,0.059232656
Low,0.057128888
BB_lower,0.05513653
daily_return,0.053754717
Open,0.052221008
Volume,0.051486008
MACD_signal,0.049052037
volume_change,0.04864762
volatility_10,0.04760869
RSI_14,0.047386672
