Feature,Importance
BB_upper,0.072690986
10_day_ma,0.06931013
20_day_ma,0.0684276
MACD_signal,0.06763356
volume_change,0.064800076
volatility_10,0.06283266
BB_lower,0.059864614
20_day_std,0.0598061
High,0.059687093
RSI_14,0.058216523
5_day_ma,0.05776483
Volume,0.05756409
daily_return,0.05647525
MACD,0.05028727
Open,0.04977151
Low,0.04348768
Close,0.041380033
