Feature,Importance
Open,0.066895306
20_day_ma,0.06522423
BB_lower,0.0640829
20_day_std,0.06396649
RSI_14,0.0633858
daily_return,0.06297591
High,0.06223419
volume_change,0.061347056
MACD,0.05910848
Close,0.059026502
MACD_signal,0.05779046
BB_upper,0.055898074
Low,0.05576278
volatility_10,0.054582275
Volume,0.051620174
5_day_ma,0.04816273
10_day_ma,0.047936603
