Feature,Importance
BB_lower,0.06589859
BB_upper,0.064835966
20_day_std,0.064724796
Volume,0.06445937
10_day_ma,0.06370602
20_day_ma,0.06233003
MACD,0.062046353
volatility_10,0.06049502
Open,0.05958968
MACD_signal,0.058972552
5_day_ma,0.05808982
Low,0.05771519
volume_change,0.056244936
High,0.0526724
RSI_14,0.05094531
Close,0.050775934
daily_return,0.046498045
