Feature,Importance
BB_lower,0.06592278
MACD_signal,0.062051684
BB_upper,0.06147605
Low,0.061025135
5_day_ma,0.060807705
MACD,0.06031446
20_day_std,0.059541047
volatility_10,0.058595568
20_day_ma,0.05855332
Volume,0.057813946
Open,0.0575524
High,0.057227027
daily_return,0.05675868
Close,0.056448914
10_day_ma,0.05595429
volume_change,0.055304438
RSI_14,0.054652456
