Feature,Importance
Close,0.08269593
Low,0.07824675
BB_upper,0.07547427
BB_lower,0.073206455
Open,0.06589538
MACD,0.062975116
volume_change,0.05930129
MACD_signal,0.056718707
High,0.055149306
daily_return,0.054754786
RSI_14,0.051649313
20_day_std,0.050402034
volatility_10,0.04899122
10_day_ma,0.04848743
20_day_ma,0.047618866
Volume,0.045073275
5_day_ma,0.04335988
