Feature,Importance
5_day_ma,0.07466129
Low,0.06984524
volatility_10,0.06763266
MACD_signal,0.06536973
10_day_ma,0.061577395
BB_lower,0.06154245
daily_return,0.06007396
BB_upper,0.05805258
MACD,0.056270756
Volume,0.055312254
Close,0.05454831
volume_change,0.054193757
20_day_std,0.053949967
Open,0.05349497
20_day_ma,0.0533043
High,0.05055272
RSI_14,0.049617633
