Feature,Importance
High,0.07452276
volume_change,0.07243317
Low,0.07036532
volatility_10,0.06633913
10_day_ma,0.06585269
Open,0.06558006
Close,0.061973426
MACD_signal,0.058739558
5_day_ma,0.056739375
BB_upper,0.055222627
daily_return,0.054158885
BB_lower,0.053901397
20_day_std,0.05237173
20_day_ma,0.051975623
Volume,0.04978069
RSI_14,0.04611207
MACD,0.04393148
