Feature,Importance
10_day_ma,0.06517162
daily_return,0.0634637
MACD_signal,0.06318651
volatility_10,0.062322624
MACD,0.06107088
volume_change,0.05955383
Low,0.05921053
20_day_std,0.05900929
Volume,0.058058787
BB_upper,0.0578229
20_day_ma,0.057814054
RSI_14,0.057641797
Open,0.05687111
5_day_ma,0.05641462
High,0.05554778
Close,0.054310214
BB_lower,0.05252969
