Feature,Importance
MACD_signal,0.07196212
BB_lower,0.06637956
Open,0.06550914
MACD,0.06369727
20_day_std,0.06140556
Low,0.06125875
BB_upper,0.060713902
volatility_10,0.060438454
volume_change,0.06035341
5_day_ma,0.060264643
Volume,0.056527186
Close,0.0558395
High,0.054626346
daily_return,0.054427184
RSI_14,0.049599983
20_day_ma,0.048771452
10_day_ma,0.04822561
