Feature,Importance
BB_upper,0.071185365
High,0.06467673
20_day_ma,0.06327107
Volume,0.06271503
MACD,0.061599713
5_day_ma,0.061404884
Close,0.0606559
volume_change,0.06018076
MACD_signal,0.06010393
RSI_14,0.059761837
daily_return,0.056697752
Low,0.05604651
10_day_ma,0.054694742
volatility_10,0.0540022
20_day_std,0.05334632
BB_lower,0.05100353
Open,0.04865379
