Feature,Importance
10_day_ma,0.06986724
BB_lower,0.06581238
volume_change,0.06570145
MACD,0.064923406
High,0.06373128
5_day_ma,0.061608817
Close,0.059880782
BB_upper,0.058928818
Open,0.057897
volatility_10,0.057791103
Low,0.057036884
MACD_signal,0.05680607
Volume,0.05572558
20_day_ma,0.055277325
daily_return,0.053181883
RSI_14,0.05081061
20_day_std,0.045019493
