Feature,Importance
Close,0.079642765
volume_change,0.07502656
High,0.069717355
Low,0.06377287
BB_upper,0.062841155
10_day_ma,0.06212355
Open,0.062101174
BB_lower,0.059755407
MACD_signal,0.056892633
MACD,0.056185555
RSI_14,0.055814452
Volume,0.054452267
20_day_std,0.05285339
5_day_ma,0.05016391
daily_return,0.04978127
volatility_10,0.045200177
20_day_ma,0.043675523
