Feature,Importance
Open,0.07806108
5_day_ma,0.07476792
MACD,0.0704871
MACD_signal,0.06325161
daily_return,0.062192623
Volume,0.061401077
volatility_10,0.058832213
BB_lower,0.05858874
High,0.057621934
volume_change,0.05654027
BB_upper,0.056010827
20_day_ma,0.055893246
10_day_ma,0.053054933
Close,0.05293383
Low,0.05119666
RSI_14,0.04813969
20_day_std,0.04102627
