Feature,Importance
Low,0.07816843
MACD,0.07493613
RSI_14,0.07173202
volume_change,0.06658071
MACD_signal,0.0627217
BB_upper,0.06015631
10_day_ma,0.060064357
20_day_ma,0.05992882
Close,0.059536472
20_day_std,0.058965202
5_day_ma,0.05855423
High,0.05751366
Volume,0.056731384
Open,0.051451053
volatility_10,0.051130097
daily_return,0.04214423
BB_lower,0.029685145
