Feature,Importance
Low,0.0979925
10_day_ma,0.07897188
5_day_ma,0.07165073
MACD,0.0664753
Close,0.06284357
Volume,0.060503118
20_day_ma,0.058641396
MACD_signal,0.058456056
volume_change,0.057258718
volatility_10,0.05592052
daily_return,0.055122998
High,0.05271092
BB_lower,0.051877007
20_day_std,0.05159817
RSI_14,0.047273252
Open,0.042244285
BB_upper,0.030459544
