Feature,Importance
volatility_10,0.07655591
BB_lower,0.07034345
High,0.06825274
Low,0.065436244
Open,0.06459207
Volume,0.06254778
5_day_ma,0.061076954
volume_change,0.059239686
10_day_ma,0.05807116
RSI_14,0.057765692
daily_return,0.055312615
MACD,0.055170372
20_day_std,0.05226774
Close,0.05137185
MACD_signal,0.049333084
20_day_ma,0.047975615
BB_upper,0.04468702
