Feature,Importance
BB_upper,0.07336102
20_day_ma,0.06810957
High,0.06724376
Close,0.065743014
daily_return,0.065494105
Open,0.064130604
MACD,0.061937444
Low,0.058921576
20_day_std,0.057641808
5_day_ma,0.056539632
Volume,0.056147575
MACD_signal,0.055742215
volatility_10,0.05494694
BB_lower,0.053739958
volume_change,0.05073498
RSI_14,0.04504917
10_day_ma,0.04451654
