Feature,Importance
Low,0.07282065
RSI_14,0.06902254
MACD_signal,0.066447295
High,0.0659477
5_day_ma,0.065258846
BB_upper,0.06203894
BB_lower,0.059077453
volatility_10,0.058850043
10_day_ma,0.058093887
MACD,0.058028556
daily_return,0.056683313
Close,0.05453301
20_day_ma,0.054269552
volume_change,0.052795034
20_day_std,0.052650437
Open,0.047965087
Volume,0.04551764
