Feature,Importance
RSI_14,0.06529044
5_day_ma,0.06447208
20_day_ma,0.063419625
10_day_ma,0.06293644
20_day_std,0.061068993
BB_lower,0.06071983
BB_upper,0.059591517
Low,0.059508443
High,0.058738604
Open,0.05844934
MACD,0.058253255
MACD_signal,0.057924785
volume_change,0.05608009
Close,0.055503946
Volume,0.05416528
volatility_10,0.052147605
daily_return,0.051729683
