Feature,Importance
20_day_std,0.07403993
High,0.07200942
BB_lower,0.06381354
Volume,0.06293302
RSI_14,0.06287896
Open,0.061911862
daily_return,0.05785144
5_day_ma,0.057733025
BB_upper,0.057043016
volatility_10,0.056709457
Close,0.0564998
10_day_ma,0.055181265
volume_change,0.054279443
20_day_ma,0.05373975
MACD_signal,0.053383097
Low,0.052169546
MACD,0.047823407
