Feature,Importance
MACD,0.06826159
BB_upper,0.06743322
20_day_ma,0.06694042
volume_change,0.066472284
volatility_10,0.063337
BB_lower,0.06293117
Volume,0.060440768
5_day_ma,0.058946006
Open,0.058529522
Close,0.056641977
High,0.05524734
10_day_ma,0.054571252
MACD_signal,0.05447099
daily_return,0.052550673
RSI_14,0.051363897
20_day_std,0.05106689
Low,0.050794993
