Feature,Importance
Low,0.08078822
MACD_signal,0.07135194
volatility_10,0.06964954
20_day_ma,0.06826779
Open,0.06751768
MACD,0.065894715
High,0.06478468
RSI_14,0.061957702
5_day_ma,0.058774278
volume_change,0.054893896
20_day_std,0.052743856
BB_upper,0.052345127
BB_lower,0.04835877
Volume,0.04806117
10_day_ma,0.046877395
Close,0.04458773
daily_return,0.04314554
