Feature,Importance
Low,0.070138894
20_day_std,0.06400935
BB_lower,0.06393881
BB_upper,0.06355138
RSI_14,0.061773837
10_day_ma,0.060514364
volume_change,0.06035498
5_day_ma,0.058883358
daily_return,0.05874462
volatility_10,0.058689166
MACD,0.0584668
Volume,0.056212533
20_day_ma,0.05560301
Open,0.05484514
MACD_signal,0.05304792
High,0.052497495
Close,0.04872834
