Feature,Importance
MACD,0.07429405
High,0.0651751
Low,0.06476119
Volume,0.06400576
Close,0.062771276
volume_change,0.062033158
5_day_ma,0.060133673
MACD_signal,0.06001165
20_day_std,0.058821086
BB_upper,0.058820996
daily_return,0.056673642
volatility_10,0.056400865
RSI_14,0.055095725
10_day_ma,0.05436594
BB_lower,0.052201863
Open,0.049535822
20_day_ma,0.044898104
