Feature,Importance
High,0.09441422
5_day_ma,0.07272303
volatility_10,0.06737368
Open,0.06460579
MACD,0.062007844
volume_change,0.06115291
20_day_ma,0.060124274
20_day_std,0.056708332
Volume,0.055751935
Close,0.054763112
daily_return,0.054235004
RSI_14,0.052866463
BB_upper,0.05267013
BB_lower,0.051844344
10_day_ma,0.051330976
Low,0.043983135
MACD_signal,0.04344488
