Feature,Importance
Low,0.086547256
MACD_signal,0.08071217
Open,0.068056256
High,0.06566715
MACD,0.06380698
Close,0.06332543
volatility_10,0.0587897
20_day_ma,0.057570316
BB_upper,0.056540288
volume_change,0.05583636
20_day_std,0.05434202
RSI_14,0.053914756
BB_lower,0.051399864
5_day_ma,0.046721514
Volume,0.04667227
10_day_ma,0.045525286
daily_return,0.044572316
