Feature,Importance
BB_upper,0.075248174
10_day_ma,0.06691162
volatility_10,0.06651936
RSI_14,0.06427937
High,0.06391804
daily_return,0.0636866
volume_change,0.062244587
MACD_signal,0.06149004
Open,0.059749506
20_day_std,0.059009768
Volume,0.057853002
MACD,0.057430778
20_day_ma,0.052411493
5_day_ma,0.051956505
Low,0.05096669
BB_lower,0.045137733
Close,0.041186675
