Feature,Importance
Open,0.07044867
daily_return,0.0696251
BB_upper,0.06492533
Volume,0.06486532
5_day_ma,0.064580955
10_day_ma,0.06362761
High,0.06305368
Low,0.060521953
20_day_std,0.058780685
volume_change,0.056566335
RSI_14,0.05493234
20_day_ma,0.053941168
BB_lower,0.053694926
volatility_10,0.05206149
Close,0.051619716
MACD,0.05153281
MACD_signal,0.045221895
