Feature,Importance
volume_change,0.07653604
High,0.0722166
5_day_ma,0.07007547
10_day_ma,0.067533195
Open,0.061797105
Low,0.061724473
Volume,0.059010345
RSI_14,0.058763396
MACD_signal,0.05832696
BB_upper,0.05679154
daily_return,0.05508056
BB_lower,0.054407272
MACD,0.051677365
20_day_ma,0.05124391
Close,0.050550506
volatility_10,0.050357543
20_day_std,0.04390771
