Feature,Importance
BB_upper,0.06993334
RSI_14,0.06710763
MACD_signal,0.06514664
daily_return,0.062661454
Low,0.062025853
20_day_std,0.060450967
Close,0.059619535
BB_lower,0.05883882
MACD,0.057447407
High,0.05609352
volatility_10,0.055791862
10_day_ma,0.05514975
20_day_ma,0.0550066
5_day_ma,0.054979466
volume_change,0.054149155
Volume,0.054104228
Open,0.051493753
