Feature,Importance
RSI_14,0.06824206
BB_lower,0.06648034
20_day_ma,0.06562423
daily_return,0.065522775
5_day_ma,0.06517452
High,0.06353714
Low,0.06257651
Volume,0.061176103
MACD_signal,0.058531962
Open,0.057613473
volatility_10,0.056636807
BB_upper,0.054383267
20_day_std,0.0543093
10_day_ma,0.053568855
volume_change,0.052513417
MACD,0.05165635
Close,0.042452823
