Feature,Importance
Open,0.0662824
Low,0.06311857
BB_upper,0.06304611
20_day_std,0.06272817
5_day_ma,0.06252844
MACD_signal,0.06241935
High,0.06159672
10_day_ma,0.061476413
20_day_ma,0.060700398
volatility_10,0.058354307
BB_lower,0.05697726
volume_change,0.05639466
RSI_14,0.05444939
Volume,0.05420692
daily_return,0.052737605
MACD,0.05242483
Close,0.05055839
