Feature,Importance
BB_upper,0.07337919
10_day_ma,0.06700321
20_day_ma,0.06648606
MACD,0.066203296
20_day_std,0.06138935
MACD_signal,0.06100159
daily_return,0.060776573
Low,0.058276277
volume_change,0.056787018
High,0.05607252
Volume,0.055687193
volatility_10,0.055295028
Close,0.05520098
BB_lower,0.05373057
Open,0.05265201
RSI_14,0.050873786
5_day_ma,0.049185395
