Feature,Importance
volatility_10,0.06837481
BB_lower,0.06626153
5_day_ma,0.06457067
Volume,0.06401391
volume_change,0.061842486
20_day_std,0.060811613
Open,0.060482614
High,0.059293907
daily_return,0.058230728
Close,0.056996625
BB_upper,0.05549156
MACD_signal,0.05543363
20_day_ma,0.05466403
MACD,0.054538794
Low,0.053648196
RSI_14,0.05351831
10_day_ma,0.05182661
