Feature,Importance
Low,0.068422146
Open,0.06793009
MACD_signal,0.066024184
MACD,0.065939896
High,0.062145934
volume_change,0.06162325
5_day_ma,0.059989616
BB_lower,0.059106756
20_day_std,0.05838505
BB_upper,0.05781251
Close,0.056091867
10_day_ma,0.055688437
RSI_14,0.05545834
Volume,0.053543538
20_day_ma,0.052739445
volatility_10,0.051976904
daily_return,0.047122017
