Feature,Importance
5_day_ma,0.07852135
Low,0.076411396
20_day_ma,0.06899612
High,0.06716453
BB_lower,0.06195366
BB_upper,0.061344072
Open,0.058579013
Close,0.05589104
MACD,0.055126574
MACD_signal,0.05477311
10_day_ma,0.05465489
20_day_std,0.05457561
daily_return,0.052366093
volume_change,0.0514412
RSI_14,0.05116322
volatility_10,0.05059269
Volume,0.046445295
