Feature,Importance
RSI_14,0.06992969
volatility_10,0.06954622
MACD,0.06461491
MACD_signal,0.0632175
20_day_std,0.062343657
20_day_ma,0.06105571
High,0.06081368
volume_change,0.06023662
BB_lower,0.05907377
Low,0.05748329
Close,0.05543422
10_day_ma,0.054336775
5_day_ma,0.0541971
Open,0.05243495
BB_upper,0.052422658
daily_return,0.052294746
Volume,0.05056453
