Feature,Importance
Low,0.084017195
5_day_ma,0.072431624
Open,0.07194721
MACD,0.06912553
MACD_signal,0.062436875
Close,0.059783146
volume_change,0.05805046
Volume,0.05673197
BB_upper,0.055924017
20_day_ma,0.055219688
daily_return,0.054262698
High,0.05397004
10_day_ma,0.05140666
RSI_14,0.050324716
volatility_10,0.049812168
20_day_std,0.048729826
BB_lower,0.045826107
