Feature,Importance
10_day_ma,0.07302751
BB_lower,0.06909491
Low,0.06757776
20_day_ma,0.0632185
daily_return,0.063153334
volume_change,0.05983231
High,0.058949545
MACD,0.05888444
20_day_std,0.05850184
BB_upper,0.058056623
Open,0.0573345
5_day_ma,0.05440965
RSI_14,0.053995427
Close,0.053281657
MACD_signal,0.0504179
volatility_10,0.050181184
Volume,0.050082944
