Feature,Importance
BB_upper,0.07434248
Volume,0.071217045
Close,0.068804145
Open,0.06407577
High,0.06353538
20_day_std,0.06025165
volatility_10,0.059712227
MACD_signal,0.05939048
BB_lower,0.056804497
RSI_14,0.056321748
volume_change,0.05532546
20_day_ma,0.055269245
daily_return,0.055122223
Low,0.053923775
10_day_ma,0.052142344
MACD,0.048756633
5_day_ma,0.04500486
