Feature,Importance
Low,0.077547416
volume_change,0.07447178
High,0.06815196
5_day_ma,0.06542482
daily_return,0.06111763
volatility_10,0.05866212
MACD,0.057919964
20_day_ma,0.057801954
Volume,0.056641698
RSI_14,0.055392765
BB_upper,0.054117106
10_day_ma,0.05393097
MACD_signal,0.053556774
Close,0.053028937
20_day_std,0.05289641
Open,0.051864553
BB_lower,0.04747315
