Feature,Importance
5_day_ma,0.079069234
Open,0.06995801
10_day_ma,0.068796076
MACD,0.06566799
Volume,0.061944712
MACD_signal,0.060529124
RSI_14,0.059916243
BB_lower,0.059548486
daily_return,0.058549836
20_day_std,0.057048835
Low,0.055304382
20_day_ma,0.055285856
volatility_10,0.054034606
BB_upper,0.04978045
volume_change,0.049649082
High,0.048288412
Close,0.04662862
