Feature,Importance
Close,0.0811171
High,0.075223275
20_day_ma,0.07367049
20_day_std,0.06693765
Low,0.06439191
Volume,0.06055358
5_day_ma,0.058345888
volume_change,0.05747162
MACD,0.057227883
RSI_14,0.055848397
daily_return,0.05393348
Open,0.053071003
BB_upper,0.051482856
10_day_ma,0.05048671
volatility_10,0.0503989
BB_lower,0.048626933
MACD_signal,0.041212283
