Feature,Importance
20_day_ma,0.07121076
Close,0.06632875
MACD,0.0645776
Open,0.06292747
Low,0.06158307
20_day_std,0.06085702
5_day_ma,0.05899103
BB_upper,0.058362205
Volume,0.057977747
volume_change,0.05778411
BB_lower,0.05721556
10_day_ma,0.055521425
MACD_signal,0.05461832
RSI_14,0.05450275
High,0.054142017
daily_return,0.052631203
volatility_10,0.050768983
