Feature,Importance
High,0.074281536
10_day_ma,0.07236826
BB_upper,0.06795276
BB_lower,0.06519399
MACD,0.06508124
20_day_std,0.06266218
5_day_ma,0.058952983
volatility_10,0.058775224
RSI_14,0.05855663
20_day_ma,0.05847052
MACD_signal,0.05570932
volume_change,0.05545142
Volume,0.0538971
Low,0.05057831
daily_return,0.04957307
Close,0.046603087
Open,0.04589237
