Feature,Importance
5_day_ma,0.06771935
Open,0.06705861
MACD_signal,0.065973975
volatility_10,0.06372393
BB_lower,0.0619925
BB_upper,0.061794557
20_day_std,0.061244212
High,0.061228354
Low,0.060600683
10_day_ma,0.05593374
volume_change,0.055276554
Volume,0.054817095
daily_return,0.053694148
MACD,0.05276367
Close,0.052597024
RSI_14,0.051886305
20_day_ma,0.051695284
