Feature,Importance
20_day_ma,0.10674503
Open,0.07933709
Low,0.07801658
Close,0.064625174
BB_lower,0.0606102
5_day_ma,0.059694886
volatility_10,0.059070084
20_day_std,0.055679403
BB_upper,0.054525115
daily_return,0.05449821
MACD_signal,0.052089065
High,0.05148861
MACD,0.05106315
RSI_14,0.047371894
volume_change,0.044060405
10_day_ma,0.0417151
Volume,0.039410047
