Feature,Importance
20_day_ma,0.0881302
High,0.08295391
5_day_ma,0.06599842
RSI_14,0.06330995
20_day_std,0.061785754
BB_upper,0.059956364
Low,0.059450224
Volume,0.058359068
BB_lower,0.057500113
10_day_ma,0.05436593
volatility_10,0.053684235
volume_change,0.051977657
MACD,0.051899593
Close,0.051033415
daily_return,0.04939215
Open,0.047270905
MACD_signal,0.042932115
