Feature,Importance
Open,0.06824783
High,0.06452993
daily_return,0.063813664
10_day_ma,0.06258725
20_day_std,0.061793327
volatility_10,0.06174788
MACD_signal,0.061543602
Close,0.059422106
Volume,0.05930006
20_day_ma,0.057774626
MACD,0.057541758
RSI_14,0.05632661
BB_upper,0.0562544
BB_lower,0.055442322
Low,0.05541406
volume_change,0.050779603
5_day_ma,0.047481097
