Feature,Importance
MACD,0.07334415
5_day_ma,0.06732958
Low,0.066750094
Open,0.06559427
BB_upper,0.0650542
20_day_std,0.06365928
Close,0.06276991
High,0.059607524
20_day_ma,0.05858599
RSI_14,0.058070093
BB_lower,0.05521571
MACD_signal,0.053889666
daily_return,0.05382104
volatility_10,0.052350406
Volume,0.05186632
volume_change,0.050008945
10_day_ma,0.042082768
