Feature,Importance
Low,0.07710112
Open,0.0708809
10_day_ma,0.06928799
daily_return,0.068506144
BB_upper,0.067966014
Volume,0.06370919
20_day_ma,0.063468315
20_day_std,0.061069757
MACD,0.055720527
5_day_ma,0.055025704
volume_change,0.0548065
High,0.05416462
Close,0.051883288
volatility_10,0.050517514
BB_lower,0.046087157
RSI_14,0.045532055
MACD_signal,0.04427326
