Feature,Importance
BB_upper,0.072349876
volatility_10,0.07048859
20_day_ma,0.06879549
Low,0.06300352
Open,0.0625505
BB_lower,0.05968278
volume_change,0.0581518
MACD,0.057870135
5_day_ma,0.05779585
RSI_14,0.057761315
Volume,0.05706609
High,0.056042906
daily_return,0.05559722
MACD_signal,0.055113446
20_day_std,0.054086074
10_day_ma,0.050075985
Close,0.043568373
