Feature,Importance
5_day_ma,0.07157188
Close,0.067809284
MACD_signal,0.06316645
20_day_ma,0.06223153
BB_lower,0.062194
BB_upper,0.06123624
20_day_std,0.060446724
Open,0.059128467
volatility_10,0.05899618
volume_change,0.058836035
Low,0.058128793
daily_return,0.05630392
Volume,0.05569332
MACD,0.05420123
RSI_14,0.051434115
10_day_ma,0.05041539
High,0.04820648
