Feature,Importance
High,0.087984405
Open,0.08183412
5_day_ma,0.08180124
BB_upper,0.069735505
volatility_10,0.062900476
Volume,0.061476395
MACD,0.06136558
Close,0.06049884
daily_return,0.05795491
volume_change,0.057692908
20_day_std,0.050836667
RSI_14,0.050160725
20_day_ma,0.04850568
MACD_signal,0.046126
10_day_ma,0.045604732
Low,0.042838786
BB_lower,0.03268296
