Feature,Importance
MACD,0.07984436
High,0.07888228
Close,0.065418296
Low,0.06348748
10_day_ma,0.06184461
BB_upper,0.060772955
Open,0.060656272
volume_change,0.060490616
MACD_signal,0.05551433
BB_lower,0.05490673
Volume,0.052951008
5_day_ma,0.05274598
daily_return,0.052462213
20_day_ma,0.052253675
20_day_std,0.051749654
RSI_14,0.04909478
volatility_10,0.04692476
