Feature,Importance
MACD,0.08161513
BB_upper,0.06938052
20_day_std,0.06826758
Low,0.06399516
5_day_ma,0.06247524
volume_change,0.06060866
Volume,0.06043673
RSI_14,0.059900932
Close,0.059508957
MACD_signal,0.05815055
volatility_10,0.05814461
20_day_ma,0.05766768
daily_return,0.05487676
Open,0.051682424
10_day_ma,0.0479971
High,0.045660526
BB_lower,0.039631423
