Feature,Importance
BB_upper,0.06820209
MACD_signal,0.06801398
BB_lower,0.0671949
Low,0.067109846
5_day_ma,0.06692779
MACD,0.06389941
Open,0.05862186
volume_change,0.058556817
Volume,0.058439996
High,0.057149403
volatility_10,0.056894697
daily_return,0.056583527
10_day_ma,0.05316077
20_day_std,0.05180285
20_day_ma,0.050612893
Close,0.048775557
RSI_14,0.048053544
