Feature,Importance
High,0.07446007
Volume,0.0723113
10_day_ma,0.07230133
volatility_10,0.070784256
5_day_ma,0.06745275
BB_lower,0.06734665
volume_change,0.061158326
RSI_14,0.05923013
MACD,0.05772254
20_day_ma,0.057173964
Low,0.05286241
20_day_std,0.05214893
BB_upper,0.05024351
Open,0.049415264
MACD_signal,0.04599737
Close,0.04491634
daily_return,0.044474907
