Feature,Importance
Open,0.085684806
RSI_14,0.08197956
20_day_std,0.07422403
Close,0.06652477
10_day_ma,0.063064374
volume_change,0.06238056
20_day_ma,0.06131594
daily_return,0.058251977
volatility_10,0.056776635
BB_upper,0.055745464
MACD,0.054690555
MACD_signal,0.05213018
Volume,0.050234247
5_day_ma,0.05001306
Low,0.04576302
High,0.044022076
BB_lower,0.03719877
