Feature,Importance
5_day_ma,0.06543442
BB_upper,0.065271
Low,0.065222494
volume_change,0.06407772
MACD,0.06338226
20_day_ma,0.06230517
Volume,0.061231326
BB_lower,0.058412053
Close,0.05798054
20_day_std,0.057631794
RSI_14,0.057480782
10_day_ma,0.055029415
volatility_10,0.054947753
MACD_signal,0.054537617
High,0.054393467
Open,0.05162688
daily_return,0.051035307
