Feature,Importance
BB_lower,0.069112055
Low,0.0681624
MACD_signal,0.06215252
volume_change,0.061534755
Volume,0.060769115
20_day_std,0.06068892
MACD,0.05809463
High,0.05742247
10_day_ma,0.056937672
volatility_10,0.056834735
RSI_14,0.05637704
Close,0.05600793
20_day_ma,0.055637736
Open,0.055366144
BB_upper,0.055358835
5_day_ma,0.054950293
daily_return,0.054592803
