Feature,Importance
Low,0.07286143
20_day_std,0.06968537
5_day_ma,0.06718117
High,0.06555244
10_day_ma,0.06395651
20_day_ma,0.062745966
MACD_signal,0.060896706
Open,0.05714991
Close,0.05631853
MACD,0.05566575
BB_upper,0.055151474
Volume,0.055079233
volatility_10,0.052516572
BB_lower,0.051932167
RSI_14,0.05165739
daily_return,0.05153319
volume_change,0.05011626
