Feature,Importance
20_day_ma,0.0766998
Low,0.07044447
BB_upper,0.06648724
20_day_std,0.0664633
BB_lower,0.0660564
MACD,0.061790723
5_day_ma,0.06089091
Close,0.059320617
MACD_signal,0.057958312
volume_change,0.057555962
volatility_10,0.057128064
RSI_14,0.054942645
Open,0.05205131
10_day_ma,0.05101345
daily_return,0.050283544
Volume,0.04650685
High,0.044406462
