Feature,Importance
Open,0.07717899
5_day_ma,0.069812596
MACD,0.06380252
volatility_10,0.06187454
20_day_ma,0.06069544
MACD_signal,0.059762646
High,0.059250116
BB_upper,0.058292836
BB_lower,0.05739063
daily_return,0.057307474
Volume,0.05695894
volume_change,0.05661206
RSI_14,0.05597035
Low,0.054457348
Close,0.053488288
20_day_std,0.049022254
10_day_ma,0.048123028
