Feature,Importance
High,0.06880294
BB_lower,0.06808338
volatility_10,0.066743836
5_day_ma,0.064645424
MACD_signal,0.06432845
MACD,0.06399111
BB_upper,0.06369861
Volume,0.06367683
volume_change,0.0617239
daily_return,0.058963977
10_day_ma,0.053479057
20_day_ma,0.052882724
20_day_std,0.052866947
Close,0.05033354
RSI_14,0.049698044
Open,0.049142193
Low,0.046939027
