Feature,Importance
10_day_ma,0.08085211
Open,0.06851381
RSI_14,0.06761591
BB_upper,0.06714254
Low,0.06513731
Close,0.06349542
volume_change,0.061749924
volatility_10,0.06075747
BB_lower,0.06012517
Volume,0.056701265
5_day_ma,0.054234654
MACD_signal,0.05422507
daily_return,0.052305564
MACD,0.049192194
High,0.048497375
20_day_std,0.047278523
20_day_ma,0.042175673
