Feature,Importance
20_day_ma,0.09406322
BB_upper,0.07612327
High,0.072906695
Close,0.06936406
volume_change,0.06533775
RSI_14,0.06211342
Low,0.061112337
5_day_ma,0.057449598
BB_lower,0.05474974
volatility_10,0.052290127
daily_return,0.051044166
20_day_std,0.050273027
Open,0.04994364
MACD,0.0480266
Volume,0.046797205
10_day_ma,0.04659037
MACD_signal,0.041814778
