Feature,Importance
BB_upper,0.06983632
Open,0.068382345
5_day_ma,0.06425463
Low,0.06185029
10_day_ma,0.0618013
High,0.06064291
MACD,0.059958868
MACD_signal,0.058312546
volume_change,0.057889394
Volume,0.057564545
volatility_10,0.057439033
daily_return,0.05690446
20_day_std,0.054985743
Close,0.05463819
20_day_ma,0.054402478
RSI_14,0.0525842
BB_lower,0.048552737
