Feature,Importance
volume_change,0.06996827
10_day_ma,0.065502144
MACD_signal,0.06540547
Volume,0.061788145
High,0.060396012
MACD,0.060206696
20_day_ma,0.059738744
volatility_10,0.05912113
BB_lower,0.059003748
Open,0.056837708
daily_return,0.056688335
Low,0.056452397
20_day_std,0.056001987
RSI_14,0.05599326
BB_upper,0.054594576
5_day_ma,0.0539447
Close,0.04835666
