Feature,Importance
BB_upper,0.06738493
BB_lower,0.06537167
Low,0.063041076
20_day_ma,0.06150034
20_day_std,0.061429184
daily_return,0.060945928
High,0.06072926
10_day_ma,0.06041913
Open,0.059796672
volume_change,0.058473904
MACD,0.058395267
RSI_14,0.05746178
Close,0.05677708
MACD_signal,0.054267213
5_day_ma,0.054200053
Volume,0.05012127
volatility_10,0.049685195
