Feature,Importance
MACD,0.066895746
Low,0.06488114
5_day_ma,0.064103395
volume_change,0.063837536
20_day_std,0.06129196
BB_upper,0.061177693
High,0.06091436
BB_lower,0.060116794
20_day_ma,0.059730537
Open,0.059624575
Close,0.05635027
volatility_10,0.05575149
RSI_14,0.054629643
Volume,0.054082237
10_day_ma,0.0540453
daily_return,0.052156884
MACD_signal,0.050410453
