Feature,Importance
BB_lower,0.06771889
5_day_ma,0.06594473
RSI_14,0.06558416
10_day_ma,0.063632175
High,0.06263387
BB_upper,0.062147424
volatility_10,0.061638337
volume_change,0.06118967
MACD,0.059398897
Low,0.05751126
MACD_signal,0.057072908
20_day_ma,0.05620775
Open,0.05578451
20_day_std,0.054856956
Volume,0.054776467
daily_return,0.047693036
Close,0.046208974
