Feature,Importance
MACD,0.06903385
BB_upper,0.06801401
10_day_ma,0.06608595
Low,0.0645598
Open,0.061493456
RSI_14,0.060720094
daily_return,0.060073435
20_day_ma,0.05992349
volatility_10,0.05942622
MACD_signal,0.05795286
Volume,0.056304794
20_day_std,0.055519078
5_day_ma,0.054611985
volume_change,0.05283066
BB_lower,0.052402228
High,0.051164877
Close,0.04988319
