Feature,Importance
Low,0.07310978
10_day_ma,0.071368724
Open,0.06863106
20_day_ma,0.06511948
BB_lower,0.06380757
daily_return,0.062912755
High,0.061171353
MACD_signal,0.05907355
BB_upper,0.05857799
RSI_14,0.057755753
Volume,0.05659504
MACD,0.05614151
20_day_std,0.054635484
Close,0.05219483
volatility_10,0.051180203
volume_change,0.048445754
5_day_ma,0.03927911
