Feature,Importance
Open,0.0678263
MACD,0.06599823
10_day_ma,0.06416212
Low,0.06336692
MACD_signal,0.06194797
RSI_14,0.05885158
5_day_ma,0.05864443
BB_upper,0.058418844
Volume,0.057965174
volume_change,0.057761427
20_day_std,0.057545338
daily_return,0.05642506
20_day_ma,0.0554878
volatility_10,0.0553374
High,0.054702252
BB_lower,0.053690337
Close,0.051868774
