Feature,Importance
daily_return,0.07280457
Open,0.06979321
volume_change,0.06385451
High,0.06201227
20_day_std,0.060336884
Close,0.059196547
MACD,0.05826427
MACD_signal,0.057662465
volatility_10,0.057621792
20_day_ma,0.057494987
BB_upper,0.057470426
10_day_ma,0.057230648
BB_lower,0.057133164
Low,0.054025788
RSI_14,0.05389656
Volume,0.051889937
5_day_ma,0.049312007
