Feature,Importance
Low,0.093627505
volatility_10,0.06949003
High,0.06573324
10_day_ma,0.062039867
daily_return,0.06093509
5_day_ma,0.060476042
BB_upper,0.060146965
BB_lower,0.058886603
Open,0.057717357
20_day_std,0.057155587
MACD,0.053831138
Volume,0.053077076
volume_change,0.0529133
20_day_ma,0.05088962
RSI_14,0.049208947
Close,0.047766067
MACD_signal,0.046105552
