Feature,Importance
MACD_signal,0.06889978
Low,0.06667276
High,0.06626895
MACD,0.06564993
10_day_ma,0.06523554
BB_lower,0.063415356
20_day_ma,0.05994655
RSI_14,0.0587137
daily_return,0.058369096
BB_upper,0.057828322
5_day_ma,0.056058396
volatility_10,0.05568663
Volume,0.055009764
20_day_std,0.054060947
volume_change,0.05344902
Close,0.04858352
Open,0.046151724
