Feature,Importance
5_day_ma,0.07931977
20_day_ma,0.0778028
Open,0.07415004
MACD_signal,0.06562088
Volume,0.063623406
Low,0.061994296
volume_change,0.06004569
daily_return,0.058447983
High,0.056393214
BB_lower,0.05361025
20_day_std,0.05295242
10_day_ma,0.052579474
RSI_14,0.05251838
BB_upper,0.051986445
MACD,0.051420115
volatility_10,0.049037926
Close,0.038496923
