Feature,Importance
10_day_ma,0.07373837
20_day_std,0.07227116
Open,0.06820143
RSI_14,0.065944426
BB_lower,0.064846426
5_day_ma,0.06483673
MACD_signal,0.061620142
High,0.058134034
Close,0.05778224
daily_return,0.055861898
BB_upper,0.055057537
Volume,0.054582637
volatility_10,0.05333345
MACD,0.050600614
volume_change,0.049816392
20_day_ma,0.048184924
Low,0.045187645
