Feature,Importance
Low,0.072249845
MACD_signal,0.06819999
High,0.06503138
BB_upper,0.06214838
BB_lower,0.06172709
20_day_ma,0.060549505
MACD,0.060171567
10_day_ma,0.058421016
5_day_ma,0.058255665
RSI_14,0.057929218
Close,0.056344472
Volume,0.05583581
volume_change,0.055527456
Open,0.05523524
volatility_10,0.054727223
20_day_std,0.049817514
daily_return,0.047828674
