Feature,Importance
10_day_ma,0.07637479
Close,0.074274465
High,0.070180014
20_day_ma,0.06930222
Low,0.06392858
Open,0.061387535
20_day_std,0.06104087
Volume,0.06042168
BB_upper,0.060247604
RSI_14,0.05745543
BB_lower,0.055308886
volume_change,0.05516327
MACD,0.048864882
daily_return,0.048123125
volatility_10,0.04769983
5_day_ma,0.045408327
MACD_signal,0.044818502
