Feature,Importance
Low,0.06727829
BB_upper,0.064903915
MACD,0.06423971
High,0.063748896
BB_lower,0.06274771
MACD_signal,0.06266386
5_day_ma,0.06254873
20_day_std,0.059976228
volume_change,0.059340056
20_day_ma,0.05823993
RSI_14,0.05799244
volatility_10,0.056339085
daily_return,0.056033976
Open,0.055537064
Volume,0.054304685
Close,0.048582323
10_day_ma,0.045523133
