Feature,Importance
5_day_ma,0.07000521
20_day_ma,0.0689453
BB_upper,0.06573654
20_day_std,0.0643415
MACD_signal,0.06265664
MACD,0.062399924
10_day_ma,0.060996287
Open,0.060862433
BB_lower,0.060293958
volatility_10,0.06011016
Volume,0.05868331
RSI_14,0.056646485
daily_return,0.05363667
High,0.05261162
volume_change,0.05200471
Low,0.04520598
Close,0.044863235
