Feature,Importance
20_day_std,0.07158737
High,0.065859996
BB_lower,0.0653807
MACD_signal,0.06488233
10_day_ma,0.06370994
BB_upper,0.06357075
20_day_ma,0.062023092
5_day_ma,0.059356686
volatility_10,0.05823685
daily_return,0.058193646
RSI_14,0.056626815
Volume,0.055474278
Low,0.054769542
MACD,0.053277917
Open,0.051688366
Close,0.04876622
volume_change,0.046595465
