Feature,Importance
BB_upper,0.07662507
Close,0.07660902
High,0.06830812
20_day_ma,0.06468812
Open,0.06388378
10_day_ma,0.06355931
5_day_ma,0.06349867
volatility_10,0.06098263
daily_return,0.056472816
Volume,0.055616077
20_day_std,0.052335456
RSI_14,0.051201083
MACD,0.050596684
MACD_signal,0.050247613
Low,0.050019365
BB_lower,0.048093617
volume_change,0.04726259
