Feature,Importance
MACD_signal,0.07217118
10_day_ma,0.07158963
BB_lower,0.06723256
5_day_ma,0.06354555
20_day_ma,0.062746495
volatility_10,0.06143598
Volume,0.05950681
Open,0.058824666
daily_return,0.05773727
MACD,0.057373617
BB_upper,0.05715074
20_day_std,0.056859918
Low,0.053114057
Close,0.05258076
volume_change,0.049914643
High,0.049682878
RSI_14,0.04853322
