Feature,Importance
5_day_ma,0.07546969
Open,0.07367821
MACD,0.07129727
BB_upper,0.06120125
RSI_14,0.059956737
20_day_ma,0.059572805
BB_lower,0.058984317
volatility_10,0.05793931
volume_change,0.057541072
High,0.057293393
10_day_ma,0.057235774
MACD_signal,0.055850107
daily_return,0.055719458
Volume,0.051859047
Close,0.051752243
20_day_std,0.047728896
Low,0.04692042
