Feature,Importance
High,0.1159401
20_day_std,0.074729145
Low,0.07413051
20_day_ma,0.07059742
10_day_ma,0.061792422
MACD,0.061405417
RSI_14,0.059201494
BB_lower,0.058980897
volume_change,0.05860592
MACD_signal,0.05836834
Volume,0.05485784
5_day_ma,0.051453702
Open,0.04712241
daily_return,0.04332777
BB_upper,0.03716885
volatility_10,0.036554284
Close,0.035763454
