Feature,Importance
BB_upper,0.086136356
Low,0.085861914
5_day_ma,0.07018668
MACD,0.06881053
volume_change,0.064518966
MACD_signal,0.06319036
Open,0.059751384
RSI_14,0.059303835
volatility_10,0.05825305
High,0.05616295
20_day_std,0.0557655
daily_return,0.050516285
Volume,0.048721395
Close,0.04673955
20_day_ma,0.045421313
BB_lower,0.041785955
10_day_ma,0.038874026
