Feature,Importance
10_day_ma,0.07390339
BB_upper,0.06548596
RSI_14,0.06521064
Low,0.06476814
volume_change,0.06283323
Open,0.061903827
20_day_ma,0.061374553
5_day_ma,0.060150895
Volume,0.057875805
Close,0.056931347
BB_lower,0.05591918
MACD,0.054240976
20_day_std,0.053673107
daily_return,0.053025205
volatility_10,0.05275878
High,0.05184044
MACD_signal,0.048104476
