Feature,Importance
20_day_std,0.07675412
High,0.07450633
Open,0.073885165
volume_change,0.07029541
Close,0.069870524
MACD,0.06158184
20_day_ma,0.061140325
10_day_ma,0.056474272
MACD_signal,0.055596586
BB_lower,0.054439582
RSI_14,0.054161027
Low,0.053762157
daily_return,0.05351776
Volume,0.051853407
BB_upper,0.047590572
volatility_10,0.04747619
5_day_ma,0.037094716
