Feature,Importance
10_day_ma,0.08067415
Open,0.07495545
20_day_ma,0.06655071
MACD,0.06550146
BB_lower,0.06504225
Low,0.061021462
BB_upper,0.059641022
5_day_ma,0.058120534
volume_change,0.055931617
High,0.0557725
daily_return,0.05492848
20_day_std,0.052477725
Close,0.05165853
RSI_14,0.05160843
Volume,0.049401544
volatility_10,0.04916705
MACD_signal,0.047547076
