Feature,Importance
Low,0.06485882
BB_lower,0.06412391
BB_upper,0.06288551
5_day_ma,0.061535746
20_day_std,0.061105594
MACD,0.061072487
Volume,0.06085967
daily_return,0.060011312
Open,0.059683904
20_day_ma,0.05742617
High,0.057387996
10_day_ma,0.056822803
volume_change,0.05634319
RSI_14,0.055595014
volatility_10,0.055098433
MACD_signal,0.054827724
Close,0.05036171
