Feature,Importance
BB_upper,0.07214781
20_day_ma,0.0693178
RSI_14,0.066656485
BB_lower,0.06488299
5_day_ma,0.063310206
Low,0.06276184
10_day_ma,0.06067316
MACD,0.058148038
daily_return,0.05693303
volume_change,0.056930408
volatility_10,0.056616254
Volume,0.056499057
Open,0.053958833
20_day_std,0.053151373
MACD_signal,0.05301412
High,0.05222327
Close,0.04277533
