Feature,Importance
BB_upper,0.080855876
daily_return,0.07500457
5_day_ma,0.07390112
High,0.06925479
volatility_10,0.068477035
volume_change,0.06632042
MACD,0.06402034
RSI_14,0.06310919
MACD_signal,0.059153255
Volume,0.056206636
20_day_std,0.05401924
BB_lower,0.04786126
Open,0.04677614
10_day_ma,0.045030605
Low,0.044854384
20_day_ma,0.044058304
Close,0.041096874
