Feature,Importance
Close,0.07906262
MACD,0.076834634
Low,0.07655279
Open,0.075963184
High,0.07069377
MACD_signal,0.06169053
BB_upper,0.057820655
5_day_ma,0.055817623
Volume,0.054360107
BB_lower,0.051890165
20_day_std,0.050488155
10_day_ma,0.05037073
20_day_ma,0.04974097
RSI_14,0.04917302
daily_return,0.048297584
volume_change,0.04749079
volatility_10,0.043752637
