Feature,Importance
Open,0.06486975
Volume,0.063140675
daily_return,0.06276746
volatility_10,0.062143702
volume_change,0.06162649
Low,0.06074616
20_day_ma,0.060657028
BB_upper,0.0601707
10_day_ma,0.059554707
Close,0.059139855
BB_lower,0.0588575
5_day_ma,0.058330715
High,0.056716267
20_day_std,0.055712324
MACD,0.05504124
MACD_signal,0.052729383
RSI_14,0.047796063
