Feature,Importance
Low,0.07480914
MACD_signal,0.065218255
High,0.06505092
Open,0.06463946
10_day_ma,0.060740557
volatility_10,0.05975335
Volume,0.059133988
Close,0.05861237
20_day_std,0.058321893
MACD,0.05810512
5_day_ma,0.057887588
daily_return,0.055894215
20_day_ma,0.055594794
BB_upper,0.054971457
volume_change,0.05266479
RSI_14,0.049617324
BB_lower,0.048984785
