Feature,Importance
MACD_signal,0.079587966
BB_upper,0.074582554
5_day_ma,0.0648503
High,0.06420492
Close,0.0631003
Low,0.06260509
volume_change,0.05943007
10_day_ma,0.059336238
20_day_ma,0.058659926
MACD,0.058543094
daily_return,0.05696751
RSI_14,0.054677647
Open,0.053946946
Volume,0.05171023
20_day_std,0.048580483
BB_lower,0.0467939
volatility_10,0.042422798
