Feature,Importance
volatility_10,0.075435065
Low,0.06435746
20_day_std,0.062406674
BB_upper,0.062300265
10_day_ma,0.060446687
daily_return,0.05864745
RSI_14,0.058157932
Volume,0.057548728
Open,0.057439122
20_day_ma,0.05700214
BB_lower,0.05640718
MACD_signal,0.056110535
High,0.055924173
5_day_ma,0.05590606
Close,0.054886147
MACD,0.05451994
volume_change,0.052504487
