Feature,Importance
Low,0.090897635
10_day_ma,0.074670985
BB_lower,0.070915945
daily_return,0.06772341
High,0.06564089
BB_upper,0.06423392
20_day_std,0.061552286
RSI_14,0.056152802
Close,0.055831358
5_day_ma,0.055785954
MACD,0.054071486
Volume,0.053565018
volatility_10,0.053223092
MACD_signal,0.04995684
20_day_ma,0.0476615
volume_change,0.03964738
Open,0.038469557
