Feature,Importance
volume_change,0.06630397
5_day_ma,0.064842634
BB_upper,0.06461918
BB_lower,0.064471506
High,0.06289743
20_day_ma,0.061537206
RSI_14,0.061533518
Close,0.060145218
10_day_ma,0.059011098
MACD,0.058745738
Volume,0.05804039
Low,0.05517758
daily_return,0.05443321
volatility_10,0.05382913
20_day_std,0.053518552
MACD_signal,0.050643742
Open,0.05024987
