Feature,Importance
BB_upper,0.07776238
volatility_10,0.06517373
daily_return,0.06382464
5_day_ma,0.06325725
Open,0.062882
10_day_ma,0.06176924
High,0.061396636
RSI_14,0.059254333
volume_change,0.05847596
20_day_std,0.05744079
Close,0.056154802
MACD_signal,0.054995947
Volume,0.054271676
20_day_ma,0.05274317
Low,0.05088816
BB_lower,0.050069336
MACD,0.049639925
