Feature,Importance
BB_lower,0.07622697
BB_upper,0.07012102
20_day_ma,0.06949726
20_day_std,0.0651535
High,0.06464759
MACD_signal,0.063536935
MACD,0.05660943
volume_change,0.056434788
RSI_14,0.055736553
5_day_ma,0.055670228
Volume,0.055318214
Close,0.055244498
volatility_10,0.05443668
Low,0.05184162
daily_return,0.050535675
Open,0.050506573
10_day_ma,0.048482463
