Feature,Importance
10_day_ma,0.08156163
BB_upper,0.07711721
MACD,0.07259109
20_day_ma,0.064716086
Low,0.06431922
volume_change,0.06372514
BB_lower,0.06323392
Close,0.05625791
Open,0.05545594
High,0.055166308
5_day_ma,0.05396507
Volume,0.052698776
20_day_std,0.0496478
daily_return,0.049592298
volatility_10,0.04809957
MACD_signal,0.04634141
RSI_14,0.045510698
