Feature,Importance
Low,0.0816649
volume_change,0.068346106
MACD_signal,0.06698249
20_day_std,0.06687266
volatility_10,0.06485849
RSI_14,0.06272805
daily_return,0.06186855
BB_upper,0.061068375
Volume,0.060791016
5_day_ma,0.060125545
10_day_ma,0.057594813
MACD,0.055310518
Open,0.051295467
BB_lower,0.047930878
Close,0.045538604
20_day_ma,0.045250818
High,0.04177272
