Feature,Importance
High,0.0708468
Low,0.06975112
5_day_ma,0.06873105
MACD_signal,0.06530532
BB_lower,0.06247012
10_day_ma,0.060989827
20_day_std,0.060231403
BB_upper,0.059944276
Close,0.059904374
Open,0.05764687
MACD,0.055131994
volume_change,0.054280132
daily_return,0.053253263
Volume,0.05276015
RSI_14,0.05218819
20_day_ma,0.04872947
volatility_10,0.04783561
