Feature,Importance
BB_upper,0.09006508
Open,0.07509948
MACD_signal,0.06617347
RSI_14,0.06482191
Volume,0.06438744
volatility_10,0.06360525
20_day_std,0.06290141
10_day_ma,0.059747156
MACD,0.059038423
daily_return,0.057599187
Low,0.05450937
High,0.054465055
volume_change,0.05341992
BB_lower,0.053224046
Close,0.05021899
5_day_ma,0.038680796
20_day_ma,0.032042976
