Feature,Importance
Low,0.06782893
MACD_signal,0.06538298
5_day_ma,0.06428654
20_day_ma,0.06355724
Open,0.061889518
Volume,0.06153093
20_day_std,0.061209306
High,0.05939552
Close,0.05903882
BB_lower,0.058101326
BB_upper,0.05640006
daily_return,0.055738125
RSI_14,0.05551288
volatility_10,0.05354348
MACD,0.052406654
10_day_ma,0.052322917
volume_change,0.051854726
