Feature,Importance
Low,0.06732305
MACD,0.065925516
Open,0.064718165
10_day_ma,0.062593125
20_day_ma,0.061894156
BB_upper,0.061168004
20_day_std,0.060000233
5_day_ma,0.059151758
Close,0.058376677
RSI_14,0.05790045
daily_return,0.056995813
volume_change,0.056647804
High,0.05573432
MACD_signal,0.05570171
Volume,0.05383743
BB_lower,0.051277492
volatility_10,0.050754264
