Feature,Importance
volume_change,0.07275875
Low,0.06720314
BB_upper,0.06655056
5_day_ma,0.06615025
daily_return,0.06191941
volatility_10,0.061430007
Open,0.060350075
RSI_14,0.059744824
High,0.05867318
Volume,0.057477277
Close,0.056790307
20_day_std,0.0564223
MACD,0.056300394
20_day_ma,0.0519105
BB_lower,0.05175678
MACD_signal,0.0474681
10_day_ma,0.047094136
