Feature,Importance
Open,0.06861409
20_day_ma,0.06586268
BB_lower,0.0658225
Low,0.0638771
MACD_signal,0.063666984
20_day_std,0.06257136
Close,0.0612667
RSI_14,0.06006015
5_day_ma,0.057606492
volume_change,0.057278004
daily_return,0.057045195
MACD,0.056711905
10_day_ma,0.05535473
volatility_10,0.052827094
High,0.05189117
Volume,0.051103003
BB_upper,0.048440862
