Feature,Importance
MACD,0.07961883
volume_change,0.07927665
20_day_ma,0.07049128
High,0.06885013
Volume,0.0640887
volatility_10,0.061480515
Close,0.0593151
RSI_14,0.05888834
daily_return,0.05780297
Open,0.0562859
5_day_ma,0.054616254
20_day_std,0.05116826
10_day_ma,0.04877686
Low,0.048668504
BB_lower,0.047019556
BB_upper,0.046971317
MACD_signal,0.04668077
