Feature,Importance
volume_change,0.069551885
10_day_ma,0.06734882
Open,0.067289285
Low,0.06589753
5_day_ma,0.06499256
BB_upper,0.06063448
volatility_10,0.059522074
Close,0.05750301
Volume,0.05701934
High,0.056989994
RSI_14,0.056422893
20_day_std,0.055784304
MACD,0.055200607
MACD_signal,0.05442546
BB_lower,0.052545305
daily_return,0.049852874
20_day_ma,0.04901956
