Feature,Importance
Low,0.076936
5_day_ma,0.0753024
Open,0.06992075
High,0.069252454
Close,0.058485925
BB_upper,0.058247946
MACD,0.057963774
volatility_10,0.05771212
10_day_ma,0.05725363
Volume,0.056399666
20_day_std,0.056379944
volume_change,0.053589202
MACD_signal,0.05294507
daily_return,0.05209342
20_day_ma,0.050786156
BB_lower,0.050295558
RSI_14,0.04643593
