Feature,Importance
BB_upper,0.068912506
volatility_10,0.06401148
20_day_ma,0.06382561
Open,0.06312232
BB_lower,0.061985917
20_day_std,0.061687313
10_day_ma,0.06069499
5_day_ma,0.059642557
MACD,0.059027977
MACD_signal,0.057982117
Volume,0.057463825
Close,0.057248864
volume_change,0.057120793
High,0.053323563
RSI_14,0.052523926
Low,0.05184486
daily_return,0.04958148
