Feature,Importance
MACD_signal,0.07103953
daily_return,0.07019616
BB_upper,0.06918061
Low,0.06802757
10_day_ma,0.06044498
volatility_10,0.06019203
20_day_std,0.059176307
MACD,0.0582084
Volume,0.057756994
20_day_ma,0.056626543
High,0.056453835
volume_change,0.05631551
Open,0.055565204
Close,0.05496919
RSI_14,0.052232273
BB_lower,0.04906136
5_day_ma,0.044553436
