Feature,Importance
5_day_ma,0.06656678
High,0.066261865
BB_lower,0.06553485
Low,0.0641094
Open,0.062017985
20_day_ma,0.061393462
MACD,0.060475897
daily_return,0.060473837
RSI_14,0.058675747
10_day_ma,0.05762513
20_day_std,0.056554448
MACD_signal,0.056265816
volume_change,0.055998143
Volume,0.054017074
Close,0.052354358
volatility_10,0.05222407
BB_upper,0.04945118
