Feature,Importance
Open,0.08891592
5_day_ma,0.078772716
volatility_10,0.07479694
MACD,0.074339055
20_day_ma,0.0725873
20_day_std,0.05859258
BB_upper,0.05736165
daily_return,0.05587175
MACD_signal,0.055729035
Low,0.054131392
High,0.05190122
volume_change,0.049280584
Close,0.048426736
BB_lower,0.04806708
Volume,0.047877416
10_day_ma,0.044486377
RSI_14,0.038862318
