Feature,Importance
MACD,0.07010904
BB_upper,0.06884899
20_day_ma,0.06600805
Open,0.06551462
BB_lower,0.063484766
Low,0.06118636
5_day_ma,0.059943948
Close,0.059139363
RSI_14,0.05780844
MACD_signal,0.05624868
daily_return,0.05623597
High,0.055835895
20_day_std,0.055299714
volume_change,0.054253552
10_day_ma,0.0514865
Volume,0.05136411
volatility_10,0.047231957
