Feature,Importance
Low,0.06945227
Open,0.065911405
High,0.065652266
BB_upper,0.06511245
BB_lower,0.06379433
volume_change,0.06103462
10_day_ma,0.05966942
MACD_signal,0.058916725
5_day_ma,0.057261217
Close,0.05695474
MACD,0.05676589
20_day_std,0.054915614
20_day_ma,0.054544352
Volume,0.053492956
RSI_14,0.05323928
daily_return,0.052624952
volatility_10,0.05065752
