Feature,Importance
BB_upper,0.0751633
20_day_ma,0.071899995
MACD_signal,0.06934455
MACD,0.06419667
Low,0.063836746
High,0.061577797
20_day_std,0.06003191
Open,0.059964456
volatility_10,0.058830813
daily_return,0.05755131
Close,0.056441627
RSI_14,0.05467159
volume_change,0.053110253
BB_lower,0.052868154
10_day_ma,0.052840497
Volume,0.047281258
5_day_ma,0.040389083
