Feature,Importance
Low,0.070126384
volume_change,0.06464997
BB_upper,0.06285431
5_day_ma,0.062281605
BB_lower,0.061604295
High,0.06122384
MACD_signal,0.060422596
Close,0.06010483
volatility_10,0.059931822
20_day_std,0.0597666
10_day_ma,0.059036784
Open,0.057412133
RSI_14,0.054394737
daily_return,0.05415525
MACD,0.052408718
Volume,0.05149367
20_day_ma,0.04813253
