Feature,Importance
BB_upper,0.070825405
Open,0.070544794
Close,0.06995795
BB_lower,0.06655421
MACD,0.06455888
High,0.06199995
MACD_signal,0.059154645
Low,0.058844782
volume_change,0.056062967
20_day_std,0.05542772
daily_return,0.053785656
volatility_10,0.053680006
RSI_14,0.05281813
20_day_ma,0.052642245
10_day_ma,0.051817525
Volume,0.051583603
5_day_ma,0.049741436
