Feature,Importance
High,0.072962604
20_day_ma,0.06840067
Open,0.06828166
Low,0.06642254
BB_upper,0.06506029
5_day_ma,0.062614694
Volume,0.060418893
BB_lower,0.05816046
MACD,0.056978643
20_day_std,0.055992234
volatility_10,0.05524457
volume_change,0.054911114
daily_return,0.054183975
Close,0.054060593
RSI_14,0.05259825
MACD_signal,0.04803509
10_day_ma,0.045673754
