Feature,Importance
RSI_14,0.070569396
Close,0.06710853
10_day_ma,0.06647559
BB_upper,0.06590602
MACD_signal,0.0655474
20_day_std,0.06461132
High,0.0631438
Low,0.059171736
volatility_10,0.059105054
MACD,0.058208484
20_day_ma,0.056721926
Volume,0.05539227
Open,0.05488115
daily_return,0.052431073
volume_change,0.050526254
5_day_ma,0.04593042
BB_lower,0.044269573
