Feature,Importance
High,0.08287895
BB_upper,0.07440745
Close,0.069636695
Open,0.067425065
Low,0.0635971
5_day_ma,0.063112274
20_day_std,0.058152974
20_day_ma,0.055675846
volatility_10,0.05527055
Volume,0.054389745
RSI_14,0.05395219
daily_return,0.053225666
MACD_signal,0.052430376
MACD,0.050692055
BB_lower,0.050479203
volume_change,0.05019695
10_day_ma,0.044476923
