Feature,Importance
5_day_ma,0.07960387
High,0.06895409
10_day_ma,0.06652875
BB_lower,0.06504972
MACD,0.06335116
RSI_14,0.060472723
Low,0.058040626
Volume,0.05775524
20_day_ma,0.057477973
volume_change,0.05629567
Close,0.055076953
BB_upper,0.054728694
daily_return,0.053721868
MACD_signal,0.053686608
Open,0.05056696
volatility_10,0.049464934
20_day_std,0.049224142
