Feature,Importance
5_day_ma,0.07300317
MACD,0.070661984
BB_lower,0.06623679
Open,0.06291129
volatility_10,0.061197344
volume_change,0.06021828
10_day_ma,0.060032118
MACD_signal,0.059684634
20_day_ma,0.059084665
Close,0.057207093
daily_return,0.056509685
Low,0.055358168
BB_upper,0.05497657
Volume,0.053688005
RSI_14,0.05295342
High,0.05235265
20_day_std,0.04392417
