Feature,Importance
Low,0.0740938
10_day_ma,0.06866872
High,0.06619879
BB_lower,0.06476898
volume_change,0.060695887
Open,0.060205553
RSI_14,0.05873247
BB_upper,0.058577117
MACD_signal,0.05739728
20_day_ma,0.056340225
5_day_ma,0.05580415
daily_return,0.05444849
20_day_std,0.05428713
Close,0.05410232
volatility_10,0.05289316
MACD,0.05180966
Volume,0.05097624
