Feature,Importance
BB_upper,0.067507654
Low,0.06473318
RSI_14,0.06271535
daily_return,0.062511966
10_day_ma,0.062433884
20_day_std,0.061915863
BB_lower,0.06125484
volume_change,0.06114482
Open,0.05992711
MACD,0.057696477
Volume,0.057623703
volatility_10,0.056894314
MACD_signal,0.056314874
5_day_ma,0.055272713
Close,0.054487545
20_day_ma,0.0529719
High,0.04459377
