Feature,Importance
20_day_ma,0.08335565
RSI_14,0.074385665
MACD_signal,0.06566201
5_day_ma,0.064066894
volatility_10,0.063151136
BB_lower,0.061347846
BB_upper,0.060007636
MACD,0.059989583
10_day_ma,0.05992784
Low,0.05965006
volume_change,0.058524087
Open,0.053118948
Volume,0.052106574
20_day_std,0.051530838
daily_return,0.049976006
High,0.048504375
Close,0.03469481
