Feature,Importance
Low,0.07149884
20_day_ma,0.069885634
Open,0.06597815
High,0.06591225
MACD_signal,0.06492695
MACD,0.06079768
Volume,0.060224812
BB_lower,0.059808888
5_day_ma,0.05809364
BB_upper,0.057989582
volatility_10,0.05732282
volume_change,0.054796815
20_day_std,0.052941773
Close,0.051969077
10_day_ma,0.051377494
RSI_14,0.04858489
daily_return,0.04789074
