Feature,Importance
High,0.07572
volume_change,0.06910512
Open,0.0640292
Low,0.06295498
10_day_ma,0.062106743
volatility_10,0.061959498
5_day_ma,0.060412217
MACD_signal,0.059390448
MACD,0.058684625
BB_upper,0.058287006
Volume,0.057479102
RSI_14,0.05582889
Close,0.05502011
BB_lower,0.054229457
20_day_ma,0.05015264
daily_return,0.049424592
20_day_std,0.045215372
