Feature,Importance
5_day_ma,0.07065421
10_day_ma,0.066905014
Close,0.0657278
High,0.065575086
RSI_14,0.06212085
volume_change,0.061534587
MACD,0.059395883
MACD_signal,0.05836819
daily_return,0.05816891
BB_lower,0.05702518
20_day_std,0.056393243
Open,0.05491492
Volume,0.05448533
20_day_ma,0.05332097
BB_upper,0.05267648
volatility_10,0.05199905
Low,0.050734315
