Feature,Importance
High,0.071181335
BB_lower,0.07114454
Low,0.06898639
MACD_signal,0.06448061
BB_upper,0.06150504
Open,0.05983946
5_day_ma,0.058663923
20_day_ma,0.058538333
volatility_10,0.05804355
10_day_ma,0.05765362
Volume,0.056753594
RSI_14,0.05558376
Close,0.055411104
20_day_std,0.05278212
MACD,0.052042652
volume_change,0.0498743
daily_return,0.047515634
