Feature,Importance
MACD,0.07469569
High,0.07311137
BB_lower,0.07281043
5_day_ma,0.06809613
Close,0.063123964
Open,0.0627676
daily_return,0.059849747
10_day_ma,0.058581863
volatility_10,0.05768791
20_day_ma,0.054604266
MACD_signal,0.054314308
Low,0.05279213
Volume,0.05134784
RSI_14,0.05078557
BB_upper,0.049540054
volume_change,0.04885487
20_day_std,0.04703623
