Feature,Importance
Low,0.07362949
MACD_signal,0.0689587
High,0.06722909
20_day_std,0.06327196
5_day_ma,0.06274324
Volume,0.062103797
10_day_ma,0.06027917
volatility_10,0.0594947
Open,0.05909184
BB_lower,0.058069643
20_day_ma,0.057161763
BB_upper,0.053776484
volume_change,0.051733676
Close,0.051313996
RSI_14,0.050874785
daily_return,0.050500885
MACD,0.049766824
