Feature,Importance
volatility_10,0.07121173
Low,0.06698392
5_day_ma,0.06695138
MACD,0.064529166
MACD_signal,0.06423136
20_day_ma,0.063733555
Close,0.06293424
daily_return,0.06147853
BB_upper,0.058044344
20_day_std,0.057476554
Volume,0.05418495
10_day_ma,0.054155886
High,0.05354117
volume_change,0.05226163
Open,0.050160605
BB_lower,0.04966922
RSI_14,0.048451804
