Feature,Importance
BB_lower,0.0673625
20_day_ma,0.06554895
High,0.063197955
Close,0.062043026
Open,0.0608667
20_day_std,0.060310416
volume_change,0.060260158
Low,0.060196396
RSI_14,0.058178194
volatility_10,0.05696042
MACD,0.056800976
Volume,0.055888403
10_day_ma,0.055664204
MACD_signal,0.05533978
BB_upper,0.05506019
5_day_ma,0.053179823
daily_return,0.053141918
