Feature,Importance
High,0.067746
BB_lower,0.06531323
20_day_std,0.06509181
volatility_10,0.063707784
MACD,0.06266545
5_day_ma,0.061751425
10_day_ma,0.061417196
20_day_ma,0.060196176
BB_upper,0.059497837
Open,0.058911376
volume_change,0.05816359
Volume,0.05633878
daily_return,0.055132706
Low,0.05416073
RSI_14,0.053409398
MACD_signal,0.053342793
Close,0.043153737
