Feature,Importance
BB_lower,0.071250394
Low,0.06383278
MACD_signal,0.062996015
High,0.062494032
BB_upper,0.060746457
Volume,0.05964186
MACD,0.059280194
daily_return,0.058818925
20_day_ma,0.05823315
Close,0.05802931
volatility_10,0.05772998
Open,0.05728577
20_day_std,0.05722406
5_day_ma,0.057020977
volume_change,0.05417978
RSI_14,0.05092829
10_day_ma,0.050307997
