Feature,Importance
High,0.08069947
Low,0.080243014
BB_upper,0.063101366
20_day_std,0.06237081
BB_lower,0.05933867
Open,0.05843069
MACD,0.057681415
5_day_ma,0.05716921
volume_change,0.05709516
volatility_10,0.05695549
daily_return,0.056779366
Volume,0.056329064
Close,0.05432141
20_day_ma,0.05303345
RSI_14,0.052965075
10_day_ma,0.047347758
MACD_signal,0.046138648
