Feature,Importance
MACD_signal,0.069833785
5_day_ma,0.069647595
MACD,0.066855855
High,0.064411625
Open,0.06354699
volume_change,0.06342502
volatility_10,0.060864553
Low,0.060634576
Close,0.05946995
RSI_14,0.05892923
20_day_ma,0.055845525
Volume,0.053317584
BB_lower,0.053299457
20_day_std,0.052115344
BB_upper,0.050949737
daily_return,0.049544208
10_day_ma,0.04730885
