Feature,Importance
MACD,0.07005159
20_day_std,0.06805797
BB_lower,0.064534955
Low,0.0634308
Close,0.061911467
Volume,0.060722616
volatility_10,0.060059913
MACD_signal,0.05915542
10_day_ma,0.058465406
High,0.058070716
daily_return,0.056240927
volume_change,0.055715665
Open,0.055131394
20_day_ma,0.054536387
5_day_ma,0.052971948
BB_upper,0.05113226
RSI_14,0.049810536
