Feature,Importance
MACD,0.070415944
volatility_10,0.06695165
Open,0.06555494
5_day_ma,0.06540503
High,0.06520566
10_day_ma,0.06489414
Low,0.06392844
BB_lower,0.061206777
MACD_signal,0.060436204
20_day_std,0.05703318
RSI_14,0.05633389
daily_return,0.052441455
Close,0.051194925
volume_change,0.050752208
BB_upper,0.04978529
Volume,0.04956544
20_day_ma,0.048894774
