Feature,Importance
MACD,0.06665745
5_day_ma,0.066092566
volume_change,0.064894974
20_day_std,0.06317377
High,0.06310011
Close,0.061984323
20_day_ma,0.06109475
10_day_ma,0.05948266
MACD_signal,0.05809364
RSI_14,0.05685839
Low,0.056347445
Open,0.056255683
Volume,0.054839425
volatility_10,0.054567657
daily_return,0.053325117
BB_upper,0.05328032
BB_lower,0.04995175
