Feature,Importance
volatility_10,0.07688859
volume_change,0.075587496
5_day_ma,0.06881225
Close,0.06638427
RSI_14,0.066085614
Volume,0.06538434
20_day_ma,0.060188722
10_day_ma,0.059905667
Open,0.05413737
MACD,0.053975057
BB_upper,0.053514615
daily_return,0.05330058
20_day_std,0.05279271
High,0.05131359
Low,0.05103392
BB_lower,0.04885944
MACD_signal,0.041835822
