Feature,Importance
MACD,0.08173226
BB_upper,0.06473983
5_day_ma,0.06411052
20_day_std,0.062505275
Volume,0.061623763
Low,0.060882073
MACD_signal,0.05999675
Open,0.059873067
volatility_10,0.057478916
20_day_ma,0.057341624
BB_lower,0.056399956
Close,0.054620087
volume_change,0.054460377
daily_return,0.053728364
RSI_14,0.051302627
High,0.050626136
10_day_ma,0.048578374
