Feature,Importance
10_day_ma,0.07813061
20_day_std,0.068733044
MACD,0.06657357
5_day_ma,0.06644052
Volume,0.06534627
MACD_signal,0.06349333
BB_lower,0.063228466
20_day_ma,0.063088804
volatility_10,0.062297978
BB_upper,0.05793488
volume_change,0.055136718
RSI_14,0.055123758
Low,0.052876275
Open,0.051472157
High,0.043848313
daily_return,0.043365195
Close,0.04291018
