Feature,Importance
5_day_ma,0.06981746
BB_lower,0.06921485
RSI_14,0.064934686
10_day_ma,0.062452693
High,0.061704792
20_day_ma,0.061629146
Volume,0.061310515
Open,0.058386166
20_day_std,0.058345694
MACD_signal,0.05803487
MACD,0.057240758
volume_change,0.05699622
daily_return,0.056685127
Low,0.05478847
volatility_10,0.054350577
BB_upper,0.04996168
Close,0.044146262
