Feature,Importance
5_day_ma,0.06941841
Open,0.06737417
20_day_ma,0.065406196
volume_change,0.06362678
volatility_10,0.0625732
MACD_signal,0.062253788
MACD,0.061074287
BB_lower,0.060922414
Low,0.060388923
High,0.06013564
Volume,0.058722712
BB_upper,0.05640448
daily_return,0.0538131
20_day_std,0.052397992
10_day_ma,0.052031368
Close,0.04793388
RSI_14,0.04552268
