Feature,Importance
Open,0.07393893
5_day_ma,0.06995063
volatility_10,0.062131748
MACD,0.06208122
volume_change,0.061538372
Volume,0.058994662
daily_return,0.058456726
20_day_ma,0.058191597
MACD_signal,0.057602026
BB_upper,0.057431318
BB_lower,0.05684084
High,0.056306582
Low,0.054387107
RSI_14,0.054231852
10_day_ma,0.05401104
Close,0.05221647
20_day_std,0.05168887
