Feature,Importance
BB_upper,0.0671505
MACD,0.066714525
20_day_std,0.062368903
daily_return,0.060791682
High,0.060380343
BB_lower,0.059672017
volume_change,0.059153326
MACD_signal,0.05858782
10_day_ma,0.05833453
Volume,0.058148276
5_day_ma,0.057963923
20_day_ma,0.057837695
RSI_14,0.056790322
volatility_10,0.05557613
Open,0.055096824
Low,0.05451869
Close,0.05091452
