Feature,Importance
Open,0.0768798
5_day_ma,0.067767166
volatility_10,0.06538751
daily_return,0.06338356
Close,0.062636994
MACD,0.061743762
RSI_14,0.061625652
Low,0.060594648
MACD_signal,0.060188033
20_day_std,0.056036297
10_day_ma,0.05531952
Volume,0.053909786
volume_change,0.052521713
BB_upper,0.051283482
20_day_ma,0.051054426
High,0.051003393
BB_lower,0.048664212
