Feature,Importance
High,0.086692125
Low,0.06692345
volatility_10,0.06546599
Volume,0.06486342
Open,0.06361794
daily_return,0.06336106
10_day_ma,0.06190046
5_day_ma,0.059231453
BB_lower,0.05589393
volume_change,0.055112515
Close,0.053956382
20_day_ma,0.053785425
BB_upper,0.05062504
RSI_14,0.050332017
MACD_signal,0.049699873
MACD,0.04956397
20_day_std,0.048974887
