Feature,Importance
20_day_ma,0.08150563
5_day_ma,0.07658097
Low,0.07653209
MACD,0.07102134
High,0.06704893
Close,0.06528275
MACD_signal,0.06423343
BB_upper,0.059326824
10_day_ma,0.05931671
volume_change,0.059133433
20_day_std,0.053819094
volatility_10,0.0519713
Volume,0.047822915
BB_lower,0.046685845
daily_return,0.044526685
Open,0.041216563
RSI_14,0.03397552
