Feature,Importance
MACD,0.067469634
Low,0.06466466
10_day_ma,0.06449049
Open,0.06261043
RSI_14,0.060714662
daily_return,0.058955442
Volume,0.058645785
20_day_std,0.05853927
20_day_ma,0.05830186
Close,0.057999615
BB_lower,0.057770573
High,0.057376303
volume_change,0.057285007
BB_upper,0.054779567
MACD_signal,0.054415118
volatility_10,0.053775437
5_day_ma,0.052206118
