Feature,Importance
5_day_ma,0.07706837
BB_upper,0.069582835
Close,0.06593475
MACD_signal,0.064163916
Open,0.060216937
MACD,0.05912209
daily_return,0.058730017
10_day_ma,0.058554444
High,0.05777861
BB_lower,0.056675717
Volume,0.05553521
volatility_10,0.055486437
20_day_ma,0.055390548
Low,0.055372767
volume_change,0.054058183
RSI_14,0.049726494
20_day_std,0.046602666
