Feature,Importance
20_day_ma,0.06721874
10_day_ma,0.06697966
Open,0.066043034
BB_lower,0.064659
20_day_std,0.06281719
BB_upper,0.062163617
Close,0.06091027
MACD,0.060702633
volume_change,0.06013448
5_day_ma,0.059736334
volatility_10,0.057054136
MACD_signal,0.056476153
Low,0.054473102
High,0.053040132
daily_return,0.049856618
RSI_14,0.049526725
Volume,0.048208166
