Feature,Importance
Low,0.072006576
BB_lower,0.06571513
5_day_ma,0.06552128
RSI_14,0.0651866
Volume,0.06296668
volume_change,0.061320715
MACD,0.06122449
daily_return,0.06005145
10_day_ma,0.058960717
volatility_10,0.05793229
20_day_ma,0.055761874
BB_upper,0.055718105
MACD_signal,0.05387728
Close,0.053684104
High,0.053222064
20_day_std,0.050785318
Open,0.046065312
