Feature,Importance
BB_upper,0.07193213
Low,0.07100391
BB_lower,0.068380445
Close,0.06633428
Open,0.062285252
20_day_std,0.060620088
High,0.059721973
20_day_ma,0.059285678
5_day_ma,0.058066115
10_day_ma,0.05700395
MACD,0.056351777
volume_change,0.05576863
daily_return,0.053758997
MACD_signal,0.052690968
Volume,0.0521372
volatility_10,0.04739101
RSI_14,0.047267627
