Feature,Importance
BB_upper,0.06908799
Open,0.064744204
5_day_ma,0.06449965
RSI_14,0.06399341
10_day_ma,0.06347376
BB_lower,0.06311263
Low,0.06260285
volume_change,0.061826125
20_day_ma,0.05955662
Volume,0.058438446
20_day_std,0.058085397
MACD_signal,0.058027077
MACD,0.057635427
Close,0.05140356
volatility_10,0.05094544
daily_return,0.048750628
High,0.043816786
