Feature,Importance
volatility_10,0.071294434
20_day_std,0.06818814
Volume,0.06591926
volume_change,0.065337285
RSI_14,0.06424676
daily_return,0.06307228
MACD_signal,0.0629871
BB_upper,0.06177044
BB_lower,0.06041707
Close,0.059549224
20_day_ma,0.05676064
5_day_ma,0.052355897
High,0.05224501
MACD,0.051476233
10_day_ma,0.051432025
Open,0.0512468
Low,0.041701414
