Feature,Importance
MACD_signal,0.07621937
20_day_std,0.07288209
BB_upper,0.07084215
volatility_10,0.0689313
20_day_ma,0.06677459
High,0.062344763
BB_lower,0.061808065
Low,0.06014715
Close,0.058195394
MACD,0.05739271
5_day_ma,0.05159115
RSI_14,0.050483927
volume_change,0.049302794
Volume,0.04928192
Open,0.049264487
daily_return,0.048382077
10_day_ma,0.046156056
