Feature,Importance
MACD,0.067706056
BB_lower,0.067359
MACD_signal,0.06681618
20_day_ma,0.065818824
Low,0.0653609
volatility_10,0.061846826
BB_upper,0.059146862
RSI_14,0.058750182
volume_change,0.05702937
10_day_ma,0.0567919
Close,0.05503187
High,0.054991942
20_day_std,0.05485055
Open,0.05472426
5_day_ma,0.053598326
daily_return,0.05231532
Volume,0.04786161
