Feature,Importance
Close,0.06939752
MACD,0.06312157
High,0.06292254
10_day_ma,0.062824324
BB_lower,0.06187415
5_day_ma,0.061673433
MACD_signal,0.05833887
BB_upper,0.05802919
Low,0.05797309
Open,0.057701007
RSI_14,0.057578895
Volume,0.057042006
daily_return,0.055472836
volatility_10,0.055259958
20_day_std,0.054906722
20_day_ma,0.05466858
volume_change,0.05121529
