Feature,Importance
Open,0.085348524
Low,0.07928648
5_day_ma,0.06626409
10_day_ma,0.063436516
daily_return,0.06253187
BB_lower,0.06121736
volatility_10,0.058474854
Volume,0.057815664
MACD,0.05756792
BB_upper,0.05643462
MACD_signal,0.056151245
20_day_ma,0.054963928
volume_change,0.054720122
Close,0.053983763
20_day_std,0.04966997
High,0.043626163
RSI_14,0.038506966
