Feature,Importance
10_day_ma,0.07452069
5_day_ma,0.06998264
volume_change,0.069497705
High,0.06362006
BB_lower,0.06327611
Open,0.06309253
RSI_14,0.059708763
Volume,0.05958552
MACD_signal,0.059072405
MACD,0.058937274
Low,0.058003154
Close,0.056379765
BB_upper,0.054053053
20_day_ma,0.051294144
volatility_10,0.050756928
daily_return,0.045125417
20_day_std,0.043093815
