Feature,Importance
MACD_signal,0.07423059
Low,0.072510466
BB_upper,0.06733825
volume_change,0.064561024
5_day_ma,0.062477432
High,0.05777953
20_day_std,0.057087004
Open,0.05698884
20_day_ma,0.0569353
MACD,0.056078836
RSI_14,0.055291526
BB_lower,0.054683425
Volume,0.054617364
volatility_10,0.054033134
Close,0.054023135
10_day_ma,0.051489245
daily_return,0.049874954
