Feature,Importance
Low,0.072839834
RSI_14,0.065692484
BB_upper,0.065576404
MACD_signal,0.063395634
20_day_std,0.061493296
High,0.060266312
Close,0.060025714
MACD,0.059913103
volume_change,0.059875466
5_day_ma,0.058533784
20_day_ma,0.057598628
volatility_10,0.05716782
10_day_ma,0.05698433
daily_return,0.052527025
Open,0.0521041
BB_lower,0.05104471
Volume,0.044961397
