Feature,Importance
MACD,0.07771861
BB_upper,0.073977046
volatility_10,0.07184098
High,0.07137909
5_day_ma,0.06867968
Low,0.06506756
20_day_ma,0.06322006
MACD_signal,0.05995117
Close,0.05968753
10_day_ma,0.05868828
Volume,0.054326348
Open,0.053727325
RSI_14,0.049274176
20_day_std,0.04886382
daily_return,0.046241403
BB_lower,0.043571495
volume_change,0.033785407
