Feature,Importance
5_day_ma,0.083516635
Close,0.07034441
BB_upper,0.0670099
MACD,0.059409574
volume_change,0.058668587
daily_return,0.057162445
20_day_ma,0.056915622
MACD_signal,0.056648538
High,0.05662705
volatility_10,0.05648947
BB_lower,0.056253534
10_day_ma,0.05556592
20_day_std,0.054977898
Open,0.05401731
RSI_14,0.053886674
Low,0.051568836
Volume,0.050937656
