Feature,Importance
BB_lower,0.07395954
20_day_ma,0.071540736
daily_return,0.06526302
BB_upper,0.06454152
20_day_std,0.06278511
10_day_ma,0.060018457
MACD,0.05952328
Open,0.05824486
Low,0.058021788
volume_change,0.057766307
5_day_ma,0.055665992
RSI_14,0.054366115
MACD_signal,0.05419833
Close,0.05404421
volatility_10,0.051204003
High,0.05071319
Volume,0.048143465
