Feature,Importance
Volume,0.0738843
BB_lower,0.07379804
20_day_ma,0.06632079
volatility_10,0.06386166
10_day_ma,0.062037762
Close,0.06121656
5_day_ma,0.061194576
daily_return,0.06091397
RSI_14,0.05951266
volume_change,0.057270467
High,0.05640198
MACD_signal,0.055009115
BB_upper,0.054136
MACD,0.051294994
20_day_std,0.049586095
Low,0.047770403
Open,0.04579062
