Feature,Importance
volume_change,0.06938092
Low,0.067117736
Volume,0.065081686
volatility_10,0.06482639
MACD_signal,0.06330581
daily_return,0.06035839
10_day_ma,0.06000965
RSI_14,0.059274144
BB_upper,0.058741353
Open,0.057685744
20_day_std,0.05741414
Close,0.056224998
5_day_ma,0.05377822
BB_lower,0.05303972
High,0.052723456
20_day_ma,0.052305374
MACD,0.0487323
