Feature,Importance
daily_return,0.07137974
Volume,0.067812786
Open,0.06465048
5_day_ma,0.06420565
10_day_ma,0.063270085
BB_upper,0.061057914
20_day_std,0.060351353
Low,0.05953553
High,0.058357883
20_day_ma,0.05782845
volume_change,0.055781797
Close,0.054126766
MACD,0.053969465
volatility_10,0.053949907
MACD_signal,0.052074842
BB_lower,0.051349573
RSI_14,0.050297715
