Feature,Importance
5_day_ma,0.072841875
Low,0.06775479
High,0.067406386
20_day_ma,0.06584254
BB_lower,0.06440417
Open,0.060682837
MACD,0.05821319
volume_change,0.057963252
Volume,0.056991152
RSI_14,0.05602581
BB_upper,0.055374984
volatility_10,0.055129282
Close,0.054617625
MACD_signal,0.05377991
20_day_std,0.05170825
daily_return,0.05130397
10_day_ma,0.049959898
