Feature,Importance
BB_upper,0.06641149
MACD_signal,0.06585368
20_day_ma,0.064905785
Open,0.06477447
High,0.06392231
5_day_ma,0.06281413
volatility_10,0.06230646
BB_lower,0.06046111
10_day_ma,0.059127234
Low,0.055105206
Volume,0.054894958
Close,0.05468625
20_day_std,0.05400236
MACD,0.053510852
daily_return,0.053137075
volume_change,0.052872106
RSI_14,0.051214542
