Feature,Importance
20_day_ma,0.074843846
Open,0.06661295
BB_upper,0.06514456
BB_lower,0.062625304
High,0.061090387
MACD,0.060397584
Volume,0.06009803
volatility_10,0.05893471
volume_change,0.058872037
5_day_ma,0.05875347
Close,0.056326292
Low,0.05562209
MACD_signal,0.05536527
daily_return,0.055246986
20_day_std,0.050526503
10_day_ma,0.050350875
RSI_14,0.04918908
