Feature,Importance
Low,0.09587341
10_day_ma,0.0734749
High,0.066339664
5_day_ma,0.062234294
MACD_signal,0.05948704
daily_return,0.05818696
BB_lower,0.057695765
20_day_std,0.057614982
BB_upper,0.056900665
Close,0.055957045
Open,0.055871796
RSI_14,0.054860517
Volume,0.05471869
volume_change,0.05295963
MACD,0.04917378
volatility_10,0.048067342
20_day_ma,0.040583517
