Feature,Importance
Low,0.092643596
5_day_ma,0.08527617
10_day_ma,0.07338571
Open,0.06607021
Close,0.0647824
daily_return,0.06281138
BB_lower,0.059428256
20_day_std,0.058501262
RSI_14,0.055268843
Volume,0.05505265
MACD_signal,0.054566793
volatility_10,0.05214504
20_day_ma,0.050019007
MACD,0.04758352
BB_upper,0.042676672
volume_change,0.04034074
High,0.03944775
