Feature,Importance
10_day_ma,0.069328986
BB_upper,0.06784386
MACD,0.063055485
High,0.06250398
Low,0.062481143
MACD_signal,0.060235236
20_day_std,0.05926637
BB_lower,0.05841707
Open,0.05826186
daily_return,0.05748395
20_day_ma,0.05745881
5_day_ma,0.057422787
Volume,0.057174794
volume_change,0.05410226
RSI_14,0.053784974
volatility_10,0.05334972
Close,0.047828704
