Feature,Importance
BB_upper,0.079028994
volatility_10,0.068871506
RSI_14,0.066262096
5_day_ma,0.06598392
MACD,0.06336063
daily_return,0.062182087
BB_lower,0.060159724
Open,0.058295473
10_day_ma,0.05545399
volume_change,0.054856207
20_day_std,0.054609373
High,0.05317222
Low,0.05291056
Volume,0.052722123
MACD_signal,0.052346233
Close,0.051080186
20_day_ma,0.04870465
