Feature,Importance
BB_upper,0.07671557
20_day_ma,0.076251835
Open,0.071598865
High,0.06722612
Low,0.06402836
BB_lower,0.06277408
10_day_ma,0.057891827
volume_change,0.055327564
20_day_std,0.05499891
Volume,0.054866217
5_day_ma,0.054575957
RSI_14,0.054448083
daily_return,0.052269474
MACD_signal,0.05172973
Close,0.048914738
volatility_10,0.048542745
MACD,0.04783989
