Feature,Importance
20_day_ma,0.068800524
MACD,0.06730852
10_day_ma,0.06617989
BB_upper,0.066054955
Volume,0.06574174
MACD_signal,0.06279379
High,0.060564995
Close,0.060335174
volume_change,0.058128513
daily_return,0.05806353
20_day_std,0.055621855
BB_lower,0.055203058
Open,0.052825287
Low,0.0514279
5_day_ma,0.051360518
volatility_10,0.049984843
RSI_14,0.049604896
