Feature,Importance
Low,0.08581567
20_day_ma,0.07567177
High,0.06855248
20_day_std,0.0627115
MACD,0.062187545
Close,0.061276924
Open,0.058003984
5_day_ma,0.057450607
RSI_14,0.05607795
daily_return,0.054549158
10_day_ma,0.054406837
volatility_10,0.05321808
Volume,0.0529438
BB_upper,0.052903682
volume_change,0.051814653
BB_lower,0.048575435
MACD_signal,0.04383999
