Feature,Importance
volume_change,0.06848506
20_day_std,0.06383488
BB_lower,0.06314592
RSI_14,0.06125931
MACD,0.060842674
Low,0.05986502
5_day_ma,0.059512004
daily_return,0.05871092
Open,0.058287423
Close,0.05793955
20_day_ma,0.057814755
MACD_signal,0.057712518
BB_upper,0.05674993
High,0.056505438
volatility_10,0.055359952
Volume,0.053105455
10_day_ma,0.050869286
