Feature,Importance
volatility_10,0.07056972
volume_change,0.06965048
Volume,0.06839868
daily_return,0.06621149
BB_upper,0.0654274
Low,0.06287365
5_day_ma,0.060131203
Close,0.05820351
High,0.057830937
BB_lower,0.056382004
10_day_ma,0.05628699
RSI_14,0.056194182
MACD_signal,0.055333566
20_day_ma,0.051385716
MACD,0.05072799
20_day_std,0.049860746
Open,0.04453176
