Feature,Importance
BB_upper,0.07078961
20_day_std,0.065348655
MACD_signal,0.06495029
MACD,0.06202709
High,0.061058067
volume_change,0.060826477
daily_return,0.05974219
Low,0.058952983
BB_lower,0.058185358
20_day_ma,0.05752233
5_day_ma,0.05670923
Close,0.056167796
10_day_ma,0.055710807
volatility_10,0.055288278
Volume,0.054834243
Open,0.051642135
RSI_14,0.050244376
