Feature,Importance
Close,0.09562015
20_day_ma,0.080012076
Open,0.07073731
High,0.06919192
RSI_14,0.062219683
MACD_signal,0.061945714
Low,0.05905442
MACD,0.05488498
20_day_std,0.05352254
BB_upper,0.05346757
5_day_ma,0.05271595
volatility_10,0.05250976
10_day_ma,0.05097521
volume_change,0.049535405
Volume,0.048907835
daily_return,0.048072547
BB_lower,0.03662695
