Feature,Importance
volume_change,0.06640341
Open,0.06418171
20_day_ma,0.06378223
Close,0.06368019
RSI_14,0.061512765
High,0.06097976
Low,0.060971938
BB_lower,0.060920253
daily_return,0.060303286
Volume,0.057079017
20_day_std,0.0566673
MACD_signal,0.05648389
MACD,0.05584691
5_day_ma,0.053402856
10_day_ma,0.05304574
BB_upper,0.052458998
volatility_10,0.052279785
