Feature,Importance
MACD_signal,0.07190012
Low,0.07185641
Open,0.07035045
volatility_10,0.06821628
20_day_std,0.06292713
10_day_ma,0.061946712
5_day_ma,0.060465746
BB_upper,0.060418233
RSI_14,0.05823123
MACD,0.056674764
BB_lower,0.05579181
daily_return,0.053092565
volume_change,0.05307996
Close,0.052623875
Volume,0.050509714
20_day_ma,0.050158486
High,0.04175649
