Feature,Importance
Open,0.065507874
Low,0.06413748
Volume,0.06385458
5_day_ma,0.06269694
20_day_ma,0.06183309
volatility_10,0.060141858
MACD_signal,0.0592634
RSI_14,0.058408886
MACD,0.058399424
10_day_ma,0.05834519
BB_upper,0.05757905
daily_return,0.056952022
BB_lower,0.055399526
High,0.05505752
Close,0.054760616
volume_change,0.05405969
20_day_std,0.05360285
