Feature,Importance
20_day_ma,0.064947456
BB_lower,0.064059995
Close,0.061695244
volume_change,0.061539963
High,0.06127027
10_day_ma,0.060453746
RSI_14,0.060349762
BB_upper,0.059533667
Low,0.05924784
MACD_signal,0.058819618
MACD,0.058369175
Open,0.05723119
volatility_10,0.055775344
Volume,0.054673906
5_day_ma,0.05466299
20_day_std,0.05404563
daily_return,0.053324077
