Feature,Importance
Low,0.101162285
20_day_std,0.0699768
High,0.06878287
Volume,0.061566792
5_day_ma,0.060539175
MACD_signal,0.058795083
Close,0.05846197
volatility_10,0.056110214
BB_lower,0.054941252
10_day_ma,0.054554377
daily_return,0.053394217
20_day_ma,0.053066086
volume_change,0.05291158
MACD,0.051415786
BB_upper,0.04884694
RSI_14,0.047871348
Open,0.047603287
