Feature,Importance
Low,0.06945304
volatility_10,0.06549105
20_day_std,0.064558156
daily_return,0.064239286
BB_upper,0.06390151
BB_lower,0.06335288
Volume,0.06323813
Open,0.06321994
volume_change,0.06245049
10_day_ma,0.0602357
Close,0.057128843
20_day_ma,0.05661961
5_day_ma,0.056258213
MACD,0.054448813
MACD_signal,0.053797036
RSI_14,0.046238147
High,0.035369236
