Feature,Importance
BB_lower,0.07121821
20_day_ma,0.067897536
volatility_10,0.06324226
Open,0.061866716
MACD,0.06142145
volume_change,0.061072744
BB_upper,0.060654648
5_day_ma,0.060080856
Volume,0.059426807
High,0.05905026
MACD_signal,0.054932155
Close,0.05486803
10_day_ma,0.05371055
daily_return,0.053060725
20_day_std,0.05279313
RSI_14,0.052747022
Low,0.051956836
