Feature,Importance
20_day_ma,0.07161214
BB_lower,0.07128943
volatility_10,0.065201946
BB_upper,0.064671546
volume_change,0.062000476
MACD,0.06188025
Volume,0.06048815
High,0.05961796
5_day_ma,0.05950751
Open,0.059470788
Close,0.057392854
daily_return,0.055240143
RSI_14,0.053280696
10_day_ma,0.05285865
MACD_signal,0.051130474
Low,0.049405828
20_day_std,0.044951126
