Feature,Importance
BB_upper,0.06879628
Open,0.066618465
MACD_signal,0.065691784
20_day_std,0.062951215
RSI_14,0.06250366
volatility_10,0.06167486
MACD,0.060277034
Close,0.060202308
Low,0.058944862
BB_lower,0.05866468
daily_return,0.057639368
Volume,0.056949385
volume_change,0.055798754
10_day_ma,0.053831838
High,0.0516373
5_day_ma,0.04996239
20_day_ma,0.0478558
