Feature,Importance
Low,0.07183799
BB_upper,0.06758083
5_day_ma,0.06655729
MACD_signal,0.06523445
High,0.0638396
volume_change,0.059894145
MACD,0.05830397
volatility_10,0.058095142
Close,0.056929998
20_day_ma,0.056157887
20_day_std,0.05574707
RSI_14,0.05550632
daily_return,0.054959893
Volume,0.05342924
BB_lower,0.052871197
10_day_ma,0.052388705
Open,0.050666254
