Feature,Importance
Low,0.075702235
RSI_14,0.07368562
BB_lower,0.06649232
MACD,0.06644463
20_day_ma,0.066442735
Open,0.060684763
volume_change,0.059097726
High,0.05763221
20_day_std,0.055027682
BB_upper,0.054616626
Volume,0.05431496
Close,0.053641576
daily_return,0.053483296
10_day_ma,0.0510852
MACD_signal,0.050872773
5_day_ma,0.050872426
volatility_10,0.04990329
