Feature,Importance
Open,0.09235574
5_day_ma,0.08377877
20_day_ma,0.077555515
MACD_signal,0.068899356
MACD,0.063520245
volatility_10,0.0566941
Close,0.05624761
BB_upper,0.05592482
High,0.052979026
BB_lower,0.0527012
RSI_14,0.05250412
10_day_ma,0.051724155
volume_change,0.049809325
daily_return,0.049192023
Volume,0.047866646
20_day_std,0.045892376
Low,0.042354967
