Feature,Importance
BB_lower,0.07783201
20_day_ma,0.07608025
Open,0.070985295
RSI_14,0.06357716
MACD,0.06350234
Low,0.06349191
volume_change,0.05911838
5_day_ma,0.05860992
Volume,0.057564914
10_day_ma,0.056126613
Close,0.05323437
20_day_std,0.05313489
MACD_signal,0.05255247
daily_return,0.049782645
BB_upper,0.04975365
volatility_10,0.049664535
High,0.044988547
