Feature,Importance
BB_lower,0.07402277
RSI_14,0.07330181
10_day_ma,0.06696238
volatility_10,0.06229067
daily_return,0.06156136
volume_change,0.06000689
Open,0.0592512
Volume,0.058887616
MACD_signal,0.056809053
Low,0.056358173
High,0.055994906
20_day_ma,0.055943068
5_day_ma,0.054818816
20_day_std,0.054257173
Close,0.05272018
BB_upper,0.051743276
MACD,0.045070693
