Feature,Importance
20_day_ma,0.07899717
Close,0.07863198
10_day_ma,0.06668036
5_day_ma,0.06394495
Low,0.0636618
BB_lower,0.06248506
Open,0.062102515
MACD_signal,0.05996267
High,0.05817042
daily_return,0.05696644
volume_change,0.056637403
BB_upper,0.05390843
volatility_10,0.05362734
MACD,0.049946208
Volume,0.04806075
RSI_14,0.043452714
20_day_std,0.042763792
