Feature,Importance
MACD,0.07528971
volatility_10,0.07433698
BB_lower,0.07246702
Close,0.07169416
RSI_14,0.06878011
Volume,0.06755814
daily_return,0.06277416
20_day_std,0.061068535
volume_change,0.059673496
5_day_ma,0.05579676
20_day_ma,0.053214137
High,0.051555354
10_day_ma,0.051188096
BB_upper,0.050418437
MACD_signal,0.049749743
Low,0.040472627
Open,0.03396249
