Feature,Importance
Low,0.068027616
BB_lower,0.06469619
BB_upper,0.06349211
5_day_ma,0.06345922
Close,0.062745936
RSI_14,0.06143223
10_day_ma,0.061026998
Open,0.060941428
daily_return,0.0562876
MACD,0.05612671
volatility_10,0.056104224
High,0.055458218
20_day_ma,0.055409405
Volume,0.054505117
20_day_std,0.05411715
MACD_signal,0.053716913
volume_change,0.052453037
