Feature,Importance
5_day_ma,0.070086956
MACD,0.068621136
BB_upper,0.06393466
BB_lower,0.06372213
20_day_std,0.062490854
volatility_10,0.061201442
RSI_14,0.060577467
Volume,0.05971939
High,0.059426237
20_day_ma,0.0586039
daily_return,0.05849197
Open,0.057508443
volume_change,0.054077752
10_day_ma,0.053241
Close,0.05123037
Low,0.050378315
MACD_signal,0.04668799
