Feature,Importance
20_day_ma,0.0720227
MACD_signal,0.06433717
Close,0.062307958
Volume,0.06195703
MACD,0.061653547
Open,0.061320562
High,0.059924487
BB_lower,0.05974711
Low,0.05825258
20_day_std,0.057928264
BB_upper,0.05785794
RSI_14,0.05778275
volume_change,0.05590423
daily_return,0.055074144
5_day_ma,0.05471715
volatility_10,0.05053722
10_day_ma,0.048675094
