Feature,Importance
MACD,0.073566824
5_day_ma,0.06847202
20_day_ma,0.066972
Open,0.06609094
volatility_10,0.06155099
MACD_signal,0.059512984
BB_upper,0.058779757
daily_return,0.05832976
Volume,0.05798691
High,0.055453733
Close,0.055257864
RSI_14,0.05516781
20_day_std,0.054868598
BB_lower,0.053924385
10_day_ma,0.051982924
Low,0.051702704
volume_change,0.050379805
