Feature,Importance
BB_lower,0.06790744
5_day_ma,0.06766086
20_day_std,0.06463955
volatility_10,0.06385486
BB_upper,0.062558204
MACD_signal,0.060617518
Low,0.060570315
High,0.060438987
volume_change,0.059757005
Volume,0.057699364
MACD,0.056538384
daily_return,0.055311635
10_day_ma,0.054035123
20_day_ma,0.05346199
Open,0.053215638
Close,0.05314654
RSI_14,0.048586514
