Feature,Importance
BB_lower,0.0726216
20_day_ma,0.06981951
BB_upper,0.06423894
MACD,0.061373834
volatility_10,0.061202496
RSI_14,0.058967248
Volume,0.0584755
5_day_ma,0.058430467
10_day_ma,0.057709344
Close,0.057497546
20_day_std,0.056817576
volume_change,0.05629998
daily_return,0.055146694
High,0.055127636
MACD_signal,0.053746607
Open,0.052551083
Low,0.049973886
