Feature,Importance
20_day_ma,0.070639655
MACD,0.066453494
MACD_signal,0.063202135
Close,0.06274055
BB_lower,0.06265206
Volume,0.062156014
20_day_std,0.061780654
volatility_10,0.061425954
10_day_ma,0.060621597
BB_upper,0.060367666
High,0.055796202
daily_return,0.05401614
RSI_14,0.053549744
Low,0.053446446
5_day_ma,0.051265128
volume_change,0.05062334
Open,0.049263243
