Feature,Importance
volatility_10,0.07159438
High,0.07140462
Close,0.07048492
20_day_std,0.06495242
BB_lower,0.06311556
volume_change,0.062131766
Low,0.061702624
MACD,0.060994726
MACD_signal,0.05843143
5_day_ma,0.056407835
10_day_ma,0.055287395
BB_upper,0.05376838
daily_return,0.052757483
Volume,0.051379353
20_day_ma,0.050481047
Open,0.050436463
RSI_14,0.044669606
