Feature,Importance
Low,0.07445282
Close,0.07039955
High,0.06588211
volume_change,0.06361916
RSI_14,0.062705085
daily_return,0.060857918
Open,0.05984225
BB_upper,0.059073467
Volume,0.059000146
20_day_ma,0.05811616
MACD_signal,0.056620803
MACD,0.054415453
volatility_10,0.05433246
BB_lower,0.052943986
10_day_ma,0.05051914
5_day_ma,0.049524676
20_day_std,0.047694787
