Feature,Importance
MACD,0.074557304
MACD_signal,0.07100298
5_day_ma,0.065974966
Low,0.0647264
Volume,0.063060895
volume_change,0.061993282
BB_upper,0.061980344
High,0.06063141
Close,0.057916816
volatility_10,0.057133075
Open,0.056888293
RSI_14,0.05500073
daily_return,0.05363957
10_day_ma,0.053178757
BB_lower,0.05312036
20_day_std,0.05033074
20_day_ma,0.038864065
