Feature,Importance
10_day_ma,0.08219714
Open,0.07539828
Close,0.06718818
volatility_10,0.06400644
Low,0.062536694
Volume,0.062153496
High,0.060800213
BB_upper,0.06072154
20_day_ma,0.059720915
MACD_signal,0.057068758
MACD,0.055905245
5_day_ma,0.054379355
volume_change,0.049029257
20_day_std,0.048865225
daily_return,0.046930373
RSI_14,0.046626333
BB_lower,0.04647259
