Feature,Importance
Open,0.07033315
10_day_ma,0.06777298
volatility_10,0.06678045
volume_change,0.063999265
daily_return,0.063536674
MACD_signal,0.06306219
High,0.062360354
20_day_std,0.0619927
Volume,0.05963161
Close,0.058945224
20_day_ma,0.058322433
MACD,0.05795309
RSI_14,0.05753807
BB_upper,0.050762873
BB_lower,0.049317006
Low,0.044876076
5_day_ma,0.0428158
