Feature,Importance
10_day_ma,0.086427234
Low,0.06607131
BB_upper,0.06557341
Close,0.06456771
MACD,0.06448599
MACD_signal,0.0639697
Volume,0.06334329
High,0.06314153
daily_return,0.05685734
RSI_14,0.055099297
volatility_10,0.054046087
20_day_ma,0.051826928
Open,0.05166385
20_day_std,0.050930295
volume_change,0.0494068
BB_lower,0.04754409
5_day_ma,0.04504518
