Feature,Importance
Low,0.07635306
BB_upper,0.07332417
5_day_ma,0.06936186
volume_change,0.067294754
MACD_signal,0.06482113
20_day_std,0.060676474
10_day_ma,0.060516216
RSI_14,0.05967323
BB_lower,0.056016177
MACD,0.05510832
High,0.054944403
Close,0.05319282
20_day_ma,0.051555723
volatility_10,0.05098099
daily_return,0.05034023
Open,0.049508754
Volume,0.046331722
