Feature,Importance
10_day_ma,0.067445666
MACD_signal,0.06658888
20_day_ma,0.06538758
5_day_ma,0.06019457
BB_lower,0.059910722
Open,0.059883766
daily_return,0.059685193
High,0.059449293
20_day_std,0.059245896
volatility_10,0.058565307
RSI_14,0.05824604
BB_upper,0.056908384
Low,0.0562187
MACD,0.053998422
volume_change,0.05381334
Volume,0.053612985
Close,0.050845254
