Feature,Importance
RSI_14,0.075949095
Close,0.07559474
BB_upper,0.070922434
daily_return,0.06867415
volatility_10,0.06566703
Low,0.06330973
10_day_ma,0.06293962
High,0.06128003
5_day_ma,0.06119284
BB_lower,0.060851313
volume_change,0.0589988
Volume,0.05807773
MACD_signal,0.057007488
20_day_std,0.04667489
MACD,0.045958504
Open,0.03717642
20_day_ma,0.029725207
