Feature,Importance
BB_upper,0.069163956
BB_lower,0.06592001
MACD_signal,0.06540989
High,0.06474577
daily_return,0.061973706
20_day_std,0.0600831
RSI_14,0.059284296
volatility_10,0.058685422
Open,0.057026923
Volume,0.05702457
volume_change,0.056985553
Low,0.056239873
10_day_ma,0.055597596
Close,0.05397486
20_day_ma,0.053270977
MACD,0.05312205
5_day_ma,0.05149143
