Feature,Importance
MACD,0.06928034
volatility_10,0.06703481
RSI_14,0.065227926
MACD_signal,0.062254693
Open,0.062054854
volume_change,0.061284345
BB_upper,0.060686044
20_day_ma,0.058932707
5_day_ma,0.058103874
Volume,0.05701726
20_day_std,0.056813225
daily_return,0.056540225
10_day_ma,0.05594449
BB_lower,0.05584319
High,0.055770967
Close,0.052322745
Low,0.044888306
