Feature,Importance
10_day_ma,0.080902025
MACD,0.07552964
volatility_10,0.07117602
Low,0.0655497
High,0.06389697
Close,0.062459506
RSI_14,0.062246397
MACD_signal,0.060023796
BB_lower,0.05758375
Volume,0.056458104
volume_change,0.05634
daily_return,0.052699443
BB_upper,0.051891334
Open,0.05054634
20_day_std,0.04836836
20_day_ma,0.048017755
5_day_ma,0.036310866
