Feature,Importance
High,0.068805456
Low,0.06415554
20_day_std,0.064108625
BB_lower,0.06358419
5_day_ma,0.061821464
Open,0.0616818
Close,0.06151993
daily_return,0.06149193
10_day_ma,0.06125313
MACD_signal,0.05843787
MACD,0.058020357
BB_upper,0.057740673
Volume,0.054968987
volume_change,0.053811524
20_day_ma,0.05081909
RSI_14,0.049430106
volatility_10,0.04834939
