Feature,Importance
20_day_ma,0.08465965
Low,0.07372188
10_day_ma,0.072863154
MACD,0.06898636
RSI_14,0.06692467
5_day_ma,0.064116135
Volume,0.061026353
MACD_signal,0.06012336
volume_change,0.059731398
BB_upper,0.058048803
Open,0.057466105
volatility_10,0.053958498
20_day_std,0.05013772
BB_lower,0.04690742
Close,0.045429517
daily_return,0.044985104
High,0.030913947
