Feature,Importance
Open,0.12229842
Volume,0.073597424
RSI_14,0.06738263
Close,0.065219276
volatility_10,0.064215794
BB_lower,0.06186264
volume_change,0.06118486
20_day_std,0.05967654
MACD,0.058619097
daily_return,0.054750703
10_day_ma,0.054173652
5_day_ma,0.047721706
20_day_ma,0.045606196
Low,0.045066178
High,0.04285977
MACD_signal,0.04256743
BB_upper,0.033197723
