Feature,Importance
Open,0.076834425
5_day_ma,0.070651226
Low,0.07058441
High,0.06942765
20_day_ma,0.06645365
10_day_ma,0.06636999
Close,0.0654761
BB_upper,0.062767036
Volume,0.05879715
MACD_signal,0.056663286
MACD,0.054815844
BB_lower,0.052105438
volume_change,0.04703927
daily_return,0.046216466
RSI_14,0.04586654
20_day_std,0.045302913
volatility_10,0.044628594
