Feature,Importance
20_day_ma,0.07361759
10_day_ma,0.06984136
MACD_signal,0.069635555
daily_return,0.06738366
volatility_10,0.06359918
20_day_std,0.06308689
High,0.05960976
volume_change,0.05818304
5_day_ma,0.057204287
Volume,0.057174336
Low,0.056316603
RSI_14,0.05611864
MACD,0.05600876
Open,0.052182358
BB_lower,0.050064925
BB_upper,0.048221763
Close,0.04175125
