Feature,Importance
Volume,0.0701207
volatility_10,0.06911197
MACD_signal,0.06512766
daily_return,0.06131555
Low,0.06092558
BB_upper,0.059901506
High,0.05932912
volume_change,0.058480117
Close,0.058115494
10_day_ma,0.057452317
20_day_std,0.056966018
20_day_ma,0.056825425
MACD,0.055097397
5_day_ma,0.055049453
Open,0.053015504
RSI_14,0.051770627
BB_lower,0.051395595
