Feature,Importance
High,0.07480821
BB_lower,0.072112314
10_day_ma,0.0710413
Close,0.065654
20_day_ma,0.065157995
MACD,0.06438343
Open,0.06427689
RSI_14,0.058067318
daily_return,0.05763346
MACD_signal,0.05621662
5_day_ma,0.053602993
20_day_std,0.05295137
Volume,0.051290628
volume_change,0.050819103
Low,0.048618253
volatility_10,0.046840243
BB_upper,0.046525817
