Feature,Importance
MACD,0.070375584
BB_upper,0.06761568
20_day_ma,0.062229954
High,0.0617256
20_day_std,0.06028726
BB_lower,0.059995584
Volume,0.05995948
daily_return,0.05923818
RSI_14,0.058600828
volume_change,0.058179475
MACD_signal,0.05783284
volatility_10,0.057577323
Low,0.055508573
Close,0.053838674
10_day_ma,0.053311665
5_day_ma,0.0521666
Open,0.051556665
