Feature,Importance
RSI_14,0.07972509
Open,0.07871287
10_day_ma,0.07410332
MACD_signal,0.0657449
20_day_std,0.06528094
High,0.0623558
volume_change,0.06080737
MACD,0.060223013
5_day_ma,0.057312362
BB_upper,0.057186037
Low,0.056950036
volatility_10,0.05678985
20_day_ma,0.054454777
daily_return,0.051612433
BB_lower,0.04254255
Volume,0.040299736
Close,0.035898924
