Feature,Importance
BB_upper,0.07219496
5_day_ma,0.06726103
MACD,0.065590635
10_day_ma,0.062171355
20_day_ma,0.062167715
High,0.0608391
RSI_14,0.06039867
Volume,0.059634633
Close,0.058054868
MACD_signal,0.057442628
20_day_std,0.056498874
volume_change,0.054977372
daily_return,0.053848244
BB_lower,0.053837378
Low,0.053661846
volatility_10,0.050870545
Open,0.05055019
