Feature,Importance
MACD,0.06936339
Open,0.067839175
volatility_10,0.06470203
Close,0.06400904
20_day_std,0.06368002
MACD_signal,0.063062616
volume_change,0.06275276
5_day_ma,0.059744664
Low,0.059357196
High,0.058149453
daily_return,0.055432413
10_day_ma,0.055326853
BB_lower,0.053549923
BB_upper,0.05109892
20_day_ma,0.051020283
Volume,0.050944354
RSI_14,0.04996692
