Feature,Importance
Low,0.074936956
BB_lower,0.06740391
MACD_signal,0.066461034
BB_upper,0.06564135
10_day_ma,0.06512059
Volume,0.062346775
daily_return,0.06075808
High,0.05886742
5_day_ma,0.058449145
20_day_std,0.057293788
MACD,0.056829885
RSI_14,0.056632057
Open,0.055729695
volume_change,0.051879756
volatility_10,0.050359827
Close,0.047495212
20_day_ma,0.04379452
