Feature,Importance
BB_upper,0.086883076
5_day_ma,0.071796566
20_day_ma,0.07140108
Low,0.070468605
High,0.06487505
daily_return,0.063365825
BB_lower,0.0632741
20_day_std,0.058905285
volume_change,0.057313588
Open,0.05590608
10_day_ma,0.053401105
RSI_14,0.052197967
Volume,0.05017198
MACD,0.04896101
MACD_signal,0.04623149
volatility_10,0.042541727
Close,0.04230547
