Feature,Importance
High,0.07581098
5_day_ma,0.06661392
BB_lower,0.06555455
Open,0.06194004
20_day_ma,0.061670896
Low,0.061545573
Volume,0.061229542
BB_upper,0.059584886
MACD,0.059114665
volume_change,0.057278544
10_day_ma,0.056871716
20_day_std,0.055331543
volatility_10,0.05352063
MACD_signal,0.052309867
Close,0.0520388
RSI_14,0.051334463
daily_return,0.04824938
