Feature,Importance
Low,0.10549715
volatility_10,0.07344764
High,0.06937871
MACD_signal,0.06915421
Close,0.067232676
Open,0.06296828
BB_upper,0.061200123
MACD,0.05926705
RSI_14,0.057329845
volume_change,0.054357287
20_day_ma,0.05294071
BB_lower,0.05110945
5_day_ma,0.04894554
20_day_std,0.04769896
10_day_ma,0.042423595
daily_return,0.03982603
Volume,0.03722272
