Feature,Importance
Low,0.07604645
Close,0.07160891
MACD_signal,0.07068965
MACD,0.068105444
5_day_ma,0.06595245
20_day_std,0.06372611
Volume,0.06256229
volume_change,0.059550237
10_day_ma,0.05943372
Open,0.05893383
RSI_14,0.05626828
volatility_10,0.055373136
High,0.052826792
daily_return,0.052398425
BB_lower,0.04693056
BB_upper,0.045655247
20_day_ma,0.033938475
