Feature,Importance
BB_upper,0.085488044
Open,0.08477156
Close,0.07464393
RSI_14,0.06046144
Low,0.059628967
10_day_ma,0.058531802
daily_return,0.05660958
Volume,0.05656301
MACD,0.055204287
volume_change,0.05491304
20_day_std,0.054569166
MACD_signal,0.054201856
BB_lower,0.052422106
volatility_10,0.051601455
20_day_ma,0.047637556
High,0.046944324
5_day_ma,0.045807917
