Feature,Importance
Low,0.06963631
volume_change,0.06543661
MACD,0.065176524
High,0.06423638
BB_upper,0.06349361
5_day_ma,0.060418025
20_day_ma,0.05999085
Volume,0.059613783
20_day_std,0.05911239
BB_lower,0.058615573
MACD_signal,0.057140034
volatility_10,0.05550656
10_day_ma,0.054839104
RSI_14,0.054787952
daily_return,0.051532745
Close,0.050593156
Open,0.04987037
