Feature,Importance
Open,0.067188576
BB_upper,0.066556044
volume_change,0.066234894
10_day_ma,0.06296241
Low,0.06295524
High,0.06202415
RSI_14,0.0616497
volatility_10,0.058910478
MACD_signal,0.058757763
5_day_ma,0.058273353
BB_lower,0.056602772
Close,0.05468957
20_day_std,0.05369298
20_day_ma,0.053453512
Volume,0.053369496
daily_return,0.051539637
MACD,0.051139373
