Feature,Importance
5_day_ma,0.083877474
MACD_signal,0.07142242
daily_return,0.06918711
RSI_14,0.068597086
volatility_10,0.067449056
Low,0.06295426
Volume,0.060664523
Open,0.06046323
10_day_ma,0.055565678
20_day_ma,0.054308474
volume_change,0.053865932
High,0.051943377
MACD,0.05177424
20_day_std,0.04977143
BB_upper,0.047887687
BB_lower,0.04758753
Close,0.04268047
