Feature,Importance
MACD,0.07716141
High,0.07092497
Low,0.06812923
RSI_14,0.0652224
volatility_10,0.06383441
Open,0.061440308
10_day_ma,0.06125614
5_day_ma,0.059338786
daily_return,0.059275836
Close,0.057168517
20_day_ma,0.056711208
BB_lower,0.053113416
Volume,0.052768733
20_day_std,0.05162618
MACD_signal,0.04969414
BB_upper,0.04728603
volume_change,0.0450483
