Feature,Importance
MACD,0.070808284
10_day_ma,0.06393784
MACD_signal,0.06361936
BB_lower,0.061377767
Open,0.061212625
20_day_ma,0.060758308
volatility_10,0.060496226
20_day_std,0.05978464
daily_return,0.058901776
5_day_ma,0.05878326
BB_upper,0.057679355
Volume,0.055751853
RSI_14,0.05509433
volume_change,0.053604737
Close,0.053422026
Low,0.052820407
High,0.05194725
