Feature,Importance
BB_upper,0.07249425
MACD_signal,0.06720963
daily_return,0.06591428
20_day_std,0.062308777
volatility_10,0.060867887
20_day_ma,0.060008626
High,0.059527695
BB_lower,0.058923755
MACD,0.058650404
10_day_ma,0.058416996
Low,0.05611184
Volume,0.055832874
volume_change,0.055809278
RSI_14,0.055224415
Open,0.055073332
Close,0.050409064
5_day_ma,0.047216937
