Feature,Importance
MACD,0.06924684
MACD_signal,0.06910579
BB_upper,0.062265072
20_day_ma,0.06186097
Open,0.061837938
High,0.061824188
BB_lower,0.06096538
5_day_ma,0.05930414
Low,0.058294956
10_day_ma,0.05734664
volatility_10,0.055587143
20_day_std,0.055513263
RSI_14,0.05461732
Close,0.054309085
daily_return,0.053801548
volume_change,0.052608818
Volume,0.051510967
