Feature,Importance
Low,0.13408728
High,0.092621475
Close,0.072845936
5_day_ma,0.07002484
MACD,0.06621578
RSI_14,0.06312049
MACD_signal,0.058702562
20_day_ma,0.057112563
BB_upper,0.0542683
volatility_10,0.052721307
Open,0.047843665
BB_lower,0.04747234
volume_change,0.041743208
Volume,0.039534863
daily_return,0.039280355
20_day_std,0.034862585
10_day_ma,0.027542513
