Feature,Importance
10_day_ma,0.07336228
Open,0.06977657
BB_upper,0.06691924
Low,0.06514219
5_day_ma,0.063206054
20_day_ma,0.060876764
MACD_signal,0.0601015
High,0.058435667
MACD,0.056756474
volatility_10,0.0555364
Volume,0.0549905
BB_lower,0.05388476
daily_return,0.05358159
RSI_14,0.053559437
Close,0.053155158
20_day_std,0.05059988
volume_change,0.050115574
