Feature,Importance
BB_upper,0.06756819
BB_lower,0.06693532
Low,0.06660338
5_day_ma,0.06525571
Open,0.062172215
volume_change,0.06063114
High,0.05961562
RSI_14,0.058567453
20_day_std,0.05839766
daily_return,0.05783659
20_day_ma,0.057717815
MACD_signal,0.057621505
MACD,0.057375435
Volume,0.056400526
volatility_10,0.053087793
10_day_ma,0.048947774
Close,0.045265928
