Feature,Importance
10_day_ma,0.0723485
5_day_ma,0.06562545
volume_change,0.06465782
Open,0.062500395
MACD,0.062229384
Close,0.06161382
Low,0.06078158
daily_return,0.059107997
High,0.058911685
BB_upper,0.056958597
BB_lower,0.05648856
MACD_signal,0.056424968
20_day_ma,0.05631328
RSI_14,0.054886207
volatility_10,0.052206956
Volume,0.05186755
20_day_std,0.04707727
