Feature,Importance
High,0.07825806
10_day_ma,0.062425464
RSI_14,0.06199853
Volume,0.061831795
Open,0.061097853
20_day_ma,0.060056124
Low,0.058782313
daily_return,0.058734857
BB_lower,0.057266757
MACD_signal,0.057106286
20_day_std,0.056276776
Close,0.05598494
volatility_10,0.05542857
volume_change,0.054677982
BB_upper,0.05407703
MACD,0.05309247
5_day_ma,0.05290417
