Feature,Importance
Low,0.06585049
BB_upper,0.06462343
RSI_14,0.064445265
volume_change,0.06259294
BB_lower,0.06069763
MACD,0.060629
20_day_std,0.06015666
Open,0.059653122
High,0.059380084
MACD_signal,0.05921815
Volume,0.058801223
20_day_ma,0.0580495
10_day_ma,0.05526148
5_day_ma,0.055112816
volatility_10,0.05244415
Close,0.052274086
daily_return,0.050809946
