Feature,Importance
RSI_14,0.075779326
MACD,0.07092382
5_day_ma,0.06453752
MACD_signal,0.06362803
20_day_ma,0.06302157
Low,0.06268914
volume_change,0.06217056
volatility_10,0.06179243
Open,0.06133176
High,0.059128903
20_day_std,0.057055496
BB_upper,0.055083103
Close,0.052536797
daily_return,0.050498284
10_day_ma,0.049971137
BB_lower,0.04908137
Volume,0.040770758
