Feature,Importance
20_day_std,0.067296326
Close,0.06719959
volume_change,0.06481869
BB_lower,0.0626342
MACD_signal,0.06248117
daily_return,0.06168453
Low,0.060945492
Open,0.060280655
RSI_14,0.059106342
20_day_ma,0.059070293
volatility_10,0.057036843
MACD,0.057030953
BB_upper,0.054007344
High,0.052985262
Volume,0.052141704
5_day_ma,0.05123219
10_day_ma,0.0500484
