Feature,Importance
volatility_10,0.070231214
Low,0.0677558
High,0.06627186
Volume,0.064875156
BB_lower,0.06244382
10_day_ma,0.061284665
RSI_14,0.060068257
5_day_ma,0.059766352
volume_change,0.057424005
20_day_ma,0.05706873
BB_upper,0.055822503
daily_return,0.05503279
Open,0.05492941
Close,0.052178875
MACD_signal,0.05205934
MACD,0.05193785
20_day_std,0.050849352
