Feature,Importance
Low,0.080229096
10_day_ma,0.067283206
RSI_14,0.06456329
High,0.06438167
20_day_std,0.06336915
BB_lower,0.061290383
MACD_signal,0.06127685
BB_upper,0.06088428
5_day_ma,0.059280425
daily_return,0.05778454
MACD,0.055779368
Close,0.055481557
volatility_10,0.05279533
Volume,0.052014224
volume_change,0.05164326
Open,0.048762366
20_day_ma,0.043181006
