Feature,Importance
BB_upper,0.06969183
Low,0.06683607
MACD,0.06479846
daily_return,0.06411833
Open,0.0632371
BB_lower,0.060465477
volatility_10,0.059414685
Volume,0.0593676
volume_change,0.059234485
20_day_std,0.058781985
RSI_14,0.057402387
20_day_ma,0.057106443
MACD_signal,0.0554441
5_day_ma,0.052654304
High,0.05126697
Close,0.05025083
10_day_ma,0.049928974
