Feature,Importance
volatility_10,0.08127864
BB_upper,0.068377435
MACD_signal,0.067535155
Volume,0.06604574
daily_return,0.063148744
10_day_ma,0.06239688
20_day_std,0.061689194
volume_change,0.05937008
MACD,0.05897291
Open,0.057735823
RSI_14,0.054897107
Close,0.053774033
High,0.053066842
20_day_ma,0.051885862
BB_lower,0.051554527
Low,0.047186665
5_day_ma,0.04108437
