Feature,Importance
Low,0.0676964
BB_lower,0.06733358
BB_upper,0.06407416
MACD_signal,0.0639554
20_day_std,0.06274356
High,0.060864568
Volume,0.060577255
volume_change,0.05899244
Open,0.058015447
daily_return,0.056342386
MACD,0.05602224
volatility_10,0.055499736
RSI_14,0.0552479
5_day_ma,0.055021197
Close,0.054838967
20_day_ma,0.05347638
10_day_ma,0.049298406
