Feature,Importance
BB_lower,0.06478546
BB_upper,0.06467278
MACD_signal,0.064413466
20_day_std,0.063855
High,0.060338795
MACD,0.060080316
volatility_10,0.05843997
Open,0.058305915
daily_return,0.058060918
Volume,0.057974577
10_day_ma,0.05661054
Close,0.056521785
5_day_ma,0.055865176
RSI_14,0.055819813
volume_change,0.05551845
20_day_ma,0.054494902
Low,0.05424214
