Feature,Importance
High,0.080893464
Low,0.08013418
Open,0.07476051
BB_upper,0.07350217
MACD,0.0680274
MACD_signal,0.06180642
Volume,0.0555192
BB_lower,0.055195622
Close,0.054443743
RSI_14,0.053752545
20_day_ma,0.053560518
10_day_ma,0.05264111
volatility_10,0.04933921
20_day_std,0.04864287
5_day_ma,0.047448512
daily_return,0.045729194
volume_change,0.044603314
