Feature,Importance
Low,0.09406897
High,0.07355025
RSI_14,0.06239453
BB_upper,0.06033706
volume_change,0.059182215
MACD_signal,0.05880366
5_day_ma,0.05726792
10_day_ma,0.055516377
daily_return,0.055319052
volatility_10,0.05526842
20_day_std,0.055189166
BB_lower,0.05493448
Open,0.054343805
MACD,0.054058667
Close,0.052391324
Volume,0.050070543
20_day_ma,0.047303606
