Feature,Importance
10_day_ma,0.066160895
Open,0.06511906
MACD_signal,0.06511008
daily_return,0.06449251
volatility_10,0.06445774
MACD,0.064348504
Low,0.063938804
RSI_14,0.06109805
BB_upper,0.061019816
20_day_std,0.059560735
High,0.058874995
Volume,0.058035593
volume_change,0.05630207
Close,0.05008957
BB_lower,0.048467323
5_day_ma,0.047809016
20_day_ma,0.045115206
