Feature,Importance
Low,0.06681792
volume_change,0.06489577
5_day_ma,0.06293048
BB_lower,0.06261231
Open,0.06245996
20_day_ma,0.06173569
10_day_ma,0.061346438
20_day_std,0.05744672
BB_upper,0.057259496
Close,0.057089765
daily_return,0.05669744
RSI_14,0.056630682
Volume,0.056468356
MACD_signal,0.05591777
High,0.054948304
volatility_10,0.054729477
MACD,0.05001344
