Feature,Importance
MACD,0.071157806
volatility_10,0.06920195
MACD_signal,0.06895212
20_day_ma,0.06576765
BB_lower,0.06030155
Volume,0.059109066
10_day_ma,0.05829267
Open,0.05821873
5_day_ma,0.057625335
Close,0.057430852
20_day_std,0.056310568
RSI_14,0.055745233
volume_change,0.054477952
Low,0.05411736
daily_return,0.05373374
BB_upper,0.05359759
High,0.04595985
