Feature,Importance
20_day_std,0.06717872
RSI_14,0.066159904
5_day_ma,0.06561372
Low,0.06509705
BB_upper,0.062007047
High,0.061340645
BB_lower,0.06003264
volume_change,0.05829486
10_day_ma,0.058025457
20_day_ma,0.057570517
daily_return,0.05752908
Open,0.057360183
Close,0.054866184
MACD,0.0544275
Volume,0.053943112
volatility_10,0.051203467
MACD_signal,0.049349938
