Feature,Importance
High,0.071870744
BB_lower,0.06955472
Low,0.06786636
MACD_signal,0.06373763
volume_change,0.06280492
5_day_ma,0.061726313
Close,0.06154925
Open,0.06102259
daily_return,0.05737069
BB_upper,0.056905247
10_day_ma,0.056838036
RSI_14,0.056728948
20_day_ma,0.056362044
20_day_std,0.054399297
Volume,0.04931845
volatility_10,0.04867332
MACD,0.043271437
