Feature,Importance
Close,0.08269586
MACD,0.07934424
High,0.07442704
Open,0.072900794
volume_change,0.07013976
Low,0.05888106
RSI_14,0.057073068
BB_upper,0.05671102
20_day_std,0.05337215
daily_return,0.053231243
10_day_ma,0.052122712
BB_lower,0.051746253
MACD_signal,0.051205527
Volume,0.048209917
5_day_ma,0.047959317
volatility_10,0.046401996
20_day_ma,0.043578025
