Feature,Importance
High,0.07425952
Open,0.06767355
BB_upper,0.066524155
volatility_10,0.066459425
MACD,0.065194204
Low,0.06342723
Close,0.062438022
10_day_ma,0.059004314
Volume,0.058888342
BB_lower,0.05870307
MACD_signal,0.057593152
volume_change,0.054683622
daily_return,0.053078357
RSI_14,0.049768664
20_day_std,0.049465943
20_day_ma,0.046951097
5_day_ma,0.04588742
