Feature,Importance
Close,0.07750481
Open,0.07736779
10_day_ma,0.071844
MACD,0.07086121
5_day_ma,0.06876523
volume_change,0.06344547
High,0.06335737
daily_return,0.05618013
BB_lower,0.05527515
20_day_ma,0.054957703
MACD_signal,0.05383056
volatility_10,0.05181911
RSI_14,0.05096474
Low,0.050137885
BB_upper,0.045821756
20_day_std,0.04396572
Volume,0.04390137
