Feature,Importance
Low,0.09066265
20_day_ma,0.07115172
10_day_ma,0.06959694
BB_upper,0.0692669
Close,0.068789065
BB_lower,0.066094935
volatility_10,0.06256083
High,0.062346455
MACD,0.056695703
20_day_std,0.05630103
Volume,0.05174814
RSI_14,0.051297557
daily_return,0.049983565
volume_change,0.04718553
Open,0.04677083
MACD_signal,0.044038866
5_day_ma,0.035509374
