Feature,Importance
Low,0.08312775
20_day_std,0.07322998
10_day_ma,0.069466345
volume_change,0.06873751
BB_upper,0.068049066
BB_lower,0.0639115
RSI_14,0.05768316
volatility_10,0.055217832
Open,0.054861955
High,0.054103393
5_day_ma,0.053700108
Volume,0.052916273
20_day_ma,0.052346136
MACD,0.0506522
MACD_signal,0.050157838
Close,0.046092417
daily_return,0.045746513
