Feature,Importance
Open,0.06916675
10_day_ma,0.065371834
BB_upper,0.0630907
volatility_10,0.062326293
High,0.062323093
5_day_ma,0.062031638
Close,0.060894977
20_day_std,0.06058551
Low,0.057460636
MACD_signal,0.05676905
RSI_14,0.056253195
Volume,0.056160573
20_day_ma,0.056044426
MACD,0.056032382
volume_change,0.0532895
daily_return,0.052853845
BB_lower,0.049345523
