Feature,Importance
BB_upper,0.06946978
MACD_signal,0.063217774
10_day_ma,0.061143998
20_day_std,0.061134145
BB_lower,0.0595356
daily_return,0.059021205
20_day_ma,0.05862316
Volume,0.058377683
MACD,0.058110204
Low,0.05806344
High,0.057786588
RSI_14,0.057509
Open,0.057360806
5_day_ma,0.05595059
volatility_10,0.055535816
Close,0.05513938
volume_change,0.05402087
