Feature,Importance
High,0.08211315
BB_upper,0.070210464
daily_return,0.06735273
5_day_ma,0.06688367
volume_change,0.065532885
BB_lower,0.06536289
Low,0.061867785
Volume,0.060531087
20_day_std,0.05997373
RSI_14,0.057873677
Open,0.055739503
MACD_signal,0.054204445
Close,0.05085614
volatility_10,0.049580876
10_day_ma,0.047768466
MACD,0.04345395
20_day_ma,0.040694565
