Feature,Importance
20_day_ma,0.07285454
Volume,0.06874936
Close,0.067329936
Low,0.0665893
MACD,0.064918965
Open,0.062002286
5_day_ma,0.060786285
MACD_signal,0.057718217
BB_lower,0.057557568
High,0.05674249
RSI_14,0.055407878
20_day_std,0.054928318
daily_return,0.052297223
BB_upper,0.051762577
volume_change,0.05084976
volatility_10,0.05047686
10_day_ma,0.04902843
