Feature,Importance
BB_upper,0.07909688
volatility_10,0.07253983
RSI_14,0.065681815
Low,0.06427749
daily_return,0.062322438
Volume,0.05996344
BB_lower,0.05923659
Open,0.058917932
20_day_std,0.058800448
10_day_ma,0.05469965
volume_change,0.0543524
5_day_ma,0.054085903
MACD,0.05355648
20_day_ma,0.05320588
Close,0.050615337
MACD_signal,0.050117716
High,0.04852982
