Feature,Importance
Open,0.08955319
10_day_ma,0.085920796
20_day_ma,0.08442904
Volume,0.06333814
daily_return,0.059614327
volatility_10,0.05736068
RSI_14,0.057038717
MACD,0.054641016
BB_lower,0.05393375
Close,0.0538791
volume_change,0.05366713
20_day_std,0.053237054
BB_upper,0.05139623
Low,0.049842414
High,0.049155932
5_day_ma,0.043223146
MACD_signal,0.03976929
