Feature,Importance
MACD,0.06826269
Low,0.067078754
5_day_ma,0.06561464
MACD_signal,0.06450341
Open,0.06187615
20_day_ma,0.060945198
BB_upper,0.060365092
RSI_14,0.059792764
High,0.059610184
volume_change,0.0586378
Close,0.058535542
10_day_ma,0.05592364
volatility_10,0.055902224
BB_lower,0.054407876
daily_return,0.052455474
20_day_std,0.049382124
Volume,0.04670642
