Feature,Importance
Open,0.07068415
Low,0.0662566
5_day_ma,0.06296765
10_day_ma,0.06234269
volume_change,0.061806727
Volume,0.060843315
volatility_10,0.059505943
BB_lower,0.059305865
MACD_signal,0.05900665
BB_upper,0.058671784
20_day_ma,0.05742729
daily_return,0.056534253
20_day_std,0.055761233
MACD,0.05516756
RSI_14,0.0526997
High,0.051710628
Close,0.049307924
