Feature,Importance
Open,0.0743109
BB_upper,0.070141986
BB_lower,0.064628094
MACD_signal,0.0625905
20_day_std,0.06196827
volatility_10,0.061024327
MACD,0.06099531
High,0.060077086
10_day_ma,0.06003308
Low,0.056007154
5_day_ma,0.055907626
20_day_ma,0.05421409
Volume,0.053562675
daily_return,0.051900934
RSI_14,0.05144815
volume_change,0.051222768
Close,0.04996697
