Feature,Importance
20_day_ma,0.073549815
Open,0.06626317
10_day_ma,0.06577736
BB_lower,0.065181576
High,0.06247048
MACD_signal,0.06009109
20_day_std,0.05931536
MACD,0.059241187
Volume,0.05921546
Close,0.05881949
volatility_10,0.058564927
BB_upper,0.058527697
daily_return,0.058397174
RSI_14,0.053604376
5_day_ma,0.053159986
volume_change,0.046047807
Low,0.04177309
