Feature,Importance
BB_upper,0.06376445
Low,0.06330762
BB_lower,0.06253062
10_day_ma,0.061876632
Open,0.061814785
20_day_ma,0.061673313
Close,0.061599437
20_day_std,0.060179077
High,0.05991425
5_day_ma,0.058056504
MACD,0.057654895
Volume,0.05573537
RSI_14,0.054925174
MACD_signal,0.05475699
volume_change,0.054635838
volatility_10,0.05455625
daily_return,0.053018782
