Feature,Importance
BB_upper,0.07117756
BB_lower,0.06798821
MACD_signal,0.06677559
High,0.06072593
RSI_14,0.060282785
MACD,0.06004022
daily_return,0.057957612
20_day_ma,0.05730374
Low,0.057105135
10_day_ma,0.056391574
Close,0.056210037
volatility_10,0.05584405
20_day_std,0.055816177
volume_change,0.055524364
5_day_ma,0.055460714
Open,0.055451848
Volume,0.0499445
