Feature,Importance
5_day_ma,0.07822835
Close,0.06998562
10_day_ma,0.066679366
Open,0.06585617
Volume,0.06491374
High,0.061943527
20_day_std,0.061900627
BB_upper,0.061431006
MACD_signal,0.057974927
20_day_ma,0.05752173
RSI_14,0.05502198
daily_return,0.05245053
MACD,0.0515297
volatility_10,0.05107173
BB_lower,0.050845873
volume_change,0.047860835
Low,0.04478424
