Feature,Importance
Low,0.073708035
daily_return,0.06924794
10_day_ma,0.06437204
5_day_ma,0.062190354
Volume,0.06113473
BB_upper,0.059968013
20_day_std,0.05951467
20_day_ma,0.058523163
volume_change,0.05761545
RSI_14,0.057562735
MACD,0.057416447
Open,0.05662756
volatility_10,0.056533344
Close,0.054750025
BB_lower,0.051746674
High,0.04957889
MACD_signal,0.049509928
