Feature,Importance
MACD,0.07641026
Low,0.07083775
volume_change,0.06638374
5_day_ma,0.065231256
BB_lower,0.063736625
BB_upper,0.062932
20_day_std,0.062384836
volatility_10,0.061381835
Volume,0.059824802
MACD_signal,0.058472738
20_day_ma,0.05472912
Close,0.05457021
Open,0.053413708
RSI_14,0.052225426
daily_return,0.050609633
High,0.044599935
10_day_ma,0.042256113
