Feature,Importance
RSI_14,0.06734756
Low,0.06708564
MACD,0.065868124
10_day_ma,0.065239504
Open,0.06491167
20_day_ma,0.0635824
volatility_10,0.061309475
5_day_ma,0.0598835
High,0.05896646
20_day_std,0.056871396
Volume,0.05592651
daily_return,0.055481117
BB_lower,0.053009976
BB_upper,0.05294139
MACD_signal,0.051404614
volume_change,0.05028985
Close,0.049880862
