Feature,Importance
High,0.080544844
MACD_signal,0.07235
BB_upper,0.06929533
MACD,0.06894623
Low,0.06778904
10_day_ma,0.06651492
5_day_ma,0.059564482
volatility_10,0.059212606
Volume,0.05587462
RSI_14,0.0547026
Open,0.05410535
20_day_std,0.051472165
daily_return,0.050990988
Close,0.050855387
BB_lower,0.048281517
20_day_ma,0.044981297
volume_change,0.04451865
