Feature,Importance
MACD_signal,0.07270872
MACD,0.06989373
High,0.06770227
Low,0.067308545
10_day_ma,0.065943226
BB_lower,0.064038664
volatility_10,0.06200042
BB_upper,0.058688417
daily_return,0.058681123
volume_change,0.056724843
Volume,0.056229964
5_day_ma,0.052614283
Open,0.052157376
20_day_ma,0.050937716
Close,0.049176335
20_day_std,0.048846558
RSI_14,0.046347816
