Feature,Importance
BB_lower,0.077929124
Low,0.0725437
High,0.07074678
Close,0.06474499
5_day_ma,0.062223732
Open,0.05799414
volume_change,0.057955913
BB_upper,0.056838073
10_day_ma,0.056241103
MACD_signal,0.05620183
20_day_std,0.055374674
MACD,0.05383163
RSI_14,0.05309278
volatility_10,0.052373987
20_day_ma,0.05155085
Volume,0.050751697
daily_return,0.049604967
