Feature,Importance
High,0.07764677
Low,0.075096525
MACD_signal,0.07448402
MACD,0.069886476
BB_lower,0.06268308
20_day_ma,0.06218795
5_day_ma,0.059002314
RSI_14,0.0561269
BB_upper,0.055038564
Volume,0.054415356
Open,0.054403305
volume_change,0.05436259
volatility_10,0.052457113
Close,0.049874708
20_day_std,0.048761487
daily_return,0.04685292
10_day_ma,0.046719935
