Feature,Importance
20_day_ma,0.07013417
Open,0.06903468
BB_upper,0.068175964
20_day_std,0.06312504
MACD_signal,0.060610298
MACD,0.060084593
Low,0.05992463
volatility_10,0.058715805
10_day_ma,0.05846722
Close,0.057107273
High,0.056826457
volume_change,0.05608146
Volume,0.054214355
daily_return,0.05393119
RSI_14,0.052486483
5_day_ma,0.050640464
BB_lower,0.050439965
