Feature,Importance
volume_change,0.064461075
MACD,0.06280489
High,0.062327974
Open,0.06217583
BB_lower,0.061963934
20_day_ma,0.060455404
RSI_14,0.06041691
Low,0.059818007
Close,0.059569087
daily_return,0.05844698
20_day_std,0.057389982
MACD_signal,0.05687283
BB_upper,0.05603181
10_day_ma,0.055725142
volatility_10,0.05480833
Volume,0.05452004
5_day_ma,0.05221178
