Feature,Importance
BB_upper,0.07484342
Volume,0.06764501
20_day_ma,0.06640102
volatility_10,0.060617294
BB_lower,0.060219876
MACD,0.059732065
Low,0.05894142
Close,0.058345824
MACD_signal,0.058254123
10_day_ma,0.05734073
volume_change,0.0572703
20_day_std,0.05605834
High,0.055697113
daily_return,0.05375379
5_day_ma,0.05300643
Open,0.051823214
RSI_14,0.05005008
