Feature,Importance
BB_upper,0.0703476
Volume,0.06769421
daily_return,0.0671492
MACD,0.06316995
20_day_std,0.06117748
BB_lower,0.06105838
10_day_ma,0.059186116
Low,0.059034184
Open,0.05882718
5_day_ma,0.057751343
Close,0.05539367
RSI_14,0.055017017
High,0.054361146
volatility_10,0.05384038
MACD_signal,0.053393435
20_day_ma,0.05338286
volume_change,0.04921586
