Feature,Importance
20_day_ma,0.073238805
BB_upper,0.07112104
volatility_10,0.0670943
5_day_ma,0.06399542
daily_return,0.06088284
volume_change,0.060125448
20_day_std,0.058466855
MACD,0.05845971
Low,0.057439946
Open,0.057430107
Volume,0.056557983
MACD_signal,0.055577725
BB_lower,0.05542872
Close,0.054103084
10_day_ma,0.05230194
RSI_14,0.049979713
High,0.047796346
