Feature,Importance
5_day_ma,0.074139185
daily_return,0.06555073
volatility_10,0.064618915
RSI_14,0.064518236
Volume,0.063641705
BB_upper,0.06309725
MACD,0.061318375
Open,0.06081555
20_day_ma,0.060721606
20_day_std,0.060124945
volume_change,0.05611733
BB_lower,0.054940403
High,0.05327877
Low,0.053257875
MACD_signal,0.04986242
Close,0.047860507
10_day_ma,0.04613618
