Feature,Importance
Open,0.07236783
10_day_ma,0.06972689
BB_lower,0.06359739
volume_change,0.06179928
Low,0.061147995
20_day_std,0.060713194
20_day_ma,0.059283134
BB_upper,0.0592659
Close,0.05893886
MACD,0.058929343
daily_return,0.05890714
Volume,0.056422774
MACD_signal,0.055579513
RSI_14,0.05322348
volatility_10,0.0520218
5_day_ma,0.04910679
High,0.048968647
