Feature,Importance
BB_upper,0.07578117
volatility_10,0.075284936
5_day_ma,0.065147325
Open,0.06477042
RSI_14,0.06343862
Low,0.061759066
daily_return,0.057961676
BB_lower,0.057562225
20_day_std,0.056590177
MACD_signal,0.056207612
MACD,0.0559657
20_day_ma,0.05485458
Volume,0.053322632
volume_change,0.05254133
10_day_ma,0.052179925
High,0.050945442
Close,0.04568717
