Feature,Importance
5_day_ma,0.07449541
Volume,0.07023153
Open,0.06978112
Low,0.06589342
High,0.065361656
BB_lower,0.06434965
20_day_ma,0.06315719
volatility_10,0.057847347
MACD,0.056581087
Close,0.055097982
BB_upper,0.054858446
MACD_signal,0.054223232
volume_change,0.053699445
daily_return,0.05309572
20_day_std,0.05228533
RSI_14,0.045799814
10_day_ma,0.043241702
