Feature,Importance
BB_upper,0.0734629
Open,0.070094794
volume_change,0.069111355
20_day_ma,0.06654655
5_day_ma,0.06363609
Low,0.063029654
BB_lower,0.061900098
MACD,0.061317794
volatility_10,0.058767937
10_day_ma,0.05858254
daily_return,0.057872064
Volume,0.054809693
RSI_14,0.053691365
20_day_std,0.050559793
MACD_signal,0.047778685
High,0.04761968
Close,0.041218955
