Feature,Importance
Close,0.07806082
High,0.072426334
Low,0.07210649
BB_lower,0.064524524
Open,0.06401169
20_day_std,0.06360463
5_day_ma,0.0592737
MACD_signal,0.057642467
20_day_ma,0.05741025
RSI_14,0.05728909
daily_return,0.053934257
MACD,0.051838722
BB_upper,0.051281024
volatility_10,0.050276604
volume_change,0.049836528
Volume,0.048821796
10_day_ma,0.04766112
