Feature,Importance
20_day_std,0.08601645
10_day_ma,0.07803375
Open,0.07528222
MACD_signal,0.06771741
BB_lower,0.06498063
daily_return,0.061126772
volatility_10,0.05836298
BB_upper,0.05777526
Volume,0.057142604
RSI_14,0.056580413
volume_change,0.056417357
MACD,0.056221314
Low,0.0522285
Close,0.052098613
20_day_ma,0.04456936
5_day_ma,0.040762454
High,0.034683917
