Feature,Importance
Low,0.079423316
Open,0.07244841
10_day_ma,0.0691951
volatility_10,0.06619516
BB_upper,0.06509569
Close,0.061016172
BB_lower,0.06074348
Volume,0.057290316
20_day_ma,0.05694591
5_day_ma,0.05642152
MACD,0.055807594
volume_change,0.054992236
RSI_14,0.05495878
High,0.051753048
MACD_signal,0.051124565
daily_return,0.04920668
20_day_std,0.037382014
