Feature,Importance
BB_upper,0.06852503
volatility_10,0.06563341
High,0.06562742
Close,0.06521204
20_day_ma,0.0641654
RSI_14,0.0625125
BB_lower,0.06072381
Low,0.060277272
MACD,0.058293715
volume_change,0.05658749
20_day_std,0.056328822
10_day_ma,0.056070194
MACD_signal,0.055828366
daily_return,0.05302829
5_day_ma,0.052828565
Open,0.050855022
Volume,0.04750266
