Feature,Importance
MACD,0.0699257
10_day_ma,0.0651388
BB_upper,0.06449176
Low,0.0643664
High,0.06395964
volume_change,0.06309315
5_day_ma,0.0622276
BB_lower,0.06080702
volatility_10,0.059203923
Close,0.05848068
RSI_14,0.05803234
Open,0.053967454
Volume,0.053637154
daily_return,0.053204495
20_day_std,0.050850783
20_day_ma,0.049737286
MACD_signal,0.04887575
