Feature,Importance
Low,0.07502695
MACD_signal,0.07191624
volume_change,0.06749382
BB_upper,0.065139055
RSI_14,0.063083455
MACD,0.061505612
Close,0.059117183
5_day_ma,0.05856243
volatility_10,0.057814687
Open,0.057322145
20_day_std,0.054470282
High,0.05307217
daily_return,0.052590333
10_day_ma,0.05204369
BB_lower,0.05156014
20_day_ma,0.050197817
Volume,0.04908398
