Feature,Importance
Open,0.06940128
Low,0.06696438
High,0.06586924
BB_lower,0.0653243
20_day_ma,0.06364667
5_day_ma,0.062146116
volume_change,0.06199129
MACD_signal,0.061024044
10_day_ma,0.059291877
BB_upper,0.058891598
Close,0.058792103
20_day_std,0.05595278
daily_return,0.05487599
volatility_10,0.051253114
Volume,0.04991272
RSI_14,0.049254313
MACD,0.045408297
