Feature,Importance
BB_upper,0.07514034
daily_return,0.06702302
10_day_ma,0.06456952
BB_lower,0.062649
Open,0.06183674
volatility_10,0.061010223
High,0.060911708
volume_change,0.058705196
20_day_std,0.056881435
MACD_signal,0.05616159
MACD,0.056139417
Close,0.056013405
Low,0.055765364
20_day_ma,0.05561735
RSI_14,0.052548453
5_day_ma,0.049863692
Volume,0.049163673
