Feature,Importance
MACD,0.07248832
volume_change,0.06891146
volatility_10,0.06443389
Open,0.06348104
5_day_ma,0.06336984
BB_upper,0.06331273
20_day_std,0.06267858
Low,0.060834423
MACD_signal,0.060686827
Close,0.059338585
BB_lower,0.056299567
RSI_14,0.056182973
High,0.055934295
Volume,0.054384217
daily_return,0.052395884
20_day_ma,0.047806278
10_day_ma,0.037461046
