Feature,Importance
20_day_ma,0.06627227
BB_upper,0.063013345
BB_lower,0.0625301
Close,0.06148595
High,0.061450902
Low,0.06053488
MACD,0.060148645
RSI_14,0.05936154
10_day_ma,0.058980297
Open,0.05799128
5_day_ma,0.057385515
Volume,0.057328586
daily_return,0.05595445
MACD_signal,0.05552293
volume_change,0.055387948
20_day_std,0.05369425
volatility_10,0.05295714
