Feature,Importance
Open,0.075129665
High,0.06561547
BB_upper,0.065134674
MACD_signal,0.06414604
Low,0.06271519
RSI_14,0.061224442
volume_change,0.061174713
10_day_ma,0.06069617
MACD,0.058834665
BB_lower,0.058659412
20_day_ma,0.057874363
20_day_std,0.05714915
Close,0.05661343
Volume,0.052630607
volatility_10,0.05048626
daily_return,0.048247013
5_day_ma,0.043668747
