Feature,Importance
volatility_10,0.07245589
High,0.06896271
BB_upper,0.06645951
Close,0.06447281
BB_lower,0.064117044
Volume,0.06380629
volume_change,0.06231466
20_day_ma,0.06177646
MACD,0.061399594
daily_return,0.060393844
5_day_ma,0.058302198
10_day_ma,0.05564195
Open,0.054527488
MACD_signal,0.053955577
RSI_14,0.049649376
Low,0.04107391
20_day_std,0.040690713
