Feature,Importance
BB_upper,0.06755386
BB_lower,0.064726025
10_day_ma,0.063962735
Open,0.06361356
20_day_std,0.06271544
High,0.061293527
MACD_signal,0.06118823
20_day_ma,0.059123658
volatility_10,0.05791136
MACD,0.057008844
Close,0.056757107
volume_change,0.056335837
daily_return,0.05496727
Low,0.054335855
RSI_14,0.053467758
5_day_ma,0.052996565
Volume,0.052042454
