Feature,Importance
Low,0.080934964
daily_return,0.06598504
High,0.06475218
20_day_std,0.06421541
volatility_10,0.06364987
10_day_ma,0.061644264
BB_lower,0.061598312
Open,0.061173357
BB_upper,0.06107721
Close,0.059957627
MACD,0.05535147
20_day_ma,0.05265766
5_day_ma,0.051944364
MACD_signal,0.05128668
volume_change,0.04849899
RSI_14,0.047746215
Volume,0.047526423
