Feature,Importance
Low,0.091316275
MACD_signal,0.07112394
5_day_ma,0.06742872
RSI_14,0.065306574
BB_upper,0.06520904
Close,0.06514978
MACD,0.062411297
daily_return,0.0586219
High,0.05755933
20_day_ma,0.056929708
volume_change,0.056601062
Open,0.05090453
volatility_10,0.048841342
10_day_ma,0.048168633
BB_lower,0.047667813
20_day_std,0.04517226
Volume,0.041587766
