Feature,Importance
BB_upper,0.07003589
Low,0.06776403
20_day_std,0.06694395
daily_return,0.06550911
Close,0.06535437
10_day_ma,0.065266624
volatility_10,0.06414392
5_day_ma,0.06407436
Open,0.058619026
High,0.05504289
20_day_ma,0.05354168
BB_lower,0.05262478
MACD,0.051876508
MACD_signal,0.051641803
volume_change,0.051425647
RSI_14,0.0494184
Volume,0.04671697
