Feature,Importance
Low,0.07276372
MACD_signal,0.06894772
5_day_ma,0.06581411
High,0.06409143
20_day_ma,0.06252736
10_day_ma,0.061909683
Volume,0.060714018
20_day_std,0.05953315
Open,0.058063608
volatility_10,0.05675379
Close,0.0566752
BB_upper,0.05527524
RSI_14,0.054346763
BB_lower,0.05430246
daily_return,0.051053632
MACD,0.050395165
volume_change,0.046832968
