Feature,Importance
MACD,0.07678883
volume_change,0.07149384
Volume,0.06439845
5_day_ma,0.06331122
Low,0.06316084
MACD_signal,0.063081376
BB_upper,0.06208286
20_day_std,0.05914026
RSI_14,0.057813432
BB_lower,0.057254624
volatility_10,0.055964835
Open,0.055398278
daily_return,0.052345783
20_day_ma,0.050826874
10_day_ma,0.04937159
High,0.04926511
Close,0.048301805
