Feature,Importance
MACD,0.076583065
High,0.071864724
Close,0.0710463
10_day_ma,0.06971004
BB_upper,0.06809445
MACD_signal,0.06679291
volatility_10,0.06436188
20_day_ma,0.057531297
Open,0.057111032
volume_change,0.055821884
Low,0.054503217
Volume,0.05212885
5_day_ma,0.050436404
BB_lower,0.04807011
daily_return,0.046941806
RSI_14,0.046877183
20_day_std,0.042124853
