Feature,Importance
Open,0.07743636
Low,0.076394394
RSI_14,0.07024347
20_day_ma,0.07013463
10_day_ma,0.06751065
BB_lower,0.06587961
5_day_ma,0.06452281
daily_return,0.05602813
MACD,0.054387182
High,0.05426636
volume_change,0.05346412
20_day_std,0.052219804
volatility_10,0.05221257
BB_upper,0.05102656
Close,0.049089897
Volume,0.042688854
MACD_signal,0.04249464
