Feature,Importance
MACD,0.07506944
5_day_ma,0.07119264
Close,0.06842291
20_day_ma,0.066073
Low,0.06447443
daily_return,0.062347863
Open,0.06189554
volatility_10,0.0609473
High,0.059468802
10_day_ma,0.05569923
BB_lower,0.054464985
RSI_14,0.052518625
MACD_signal,0.051811412
BB_upper,0.050066933
volume_change,0.04974702
20_day_std,0.04896549
Volume,0.04683439
