Feature,Importance
BB_lower,0.06828204
Low,0.06560316
MACD_signal,0.064840846
volume_change,0.062339973
10_day_ma,0.061919287
Volume,0.058633834
MACD,0.058417935
High,0.05835045
BB_upper,0.058316104
Open,0.058226343
20_day_std,0.057425536
Close,0.056525324
5_day_ma,0.056098595
daily_return,0.055290993
20_day_ma,0.055282462
volatility_10,0.053636435
RSI_14,0.050810672
