Feature,Importance
BB_upper,0.06991676
High,0.06935436
10_day_ma,0.068956666
20_day_ma,0.06862624
MACD,0.062172536
BB_lower,0.059703592
Low,0.058925956
MACD_signal,0.057821415
daily_return,0.05698455
Volume,0.056225102
5_day_ma,0.05607941
20_day_std,0.054858696
Close,0.053984683
volume_change,0.053369764
RSI_14,0.052712206
volatility_10,0.051026054
Open,0.049281947
