Feature,Importance
Open,0.07224398
volume_change,0.06469539
RSI_14,0.063031524
Close,0.062426608
20_day_ma,0.06179317
High,0.061249297
MACD,0.06113337
MACD_signal,0.06076608
20_day_std,0.059474822
daily_return,0.058588747
volatility_10,0.058564473
Low,0.05626233
BB_lower,0.055948507
10_day_ma,0.055305373
Volume,0.051076382
5_day_ma,0.051015604
BB_upper,0.046424303
