Feature,Importance
MACD,0.07163008
volume_change,0.0707988
20_day_std,0.06501498
MACD_signal,0.0640369
Volume,0.06303553
5_day_ma,0.061699566
High,0.0601066
Low,0.058429886
daily_return,0.05782145
10_day_ma,0.05706223
volatility_10,0.057024516
BB_lower,0.056049295
BB_upper,0.05582033
RSI_14,0.05307923
Open,0.052423965
Close,0.04941893
20_day_ma,0.046547677
