Feature,Importance
Low,0.067555726
Open,0.0675197
RSI_14,0.064499944
5_day_ma,0.062353525
MACD,0.06027255
High,0.059907794
20_day_ma,0.059875034
MACD_signal,0.059148088
volume_change,0.05906289
BB_upper,0.058712825
BB_lower,0.057058923
volatility_10,0.056973796
daily_return,0.05560886
10_day_ma,0.055118065
Close,0.052500192
20_day_std,0.052058417
Volume,0.051773675
