Feature,Importance
20_day_ma,0.066690885
20_day_std,0.062000625
BB_lower,0.06189924
BB_upper,0.06188793
RSI_14,0.061272398
5_day_ma,0.060918517
High,0.06071615
Low,0.06060495
MACD_signal,0.060338493
Volume,0.05894215
10_day_ma,0.058585465
daily_return,0.05647026
volume_change,0.05607464
MACD,0.054840922
Open,0.05382127
Close,0.052732214
volatility_10,0.052203964
