Feature,Importance
Low,0.0782376
Open,0.06909933
volume_change,0.06874936
BB_lower,0.0676225
10_day_ma,0.06605588
20_day_std,0.06381399
20_day_ma,0.06346251
Close,0.057551794
MACD_signal,0.054644667
High,0.053908437
daily_return,0.05377792
MACD,0.052873354
volatility_10,0.05160088
5_day_ma,0.051416423
BB_upper,0.051277507
RSI_14,0.05050029
Volume,0.04540757
