Feature,Importance
High,0.081037305
volume_change,0.07422297
20_day_ma,0.070122905
Open,0.06848862
Low,0.06684026
RSI_14,0.06678057
MACD,0.06669994
daily_return,0.060442984
BB_upper,0.058508437
volatility_10,0.053087287
5_day_ma,0.051510964
Close,0.050476734
20_day_std,0.050315164
10_day_ma,0.048347685
Volume,0.047170967
MACD_signal,0.044445284
BB_lower,0.04150192
