Feature,Importance
Low,0.068346396
MACD_signal,0.06463273
MACD,0.063409165
Close,0.06201972
BB_upper,0.060423378
High,0.060195386
volume_change,0.059125148
volatility_10,0.05809183
BB_lower,0.057913903
RSI_14,0.05790304
20_day_std,0.05774344
5_day_ma,0.05766846
daily_return,0.05689305
10_day_ma,0.055079527
Open,0.054920264
Volume,0.054119777
20_day_ma,0.05151474
