Feature,Importance
5_day_ma,0.07122202
High,0.068344496
10_day_ma,0.06449992
Volume,0.064029634
Close,0.06265774
20_day_ma,0.061351802
MACD_signal,0.060984377
volatility_10,0.058276787
RSI_14,0.05764927
Low,0.05740658
daily_return,0.057310008
volume_change,0.056678463
BB_upper,0.05612098
20_day_std,0.052166194
Open,0.052043572
MACD,0.050907586
BB_lower,0.048350543
