Feature,Importance
MACD,0.06362318
Volume,0.06263389
BB_lower,0.06243446
20_day_std,0.06109642
BB_upper,0.060810417
High,0.060129542
10_day_ma,0.059853826
Low,0.05936223
daily_return,0.05889453
Open,0.05856759
volume_change,0.05737731
RSI_14,0.056631718
5_day_ma,0.05644644
20_day_ma,0.056375146
volatility_10,0.055945795
Close,0.055595618
MACD_signal,0.05422192
