Feature,Importance
MACD,0.064517625
MACD_signal,0.06435528
BB_upper,0.06261512
20_day_ma,0.062199466
20_day_std,0.061921563
Open,0.061500978
Volume,0.061444845
High,0.06115955
daily_return,0.060917675
volatility_10,0.05994974
BB_lower,0.05886001
10_day_ma,0.05525029
Close,0.05481325
volume_change,0.053161673
RSI_14,0.052864447
5_day_ma,0.052294612
Low,0.052173864
