Feature,Importance
BB_lower,0.06708519
10_day_ma,0.06547488
20_day_std,0.064293824
MACD_signal,0.063350946
5_day_ma,0.061565958
volatility_10,0.06091979
High,0.060641017
BB_upper,0.06026185
Low,0.0586686
Volume,0.057086606
20_day_ma,0.056110714
RSI_14,0.056108184
MACD,0.05434855
volume_change,0.054229114
daily_return,0.053853694
Open,0.05301611
Close,0.052984968
