Feature,Importance
BB_lower,0.06982463
20_day_ma,0.06594414
10_day_ma,0.064787254
20_day_std,0.06223856
BB_upper,0.060962375
Volume,0.060478106
5_day_ma,0.059923306
Open,0.05957088
MACD,0.05852654
volume_change,0.0583776
volatility_10,0.058083937
MACD_signal,0.05700975
Close,0.055544797
daily_return,0.05409653
High,0.052666802
RSI_14,0.052139726
Low,0.04982506
