Feature,Importance
Open,0.07321739
MACD,0.07195592
volatility_10,0.07038121
MACD_signal,0.066427074
RSI_14,0.06289942
Volume,0.060685415
volume_change,0.059710626
BB_upper,0.05754755
Close,0.056425773
20_day_ma,0.055479396
daily_return,0.055201042
20_day_std,0.055141553
BB_lower,0.054063715
5_day_ma,0.052890103
High,0.052537553
Low,0.048443217
10_day_ma,0.046993125
