Feature,Importance
MACD,0.06860996
MACD_signal,0.068453506
BB_lower,0.06659212
Open,0.06174262
5_day_ma,0.06151954
volatility_10,0.061002873
20_day_std,0.0599268
volume_change,0.058974653
BB_upper,0.058767337
High,0.05767957
10_day_ma,0.057600684
Low,0.057370268
daily_return,0.0559243
RSI_14,0.05343279
Volume,0.053078566
20_day_ma,0.053053938
Close,0.046270523
