Feature,Importance
Low,0.09042877
10_day_ma,0.07713243
High,0.076453194
5_day_ma,0.062908284
volume_change,0.061115988
MACD,0.05939133
20_day_ma,0.057013694
Volume,0.0561926
volatility_10,0.05565595
BB_lower,0.05484582
Close,0.053797536
Open,0.052921597
20_day_std,0.05167376
daily_return,0.050726734
MACD_signal,0.048964124
BB_upper,0.04588696
RSI_14,0.04489123
