Feature,Importance
BB_lower,0.09305754
Close,0.082804374
Open,0.08218729
RSI_14,0.06916862
Volume,0.06646911
Low,0.062142335
10_day_ma,0.06011828
BB_upper,0.05752387
volume_change,0.05606603
20_day_std,0.052693173
20_day_ma,0.050544616
MACD,0.048744526
5_day_ma,0.04624114
volatility_10,0.044099167
daily_return,0.042825464
High,0.0427208
MACD_signal,0.04259368
