Feature,Importance
Low,0.084053904
High,0.072703876
20_day_ma,0.07105617
RSI_14,0.06932173
10_day_ma,0.06794287
Close,0.06273952
volatility_10,0.060704466
5_day_ma,0.059971828
MACD_signal,0.05777449
20_day_std,0.05528559
volume_change,0.053911783
daily_return,0.052341525
BB_upper,0.049889904
MACD,0.048864327
Open,0.0452111
Volume,0.04430334
BB_lower,0.04392354
