Feature,Importance
volume_change,0.072142966
daily_return,0.06364036
BB_upper,0.06255644
Low,0.061860494
5_day_ma,0.06166428
volatility_10,0.061599746
20_day_std,0.061349068
20_day_ma,0.060568377
MACD,0.059369892
RSI_14,0.05856785
Open,0.05635993
Close,0.055778626
Volume,0.05574105
High,0.054447915
MACD_signal,0.052871775
10_day_ma,0.052816045
BB_lower,0.04866516
