Feature,Importance
High,0.087763555
20_day_ma,0.08013927
20_day_std,0.06655266
10_day_ma,0.06444123
5_day_ma,0.06407346
Close,0.06359171
BB_lower,0.062317953
volume_change,0.060261942
RSI_14,0.05602352
daily_return,0.054989334
Volume,0.052856583
MACD_signal,0.052747324
MACD,0.051755015
Open,0.05118015
Low,0.048983693
volatility_10,0.047094166
BB_upper,0.035228472
