Feature,Importance
BB_upper,0.07349376
MACD,0.062490936
20_day_std,0.06155327
MACD_signal,0.061092127
High,0.06047982
BB_lower,0.060458455
Volume,0.060027387
20_day_ma,0.05989354
volume_change,0.05924552
10_day_ma,0.058401275
daily_return,0.058339104
5_day_ma,0.057459187
RSI_14,0.056188617
Low,0.053540647
Open,0.052633617
volatility_10,0.052462272
Close,0.052240502
