Feature,Importance
Open,0.07903475
20_day_std,0.073166385
Close,0.07211439
Low,0.06896378
BB_upper,0.06481585
High,0.062458027
MACD_signal,0.060381297
BB_lower,0.058273427
5_day_ma,0.05668356
volume_change,0.053917818
daily_return,0.05307152
Volume,0.05278633
20_day_ma,0.051943164
MACD,0.049609452
volatility_10,0.04890009
RSI_14,0.048824646
10_day_ma,0.04505546
