Feature,Importance
20_day_std,0.06804933
BB_lower,0.067703046
volume_change,0.06497153
RSI_14,0.06467611
Volume,0.06465508
MACD_signal,0.0625466
MACD,0.06235729
volatility_10,0.059956662
High,0.05955249
Close,0.05800759
Open,0.056710888
daily_return,0.054031003
20_day_ma,0.052968964
10_day_ma,0.052356083
5_day_ma,0.051806346
Low,0.04989691
BB_upper,0.04975398
