Feature,Importance
BB_lower,0.06893697
volatility_10,0.06674182
volume_change,0.06573575
20_day_ma,0.06565163
BB_upper,0.06396211
Volume,0.0632995
Open,0.061873373
MACD_signal,0.0600321
High,0.05958695
MACD,0.058201108
10_day_ma,0.05742313
5_day_ma,0.05669601
daily_return,0.053628985
Low,0.0521946
20_day_std,0.05101994
RSI_14,0.04819032
Close,0.046825666
