Feature,Importance
daily_return,0.07326985
BB_upper,0.06770213
volatility_10,0.06467771
Low,0.06466455
Open,0.064432174
volume_change,0.06105656
20_day_ma,0.05904156
High,0.05785705
BB_lower,0.057364527
10_day_ma,0.056860816
20_day_std,0.056190945
Close,0.054696236
MACD_signal,0.054411016
5_day_ma,0.05434137
MACD,0.053986035
RSI_14,0.05005358
Volume,0.049393903
