Feature,Importance
BB_lower,0.06956911
volatility_10,0.06826922
MACD,0.06639116
RSI_14,0.064295635
volume_change,0.0639621
20_day_std,0.06279119
20_day_ma,0.06094707
10_day_ma,0.06000821
Volume,0.059663087
5_day_ma,0.05863313
MACD_signal,0.0584539
daily_return,0.057037603
BB_upper,0.055851523
High,0.054304298
Close,0.05412198
Open,0.05221084
Low,0.033489928
