Feature,Importance
Low,0.08160696
Close,0.06709766
20_day_ma,0.06658822
High,0.06532845
10_day_ma,0.06523002
BB_lower,0.062175054
5_day_ma,0.062168222
BB_upper,0.061240222
Open,0.058566954
MACD_signal,0.056789506
MACD,0.05665195
daily_return,0.054588467
volatility_10,0.052307416
volume_change,0.051496647
Volume,0.05058323
20_day_std,0.04525492
RSI_14,0.0423261
