Feature,Importance
Low,0.07885541
10_day_ma,0.06968207
MACD_signal,0.06778169
BB_upper,0.06498626
RSI_14,0.06489708
volume_change,0.06473762
Close,0.062212903
High,0.061969176
20_day_std,0.05941659
5_day_ma,0.057425324
MACD,0.05740297
BB_lower,0.056558955
20_day_ma,0.048454683
Volume,0.04727282
Open,0.04721665
volatility_10,0.046782136
daily_return,0.044347662
