Feature,Importance
20_day_ma,0.0742896
Open,0.06907205
Low,0.0670654
volatility_10,0.06681419
High,0.06666963
5_day_ma,0.066506766
RSI_14,0.0645982
MACD_signal,0.06423522
daily_return,0.059153434
BB_lower,0.05901581
10_day_ma,0.055673335
Volume,0.05079067
BB_upper,0.04989079
20_day_std,0.04913583
MACD,0.04837409
Close,0.047222696
volume_change,0.041492347
