Feature,Importance
20_day_ma,0.06853111
Close,0.06836909
High,0.06787598
BB_lower,0.06631268
Low,0.06400784
MACD_signal,0.06372276
BB_upper,0.06335302
volatility_10,0.061352212
Volume,0.060695037
10_day_ma,0.058885153
volume_change,0.058766898
RSI_14,0.055970594
daily_return,0.05576349
MACD,0.05447457
20_day_std,0.051458593
5_day_ma,0.04143608
Open,0.039024793
