Feature,Importance
Open,0.07250184
Volume,0.069616064
Low,0.06961481
High,0.066395044
BB_lower,0.06273206
20_day_ma,0.06253594
MACD_signal,0.059988316
5_day_ma,0.05956991
BB_upper,0.05723607
RSI_14,0.05654852
MACD,0.054729894
20_day_std,0.05395183
volatility_10,0.05338261
volume_change,0.052765407
Close,0.05222103
daily_return,0.04966735
10_day_ma,0.04654334
