Feature,Importance
BB_upper,0.07830756
Low,0.07252816
volume_change,0.0719369
20_day_ma,0.06988146
10_day_ma,0.06366609
Open,0.05924758
RSI_14,0.059193395
BB_lower,0.056987304
daily_return,0.056767702
20_day_std,0.056307115
MACD_signal,0.05603434
Close,0.054001864
MACD,0.050935987
High,0.05062323
5_day_ma,0.05033464
volatility_10,0.04706848
Volume,0.04617819
