Feature,Importance
BB_upper,0.07330619
volatility_10,0.0690828
volume_change,0.06849705
10_day_ma,0.067316346
MACD,0.065477625
5_day_ma,0.063444234
20_day_std,0.062394615
daily_return,0.061869137
Volume,0.060562037
20_day_ma,0.059155814
Open,0.059116106
MACD_signal,0.050967243
BB_lower,0.050393816
High,0.049418304
Low,0.04722893
RSI_14,0.046729606
Close,0.04504014
