Feature,Importance
Low,0.0876763
daily_return,0.071290225
10_day_ma,0.070501946
BB_upper,0.06650355
BB_lower,0.06627782
RSI_14,0.06607158
volatility_10,0.062912494
Volume,0.060586903
volume_change,0.056192707
High,0.055974174
MACD,0.055806164
20_day_ma,0.054556232
20_day_std,0.047623713
Open,0.047120035
MACD_signal,0.043902345
Close,0.043865785
5_day_ma,0.043138035
