Feature,Importance
BB_upper,0.07639199
High,0.07263512
BB_lower,0.063708626
daily_return,0.0631269
Open,0.06253621
volume_change,0.06093184
volatility_10,0.057546236
RSI_14,0.056925748
MACD_signal,0.056647025
20_day_ma,0.056506634
Volume,0.056475837
5_day_ma,0.0563018
Low,0.05475487
MACD,0.052321844
10_day_ma,0.05203242
20_day_std,0.05177528
Close,0.04938159
