Feature,Importance
Low,0.08047299
10_day_ma,0.076019265
BB_upper,0.06874127
5_day_ma,0.0652338
20_day_ma,0.06436153
BB_lower,0.06373095
High,0.060078055
Volume,0.059592787
MACD,0.058661174
RSI_14,0.05784865
volatility_10,0.05755375
volume_change,0.056480765
Open,0.05283621
daily_return,0.049661554
20_day_std,0.04648632
MACD_signal,0.04355724
Close,0.03868379
