Feature,Importance
Low,0.06533842
10_day_ma,0.06405586
BB_lower,0.0627142
BB_upper,0.06231649
5_day_ma,0.06198735
20_day_ma,0.06171939
volume_change,0.06041523
Volume,0.059577934
Close,0.058177363
High,0.05766695
volatility_10,0.05753563
Open,0.056868028
20_day_std,0.056852035
MACD,0.054497086
daily_return,0.054265607
RSI_14,0.053478464
MACD_signal,0.05253402
