Feature,Importance
Open,0.076761626
10_day_ma,0.0683009
volatility_10,0.0660238
Close,0.065745965
Volume,0.06492506
BB_upper,0.064765275
5_day_ma,0.0615482
BB_lower,0.060798258
MACD,0.058736816
MACD_signal,0.057334784
20_day_ma,0.056640714
High,0.05551778
Low,0.054825485
RSI_14,0.051296253
daily_return,0.04921646
volume_change,0.044730216
20_day_std,0.042832375
