Feature,Importance
Low,0.07662863
RSI_14,0.0674963
volatility_10,0.06354336
BB_upper,0.06258661
5_day_ma,0.060937535
MACD,0.058303356
BB_lower,0.05825301
High,0.0580766
volume_change,0.058014758
20_day_ma,0.057831507
10_day_ma,0.05584069
MACD_signal,0.055742204
Open,0.055058602
Volume,0.05444923
20_day_std,0.053238038
daily_return,0.052757252
Close,0.051242318
