Feature,Importance
MACD_signal,0.06995914
10_day_ma,0.06981556
5_day_ma,0.06832786
MACD,0.06762051
BB_lower,0.066909485
Volume,0.06239872
BB_upper,0.061768115
Open,0.06027972
volatility_10,0.05836821
Close,0.05800668
20_day_std,0.057683665
daily_return,0.054910712
High,0.054866105
volume_change,0.04996516
Low,0.047426514
RSI_14,0.04714191
20_day_ma,0.04455191
