Feature,Importance
RSI_14,0.07220587
volatility_10,0.06905545
BB_upper,0.06579856
20_day_ma,0.06524318
5_day_ma,0.06473266
High,0.061185434
Open,0.06087098
MACD,0.059996475
10_day_ma,0.05736784
Low,0.056647368
volume_change,0.056441113
Volume,0.055766467
20_day_std,0.05424088
MACD_signal,0.053757884
BB_lower,0.049977876
Close,0.04946703
daily_return,0.047244918
