Feature,Importance
20_day_ma,0.0652901
BB_upper,0.065214984
Low,0.063613534
20_day_std,0.06245391
5_day_ma,0.06234653
High,0.061769612
BB_lower,0.060358644
10_day_ma,0.06029982
volatility_10,0.05767268
RSI_14,0.057218798
Open,0.056430113
Volume,0.055721596
volume_change,0.05564706
Close,0.055365548
daily_return,0.055028126
MACD_signal,0.053249735
MACD,0.05231917
