Feature,Importance
Open,0.07419391
volume_change,0.06775071
10_day_ma,0.06693829
volatility_10,0.066200905
5_day_ma,0.06476752
High,0.06375314
Volume,0.06234152
Low,0.05716398
MACD_signal,0.056591574
20_day_std,0.05651198
MACD,0.055564433
BB_upper,0.055225614
RSI_14,0.05418203
BB_lower,0.05415316
Close,0.052934863
daily_return,0.049817685
20_day_ma,0.0419087
