Feature,Importance
10_day_ma,0.06913087
5_day_ma,0.06730743
20_day_ma,0.06586563
BB_lower,0.06534419
Low,0.065252714
MACD,0.06269136
Close,0.06078245
BB_upper,0.058843516
volume_change,0.05786491
Open,0.057082057
High,0.056716338
Volume,0.055625733
RSI_14,0.05419296
daily_return,0.054190744
MACD_signal,0.05248101
20_day_std,0.049024258
volatility_10,0.047603846
