Feature,Importance
MACD_signal,0.06712157
MACD,0.06644422
10_day_ma,0.06514603
20_day_ma,0.06260389
Low,0.062359117
volume_change,0.061054796
Volume,0.060065564
5_day_ma,0.059562195
BB_upper,0.05928773
Close,0.058177512
daily_return,0.058034714
High,0.05645245
volatility_10,0.056214403
BB_lower,0.055830862
RSI_14,0.05129735
20_day_std,0.05085681
Open,0.049490813
