Feature,Importance
BB_upper,0.07510603
20_day_ma,0.06831474
BB_lower,0.06656893
10_day_ma,0.06534854
Low,0.063632905
RSI_14,0.06002521
volume_change,0.059837896
Volume,0.059748866
MACD_signal,0.059608757
5_day_ma,0.058040734
Open,0.057283793
MACD,0.0562065
Close,0.052946903
High,0.05271084
20_day_std,0.05178839
volatility_10,0.050134964
daily_return,0.042696007
