Feature,Importance
BB_upper,0.0688495
10_day_ma,0.06657454
volatility_10,0.06585113
Open,0.06561339
20_day_std,0.06495963
MACD_signal,0.06307982
Volume,0.06106003
RSI_14,0.059915457
volume_change,0.058308367
5_day_ma,0.05784762
High,0.057837397
MACD,0.05783686
20_day_ma,0.05442387
Close,0.053311497
daily_return,0.052760422
BB_lower,0.051467273
Low,0.04030324
