Feature,Importance
MACD_signal,0.07463775
10_day_ma,0.067947246
High,0.06705137
Low,0.063940346
Open,0.06097331
Close,0.059862304
5_day_ma,0.059064064
20_day_std,0.058958907
volume_change,0.058399796
Volume,0.05814301
20_day_ma,0.054351542
daily_return,0.054206796
volatility_10,0.053416446
RSI_14,0.052719682
BB_upper,0.052640192
MACD,0.052387495
BB_lower,0.051299766
