Feature,Importance
BB_lower,0.072815344
High,0.069124505
20_day_ma,0.068597496
10_day_ma,0.06421025
BB_upper,0.061644726
volume_change,0.06129327
daily_return,0.060216866
MACD_signal,0.059485227
20_day_std,0.059027553
Volume,0.058817152
Low,0.05872277
RSI_14,0.05642213
Close,0.05625095
volatility_10,0.05204279
Open,0.048721302
MACD,0.04829356
5_day_ma,0.044314083
