Feature,Importance
10_day_ma,0.079916894
5_day_ma,0.07114071
MACD_signal,0.06931151
20_day_ma,0.06427081
MACD,0.06381085
daily_return,0.060913667
BB_upper,0.059605084
volume_change,0.05929644
Low,0.058420215
volatility_10,0.0566206
BB_lower,0.055371705
Open,0.054208655
RSI_14,0.053755127
Volume,0.051140033
High,0.04891792
20_day_std,0.046809725
Close,0.046490032
