Feature,Importance
20_day_ma,0.07194586
Open,0.0660281
Volume,0.06519938
MACD_signal,0.06496951
MACD,0.06451866
Close,0.063120216
RSI_14,0.060255002
20_day_std,0.060046025
BB_upper,0.05648425
Low,0.05582792
volume_change,0.055224955
daily_return,0.05509152
High,0.05502611
10_day_ma,0.054500926
BB_lower,0.053095978
5_day_ma,0.050785616
volatility_10,0.04787987
