Feature,Importance
High,0.075703755
Low,0.07018784
Open,0.06845123
MACD_signal,0.06783633
10_day_ma,0.06402211
Close,0.060612872
20_day_std,0.059596024
BB_lower,0.058996644
Volume,0.05764645
5_day_ma,0.056341197
RSI_14,0.055225257
BB_upper,0.054545946
20_day_ma,0.052972578
daily_return,0.051522188
MACD,0.049389206
volatility_10,0.049014196
volume_change,0.047936205
