Feature,Importance
Low,0.089799576
5_day_ma,0.07000415
Close,0.06530268
High,0.064398885
20_day_std,0.06313439
volatility_10,0.06012187
Open,0.059272647
BB_upper,0.058045734
BB_lower,0.05766751
volume_change,0.057032555
RSI_14,0.056882527
daily_return,0.056041673
MACD_signal,0.054232724
Volume,0.052395385
20_day_ma,0.05059046
10_day_ma,0.04907527
MACD,0.03600193
