Feature,Importance
20_day_std,0.069118835
MACD_signal,0.06900598
volatility_10,0.06792153
volume_change,0.066453196
daily_return,0.06501826
Close,0.06280207
20_day_ma,0.062229645
10_day_ma,0.060777392
High,0.057547558
5_day_ma,0.056751896
MACD,0.055765178
Volume,0.054275382
RSI_14,0.053620774
BB_upper,0.0535696
Open,0.052941788
Low,0.05228544
BB_lower,0.039915483
