Feature,Importance
20_day_ma,0.070852846
High,0.065837145
BB_upper,0.06474126
BB_lower,0.06348362
20_day_std,0.0619213
10_day_ma,0.061548732
Open,0.061436962
daily_return,0.060127117
RSI_14,0.058777835
volume_change,0.057647962
5_day_ma,0.05692232
Volume,0.055830635
volatility_10,0.05453315
MACD_signal,0.05381319
Low,0.053439315
MACD,0.051970553
Close,0.047116105
