Feature,Importance
Low,0.07421633
5_day_ma,0.06549754
Open,0.061903022
daily_return,0.060622465
BB_upper,0.06049268
RSI_14,0.060000826
Volume,0.059948098
20_day_std,0.059469834
BB_lower,0.05943132
volume_change,0.059380166
20_day_ma,0.058902618
10_day_ma,0.055913
High,0.055315994
MACD_signal,0.05444784
volatility_10,0.053707268
MACD,0.052116342
Close,0.048634637
