Feature,Importance
MACD_signal,0.068832606
Low,0.068537556
BB_lower,0.06669892
Open,0.064617775
BB_upper,0.0642905
20_day_std,0.062986806
5_day_ma,0.05992826
High,0.059390318
MACD,0.0572125
20_day_ma,0.05693708
Close,0.05628618
daily_return,0.055881325
Volume,0.05348191
10_day_ma,0.05292845
volume_change,0.05140248
RSI_14,0.05060879
volatility_10,0.049978606
