Feature,Importance
Low,0.07454575
volume_change,0.06456192
BB_lower,0.06359131
BB_upper,0.0628646
20_day_std,0.061114173
Close,0.0600787
5_day_ma,0.059211105
volatility_10,0.05843145
20_day_ma,0.05813353
High,0.05762346
MACD,0.05761387
RSI_14,0.057431456
Open,0.056225825
MACD_signal,0.054873466
daily_return,0.0526357
Volume,0.05165417
10_day_ma,0.049409583
