Feature,Importance
MACD,0.0709543
BB_upper,0.06606086
daily_return,0.06463583
volume_change,0.06351115
5_day_ma,0.0620587
20_day_std,0.061828595
10_day_ma,0.0610018
20_day_ma,0.06066765
RSI_14,0.059943255
Volume,0.05836094
MACD_signal,0.05811055
Open,0.05591571
Low,0.05311496
High,0.053053755
volatility_10,0.05237467
BB_lower,0.04996135
Close,0.048445985
