Feature,Importance
BB_upper,0.06635586
Low,0.06623149
5_day_ma,0.06489813
20_day_std,0.0645914
RSI_14,0.06453592
10_day_ma,0.06385706
Open,0.06318007
BB_lower,0.062719
MACD_signal,0.059830755
daily_return,0.05915938
Close,0.0588118
volatility_10,0.057014376
High,0.053459402
Volume,0.052953586
20_day_ma,0.049053006
volume_change,0.048571963
MACD,0.04477678
