Feature,Importance
Open,0.07743416
20_day_ma,0.07486293
Low,0.06852099
BB_lower,0.06732971
volume_change,0.06456268
10_day_ma,0.06288628
MACD_signal,0.060007915
daily_return,0.059076354
20_day_std,0.059054356
RSI_14,0.05838209
MACD,0.05632195
Close,0.05416998
Volume,0.052915733
volatility_10,0.05050074
BB_upper,0.048108716
5_day_ma,0.046302598
High,0.039562874
