Feature,Importance
High,0.077566706
Open,0.076777436
20_day_ma,0.071496956
Low,0.06932745
5_day_ma,0.069220856
Volume,0.06350265
BB_upper,0.06135459
BB_lower,0.06082965
20_day_std,0.05608395
MACD_signal,0.05262955
RSI_14,0.05197625
volume_change,0.05001376
Close,0.049848378
10_day_ma,0.049724415
volatility_10,0.047785357
MACD,0.04602699
daily_return,0.045835145
