Feature,Importance
5_day_ma,0.07578275
RSI_14,0.075587206
20_day_std,0.07103353
20_day_ma,0.06527599
Close,0.064079255
Low,0.060221754
10_day_ma,0.059257045
volume_change,0.05879844
High,0.058739573
daily_return,0.05728552
BB_lower,0.056687463
MACD,0.05602697
MACD_signal,0.054412965
volatility_10,0.051998112
BB_upper,0.04866234
Open,0.043842953
Volume,0.042308092
