Feature,Importance
RSI_14,0.070339106
BB_upper,0.06878997
Low,0.06796496
BB_lower,0.060948476
MACD_signal,0.060518272
MACD,0.060127303
High,0.059283018
volatility_10,0.05814367
5_day_ma,0.057686687
daily_return,0.056964032
20_day_ma,0.05645636
Open,0.05623631
10_day_ma,0.05513487
20_day_std,0.054569926
volume_change,0.054304812
Volume,0.05266406
Close,0.049868148
