Feature,Importance
20_day_ma,0.0756087
Volume,0.075310916
BB_upper,0.07023892
Low,0.07002552
BB_lower,0.06845033
High,0.06552967
5_day_ma,0.062503144
volatility_10,0.061908264
Close,0.06022196
Open,0.056941375
volume_change,0.05316359
MACD,0.05294827
MACD_signal,0.051073898
20_day_std,0.05082999
RSI_14,0.04557597
daily_return,0.043445487
10_day_ma,0.036223955
