Feature,Importance
BB_upper,0.078575745
MACD,0.064831935
BB_lower,0.06469541
High,0.06399778
Volume,0.060910594
20_day_std,0.059681606
10_day_ma,0.0591949
5_day_ma,0.0587888
daily_return,0.057861444
volatility_10,0.057188515
20_day_ma,0.05645999
Low,0.055912606
MACD_signal,0.054948684
Close,0.053586364
Open,0.052803654
RSI_14,0.050604157
volume_change,0.049957823
