Feature,Importance
Low,0.08069788
20_day_ma,0.07645724
BB_upper,0.07357277
High,0.06650319
volatility_10,0.060433235
10_day_ma,0.057898805
volume_change,0.05739264
RSI_14,0.057172704
20_day_std,0.056839436
daily_return,0.054874822
5_day_ma,0.053313777
BB_lower,0.05287755
Close,0.05264879
MACD,0.051970847
Open,0.0519105
Volume,0.04903834
MACD_signal,0.046397455
