Feature,Importance
Low,0.104433134
Close,0.08399245
20_day_ma,0.07459492
MACD_signal,0.062470507
Open,0.061856568
5_day_ma,0.058501273
volume_change,0.0577166
High,0.05702629
BB_upper,0.056486662
MACD,0.05596774
Volume,0.050027397
volatility_10,0.04967961
10_day_ma,0.048721705
daily_return,0.048524693
RSI_14,0.04756847
BB_lower,0.043532837
20_day_std,0.038899112
