Feature,Importance
volatility_10,0.070818014
BB_lower,0.06871916
volume_change,0.064727746
High,0.064108014
BB_upper,0.06389204
Volume,0.06368231
5_day_ma,0.062389296
Low,0.058865007
20_day_ma,0.056922313
daily_return,0.055412162
10_day_ma,0.054756906
MACD,0.054580107
MACD_signal,0.05409724
Open,0.054015316
RSI_14,0.052953016
20_day_std,0.05057042
Close,0.04949091
