Feature,Importance
10_day_ma,0.08471557
volume_change,0.07081911
Close,0.067146234
MACD_signal,0.06502749
MACD,0.06295081
Open,0.06160087
daily_return,0.061240476
Volume,0.05994043
High,0.05743496
volatility_10,0.055410326
RSI_14,0.054792404
20_day_std,0.053151105
5_day_ma,0.05260959
BB_lower,0.051933166
Low,0.04803046
20_day_ma,0.04781708
BB_upper,0.045380015
