Feature,Importance
BB_upper,0.0769472
Open,0.0684771
High,0.06487865
5_day_ma,0.06382951
MACD_signal,0.062116466
RSI_14,0.059537366
volatility_10,0.059259284
volume_change,0.059093297
20_day_std,0.05905509
20_day_ma,0.057894126
daily_return,0.057366606
Volume,0.05682619
MACD,0.05551519
Close,0.053994674
BB_lower,0.053741112
Low,0.048613824
10_day_ma,0.042854328
