Feature,Importance
Low,0.077486
Open,0.07359042
Close,0.07250844
5_day_ma,0.07030339
BB_upper,0.06577009
High,0.062046908
MACD_signal,0.06182849
20_day_std,0.061821785
volatility_10,0.061467208
20_day_ma,0.05486319
daily_return,0.054152247
volume_change,0.050522394
MACD,0.04980468
10_day_ma,0.047839556
BB_lower,0.047686
RSI_14,0.046478976
Volume,0.041830275
