Feature,Importance
BB_lower,0.07065177
10_day_ma,0.07045598
20_day_ma,0.06362674
Open,0.062096506
daily_return,0.06037292
Low,0.06031633
MACD,0.058986507
RSI_14,0.05845749
20_day_std,0.05795557
MACD_signal,0.057848386
volume_change,0.057526372
BB_upper,0.05588264
High,0.055781268
5_day_ma,0.055452425
Close,0.05261117
volatility_10,0.051671565
Volume,0.050306417
