Feature,Importance
20_day_ma,0.071263246
Low,0.06947423
volatility_10,0.067265354
20_day_std,0.06253837
RSI_14,0.061994515
High,0.061580475
BB_upper,0.06118702
Open,0.060950533
BB_lower,0.05873475
5_day_ma,0.058649566
daily_return,0.056901734
MACD,0.055401314
Volume,0.054183815
10_day_ma,0.05398977
MACD_signal,0.049907926
volume_change,0.04909
Close,0.04688745
