Feature,Importance
Close,0.06594402
Open,0.0657861
5_day_ma,0.06544045
Low,0.064841345
MACD_signal,0.064836755
High,0.06427326
BB_lower,0.06194112
volatility_10,0.061270095
10_day_ma,0.058647458
20_day_ma,0.056628104
Volume,0.05469434
BB_upper,0.05381106
20_day_std,0.05369916
MACD,0.053427074
daily_return,0.052049942
volume_change,0.051532105
RSI_14,0.05117766
