Feature,Importance
BB_upper,0.0726992
Low,0.07171144
MACD_signal,0.07140339
5_day_ma,0.06926086
High,0.0606995
Open,0.059766293
Close,0.05885706
RSI_14,0.058528475
volume_change,0.058023162
volatility_10,0.05705385
MACD,0.05682838
Volume,0.052542936
20_day_ma,0.051828317
20_day_std,0.051065836
10_day_ma,0.050725713
daily_return,0.050245427
BB_lower,0.048760142
