Feature,Importance
Close,0.07737337
Open,0.071721375
5_day_ma,0.067078285
10_day_ma,0.06658285
MACD,0.0654456
BB_upper,0.06460461
Low,0.062621534
Volume,0.061691362
volatility_10,0.06014695
RSI_14,0.054827116
20_day_ma,0.053047966
MACD_signal,0.052970044
volume_change,0.052253716
BB_lower,0.052029613
daily_return,0.04781745
High,0.046494044
20_day_std,0.043294143
