Feature,Importance
20_day_ma,0.07837057
10_day_ma,0.076363176
5_day_ma,0.06567237
RSI_14,0.06419753
20_day_std,0.06403527
Close,0.061779957
Volume,0.06061119
BB_upper,0.05905517
MACD_signal,0.058465317
High,0.057272553
volume_change,0.05651342
BB_lower,0.05488657
MACD,0.05366904
volatility_10,0.053405274
daily_return,0.050172154
Low,0.045225326
Open,0.04030512
