Feature,Importance
5_day_ma,0.06924337
MACD,0.068237625
Open,0.06724563
Low,0.06479896
volume_change,0.0644427
MACD_signal,0.06177675
10_day_ma,0.06094922
RSI_14,0.059887946
Close,0.057830453
daily_return,0.057386983
Volume,0.056583226
20_day_std,0.055232443
BB_upper,0.05417273
volatility_10,0.051729895
20_day_ma,0.05113071
High,0.050056197
BB_lower,0.04929515
