Feature,Importance
10_day_ma,0.06491119
BB_lower,0.064169586
daily_return,0.062756434
20_day_std,0.061452277
High,0.06089133
20_day_ma,0.059527338
RSI_14,0.058917627
MACD_signal,0.05854247
Close,0.058268398
volatility_10,0.057590757
MACD,0.057486914
BB_upper,0.05726577
5_day_ma,0.057217285
volume_change,0.05719233
Open,0.055858698
Low,0.054264907
Volume,0.05368675
