Feature,Importance
MACD,0.08480647
Low,0.07219921
volume_change,0.068455875
MACD_signal,0.06755807
High,0.06486711
Volume,0.061353393
BB_upper,0.0583946
5_day_ma,0.0571286
20_day_std,0.05638403
RSI_14,0.055579755
volatility_10,0.055474147
10_day_ma,0.055432335
Open,0.05436059
Close,0.051000565
BB_lower,0.050955907
20_day_ma,0.044116016
daily_return,0.04193333
