Feature,Importance
10_day_ma,0.10054886
Open,0.066688575
5_day_ma,0.0631179
RSI_14,0.062239356
20_day_ma,0.060450915
BB_upper,0.06037193
volume_change,0.060359847
High,0.058240153
MACD,0.056638576
Close,0.05541055
BB_lower,0.055382293
daily_return,0.054650493
Volume,0.05387791
20_day_std,0.0537355
MACD_signal,0.05363911
volatility_10,0.04722052
Low,0.037427515
