Feature,Importance
5_day_ma,0.078733794
20_day_ma,0.07071298
Open,0.069826216
BB_lower,0.066002116
10_day_ma,0.064017564
BB_upper,0.06379932
MACD,0.061167333
RSI_14,0.061095092
High,0.060876247
20_day_std,0.055976227
volume_change,0.055289526
volatility_10,0.054473918
Low,0.051324267
daily_return,0.050227463
Volume,0.04799587
Close,0.04672821
MACD_signal,0.04175389
