Feature,Importance
5_day_ma,0.072132625
volatility_10,0.07182493
Open,0.07091935
MACD,0.06838368
10_day_ma,0.06735465
20_day_ma,0.062464464
Low,0.06172018
Close,0.059449714
Volume,0.05888739
MACD_signal,0.058586843
BB_upper,0.057354376
volume_change,0.05306091
BB_lower,0.05190016
daily_return,0.050221696
RSI_14,0.049510892
20_day_std,0.04424668
High,0.04198145
