Feature,Importance
MACD,0.07025527
Low,0.06936472
Open,0.06831003
RSI_14,0.064105354
20_day_std,0.06359968
10_day_ma,0.062491637
Volume,0.06145363
BB_upper,0.060786072
High,0.060191505
20_day_ma,0.055922534
volatility_10,0.055712372
5_day_ma,0.053414118
daily_return,0.05318649
MACD_signal,0.051154014
BB_lower,0.05077247
volume_change,0.050585568
Close,0.048694555
