Feature,Importance
Low,0.076476954
MACD,0.075834095
10_day_ma,0.075346
BB_lower,0.06624324
Open,0.065328985
High,0.062423922
20_day_ma,0.06198804
BB_upper,0.058527604
volatility_10,0.057573102
20_day_std,0.054114565
Volume,0.05402868
Close,0.05215214
daily_return,0.05183437
5_day_ma,0.051503282
volume_change,0.047651365
MACD_signal,0.045923315
RSI_14,0.043050285
