Feature,Importance
Low,0.072108604
Open,0.069253124
BB_lower,0.06789968
BB_upper,0.06728002
volume_change,0.062092744
20_day_ma,0.061100934
High,0.060018606
MACD_signal,0.060001504
RSI_14,0.055782385
daily_return,0.05544905
10_day_ma,0.055122055
MACD,0.05433103
20_day_std,0.05393777
Close,0.052956216
volatility_10,0.05258409
Volume,0.051537015
5_day_ma,0.04854516
