Feature,Importance
Low,0.082609944
BB_lower,0.073943265
10_day_ma,0.07381929
High,0.07111136
Open,0.068698324
5_day_ma,0.06392577
volatility_10,0.06255807
MACD_signal,0.057239376
20_day_ma,0.055926137
20_day_std,0.054185886
Volume,0.054114573
RSI_14,0.0521326
daily_return,0.049540155
Close,0.048584763
volume_change,0.047345802
MACD,0.04306869
BB_upper,0.041195966
