Feature,Importance
High,0.07893922
Low,0.07393725
Open,0.06634851
20_day_std,0.0650346
5_day_ma,0.06413917
volume_change,0.06146175
20_day_ma,0.059484184
BB_upper,0.05947167
MACD,0.059081674
MACD_signal,0.05824548
RSI_14,0.05415384
Close,0.052913863
daily_return,0.050924502
10_day_ma,0.050152346
BB_lower,0.048742566
volatility_10,0.048566133
Volume,0.04840321
