Feature,Importance
10_day_ma,0.068169065
20_day_ma,0.06559985
BB_lower,0.062685356
RSI_14,0.061183065
volatility_10,0.06056766
volume_change,0.060514916
Open,0.060360752
MACD_signal,0.059812922
20_day_std,0.059678953
MACD,0.05898251
Low,0.05867542
daily_return,0.058227826
Volume,0.058111798
BB_upper,0.054868527
5_day_ma,0.053017404
High,0.052180264
Close,0.047363758
