Feature,Importance
Low,0.08533079
High,0.077212006
RSI_14,0.06810656
20_day_std,0.06692181
Close,0.065470606
10_day_ma,0.0623992
BB_upper,0.060386926
20_day_ma,0.060164113
volume_change,0.059191797
daily_return,0.059118316
MACD,0.057767347
5_day_ma,0.054421525
Volume,0.050855123
volatility_10,0.050566986
MACD_signal,0.05002232
BB_lower,0.04607053
Open,0.025994103
