Feature,Importance
Open,0.065501645
BB_lower,0.065232314
10_day_ma,0.06443105
MACD_signal,0.06392281
BB_upper,0.063901804
volatility_10,0.062068406
Volume,0.06098903
MACD,0.06042201
5_day_ma,0.05950964
Low,0.058876198
High,0.057783876
20_day_std,0.055819716
daily_return,0.05568186
volume_change,0.05479114
20_day_ma,0.05374334
RSI_14,0.05087163
Close,0.0464536
