Feature,Importance
BB_upper,0.06975596
High,0.06921916
10_day_ma,0.06591879
MACD,0.06548929
BB_lower,0.065034345
RSI_14,0.06290783
20_day_ma,0.06150397
volume_change,0.060505472
5_day_ma,0.060379002
daily_return,0.058627203
Open,0.058029704
MACD_signal,0.056703262
Low,0.054169208
Close,0.052877292
20_day_std,0.04756297
volatility_10,0.046384867
Volume,0.044931665
