Feature,Importance
Low,0.06739042
High,0.06696694
MACD,0.06569791
20_day_ma,0.0637991
5_day_ma,0.06257003
Close,0.061855424
MACD_signal,0.060002748
BB_upper,0.059398085
daily_return,0.05910408
BB_lower,0.058988273
volume_change,0.057998423
10_day_ma,0.05692634
Open,0.05330886
20_day_std,0.0531773
Volume,0.052597087
volatility_10,0.05145403
RSI_14,0.04876489
