Feature,Importance
Low,0.074240185
BB_upper,0.073147886
volume_change,0.06959308
MACD,0.06560635
5_day_ma,0.061219588
BB_lower,0.060299955
RSI_14,0.059402484
20_day_std,0.058590513
High,0.05761607
Open,0.056888547
MACD_signal,0.05491076
volatility_10,0.05379667
Close,0.05350498
20_day_ma,0.053106546
daily_return,0.052568447
10_day_ma,0.0484228
Volume,0.047085155
