Feature,Importance
5_day_ma,0.07962437
Low,0.07487549
volatility_10,0.07348629
MACD_signal,0.06959853
Close,0.068335466
10_day_ma,0.06761191
20_day_ma,0.067589395
daily_return,0.062920205
BB_lower,0.057357855
BB_upper,0.05440698
High,0.052246924
Volume,0.04974723
Open,0.048171967
MACD,0.0469546
volume_change,0.04587698
20_day_std,0.04481417
RSI_14,0.03638165
