Feature,Importance
MACD_signal,0.06821553
BB_lower,0.065992326
Volume,0.063480295
20_day_ma,0.06307017
BB_upper,0.062485803
MACD,0.06240035
volatility_10,0.061410636
20_day_std,0.061363354
Open,0.05915228
5_day_ma,0.058233198
High,0.057988606
daily_return,0.057292752
Low,0.054000046
RSI_14,0.053997513
volume_change,0.053093746
10_day_ma,0.048997972
Close,0.04882544
