Feature,Importance
BB_upper,0.073229216
10_day_ma,0.07069973
Volume,0.06565894
MACD_signal,0.06219747
volatility_10,0.062014945
Low,0.06042962
Close,0.05859039
volume_change,0.058203653
20_day_std,0.057997957
MACD,0.057299916
20_day_ma,0.056972995
daily_return,0.056896307
5_day_ma,0.056028575
High,0.05300233
Open,0.05124237
RSI_14,0.050841346
BB_lower,0.048694216
