Feature,Importance
10_day_ma,0.06783058
RSI_14,0.06778346
20_day_std,0.066483
MACD,0.06443741
Low,0.063475266
BB_lower,0.06329347
Open,0.0628805
BB_upper,0.06272797
volume_change,0.061119094
daily_return,0.060679134
volatility_10,0.05903137
Volume,0.056834456
High,0.05588003
5_day_ma,0.05261864
Close,0.048944145
MACD_signal,0.047523588
20_day_ma,0.038457893
