Feature,Importance
10_day_ma,0.08092715
Open,0.073041506
5_day_ma,0.067097045
MACD_signal,0.06551396
20_day_ma,0.0631395
Volume,0.058343627
volatility_10,0.05801099
daily_return,0.057925947
MACD,0.0576723
Close,0.057133883
Low,0.056494918
BB_lower,0.055987626
BB_upper,0.052974112
20_day_std,0.051567562
RSI_14,0.051521707
High,0.047218494
volume_change,0.045429673
