Feature,Importance
5_day_ma,0.06740392
MACD,0.06646927
Close,0.064959995
BB_upper,0.06495273
10_day_ma,0.06374291
RSI_14,0.06349011
volume_change,0.06262133
High,0.0588817
daily_return,0.058469605
20_day_ma,0.05755063
MACD_signal,0.057524633
20_day_std,0.057045132
Volume,0.05505427
BB_lower,0.054937225
Low,0.050636493
volatility_10,0.049915735
Open,0.046344284
