Feature,Importance
High,0.08196724
10_day_ma,0.07472309
5_day_ma,0.07072399
Low,0.06428312
Close,0.063124835
BB_lower,0.061311122
MACD_signal,0.060525626
Open,0.06050478
MACD,0.056809243
Volume,0.056789294
BB_upper,0.055959046
daily_return,0.05429643
20_day_ma,0.05286374
RSI_14,0.049530495
volume_change,0.046060335
20_day_std,0.045783296
volatility_10,0.044744268
