Feature,Importance
5_day_ma,0.07991855
Low,0.07144488
Close,0.0695776
High,0.06917731
BB_lower,0.06725512
BB_upper,0.06383012
20_day_std,0.06048903
MACD_signal,0.05859121
volume_change,0.057145223
Open,0.056310665
10_day_ma,0.055475604
daily_return,0.055385783
Volume,0.053132676
MACD,0.04768036
volatility_10,0.04690475
RSI_14,0.044960294
20_day_ma,0.042720854
