Feature,Importance
Low,0.07963457
MACD,0.0762045
5_day_ma,0.06521102
Close,0.06362549
20_day_std,0.062489003
MACD_signal,0.061849333
RSI_14,0.058418762
High,0.058299538
BB_lower,0.058188353
Open,0.056548245
daily_return,0.055901036
volume_change,0.055651765
20_day_ma,0.054408263
volatility_10,0.050213605
BB_upper,0.048961055
Volume,0.04739411
10_day_ma,0.04700138
