Feature,Importance
BB_upper,0.068611816
MACD_signal,0.06776033
10_day_ma,0.06442331
20_day_ma,0.063212715
BB_lower,0.06311117
High,0.062241882
MACD,0.06220815
Open,0.06086167
volume_change,0.057632852
20_day_std,0.057017148
RSI_14,0.056509122
volatility_10,0.055838544
5_day_ma,0.055375375
Close,0.055301722
daily_return,0.05510666
Volume,0.04824259
Low,0.046544965
