Feature,Importance
5_day_ma,0.075051956
MACD_signal,0.07027503
MACD,0.06878957
BB_lower,0.061892774
Low,0.06107879
20_day_std,0.060157865
BB_upper,0.059580095
volume_change,0.059441343
volatility_10,0.058537155
High,0.058536828
Volume,0.05778365
daily_return,0.054513555
RSI_14,0.054468445
Open,0.051945686
10_day_ma,0.050328113
Close,0.05024172
20_day_ma,0.047377422
