Feature,Importance
High,0.07425227
Volume,0.072770745
BB_lower,0.06671241
20_day_std,0.06600122
MACD,0.06498664
Open,0.06279856
MACD_signal,0.0624869
20_day_ma,0.062427863
Close,0.061962154
Low,0.06195307
volume_change,0.05303281
daily_return,0.05176829
volatility_10,0.050539635
5_day_ma,0.04883406
RSI_14,0.048241716
BB_upper,0.047029164
10_day_ma,0.04420244
