Feature,Importance
MACD,0.08113433
Open,0.07371305
volatility_10,0.06648129
volume_change,0.065687336
20_day_ma,0.06524399
BB_upper,0.058522686
daily_return,0.056829397
Volume,0.056585353
20_day_std,0.05584785
BB_lower,0.055442546
RSI_14,0.05533067
High,0.055142924
MACD_signal,0.054099064
10_day_ma,0.0517719
Low,0.051254284
Close,0.04964832
5_day_ma,0.047264963
