Feature,Importance
MACD,0.06956397
Volume,0.06892339
BB_upper,0.06634146
volatility_10,0.06340679
Low,0.063054375
volume_change,0.062434528
MACD_signal,0.062301937
10_day_ma,0.060372062
High,0.06002224
20_day_std,0.059345063
RSI_14,0.05817815
Open,0.056786496
daily_return,0.056692284
5_day_ma,0.052270986
BB_lower,0.0516377
20_day_ma,0.04664137
Close,0.042027257
