Feature,Importance
MACD,0.08537708
20_day_std,0.076940626
5_day_ma,0.06544768
volume_change,0.065376736
MACD_signal,0.06285148
Low,0.06098665
Volume,0.06014314
High,0.058642447
10_day_ma,0.05735399
BB_upper,0.05710238
volatility_10,0.05375793
Close,0.053130254
daily_return,0.051487412
RSI_14,0.04981128
BB_lower,0.0485586
20_day_ma,0.04692719
Open,0.046105154
