Feature,Importance
Low,0.08075711
volatility_10,0.071703665
MACD,0.06830691
RSI_14,0.0671402
volume_change,0.06676012
20_day_ma,0.06607153
5_day_ma,0.063593395
daily_return,0.059411112
10_day_ma,0.058281932
Volume,0.05657828
20_day_std,0.056420483
Open,0.054753147
Close,0.05127984
High,0.04803486
BB_lower,0.04787023
MACD_signal,0.043765206
BB_upper,0.039272074
