Feature,Importance
5_day_ma,0.07131941
volume_change,0.0646215
BB_upper,0.063918754
MACD_signal,0.0638235
MACD,0.06358842
Low,0.06168744
20_day_ma,0.060749955
volatility_10,0.06049775
Volume,0.059391096
BB_lower,0.05920433
20_day_std,0.058561187
daily_return,0.05572382
High,0.05467623
RSI_14,0.05462704
Close,0.053660873
10_day_ma,0.049547765
Open,0.044400804
