Feature,Importance
Low,0.07181431
MACD,0.07073037
10_day_ma,0.06987436
daily_return,0.067083515
20_day_ma,0.06668202
MACD_signal,0.06570845
High,0.06412535
5_day_ma,0.061306007
Open,0.06022343
BB_lower,0.055314723
BB_upper,0.054779086
Close,0.054611854
20_day_std,0.051039852
volume_change,0.050777595
Volume,0.047103647
RSI_14,0.046280313
volatility_10,0.04254506
