Feature,Importance
Low,0.078032546
High,0.07302991
BB_lower,0.069022685
Open,0.06350105
10_day_ma,0.060641166
volume_change,0.060574383
MACD_signal,0.060313944
daily_return,0.05802402
Close,0.057973687
5_day_ma,0.057593506
20_day_ma,0.056638394
BB_upper,0.056320768
volatility_10,0.053597417
RSI_14,0.051356398
20_day_std,0.04916202
Volume,0.04803783
MACD,0.046180278
