Feature,Importance
MACD_signal,0.06716177
BB_lower,0.06348441
volatility_10,0.061535645
BB_upper,0.061214324
10_day_ma,0.060910553
20_day_std,0.060025882
Volume,0.059854385
5_day_ma,0.05921708
20_day_ma,0.058635827
Low,0.057994694
RSI_14,0.057142425
volume_change,0.0566291
daily_return,0.056446325
Open,0.056122307
High,0.05601484
MACD,0.05527402
Close,0.052336395
