Feature,Importance
Open,0.07818676
5_day_ma,0.072211385
Close,0.07071317
Low,0.06922154
MACD,0.067893535
BB_lower,0.061387073
MACD_signal,0.05865784
BB_upper,0.0586296
10_day_ma,0.058159944
Volume,0.056107465
volume_change,0.052910782
daily_return,0.05213911
20_day_std,0.05206784
volatility_10,0.049731754
RSI_14,0.048540693
20_day_ma,0.048420206
High,0.04502136
