Feature,Importance
BB_upper,0.07206519
MACD_signal,0.07186255
BB_lower,0.0648765
10_day_ma,0.062274676
MACD,0.061923563
High,0.061406355
20_day_ma,0.06069436
volatility_10,0.05915545
Low,0.058353446
RSI_14,0.05733105
daily_return,0.05717509
20_day_std,0.056878127
Close,0.055891935
volume_change,0.05474405
Open,0.049193915
5_day_ma,0.04880186
Volume,0.047371823
