Feature,Importance
20_day_ma,0.07136834
Low,0.067960456
MACD,0.06333325
BB_upper,0.063227355
BB_lower,0.0631784
volume_change,0.060298644
Open,0.05961015
RSI_14,0.05951655
5_day_ma,0.059283923
daily_return,0.058266766
volatility_10,0.056174945
10_day_ma,0.056016944
Close,0.055329975
20_day_std,0.055067778
MACD_signal,0.05147057
High,0.051012706
Volume,0.04888311
