Feature,Importance
Low,0.08038229
Close,0.07179976
5_day_ma,0.07164861
MACD,0.06502153
volatility_10,0.06252492
MACD_signal,0.06202623
High,0.06087797
BB_lower,0.05801127
volume_change,0.058004815
daily_return,0.056609936
10_day_ma,0.05622533
Volume,0.055828214
20_day_std,0.054091338
Open,0.0494657
RSI_14,0.048916236
20_day_ma,0.046579976
BB_upper,0.041985873
