Feature,Importance
BB_lower,0.07002059
Volume,0.0674719
BB_upper,0.06705635
5_day_ma,0.06332512
High,0.062819235
volatility_10,0.06131245
Low,0.061072953
10_day_ma,0.058980025
Open,0.05864617
daily_return,0.057308514
RSI_14,0.056552365
volume_change,0.05618641
MACD,0.05508952
MACD_signal,0.054147825
20_day_std,0.053924643
20_day_ma,0.05235264
Close,0.043733243
