Feature,Importance
volume_change,0.074198894
20_day_std,0.07165115
20_day_ma,0.0681438
daily_return,0.064920485
volatility_10,0.063758306
Close,0.06374179
MACD,0.062142156
High,0.061558664
Volume,0.05932834
Low,0.05790937
MACD_signal,0.057495907
BB_lower,0.054838296
RSI_14,0.054537944
BB_upper,0.054527316
5_day_ma,0.0512736
10_day_ma,0.044912823
Open,0.03506108
