Feature,Importance
10_day_ma,0.07759969
daily_return,0.06613897
BB_lower,0.06581804
Open,0.06350286
5_day_ma,0.063365735
BB_upper,0.062084857
MACD_signal,0.05964263
volatility_10,0.059230678
volume_change,0.059019763
MACD,0.057984896
Volume,0.056748863
Low,0.05655935
RSI_14,0.05640013
20_day_std,0.053132378
High,0.052553948
20_day_ma,0.049468614
Close,0.04074851
