Feature,Importance
MACD_signal,0.07307506
Volume,0.07012171
RSI_14,0.06679907
10_day_ma,0.066431426
5_day_ma,0.06527244
BB_upper,0.06477774
daily_return,0.06448781
Close,0.061671026
High,0.06097719
volume_change,0.05824766
MACD,0.05628232
20_day_ma,0.05602663
Open,0.055349715
volatility_10,0.05421889
BB_lower,0.050261013
20_day_std,0.039655104
Low,0.036345154
