Feature,Importance
High,0.07969212
BB_lower,0.07041098
Close,0.06885478
BB_upper,0.06375541
Low,0.06303677
Volume,0.06138759
daily_return,0.058305386
Open,0.058109026
RSI_14,0.057467654
20_day_std,0.05670259
volatility_10,0.05370454
20_day_ma,0.053382132
volume_change,0.052551255
10_day_ma,0.05220946
5_day_ma,0.051738996
MACD_signal,0.051397044
MACD,0.047294345
