Feature,Importance
Low,0.06966601
Close,0.06619076
High,0.06557563
MACD,0.06274187
20_day_std,0.06195495
5_day_ma,0.059760213
10_day_ma,0.05863811
BB_upper,0.058457267
MACD_signal,0.058455095
BB_lower,0.057624817
Open,0.05697161
RSI_14,0.056944195
volatility_10,0.055346947
20_day_ma,0.054102108
Volume,0.053522713
volume_change,0.052098367
daily_return,0.051949292
