Feature,Importance
BB_upper,0.07090555
Low,0.06801644
20_day_ma,0.06753684
10_day_ma,0.06521612
5_day_ma,0.062423144
Open,0.062320996
BB_lower,0.061941337
RSI_14,0.057979092
volume_change,0.057573125
Close,0.057565015
MACD,0.05625004
daily_return,0.055515498
volatility_10,0.054743398
Volume,0.053561743
MACD_signal,0.05048186
20_day_std,0.05018523
High,0.047784578
