Feature,Importance
10_day_ma,0.09995171
Low,0.0846757
RSI_14,0.06952287
Close,0.06142064
daily_return,0.060453337
BB_upper,0.06014746
Volume,0.057002034
MACD,0.054701403
20_day_ma,0.054239333
BB_lower,0.053411007
volatility_10,0.053114858
20_day_std,0.05302629
volume_change,0.05236723
MACD_signal,0.04899484
5_day_ma,0.047450166
Open,0.047447156
High,0.042073958
