Feature,Importance
High,0.07342045
volatility_10,0.06643477
Low,0.066387825
20_day_std,0.064620435
BB_lower,0.06065722
MACD,0.060196813
Volume,0.05850724
Open,0.057466693
daily_return,0.057393137
RSI_14,0.056146786
5_day_ma,0.055902902
20_day_ma,0.05580415
volume_change,0.054058656
10_day_ma,0.053692255
Close,0.053382393
BB_upper,0.05311136
MACD_signal,0.0528169
