Feature,Importance
5_day_ma,0.08004408
Low,0.07403544
20_day_std,0.06641123
Open,0.06623403
BB_lower,0.063399516
volume_change,0.062269144
MACD,0.06004184
MACD_signal,0.05965351
High,0.058229282
volatility_10,0.056780107
20_day_ma,0.056190416
daily_return,0.055367872
BB_upper,0.05128963
Close,0.050661847
10_day_ma,0.04756866
RSI_14,0.047236655
Volume,0.044586755
