Feature,Importance
RSI_14,0.08297889
High,0.076188296
MACD_signal,0.07469203
Low,0.06987994
10_day_ma,0.06882904
BB_upper,0.06809081
20_day_ma,0.064391844
5_day_ma,0.062311057
20_day_std,0.061813485
daily_return,0.054698434
volume_change,0.05195862
BB_lower,0.049432043
Close,0.04935327
MACD,0.047504317
volatility_10,0.04564029
Volume,0.0396571
Open,0.03258045
