Feature,Importance
5_day_ma,0.075348675
volatility_10,0.07131448
Open,0.06985016
MACD_signal,0.067493044
MACD,0.064884305
Low,0.0640144
Volume,0.061471116
10_day_ma,0.060636163
20_day_ma,0.05854891
Close,0.057250973
High,0.057125498
RSI_14,0.05405216
BB_upper,0.053973228
BB_lower,0.047311474
20_day_std,0.04647707
volume_change,0.045229927
daily_return,0.045018382
