Feature,Importance
10_day_ma,0.08757022
Low,0.07574164
Close,0.0707922
MACD,0.06407974
Open,0.063378416
BB_upper,0.0612556
RSI_14,0.059247915
volume_change,0.05888709
20_day_std,0.05764072
5_day_ma,0.056866564
BB_lower,0.053874955
volatility_10,0.053265534
20_day_ma,0.051176324
High,0.051001437
daily_return,0.050399885
MACD_signal,0.044935334
Volume,0.03988646
