Feature,Importance
20_day_ma,0.082567625
RSI_14,0.07235744
10_day_ma,0.07057392
Open,0.06962582
BB_upper,0.06747339
MACD,0.06672059
volatility_10,0.06131866
MACD_signal,0.060620964
Low,0.059337486
20_day_std,0.056271426
volume_change,0.053579077
5_day_ma,0.051234215
daily_return,0.0499942
Volume,0.04957502
BB_lower,0.043931466
High,0.0430027
Close,0.04181599
