Feature,Importance
5_day_ma,0.06569325
20_day_std,0.06446009
volume_change,0.06362975
MACD,0.06356143
Low,0.06334634
daily_return,0.062143352
High,0.061580434
20_day_ma,0.061278727
Close,0.061231583
BB_upper,0.061066248
RSI_14,0.05912158
volatility_10,0.058301788
BB_lower,0.05532851
MACD_signal,0.054766424
Open,0.054422688
10_day_ma,0.046321716
Volume,0.04374614
