Feature,Importance
Low,0.09536316
High,0.08617775
Open,0.07035395
Close,0.069274046
5_day_ma,0.063791394
20_day_ma,0.06314337
BB_upper,0.058362637
MACD_signal,0.058050606
20_day_std,0.056728512
volume_change,0.05454828
BB_lower,0.052549746
MACD,0.049811117
daily_return,0.048454326
volatility_10,0.047100637
RSI_14,0.0458778
Volume,0.040402777
10_day_ma,0.040009826
