Feature,Importance
High,0.08500851
20_day_ma,0.07471441
MACD,0.0715069
MACD_signal,0.06689639
Low,0.06630447
volume_change,0.0640132
Close,0.062215168
5_day_ma,0.058372512
20_day_std,0.05321559
Open,0.05253948
volatility_10,0.051452737
10_day_ma,0.05135268
daily_return,0.050345365
BB_upper,0.050257258
BB_lower,0.048032355
RSI_14,0.047553413
Volume,0.04621953
