Feature,Importance
BB_upper,0.073423445
Low,0.06545978
BB_lower,0.06359662
RSI_14,0.06312857
10_day_ma,0.06042867
20_day_std,0.059480533
20_day_ma,0.05891102
daily_return,0.05854095
MACD,0.058370195
5_day_ma,0.058066744
Open,0.05591764
MACD_signal,0.05587789
Close,0.055128776
High,0.05511912
volume_change,0.054540783
volatility_10,0.05443583
Volume,0.049573503
