Feature,Importance
Open,0.094486095
BB_upper,0.07597501
10_day_ma,0.073460005
Close,0.06137379
20_day_ma,0.060605507
volume_change,0.0604702
5_day_ma,0.059424464
MACD_signal,0.058530863
RSI_14,0.055256747
BB_lower,0.054689787
daily_return,0.05401212
volatility_10,0.050280772
Low,0.050018664
Volume,0.04952604
MACD,0.049039453
High,0.047587287
20_day_std,0.04526319
