Feature,Importance
High,0.07821497
Open,0.0739315
Low,0.06640206
Volume,0.0656824
10_day_ma,0.065143555
volume_change,0.06437225
daily_return,0.06305531
BB_upper,0.060237087
volatility_10,0.058615964
5_day_ma,0.05856188
MACD,0.0558031
BB_lower,0.052567597
20_day_std,0.052431487
20_day_ma,0.04987985
RSI_14,0.049007677
MACD_signal,0.04502151
Close,0.04107184
