Feature,Importance
MACD,0.072602294
RSI_14,0.06766376
20_day_ma,0.06617197
BB_upper,0.064598285
Low,0.063461535
5_day_ma,0.063198745
10_day_ma,0.06238277
Close,0.061449524
daily_return,0.059701398
volume_change,0.05829364
Open,0.056745194
Volume,0.05570295
volatility_10,0.05230771
20_day_std,0.050724737
MACD_signal,0.04995883
BB_lower,0.048878286
High,0.046158377
