Feature,Importance
BB_lower,0.069376476
10_day_ma,0.06825649
volume_change,0.066441596
20_day_ma,0.06627297
5_day_ma,0.06606508
Volume,0.061967038
Close,0.06138239
BB_upper,0.060532346
MACD_signal,0.058748174
MACD,0.056113493
Open,0.054912977
20_day_std,0.05469297
volatility_10,0.054193772
RSI_14,0.052997485
Low,0.050623782
daily_return,0.04925652
High,0.048166517
