Feature,Importance
MACD_signal,0.07264093
Low,0.06853966
BB_upper,0.067086056
MACD,0.06637572
High,0.06611939
20_day_ma,0.06384673
BB_lower,0.061971653
20_day_std,0.061542336
RSI_14,0.060553778
Close,0.059073564
daily_return,0.059061196
volume_change,0.05557505
volatility_10,0.053557634
5_day_ma,0.05048485
Open,0.047383435
10_day_ma,0.045626022
Volume,0.04056199
