Feature,Importance
Low,0.09368352
BB_lower,0.07501892
5_day_ma,0.06864591
RSI_14,0.0649945
volume_change,0.06360797
Close,0.062189877
10_day_ma,0.059546843
20_day_ma,0.058686834
MACD,0.058266267
daily_return,0.057609007
BB_upper,0.056911785
volatility_10,0.052194424
20_day_std,0.05192767
High,0.0500352
MACD_signal,0.04637307
Open,0.04123888
Volume,0.03906924
