Feature,Importance
MACD,0.073022746
volume_change,0.06800835
BB_upper,0.06530514
20_day_std,0.062426656
Low,0.06234502
5_day_ma,0.06137528
Volume,0.059905164
volatility_10,0.058271088
High,0.05781895
RSI_14,0.05685088
Open,0.056683056
MACD_signal,0.056594767
10_day_ma,0.05519954
Close,0.054684393
daily_return,0.053626817
BB_lower,0.051882673
20_day_ma,0.045999486
