Feature,Importance
volatility_10,0.07669567
MACD_signal,0.06872534
MACD,0.06558526
5_day_ma,0.06365356
BB_upper,0.06340422
High,0.059365097
BB_lower,0.059138305
Low,0.056941144
10_day_ma,0.05650749
Close,0.056480773
Volume,0.056042098
20_day_std,0.054858234
RSI_14,0.05468733
volume_change,0.05403506
daily_return,0.05283137
20_day_ma,0.0509502
Open,0.05009879
