Feature,Importance
10_day_ma,0.06949538
BB_upper,0.06822974
High,0.06683819
BB_lower,0.06681311
MACD_signal,0.0666034
volatility_10,0.064827956
20_day_ma,0.064783916
Open,0.06277689
Volume,0.0603895
20_day_std,0.059809305
daily_return,0.058469962
Low,0.050607514
Close,0.04927666
MACD,0.048144534
5_day_ma,0.048036847
volume_change,0.047587685
RSI_14,0.047309384
