Feature,Importance
Low,0.06815476
Open,0.067158125
volume_change,0.06582748
High,0.064586475
10_day_ma,0.06302287
Close,0.061117522
MACD_signal,0.06022067
BB_lower,0.05953366
5_day_ma,0.058134314
volatility_10,0.05694211
BB_upper,0.056635853
RSI_14,0.055320006
daily_return,0.05384745
Volume,0.053536784
20_day_ma,0.052827455
20_day_std,0.052047644
MACD,0.05108686
