Feature,Importance
10_day_ma,0.08714884
Low,0.07229405
BB_upper,0.071940355
MACD_signal,0.06724669
RSI_14,0.06418752
MACD,0.06380175
BB_lower,0.06293734
High,0.057246353
volume_change,0.055652853
volatility_10,0.05331402
5_day_ma,0.053167023
Close,0.05307598
daily_return,0.04841354
20_day_ma,0.048271585
Open,0.047538288
20_day_std,0.04721607
Volume,0.04654771
