Feature,Importance
MACD_signal,0.0745724
volatility_10,0.066227086
MACD,0.06412388
Open,0.063107185
5_day_ma,0.06291049
Close,0.06278491
BB_lower,0.062276486
High,0.0595456
volume_change,0.059155423
20_day_ma,0.0564497
RSI_14,0.05544151
Low,0.055319738
daily_return,0.05341918
20_day_std,0.052395243
10_day_ma,0.05207424
Volume,0.051369898
BB_upper,0.048826974
