Feature,Importance
20_day_std,0.07423187
MACD,0.068417884
5_day_ma,0.06815403
BB_lower,0.064316675
Low,0.06206658
volume_change,0.05998106
BB_upper,0.0591051
volatility_10,0.059020873
Close,0.05872355
RSI_14,0.05610941
20_day_ma,0.05606397
High,0.054711238
MACD_signal,0.052866805
Volume,0.052170265
10_day_ma,0.051959407
daily_return,0.05134593
Open,0.05075535
