Feature,Importance
Low,0.0695544
High,0.067261666
BB_lower,0.06694752
10_day_ma,0.06357714
5_day_ma,0.06267657
20_day_std,0.062197886
Volume,0.060968604
MACD_signal,0.059972428
Close,0.059556153
MACD,0.05896991
RSI_14,0.05607402
Open,0.05367578
BB_upper,0.052969992
daily_return,0.052505247
volume_change,0.051599067
20_day_ma,0.05104693
volatility_10,0.05044668
