Feature,Importance
Low,0.06908878
Volume,0.06417429
BB_upper,0.06339349
5_day_ma,0.0633522
volatility_10,0.061043512
daily_return,0.060681924
MACD,0.06045181
10_day_ma,0.060067598
volume_change,0.05930337
20_day_std,0.058918417
Open,0.05878018
20_day_ma,0.056566887
RSI_14,0.05568252
High,0.054649133
MACD_signal,0.053443167
Close,0.05115898
BB_lower,0.04924372
