Feature,Importance
BB_lower,0.0650546
Low,0.063143566
20_day_std,0.06290642
10_day_ma,0.062096234
BB_upper,0.06120302
5_day_ma,0.06117163
20_day_ma,0.060214754
RSI_14,0.05988763
Close,0.05931474
MACD_signal,0.058453057
Open,0.057078
daily_return,0.05618736
MACD,0.05483704
volume_change,0.05476889
High,0.05471572
Volume,0.054659065
volatility_10,0.054308306
