Feature,Importance
Low,0.06947306
10_day_ma,0.06872125
5_day_ma,0.06857505
BB_lower,0.06696747
20_day_ma,0.0623171
High,0.059073728
volatility_10,0.05903191
Volume,0.0588998
Close,0.058462873
BB_upper,0.057873722
daily_return,0.05743909
Open,0.05644492
MACD,0.05603106
volume_change,0.052347843
RSI_14,0.051367562
20_day_std,0.049991753
MACD_signal,0.046981756
