Feature,Importance
BB_lower,0.06707866
RSI_14,0.06603955
volume_change,0.064846165
Open,0.06283397
High,0.062531635
MACD,0.060359884
20_day_ma,0.06002353
20_day_std,0.05941195
Low,0.058507163
5_day_ma,0.058441985
daily_return,0.0584161
Close,0.05676856
MACD_signal,0.05634615
Volume,0.05395651
10_day_ma,0.05319569
volatility_10,0.05070234
BB_upper,0.05054013
