Feature,Importance
20_day_ma,0.06557621
10_day_ma,0.06354345
5_day_ma,0.061893817
BB_upper,0.061604965
Close,0.061155222
volume_change,0.060579244
Low,0.059871342
20_day_std,0.059722435
MACD_signal,0.059719425
BB_lower,0.059533697
Open,0.059188318
MACD,0.058538128
RSI_14,0.057297956
Volume,0.0562454
volatility_10,0.05544807
daily_return,0.050673746
High,0.049408548
