Feature,Importance
MACD,0.07586585
Low,0.067254335
volume_change,0.06545289
BB_upper,0.0644711
RSI_14,0.061868932
5_day_ma,0.061867833
Volume,0.061219018
Close,0.060318034
MACD_signal,0.059681732
20_day_std,0.058643777
volatility_10,0.055958606
Open,0.054683477
BB_lower,0.053341504
High,0.051449545
10_day_ma,0.051223405
daily_return,0.05062432
20_day_ma,0.046075646
