Feature,Importance
High,0.07408296
MACD_signal,0.0723509
20_day_ma,0.06650906
Low,0.06557763
daily_return,0.06488238
volatility_10,0.06470262
BB_upper,0.06208281
BB_lower,0.062009797
Volume,0.06046217
5_day_ma,0.057642195
volume_change,0.05606428
RSI_14,0.054992795
MACD,0.053975545
Close,0.051204488
20_day_std,0.04939602
10_day_ma,0.049203835
Open,0.034860544
