Feature,Importance
BB_upper,0.06925261
Open,0.065819055
BB_lower,0.06492438
20_day_ma,0.0623755
5_day_ma,0.061032783
Low,0.05963334
High,0.05852169
volume_change,0.057650235
MACD,0.057004314
RSI_14,0.056777656
20_day_std,0.056633845
MACD_signal,0.056276247
Close,0.055948995
10_day_ma,0.05545756
daily_return,0.055276327
Volume,0.054450214
volatility_10,0.052965254
