Feature,Importance
BB_lower,0.06761947
volume_change,0.06300058
MACD,0.0629017
BB_upper,0.062155824
daily_return,0.06068003
Low,0.06065167
Open,0.06033076
MACD_signal,0.059810273
20_day_ma,0.059765544
High,0.05968028
10_day_ma,0.059632607
20_day_std,0.057760507
Volume,0.056400843
5_day_ma,0.053864855
RSI_14,0.053168595
Close,0.05273523
volatility_10,0.049841247
