Feature,Importance
10_day_ma,0.075178854
BB_upper,0.074278325
Close,0.07096989
MACD,0.068608895
Volume,0.06350729
volatility_10,0.06122962
5_day_ma,0.05915068
RSI_14,0.058908
MACD_signal,0.056805227
daily_return,0.05507259
volume_change,0.054574195
High,0.054432582
Low,0.054053996
BB_lower,0.05385688
20_day_std,0.049847927
Open,0.04859365
20_day_ma,0.040931452
