Feature,Importance
BB_lower,0.06740955
20_day_std,0.066053934
Volume,0.06576661
daily_return,0.06387337
BB_upper,0.061918724
Low,0.061858755
Open,0.05921528
MACD,0.058680862
volatility_10,0.058080528
MACD_signal,0.057762492
5_day_ma,0.05705772
RSI_14,0.056950405
volume_change,0.056824684
20_day_ma,0.056233563
10_day_ma,0.05390564
High,0.05204181
Close,0.04636605
