Feature,Importance
MACD,0.070613846
5_day_ma,0.06724166
10_day_ma,0.06675499
High,0.06363568
Low,0.06268684
volume_change,0.06204897
MACD_signal,0.061277267
daily_return,0.05710016
BB_upper,0.056619436
20_day_std,0.056545455
volatility_10,0.05513694
RSI_14,0.054640606
BB_lower,0.054563873
Open,0.054343317
Close,0.052872054
20_day_ma,0.05247775
Volume,0.051441025
