Feature,Importance
Low,0.077765666
MACD_signal,0.06548698
High,0.0644078
Open,0.06347389
20_day_std,0.06289826
BB_lower,0.060942058
5_day_ma,0.06065334
Close,0.05898819
10_day_ma,0.058632333
BB_upper,0.057827808
Volume,0.0568387
RSI_14,0.055670697
daily_return,0.053783543
MACD,0.053506907
volume_change,0.05067151
volatility_10,0.049585186
20_day_ma,0.048867077
