Feature,Importance
RSI_14,0.07960971
High,0.07708574
MACD,0.068895765
20_day_ma,0.06700714
BB_lower,0.065630175
Open,0.06463681
volume_change,0.062360242
BB_upper,0.061014645
5_day_ma,0.059820876
20_day_std,0.058215752
volatility_10,0.05596238
MACD_signal,0.055646222
daily_return,0.052695476
Volume,0.05157068
Low,0.043910995
Close,0.04372414
10_day_ma,0.032213297
