Feature,Importance
BB_upper,0.10388846
MACD_signal,0.07784721
Close,0.06987615
High,0.068610005
Open,0.062407494
volatility_10,0.062374886
MACD,0.062108383
daily_return,0.060727753
BB_lower,0.059530366
RSI_14,0.05900874
Volume,0.052774396
10_day_ma,0.04737254
20_day_std,0.04404266
volume_change,0.04371645
20_day_ma,0.043597616
5_day_ma,0.04329991
Low,0.03881702
