Feature,Importance
High,0.07168889
Open,0.06762914
volume_change,0.06617365
10_day_ma,0.06490173
BB_upper,0.061835762
Low,0.061599437
Volume,0.058342997
MACD_signal,0.057106823
20_day_std,0.057017192
volatility_10,0.05609829
BB_lower,0.055741042
daily_return,0.055682797
5_day_ma,0.055151273
RSI_14,0.054549664
Close,0.054495577
MACD,0.052198607
20_day_ma,0.04978713
