Feature,Importance
MACD_signal,0.07333318
BB_upper,0.06964716
Low,0.0637576
volume_change,0.063498184
5_day_ma,0.062771335
High,0.060523413
MACD,0.059514713
BB_lower,0.05753275
RSI_14,0.05643664
Volume,0.055480335
daily_return,0.055431996
20_day_std,0.055386182
Close,0.05478133
20_day_ma,0.054742467
volatility_10,0.05430105
Open,0.051797133
10_day_ma,0.051064514
