Feature,Importance
BB_upper,0.07025265
volatility_10,0.06862652
BB_lower,0.06420758
MACD,0.06412222
Open,0.061639626
volume_change,0.061143305
10_day_ma,0.06083571
Close,0.059722114
20_day_ma,0.059315477
5_day_ma,0.058611214
MACD_signal,0.058198653
Volume,0.057463337
Low,0.057031833
High,0.053323165
daily_return,0.049167067
RSI_14,0.048377298
20_day_std,0.04796225
