Feature,Importance
Low,0.0763854
10_day_ma,0.067904994
volume_change,0.06527285
20_day_std,0.06351991
RSI_14,0.06259659
BB_lower,0.06222165
Open,0.061479498
20_day_ma,0.061196774
daily_return,0.060151175
High,0.057721376
MACD,0.05533996
volatility_10,0.055324662
Close,0.05297636
5_day_ma,0.052400623
BB_upper,0.05085334
Volume,0.047348373
MACD_signal,0.047306437
