Feature,Importance
Open,0.069346786
20_day_ma,0.06837683
Close,0.065622896
Volume,0.06485859
MACD,0.06311042
20_day_std,0.06256599
BB_upper,0.06183582
High,0.060087148
MACD_signal,0.057990182
5_day_ma,0.055752587
daily_return,0.055529416
volume_change,0.055025067
Low,0.05495987
10_day_ma,0.0536013
BB_lower,0.05199594
RSI_14,0.05062428
volatility_10,0.048716873
