Feature,Importance
BB_lower,0.06610988
10_day_ma,0.06393912
Volume,0.063858874
daily_return,0.062858246
volatility_10,0.061468158
MACD_signal,0.06124887
5_day_ma,0.060212325
20_day_std,0.058368724
Open,0.0582572
MACD,0.057359636
High,0.056878608
volume_change,0.056240372
Low,0.055322573
BB_upper,0.054950576
RSI_14,0.05463359
20_day_ma,0.054299038
Close,0.05399426
