Feature,Importance
Low,0.07402123
MACD,0.07383589
10_day_ma,0.071192585
MACD_signal,0.07043091
BB_upper,0.06475054
20_day_ma,0.06456565
5_day_ma,0.063267015
20_day_std,0.06204684
daily_return,0.060222015
Close,0.05767825
BB_lower,0.056426898
volatility_10,0.052410107
volume_change,0.05046405
High,0.04787278
Volume,0.04548994
Open,0.045140993
RSI_14,0.040184364
