Feature,Importance
BB_lower,0.0660068
Low,0.064002916
20_day_ma,0.06340744
MACD,0.06256758
volatility_10,0.0624784
Open,0.062380556
BB_upper,0.061732817
daily_return,0.061319925
Volume,0.060552724
volume_change,0.058490645
10_day_ma,0.058015715
20_day_std,0.057702705
RSI_14,0.057441175
High,0.057037283
MACD_signal,0.05382378
5_day_ma,0.04706761
Close,0.04597186
