Feature,Importance
Low,0.06381095
RSI_14,0.06370938
High,0.063078776
MACD,0.062087607
Open,0.06073984
Close,0.059929173
BB_lower,0.059670236
Volume,0.05887251
BB_upper,0.058789246
MACD_signal,0.05830828
20_day_ma,0.058180336
daily_return,0.057354182
volume_change,0.05616463
10_day_ma,0.05530409
20_day_std,0.055169694
5_day_ma,0.055139236
volatility_10,0.05369186
