Feature,Importance
daily_return,0.06925653
10_day_ma,0.06534766
BB_upper,0.06276462
5_day_ma,0.062713236
volatility_10,0.06153541
Volume,0.061492562
20_day_std,0.06042299
Low,0.059480052
20_day_ma,0.057788953
Open,0.05730839
RSI_14,0.056652293
volume_change,0.055493254
High,0.055466153
Close,0.055271514
MACD,0.054683626
BB_lower,0.05443898
MACD_signal,0.049883824
