Feature,Importance
BB_upper,0.076983385
Open,0.06967652
BB_lower,0.065171614
volume_change,0.06392564
High,0.06272136
5_day_ma,0.061418496
MACD_signal,0.061048012
MACD,0.058498364
volatility_10,0.05681839
Low,0.055051398
Volume,0.05504926
daily_return,0.05370843
10_day_ma,0.05334123
RSI_14,0.0533348
20_day_ma,0.05264148
20_day_std,0.050355587
Close,0.05025601
