Feature,Importance
Open,0.0829368
High,0.07706212
BB_upper,0.076188676
daily_return,0.07184094
Close,0.07056523
5_day_ma,0.07046005
Low,0.06784576
MACD_signal,0.061583854
Volume,0.058156256
20_day_std,0.05362682
20_day_ma,0.04977789
volume_change,0.047241874
MACD,0.046071187
RSI_14,0.0448758
BB_lower,0.044262208
volatility_10,0.043981295
10_day_ma,0.0335233
