Feature,Importance
Open,0.06752577
BB_lower,0.06564468
volatility_10,0.06479951
5_day_ma,0.064036675
Volume,0.061729733
MACD_signal,0.061699405
volume_change,0.061303396
20_day_std,0.05835498
20_day_ma,0.05763316
10_day_ma,0.056585327
Low,0.056377508
RSI_14,0.056129556
MACD,0.055885617
High,0.05562355
daily_return,0.053896755
BB_upper,0.052183777
Close,0.050590593
