Feature,Importance
Low,0.06807549
BB_lower,0.0650472
BB_upper,0.0634411
5_day_ma,0.062196206
20_day_std,0.06123074
Volume,0.060563114
20_day_ma,0.06040952
RSI_14,0.059346918
daily_return,0.059272304
MACD_signal,0.059269186
Open,0.058112122
volume_change,0.0578727
High,0.05759354
volatility_10,0.05443784
10_day_ma,0.053617276
MACD,0.051881697
Close,0.04763298
