Feature,Importance
Close,0.07050652
Open,0.07039075
Low,0.06633717
BB_lower,0.06419223
BB_upper,0.06380542
20_day_ma,0.06237205
High,0.059678
volume_change,0.058636677
20_day_std,0.05586139
MACD_signal,0.055754725
RSI_14,0.05469358
10_day_ma,0.054191064
volatility_10,0.05367688
Volume,0.0535497
daily_return,0.053484634
MACD,0.052643444
5_day_ma,0.050225746
