Feature,Importance
MACD,0.07125838
BB_upper,0.06944835
5_day_ma,0.06764303
Close,0.065862656
Volume,0.062232453
volatility_10,0.061179303
MACD_signal,0.06117431
20_day_std,0.06106905
Low,0.06073981
volume_change,0.06005187
BB_lower,0.05648442
High,0.056464653
RSI_14,0.052804314
10_day_ma,0.051429134
daily_return,0.051161345
20_day_ma,0.04596878
Open,0.04502815
