Feature,Importance
Low,0.076273575
20_day_std,0.07052839
RSI_14,0.066242166
volume_change,0.065212645
MACD_signal,0.064554945
10_day_ma,0.06344827
High,0.06297353
BB_lower,0.062426485
Close,0.060302895
20_day_ma,0.059477173
5_day_ma,0.059439346
MACD,0.052105214
daily_return,0.050186727
volatility_10,0.04735943
BB_upper,0.04705203
Open,0.0462804
Volume,0.04613682
