Feature,Importance
Low,0.07807264
High,0.074887514
5_day_ma,0.06859094
BB_lower,0.06610235
20_day_ma,0.06531463
10_day_ma,0.060794182
volatility_10,0.060328487
Volume,0.058343317
BB_upper,0.058104664
Open,0.05731604
MACD_signal,0.056285277
MACD,0.053742964
Close,0.052001964
20_day_std,0.05017506
volume_change,0.048135772
daily_return,0.047957234
RSI_14,0.043846928
