Feature,Importance
Close,0.06471693
BB_lower,0.06262712
10_day_ma,0.062235504
High,0.061459787
RSI_14,0.060904056
daily_return,0.059949733
MACD,0.05925829
20_day_std,0.05897352
MACD_signal,0.05810545
5_day_ma,0.057926286
Open,0.05763224
BB_upper,0.057359323
20_day_ma,0.05726853
volatility_10,0.057266984
Low,0.056505945
Volume,0.055642534
volume_change,0.0521678
