Feature,Importance
High,0.072753444
20_day_ma,0.06563223
20_day_std,0.06441787
Open,0.06266991
Close,0.0622463
volume_change,0.06143042
RSI_14,0.059702095
5_day_ma,0.05955106
Volume,0.059177943
BB_lower,0.057862878
volatility_10,0.056631573
Low,0.05633628
MACD_signal,0.05581499
BB_upper,0.052592162
daily_return,0.051843908
MACD,0.050968908
10_day_ma,0.05036805
