Feature,Importance
5_day_ma,0.07298808
Open,0.06645743
RSI_14,0.06530769
BB_upper,0.06277643
20_day_std,0.061895095
MACD_signal,0.061515473
Low,0.06126916
daily_return,0.060196113
Volume,0.059278335
High,0.05802301
volume_change,0.05759705
BB_lower,0.057112426
volatility_10,0.05518576
20_day_ma,0.05114559
MACD,0.05094202
10_day_ma,0.050644323
Close,0.047665965
