Feature,Importance
BB_upper,0.07165028
20_day_std,0.06704529
Low,0.0669651
volume_change,0.06643554
RSI_14,0.06496408
daily_return,0.0632713
Open,0.06221101
Volume,0.062210776
volatility_10,0.06009841
5_day_ma,0.058522366
MACD_signal,0.05716197
BB_lower,0.05485266
MACD,0.05265924
10_day_ma,0.052599095
High,0.04924251
20_day_ma,0.047114465
Close,0.042995848
