Feature,Importance
Open,0.09426709
BB_upper,0.070778005
5_day_ma,0.06931752
20_day_ma,0.06886122
daily_return,0.062456317
Low,0.06222199
10_day_ma,0.058704175
Close,0.058543745
MACD_signal,0.05847786
Volume,0.056994904
volatility_10,0.05393568
volume_change,0.051952362
20_day_std,0.05131187
High,0.048768975
MACD,0.04815704
BB_lower,0.045672536
RSI_14,0.039578624
