Feature,Importance
Close,0.07342249
5_day_ma,0.06901196
Low,0.06789256
Open,0.06549725
volatility_10,0.06351143
MACD_signal,0.062339313
20_day_std,0.061561283
MACD,0.06148997
BB_lower,0.061314184
volume_change,0.06092751
10_day_ma,0.060419906
Volume,0.059160773
daily_return,0.056820627
RSI_14,0.05511615
20_day_ma,0.054632112
BB_upper,0.039276585
High,0.02760587
