Feature,Importance
High,0.07475274
5_day_ma,0.066572905
20_day_ma,0.06506713
Low,0.06472066
MACD,0.06313876
BB_lower,0.0606498
Close,0.060273863
daily_return,0.05934233
BB_upper,0.058290794
volatility_10,0.058245607
volume_change,0.058142155
Open,0.056187052
20_day_std,0.05430846
Volume,0.053206902
MACD_signal,0.051476665
10_day_ma,0.048831396
RSI_14,0.046792798
