Feature,Importance
Low,0.0725288
5_day_ma,0.07027342
MACD,0.06841467
BB_upper,0.06819402
20_day_std,0.06335621
BB_lower,0.059848923
10_day_ma,0.058295574
20_day_ma,0.05725646
volume_change,0.056963675
volatility_10,0.056908816
Volume,0.056324933
RSI_14,0.055772144
Close,0.05456493
MACD_signal,0.052655675
Open,0.051666316
High,0.050264306
daily_return,0.04671121
