Feature,Importance
High,0.067748316
Low,0.0677206
BB_upper,0.063238285
20_day_ma,0.06283286
Close,0.062402364
MACD_signal,0.06178763
20_day_std,0.060821336
MACD,0.059704423
5_day_ma,0.05757826
daily_return,0.057516165
BB_lower,0.057039957
Open,0.056308154
RSI_14,0.05620877
Volume,0.055179857
volume_change,0.05492015
10_day_ma,0.053093202
volatility_10,0.045899697
