Feature,Importance
10_day_ma,0.06970148
Open,0.068664685
20_day_ma,0.06711167
BB_upper,0.06507823
BB_lower,0.063239396
daily_return,0.059955813
MACD_signal,0.059717767
High,0.059514847
volatility_10,0.059448294
MACD,0.058811218
20_day_std,0.056979876
Close,0.0547203
RSI_14,0.054063864
Volume,0.053637188
volume_change,0.05270151
5_day_ma,0.052172314
Low,0.04448158
