Feature,Importance
MACD,0.07045199
BB_lower,0.06473603
BB_upper,0.06405482
20_day_ma,0.061551
volume_change,0.060816117
Volume,0.060694683
daily_return,0.059539203
20_day_std,0.05817598
Low,0.057982955
volatility_10,0.0579225
High,0.05744538
10_day_ma,0.057220966
Open,0.056739468
RSI_14,0.056674547
MACD_signal,0.055991463
Close,0.05296813
5_day_ma,0.047034755
