Feature,Importance
BB_lower,0.08480208
MACD,0.07168098
Low,0.070642985
20_day_ma,0.06783963
daily_return,0.060354978
MACD_signal,0.060143605
10_day_ma,0.059796236
volume_change,0.05935365
RSI_14,0.056676507
High,0.0559577
Close,0.05430889
5_day_ma,0.053225324
Volume,0.052193403
Open,0.049818177
20_day_std,0.049078662
BB_upper,0.047359247
volatility_10,0.046767954
