Feature,Importance
10_day_ma,0.06609498
MACD_signal,0.062262684
5_day_ma,0.062033843
BB_lower,0.061638545
RSI_14,0.061406285
Open,0.06102513
High,0.060756676
20_day_ma,0.059288356
volatility_10,0.059093643
Low,0.058348052
20_day_std,0.05806265
BB_upper,0.05670024
daily_return,0.0564338
volume_change,0.0547958
MACD,0.054666575
Close,0.054189317
Volume,0.053203482
