Feature,Importance
20_day_ma,0.08104516
MACD,0.06853669
Close,0.06722928
High,0.06672353
Low,0.06664479
volume_change,0.06435897
BB_upper,0.06032917
Volume,0.05853882
5_day_ma,0.057933275
BB_lower,0.056053713
20_day_std,0.055644684
daily_return,0.05550585
volatility_10,0.04990036
10_day_ma,0.0497673
MACD_signal,0.049254075
Open,0.047624104
RSI_14,0.04491023
