Feature,Importance
BB_upper,0.08131788
MACD_signal,0.077198505
Close,0.06613062
High,0.06592124
daily_return,0.06300068
Volume,0.06134869
volatility_10,0.060886774
5_day_ma,0.05968554
10_day_ma,0.058399472
Low,0.05601342
BB_lower,0.05592825
Open,0.055282123
20_day_std,0.055037554
MACD,0.05297862
volume_change,0.049079552
RSI_14,0.044563483
20_day_ma,0.03722761
