Feature,Importance
Close,0.073511526
Low,0.07178205
BB_lower,0.068547815
MACD,0.06646389
BB_upper,0.065733194
High,0.06401193
20_day_std,0.06297024
5_day_ma,0.060790632
MACD_signal,0.055298313
Open,0.0551865
volatility_10,0.054579508
10_day_ma,0.052022047
Volume,0.05188101
volume_change,0.051005334
daily_return,0.049716994
RSI_14,0.049185745
20_day_ma,0.047313247
