Feature,Importance
Low,0.06939422
RSI_14,0.067487635
MACD,0.06523293
BB_lower,0.0652104
volatility_10,0.06500456
BB_upper,0.06343963
daily_return,0.063075386
20_day_ma,0.06211499
20_day_std,0.058861412
volume_change,0.05678532
High,0.05574102
Volume,0.055386007
10_day_ma,0.053913318
5_day_ma,0.052527193
MACD_signal,0.049992338
Open,0.048252214
Close,0.047581457
