Feature,Importance
Open,0.07744344
Close,0.0741396
volatility_10,0.065724984
BB_upper,0.06334496
RSI_14,0.063211046
High,0.06115882
daily_return,0.058581375
20_day_std,0.05729039
Volume,0.05710181
Low,0.05693625
MACD_signal,0.056638382
MACD,0.05501906
5_day_ma,0.054495215
10_day_ma,0.052560978
volume_change,0.0523153
20_day_ma,0.049485188
BB_lower,0.044553228
