Feature,Importance
Low,0.09373652
Close,0.077112295
High,0.07238948
BB_upper,0.07046863
10_day_ma,0.0698903
volatility_10,0.058416605
MACD_signal,0.058298852
5_day_ma,0.05676785
Open,0.055418577
Volume,0.052896492
MACD,0.052201904
BB_lower,0.051056467
RSI_14,0.050153222
daily_return,0.048727773
20_day_std,0.048170194
volume_change,0.045726817
20_day_ma,0.03856791
