Feature,Importance
10_day_ma,0.07700692
BB_upper,0.07313617
Low,0.06620218
Open,0.06591712
volatility_10,0.0654246
MACD,0.058734328
Volume,0.05860307
MACD_signal,0.057408486
20_day_ma,0.056501765
daily_return,0.05636634
BB_lower,0.05567423
High,0.054784767
Close,0.05363858
volume_change,0.05298177
5_day_ma,0.052868705
RSI_14,0.04892814
20_day_std,0.045822795
