Feature,Importance
volume_change,0.07884517
High,0.071042165
MACD,0.06791031
Open,0.06647686
BB_lower,0.062557764
20_day_std,0.061570015
Close,0.061282896
RSI_14,0.059029687
daily_return,0.05881578
MACD_signal,0.058543406
Volume,0.055492237
20_day_ma,0.054284964
volatility_10,0.054222792
5_day_ma,0.0497618
10_day_ma,0.04972223
Low,0.046153434
BB_upper,0.044288542
