Feature,Importance
volatility_10,0.07370913
5_day_ma,0.07136099
Open,0.06590298
10_day_ma,0.06408675
20_day_ma,0.06251098
RSI_14,0.061897997
BB_upper,0.0604265
20_day_std,0.05979319
MACD,0.05964619
BB_lower,0.05809973
Low,0.057853848
Volume,0.056239624
Close,0.052209903
High,0.05187886
daily_return,0.04899582
MACD_signal,0.04789287
volume_change,0.04749467
