Feature,Importance
Low,0.077624775
BB_lower,0.07507668
High,0.067898326
volume_change,0.067249544
20_day_std,0.06096993
RSI_14,0.060487986
10_day_ma,0.06013797
BB_upper,0.05989555
Volume,0.057415456
MACD_signal,0.056942806
Open,0.05681339
daily_return,0.053796045
Close,0.05360372
20_day_ma,0.053260084
volatility_10,0.052977674
5_day_ma,0.043442175
MACD,0.04240795
