Feature,Importance
10_day_ma,0.079176426
BB_lower,0.0760319
Low,0.07398249
20_day_ma,0.070515774
MACD,0.06467124
RSI_14,0.05947686
BB_upper,0.05843207
Open,0.05841557
Volume,0.058401
volume_change,0.05672355
5_day_ma,0.055878088
20_day_std,0.053374153
Close,0.05246416
volatility_10,0.05108197
daily_return,0.04736611
MACD_signal,0.045235638
High,0.03877296
