Feature,Importance
BB_upper,0.07249843
20_day_ma,0.06927255
Low,0.06904914
MACD_signal,0.064473
MACD,0.063898996
Close,0.06238553
BB_lower,0.06178966
volume_change,0.060476024
volatility_10,0.06011832
High,0.057188854
Volume,0.055069767
Open,0.054984488
20_day_std,0.054509126
daily_return,0.054431833
RSI_14,0.051204216
5_day_ma,0.0455539
10_day_ma,0.04309616
