Feature,Importance
Low,0.07424096
5_day_ma,0.07037944
20_day_std,0.06617788
BB_upper,0.064491265
RSI_14,0.064062394
MACD,0.060695212
BB_lower,0.059670858
volume_change,0.05943796
MACD_signal,0.059152883
Open,0.058440346
daily_return,0.05700529
High,0.05548394
volatility_10,0.05360853
Volume,0.052946143
10_day_ma,0.052114703
20_day_ma,0.04639608
Close,0.045696102
