Feature,Importance
Low,0.0733038
MACD_signal,0.06628821
BB_lower,0.06435747
BB_upper,0.06416494
MACD,0.064059466
10_day_ma,0.06083118
Open,0.060489126
5_day_ma,0.059464216
20_day_std,0.05690293
High,0.05678959
Close,0.056604985
volatility_10,0.05448128
volume_change,0.053569887
20_day_ma,0.052684277
RSI_14,0.052514944
daily_return,0.052417163
Volume,0.05107649
