Feature,Importance
Close,0.0674498
BB_upper,0.065842085
20_day_ma,0.06463773
Open,0.06354502
BB_lower,0.06151887
RSI_14,0.060977153
volume_change,0.060913753
20_day_std,0.060808208
10_day_ma,0.06014791
MACD_signal,0.06013423
5_day_ma,0.05904499
Volume,0.055842277
MACD,0.05560645
High,0.05167875
Low,0.050994758
volatility_10,0.050798092
daily_return,0.050059944
