Feature,Importance
Low,0.06816344
BB_upper,0.06714003
5_day_ma,0.06613241
10_day_ma,0.06531097
MACD_signal,0.06377367
High,0.06262129
MACD,0.06143834
20_day_std,0.059938658
20_day_ma,0.058475617
RSI_14,0.05565401
volatility_10,0.055362526
Open,0.055292483
daily_return,0.055074498
Volume,0.05292322
BB_lower,0.05285891
volume_change,0.050859306
Close,0.048980623
