Feature,Importance
Low,0.070971765
Open,0.070392706
MACD,0.067091
RSI_14,0.06619127
20_day_ma,0.06560678
Close,0.061653826
BB_upper,0.061044812
10_day_ma,0.06048072
High,0.05872199
Volume,0.057298545
volume_change,0.055988252
MACD_signal,0.054537177
daily_return,0.05350925
volatility_10,0.052898023
BB_lower,0.052767534
20_day_std,0.052533682
5_day_ma,0.038312715
