Feature,Importance
Close,0.08839227
10_day_ma,0.07430633
BB_upper,0.0685751
Open,0.06590874
5_day_ma,0.064739145
RSI_14,0.060579926
volatility_10,0.058379184
Low,0.057719603
20_day_std,0.056332663
MACD,0.05570428
volume_change,0.054939147
daily_return,0.053900685
MACD_signal,0.052933797
Volume,0.049125213
High,0.047441863
BB_lower,0.046957612
20_day_ma,0.044064444
