Feature,Importance
High,0.0721938
20_day_ma,0.067980334
Volume,0.06654283
volume_change,0.066007264
20_day_std,0.065201536
BB_upper,0.064802855
Open,0.061437223
Low,0.06125091
volatility_10,0.06086254
RSI_14,0.059211843
10_day_ma,0.05279508
BB_lower,0.052240398
MACD_signal,0.0520876
daily_return,0.05165168
MACD,0.050546292
5_day_ma,0.04970382
Close,0.04548406
