Feature,Importance
BB_lower,0.08677635
BB_upper,0.06700628
Low,0.06451561
20_day_std,0.06400588
volume_change,0.063256204
daily_return,0.05808061
10_day_ma,0.05790909
20_day_ma,0.05774248
Close,0.05722623
MACD,0.05696091
MACD_signal,0.055103496
Open,0.05438644
RSI_14,0.052143443
5_day_ma,0.05153866
High,0.051392622
Volume,0.05124062
volatility_10,0.050715078
