Feature,Importance
BB_lower,0.073005036
Open,0.068986885
MACD,0.067823164
Low,0.06426765
5_day_ma,0.06325442
RSI_14,0.061740514
10_day_ma,0.05986373
High,0.05732582
Close,0.056971632
BB_upper,0.056861755
volatility_10,0.05466159
Volume,0.05413633
20_day_std,0.053803977
MACD_signal,0.05336503
20_day_ma,0.052986294
daily_return,0.052807707
volume_change,0.04813845
