Feature,Importance
Low,0.07206329
MACD,0.07004422
5_day_ma,0.068399414
MACD_signal,0.06506905
Open,0.061310403
High,0.060324155
volume_change,0.06029577
10_day_ma,0.057655513
Volume,0.056906726
RSI_14,0.056599587
BB_upper,0.05577237
BB_lower,0.055154722
volatility_10,0.05430922
daily_return,0.052830856
Close,0.051787686
20_day_std,0.0513806
20_day_ma,0.050096445
