Feature,Importance
volume_change,0.07192243
20_day_ma,0.06987691
BB_upper,0.06930715
10_day_ma,0.06683002
5_day_ma,0.06320922
Volume,0.06228401
Open,0.061626125
BB_lower,0.059510227
Close,0.05850236
RSI_14,0.057665262
MACD,0.056821782
MACD_signal,0.05606732
volatility_10,0.054234117
daily_return,0.052604638
20_day_std,0.051610768
Low,0.04473874
High,0.043188933
