Feature,Importance
Low,0.06690758
BB_lower,0.06597921
5_day_ma,0.06379108
20_day_ma,0.06357917
Open,0.06354259
volatility_10,0.063022904
BB_upper,0.06035989
Volume,0.06011021
daily_return,0.05985542
10_day_ma,0.058874123
volume_change,0.057804175
High,0.057668623
MACD_signal,0.05606465
MACD,0.0541024
20_day_std,0.053323243
Close,0.04966642
RSI_14,0.045348294
