Feature,Importance
5_day_ma,0.06874652
Volume,0.063919365
Low,0.063850574
daily_return,0.0637705
volatility_10,0.062083542
BB_upper,0.060843162
20_day_std,0.05948992
Open,0.059412647
MACD_signal,0.059132326
MACD,0.058872826
volume_change,0.05742672
Close,0.057266776
20_day_ma,0.057085175
High,0.0545026
10_day_ma,0.054283686
BB_lower,0.051158417
RSI_14,0.048155267
