Feature,Importance
5_day_ma,0.06961027
Open,0.0694222
High,0.06698517
BB_lower,0.06403511
volume_change,0.06393298
volatility_10,0.062184878
Volume,0.06156674
BB_upper,0.059618533
Low,0.05822134
MACD_signal,0.0566583
daily_return,0.05594626
20_day_std,0.055210873
Close,0.05433897
MACD,0.052820783
20_day_ma,0.050666045
10_day_ma,0.05039401
RSI_14,0.048387557
