Feature,Importance
Low,0.09916213
Open,0.07171482
5_day_ma,0.07096978
Close,0.07038307
20_day_ma,0.06671057
High,0.06285204
BB_upper,0.06045491
MACD,0.058035333
MACD_signal,0.055923
20_day_std,0.05313655
RSI_14,0.05311137
volume_change,0.05146124
daily_return,0.048980456
10_day_ma,0.047727294
BB_lower,0.047333274
Volume,0.041828636
volatility_10,0.040215626
