Feature,Importance
Close,0.067530476
10_day_ma,0.067235656
BB_lower,0.06629736
20_day_ma,0.066004485
High,0.06372626
MACD,0.06321011
BB_upper,0.0624472
5_day_ma,0.06103846
20_day_std,0.058777694
Open,0.057830106
volume_change,0.057290252
Volume,0.056024484
volatility_10,0.055007212
MACD_signal,0.053360045
Low,0.04905121
daily_return,0.04821926
RSI_14,0.04694973
