Feature,Importance
Low,0.07051885
Volume,0.06832484
20_day_std,0.063287415
BB_upper,0.06321562
5_day_ma,0.061630514
daily_return,0.061006423
MACD_signal,0.0596429
Open,0.05963872
volume_change,0.059210747
High,0.059032444
RSI_14,0.05868553
BB_lower,0.05648348
20_day_ma,0.056341283
Close,0.05594126
volatility_10,0.050644428
MACD,0.04885739
10_day_ma,0.04753807
