Feature,Importance
Low,0.07675319
RSI_14,0.0705144
10_day_ma,0.06230468
BB_upper,0.06111859
20_day_ma,0.060237177
volume_change,0.059773095
BB_lower,0.059305754
Close,0.0586702
High,0.05757871
20_day_std,0.057547268
Open,0.057536688
MACD_signal,0.05609988
MACD,0.05459327
Volume,0.054082036
daily_return,0.053790465
5_day_ma,0.051281556
volatility_10,0.04881302
