Feature,Importance
5_day_ma,0.07657109
MACD,0.06800953
Open,0.06764507
daily_return,0.06662799
volatility_10,0.06404596
20_day_ma,0.06354462
volume_change,0.059410438
BB_upper,0.059302602
20_day_std,0.05758534
Volume,0.057496753
BB_lower,0.057484776
MACD_signal,0.055574004
High,0.05508939
Low,0.051954154
10_day_ma,0.049473
RSI_14,0.04670294
Close,0.04348225
