Feature,Importance
MACD,0.070498765
BB_lower,0.0661196
20_day_ma,0.06324061
BB_upper,0.06196134
Open,0.06114485
20_day_std,0.061114054
Volume,0.060378905
RSI_14,0.05985811
volatility_10,0.05950357
Low,0.0586318
High,0.057938267
volume_change,0.05743173
MACD_signal,0.056431692
daily_return,0.056046274
10_day_ma,0.055336714
5_day_ma,0.04941164
Close,0.04495207
