Feature,Importance
Low,0.091216706
volatility_10,0.06557932
BB_upper,0.064933605
MACD_signal,0.064333186
MACD,0.061970703
10_day_ma,0.06141288
Open,0.060850102
5_day_ma,0.05966202
Close,0.05601608
daily_return,0.055506535
BB_lower,0.055310596
RSI_14,0.055015653
High,0.05321251
20_day_std,0.050549995
20_day_ma,0.048749056
Volume,0.04804124
volume_change,0.04763983
