Feature,Importance
BB_upper,0.076392904
volatility_10,0.06663432
BB_lower,0.06654063
20_day_std,0.06583973
Open,0.063778445
Volume,0.06351834
daily_return,0.06034344
RSI_14,0.059381172
5_day_ma,0.05713405
volume_change,0.055840265
20_day_ma,0.054752715
Low,0.054049045
MACD,0.053304497
Close,0.051514935
MACD_signal,0.050983712
10_day_ma,0.050423495
High,0.04956826
