Feature,Importance
20_day_ma,0.066364564
Low,0.06634691
MACD,0.064763434
RSI_14,0.061419
volume_change,0.061405543
5_day_ma,0.06126582
MACD_signal,0.05996963
BB_upper,0.05883549
Open,0.058248308
volatility_10,0.05773926
10_day_ma,0.057426553
20_day_std,0.05646093
Close,0.055071235
High,0.054316305
BB_lower,0.054018326
daily_return,0.053405166
Volume,0.052943498
