Feature,Importance
5_day_ma,0.071688786
MACD,0.0674388
High,0.06460289
Low,0.06399897
daily_return,0.06167598
volatility_10,0.060960013
Open,0.059069395
BB_upper,0.058472633
Volume,0.057743106
20_day_ma,0.05755487
10_day_ma,0.05692327
Close,0.056890294
20_day_std,0.05630323
MACD_signal,0.055316586
volume_change,0.05198013
RSI_14,0.050167713
BB_lower,0.04921327
