Feature,Importance
MACD_signal,0.077447735
MACD,0.07638451
Close,0.07400335
Open,0.071664296
Low,0.062344547
5_day_ma,0.059865087
BB_upper,0.05664775
BB_lower,0.056589767
Volume,0.05497587
10_day_ma,0.05356529
20_day_std,0.053554118
daily_return,0.052977614
RSI_14,0.05216404
High,0.05136555
volatility_10,0.051087346
20_day_ma,0.04774923
volume_change,0.047613896
