Feature,Importance
MACD_signal,0.07425651
10_day_ma,0.07106298
High,0.0675682
BB_lower,0.06662663
Close,0.06497363
volatility_10,0.061575912
20_day_std,0.059998572
RSI_14,0.05759672
volume_change,0.05601819
20_day_ma,0.055772476
Low,0.055238683
Open,0.053594153
MACD,0.05303724
daily_return,0.05284524
BB_upper,0.052627735
5_day_ma,0.04950766
Volume,0.047699466
