Feature,Importance
BB_lower,0.06642214
BB_upper,0.06404323
10_day_ma,0.06401632
MACD,0.062291943
Low,0.062223077
daily_return,0.06180626
volume_change,0.060848743
Open,0.059896614
5_day_ma,0.059838
20_day_std,0.057604756
High,0.056917097
MACD_signal,0.055924352
20_day_ma,0.055489175
Close,0.054100253
RSI_14,0.053406585
volatility_10,0.05264442
Volume,0.052527025
