Feature,Importance
MACD,0.09595366
Close,0.07389097
5_day_ma,0.07150039
volume_change,0.07038842
MACD_signal,0.06397748
volatility_10,0.06319618
20_day_std,0.059475996
Volume,0.058980178
BB_upper,0.05807313
High,0.057026725
Open,0.05579059
RSI_14,0.05234561
Low,0.052203443
10_day_ma,0.047505014
20_day_ma,0.045487802
BB_lower,0.03765214
daily_return,0.036552195
