Feature,Importance
Low,0.081556395
Open,0.07975589
20_day_std,0.06746397
5_day_ma,0.0633086
Volume,0.06303355
High,0.061039187
RSI_14,0.060829327
volume_change,0.05900708
10_day_ma,0.056896005
volatility_10,0.05479897
MACD_signal,0.053758796
BB_lower,0.053062484
Close,0.0509955
MACD,0.050834
BB_upper,0.048470058
20_day_ma,0.047762837
daily_return,0.047427427
