Feature,Importance
20_day_ma,0.06585698
BB_lower,0.06477938
5_day_ma,0.0647479
Open,0.06260518
MACD_signal,0.062054604
Low,0.06188648
10_day_ma,0.06062164
BB_upper,0.05851319
20_day_std,0.05828687
High,0.057618458
volatility_10,0.056315552
daily_return,0.05596226
Volume,0.055114992
MACD,0.05509142
Close,0.05384165
volume_change,0.0537034
RSI_14,0.053000096
