Feature,Importance
BB_lower,0.06823443
Low,0.06500157
5_day_ma,0.06407768
Open,0.06202331
RSI_14,0.061780598
Volume,0.061382826
daily_return,0.060920093
BB_upper,0.060824543
20_day_ma,0.05909076
20_day_std,0.058413006
MACD_signal,0.05778445
High,0.057159066
MACD,0.056867376
volatility_10,0.05530633
volume_change,0.05447811
10_day_ma,0.05114881
Close,0.045507073
