Feature,Importance
MACD,0.08364368
Volume,0.07001717
5_day_ma,0.06879068
20_day_std,0.06466947
Close,0.06379292
volatility_10,0.062035684
High,0.05982215
RSI_14,0.059709936
volume_change,0.058751874
20_day_ma,0.058291767
BB_lower,0.05804674
10_day_ma,0.05558047
MACD_signal,0.05465746
daily_return,0.0494488
Low,0.04938501
Open,0.044700235
BB_upper,0.03865594
