Feature,Importance
Low,0.07344766
5_day_ma,0.06630802
High,0.065793335
Volume,0.06158661
MACD,0.060776796
daily_return,0.060717627
20_day_ma,0.06061425
Open,0.060305845
10_day_ma,0.060046844
BB_lower,0.060033567
RSI_14,0.05985537
volume_change,0.057832763
volatility_10,0.05421718
BB_upper,0.05373593
20_day_std,0.053516388
Close,0.047010306
MACD_signal,0.04420145
