Feature,Importance
Open,0.0694105
MACD,0.06550566
5_day_ma,0.06540152
Volume,0.06326673
Low,0.06279582
volatility_10,0.062396396
20_day_std,0.06102757
volume_change,0.057670422
daily_return,0.057045307
BB_lower,0.056342687
Close,0.05623365
10_day_ma,0.055826697
High,0.054707095
20_day_ma,0.054516934
BB_upper,0.054504327
MACD_signal,0.053998508
RSI_14,0.04935013
