Feature,Importance
Low,0.09137814
BB_upper,0.075617835
Open,0.07339975
5_day_ma,0.069288366
MACD,0.06060285
High,0.05999174
Close,0.059198488
RSI_14,0.058803316
volume_change,0.058615163
MACD_signal,0.0583355
10_day_ma,0.05504569
20_day_std,0.05375297
volatility_10,0.050813887
daily_return,0.0493027
20_day_ma,0.046782475
BB_lower,0.041300356
Volume,0.037770722
