Feature,Importance
daily_return,0.075355865
Volume,0.066159815
5_day_ma,0.06260286
MACD,0.062266164
20_day_std,0.061050553
Open,0.060956407
Low,0.059501424
BB_lower,0.058270358
BB_upper,0.056629542
RSI_14,0.055971894
volume_change,0.05590105
10_day_ma,0.05584337
High,0.05572855
Close,0.054967627
20_day_ma,0.054794718
volatility_10,0.054283783
MACD_signal,0.049716037
