Feature,Importance
MACD_signal,0.06912753
BB_upper,0.06875829
MACD,0.06740698
BB_lower,0.06620851
Close,0.061078448
Low,0.059201017
volatility_10,0.058945306
volume_change,0.057866998
RSI_14,0.057833586
20_day_ma,0.0575706
5_day_ma,0.05689658
daily_return,0.056339126
20_day_std,0.055682745
10_day_ma,0.05387786
Open,0.053794168
High,0.0523315
Volume,0.047080807
