Feature,Importance
10_day_ma,0.086268775
Close,0.06622471
volume_change,0.06514248
BB_lower,0.060585048
5_day_ma,0.06030371
MACD,0.059553985
RSI_14,0.059109382
High,0.058960166
20_day_ma,0.057970714
Open,0.05603007
Low,0.055619724
BB_upper,0.055490546
MACD_signal,0.05461461
Volume,0.0539974
volatility_10,0.053700503
daily_return,0.05356077
20_day_std,0.042867385
