Feature,Importance
High,0.08609516
Low,0.077436216
5_day_ma,0.071801975
Volume,0.06456974
volume_change,0.06433373
20_day_std,0.05943756
volatility_10,0.059296083
MACD,0.05583257
BB_upper,0.055701353
BB_lower,0.054869812
Open,0.05390059
10_day_ma,0.052806057
20_day_ma,0.051401284
daily_return,0.050334692
Close,0.04866866
MACD_signal,0.047594927
RSI_14,0.04591957
