Feature,Importance
RSI_14,0.06461782
BB_lower,0.063608296
High,0.063171715
Open,0.062381044
volume_change,0.06212797
20_day_ma,0.061167903
MACD,0.06063641
Low,0.059745923
20_day_std,0.05811185
BB_upper,0.0576906
MACD_signal,0.05713003
Close,0.056814935
daily_return,0.055960786
5_day_ma,0.05476892
10_day_ma,0.054492436
volatility_10,0.05390442
Volume,0.053669006
