Feature,Importance
20_day_ma,0.098896325
Low,0.08495939
High,0.062715285
volume_change,0.06224843
Volume,0.06124408
daily_return,0.058146294
Close,0.05633095
BB_lower,0.05565163
5_day_ma,0.055064965
MACD,0.053690888
10_day_ma,0.05314455
BB_upper,0.05214642
RSI_14,0.05186026
MACD_signal,0.048763547
20_day_std,0.048711132
volatility_10,0.048663996
Open,0.04776175
