Feature,Importance
20_day_ma,0.086423226
MACD,0.08542605
BB_upper,0.08385574
volatility_10,0.06553425
5_day_ma,0.06455979
Open,0.0628375
Low,0.062610894
20_day_std,0.05940671
RSI_14,0.056783218
MACD_signal,0.054200668
daily_return,0.052595407
Volume,0.050961178
Close,0.050636336
volume_change,0.050393686
BB_lower,0.046194714
High,0.043588057
10_day_ma,0.023992606
