Feature,Importance
Low,0.06920412
High,0.0674567
20_day_std,0.06658041
BB_lower,0.06586921
5_day_ma,0.06435138
MACD_signal,0.06410632
MACD,0.061331104
Close,0.058066227
BB_upper,0.057880823
Open,0.056527
Volume,0.0562818
daily_return,0.05554539
volume_change,0.053878345
10_day_ma,0.05345475
RSI_14,0.053092513
volatility_10,0.051316813
20_day_ma,0.0450571
