Feature,Importance
Close,0.065478556
Low,0.06522277
20_day_std,0.06360299
High,0.063556634
MACD,0.063492805
Volume,0.061255153
BB_lower,0.061009724
5_day_ma,0.06077045
volume_change,0.0596336
Open,0.05956428
BB_upper,0.058750495
20_day_ma,0.05720788
RSI_14,0.05457734
10_day_ma,0.05456357
daily_return,0.052377824
MACD_signal,0.052052204
volatility_10,0.04688371
