Feature,Importance
MACD,0.07752571
BB_upper,0.07685873
Low,0.073706545
volatility_10,0.068212196
High,0.06664748
MACD_signal,0.066405945
volume_change,0.058139835
RSI_14,0.055647682
daily_return,0.054929078
20_day_std,0.054506112
5_day_ma,0.053982973
Close,0.05280153
10_day_ma,0.05146935
Volume,0.051026072
Open,0.050913006
BB_lower,0.04935694
20_day_ma,0.03787076
