Feature,Importance
20_day_ma,0.07517116
High,0.07288708
BB_lower,0.067476764
BB_upper,0.06466097
Low,0.063730165
Open,0.057931103
Volume,0.05788937
20_day_std,0.05768453
10_day_ma,0.05719829
RSI_14,0.05712407
Close,0.056780368
daily_return,0.055789605
volatility_10,0.054779492
volume_change,0.051736407
5_day_ma,0.05092056
MACD_signal,0.04981346
MACD,0.04842665
