Feature,Importance
MACD_signal,0.08674225
volatility_10,0.07410758
BB_lower,0.07013099
High,0.065936334
MACD,0.062306594
Close,0.062300917
5_day_ma,0.05862671
Low,0.058043484
BB_upper,0.05761609
volume_change,0.057374038
daily_return,0.056613266
20_day_std,0.05477508
RSI_14,0.0491036
10_day_ma,0.047973655
20_day_ma,0.046678405
Volume,0.04605364
Open,0.045617346
