Feature,Importance
BB_upper,0.066688105
Low,0.06555294
10_day_ma,0.06467229
MACD,0.06393368
MACD_signal,0.06259043
20_day_std,0.060059093
20_day_ma,0.059080534
volatility_10,0.05768884
BB_lower,0.05732982
daily_return,0.056761388
Close,0.056057177
Open,0.05597879
High,0.055259507
Volume,0.055166904
volume_change,0.05506799
RSI_14,0.054884266
5_day_ma,0.05322823
