Feature,Importance
volume_change,0.0667648
MACD,0.06592587
BB_lower,0.06513533
daily_return,0.063371904
Open,0.062448427
RSI_14,0.06229624
High,0.059386443
Low,0.058238976
Close,0.057911392
20_day_ma,0.057370413
20_day_std,0.056833707
BB_upper,0.055352107
MACD_signal,0.0551928
10_day_ma,0.054725956
volatility_10,0.05463058
5_day_ma,0.05251894
Volume,0.051896095
