Feature,Importance
BB_upper,0.07130334
5_day_ma,0.065028645
Open,0.06396377
volatility_10,0.061398678
RSI_14,0.060955994
20_day_std,0.060449146
BB_lower,0.059913564
10_day_ma,0.05977645
daily_return,0.05931545
Volume,0.058403146
High,0.057238307
20_day_ma,0.056009445
MACD,0.055612404
MACD_signal,0.05447438
volume_change,0.05363085
Low,0.052408382
Close,0.05011807
