Feature,Importance
BB_lower,0.081481464
Open,0.07014597
Close,0.06951545
High,0.06419772
daily_return,0.06300414
Low,0.06148308
volatility_10,0.06050905
10_day_ma,0.059081636
MACD_signal,0.058087274
BB_upper,0.057832263
Volume,0.0555991
MACD,0.054445975
20_day_ma,0.054068953
20_day_std,0.05305842
RSI_14,0.048722718
5_day_ma,0.047559533
volume_change,0.04120718
