Feature,Importance
20_day_ma,0.06791993
Open,0.065624796
BB_lower,0.06238712
Low,0.062225476
volume_change,0.06209197
Close,0.061038747
High,0.06020059
RSI_14,0.059077557
20_day_std,0.058206175
volatility_10,0.05726222
daily_return,0.05671744
5_day_ma,0.05670604
10_day_ma,0.055300474
MACD,0.055284068
MACD_signal,0.05486747
BB_upper,0.05308018
Volume,0.05200978
