Feature,Importance
volume_change,0.06784169
volatility_10,0.06767354
20_day_ma,0.06723295
MACD,0.06543868
Open,0.061685156
Volume,0.061336115
daily_return,0.059520017
BB_upper,0.059492145
20_day_std,0.05862066
High,0.05774523
Low,0.057745017
10_day_ma,0.055930115
MACD_signal,0.055905413
5_day_ma,0.05556399
BB_lower,0.055042222
Close,0.04771738
RSI_14,0.04550974
