Feature,Importance
20_day_ma,0.07049163
Low,0.06883872
20_day_std,0.06407651
RSI_14,0.06407573
Open,0.06239287
BB_upper,0.06179722
volatility_10,0.060033664
5_day_ma,0.059822325
volume_change,0.05934959
Volume,0.057352312
10_day_ma,0.05713231
daily_return,0.056890994
BB_lower,0.055069644
MACD,0.05486859
High,0.052072804
MACD_signal,0.05076118
Close,0.04497391
