Feature,Importance
10_day_ma,0.07333709
BB_upper,0.072157755
High,0.06280918
MACD_signal,0.060761627
20_day_std,0.060206104
volatility_10,0.059639797
BB_lower,0.058639053
Volume,0.057881035
daily_return,0.057777926
RSI_14,0.05753461
MACD,0.056848977
5_day_ma,0.056332767
Open,0.055121504
20_day_ma,0.054466948
volume_change,0.05405144
Close,0.051355727
Low,0.05107843
