Feature,Importance
10_day_ma,0.07444919
MACD,0.07298026
daily_return,0.069282815
Close,0.067531414
20_day_ma,0.06492128
MACD_signal,0.06305883
5_day_ma,0.06248709
Open,0.062363125
Low,0.06194098
BB_lower,0.05774195
BB_upper,0.05242953
High,0.051708136
RSI_14,0.050799724
Volume,0.049857154
volume_change,0.04863151
20_day_std,0.046484396
volatility_10,0.04333264
