Feature,Importance
Low,0.07164161
High,0.07003181
BB_upper,0.068937995
MACD_signal,0.068456925
20_day_ma,0.060690578
Open,0.060490754
5_day_ma,0.05963656
Close,0.057740882
BB_lower,0.05701006
Volume,0.05513428
volume_change,0.053907055
RSI_14,0.053869646
volatility_10,0.053847753
20_day_std,0.053631537
MACD,0.052945398
daily_return,0.052462522
10_day_ma,0.049564723
