Feature,Importance
5_day_ma,0.07117306
Low,0.06865914
BB_upper,0.06773378
20_day_std,0.06282244
RSI_14,0.060169127
volatility_10,0.059234925
daily_return,0.059206445
High,0.059044935
BB_lower,0.058654647
10_day_ma,0.05787308
volume_change,0.057715453
MACD_signal,0.05757632
Volume,0.057401348
20_day_ma,0.057140466
MACD,0.052569393
Open,0.050015796
Close,0.043009594
