Feature,Importance
MACD_signal,0.073109284
MACD,0.07034473
daily_return,0.06622562
BB_upper,0.062238626
20_day_std,0.061684843
Low,0.061591055
10_day_ma,0.061317045
volatility_10,0.06036578
BB_lower,0.05980239
High,0.058420613
RSI_14,0.05835124
volume_change,0.05388772
Volume,0.053059503
Close,0.05223995
20_day_ma,0.051889703
Open,0.05154489
5_day_ma,0.04392706
