Feature,Importance
RSI_14,0.073961236
10_day_ma,0.06675642
Volume,0.06331495
Low,0.0622822
volume_change,0.05953449
Close,0.057984456
BB_lower,0.057866357
20_day_ma,0.057856187
volatility_10,0.057461664
High,0.056837887
5_day_ma,0.05671085
MACD_signal,0.05644407
Open,0.05575741
daily_return,0.05570011
20_day_std,0.054975785
MACD,0.053863086
BB_upper,0.052692834
