Feature,Importance
MACD_signal,0.06861666
volatility_10,0.063133426
BB_upper,0.06283518
daily_return,0.06273134
20_day_ma,0.061257116
MACD,0.06098818
10_day_ma,0.060829856
BB_lower,0.060097944
Open,0.058900014
20_day_std,0.057540435
High,0.056707595
RSI_14,0.056701373
Close,0.05571947
volume_change,0.05534513
Volume,0.05428589
5_day_ma,0.054063186
Low,0.050247215
