Feature,Importance
10_day_ma,0.08640418
Open,0.06826751
Close,0.060382783
20_day_std,0.059024807
daily_return,0.05822258
volume_change,0.05802738
BB_upper,0.057761
High,0.057623424
volatility_10,0.057028696
Low,0.05696927
MACD,0.056628093
20_day_ma,0.055672284
5_day_ma,0.055417527
BB_lower,0.054879915
Volume,0.053265776
RSI_14,0.052726865
MACD_signal,0.051697973
