Feature,Importance
Close,0.08085506
High,0.0750872
MACD,0.07271987
BB_upper,0.06633776
5_day_ma,0.06537634
20_day_std,0.06187628
MACD_signal,0.058829736
volume_change,0.05684557
Open,0.055756867
Low,0.055212308
daily_return,0.053718697
20_day_ma,0.05294423
10_day_ma,0.051611856
RSI_14,0.05127667
Volume,0.05001511
BB_lower,0.04856574
volatility_10,0.042970736
