Feature,Importance
RSI_14,0.06796632
Open,0.06732607
Low,0.06652602
20_day_ma,0.060610708
MACD_signal,0.06044894
BB_upper,0.059084553
High,0.05885423
20_day_std,0.057954054
volatility_10,0.057912484
daily_return,0.056578793
5_day_ma,0.056480333
volume_change,0.05564808
MACD,0.05530049
Volume,0.055176474
BB_lower,0.054978546
10_day_ma,0.05459228
Close,0.054561585
