Feature,Importance
Open,0.06985716
BB_upper,0.06931338
MACD,0.06324441
RSI_14,0.06114109
10_day_ma,0.06103565
20_day_ma,0.060369715
High,0.059459787
volatility_10,0.05889269
MACD_signal,0.058244932
Volume,0.058143348
daily_return,0.05789533
BB_lower,0.05608772
Low,0.05529877
5_day_ma,0.055231344
volume_change,0.05491536
20_day_std,0.0515052
Close,0.04936405
