Feature,Importance
BB_upper,0.07429124
Low,0.073097415
MACD_signal,0.07173057
MACD,0.064745985
volume_change,0.06371068
Close,0.06272873
RSI_14,0.061136525
5_day_ma,0.060491845
BB_lower,0.057520207
daily_return,0.056862965
20_day_std,0.054523315
Open,0.053874675
volatility_10,0.053439066
High,0.052068245
Volume,0.051508192
20_day_ma,0.050821494
10_day_ma,0.03744885
