Feature,Importance
BB_upper,0.07277006
Low,0.065816894
5_day_ma,0.062892824
20_day_std,0.06269323
RSI_14,0.060007278
MACD_signal,0.059909962
BB_lower,0.05986742
20_day_ma,0.05872287
10_day_ma,0.057899002
MACD,0.05758708
daily_return,0.057256326
Volume,0.056222573
Open,0.055824652
Close,0.055014156
volatility_10,0.054271616
volume_change,0.053433634
High,0.049810383
