Feature,Importance
MACD_signal,0.069274604
volatility_10,0.068439744
BB_lower,0.06619542
20_day_ma,0.064128704
daily_return,0.06348703
BB_upper,0.061848044
Volume,0.061720278
5_day_ma,0.0612418
10_day_ma,0.060937684
MACD,0.05665152
Close,0.05541134
20_day_std,0.055302728
RSI_14,0.054002758
High,0.053711224
Open,0.052802697
volume_change,0.052354675
Low,0.042489756
