Feature,Importance
BB_upper,0.07776409
Open,0.075539656
5_day_ma,0.07338746
RSI_14,0.07236195
Low,0.071441494
Close,0.06989735
High,0.065370455
10_day_ma,0.063871145
BB_lower,0.056369778
Volume,0.05519345
MACD_signal,0.053836234
daily_return,0.048499066
volatility_10,0.04815389
MACD,0.047519024
20_day_std,0.04331296
volume_change,0.042289834
20_day_ma,0.035192177
