Feature,Importance
BB_upper,0.074354105
Low,0.066192314
MACD_signal,0.065642014
MACD,0.060293715
20_day_std,0.059338722
BB_lower,0.059294045
High,0.05904014
20_day_ma,0.058502406
daily_return,0.057365794
Open,0.05679512
volume_change,0.056455478
Close,0.056137398
5_day_ma,0.05586844
10_day_ma,0.05548049
RSI_14,0.054567903
volatility_10,0.052946072
Volume,0.05172584
