Feature,Importance
BB_upper,0.074842125
High,0.067048244
20_day_std,0.06677561
Close,0.066000596
MACD_signal,0.06300088
5_day_ma,0.05940047
RSI_14,0.05795054
volatility_10,0.05727445
Low,0.056686077
daily_return,0.055869814
10_day_ma,0.05519977
BB_lower,0.054565888
Open,0.05437742
volume_change,0.053586677
20_day_ma,0.05357205
Volume,0.05232254
MACD,0.051526748
