Feature,Importance
Low,0.0856624
MACD_signal,0.08091279
Close,0.07621025
RSI_14,0.06581241
10_day_ma,0.06504989
Open,0.061795406
volume_change,0.061055053
BB_upper,0.057652436
5_day_ma,0.05656564
daily_return,0.05544734
High,0.054385506
BB_lower,0.053930998
Volume,0.053914223
volatility_10,0.049057256
MACD,0.046023108
20_day_std,0.04285612
20_day_ma,0.033669207
