Feature,Importance
BB_upper,0.08653845
5_day_ma,0.071902275
High,0.0705125
volume_change,0.06498748
20_day_ma,0.061751228
MACD_signal,0.05962784
Low,0.0595832
20_day_std,0.059455756
volatility_10,0.05824733
BB_lower,0.05473181
Open,0.0544471
Volume,0.05417868
daily_return,0.05404814
10_day_ma,0.052320793
MACD,0.047689747
RSI_14,0.045165114
Close,0.04481255
