Feature,Importance
BB_lower,0.06955214
daily_return,0.06601204
5_day_ma,0.061493307
Low,0.06139362
20_day_std,0.06064566
20_day_ma,0.05967999
Volume,0.05911844
Open,0.058125705
MACD_signal,0.05806442
High,0.056986533
RSI_14,0.056917213
volume_change,0.056877535
BB_upper,0.056639124
10_day_ma,0.05630915
MACD,0.054746438
volatility_10,0.053804025
Close,0.05363465
