Feature,Importance
BB_upper,0.077020586
volatility_10,0.071918085
daily_return,0.068426296
10_day_ma,0.067993104
Low,0.06575486
5_day_ma,0.061241847
RSI_14,0.06092762
20_day_ma,0.057311457
High,0.05730761
MACD,0.05697068
volume_change,0.05407004
Volume,0.053780768
MACD_signal,0.052948415
20_day_std,0.05292086
Open,0.05039829
Close,0.045810085
BB_lower,0.045199387
