Feature,Importance
MACD,0.09510451
Low,0.06920466
BB_upper,0.06734267
5_day_ma,0.06673331
Volume,0.06646398
20_day_std,0.06577915
volume_change,0.06564498
volatility_10,0.062428784
High,0.059818197
MACD_signal,0.058246654
daily_return,0.05580664
Close,0.053711813
BB_lower,0.05096955
Open,0.04564857
RSI_14,0.044056136
20_day_ma,0.03965039
10_day_ma,0.033389963
