Feature,Importance
BB_upper,0.07355251
High,0.07184851
5_day_ma,0.068955176
20_day_ma,0.06811365
volume_change,0.062614195
Low,0.06255289
Open,0.059397954
MACD_signal,0.0585656
BB_lower,0.057788823
10_day_ma,0.056895513
RSI_14,0.054897618
MACD,0.054359242
Close,0.05144656
20_day_std,0.051436424
Volume,0.049706087
daily_return,0.04924452
volatility_10,0.04862478
