Feature,Importance
Low,0.076827936
5_day_ma,0.06845784
MACD_signal,0.06437133
volatility_10,0.0640984
Open,0.06330819
BB_lower,0.059841603
Close,0.05843363
MACD,0.057790503
daily_return,0.05753935
High,0.057001747
BB_upper,0.05646563
10_day_ma,0.05437017
Volume,0.05351852
20_day_std,0.053046234
volume_change,0.052711755
20_day_ma,0.051876098
RSI_14,0.050341044
