Feature,Importance
MACD_signal,0.06927684
Low,0.06684181
20_day_std,0.061873183
Close,0.061363507
BB_upper,0.06069422
volatility_10,0.06054429
volume_change,0.060507398
20_day_ma,0.058213647
Open,0.057816
BB_lower,0.05781498
10_day_ma,0.057620313
MACD,0.056337167
daily_return,0.05618461
RSI_14,0.05606048
5_day_ma,0.054653447
High,0.052950107
Volume,0.051248014
