Feature,Importance
5_day_ma,0.07948363
10_day_ma,0.07586541
volume_change,0.07370253
Low,0.07194946
High,0.06991307
Open,0.063968845
Volume,0.06321802
volatility_10,0.06320524
20_day_ma,0.060651295
RSI_14,0.05506944
BB_lower,0.054647658
MACD,0.052139066
daily_return,0.045807526
BB_upper,0.044555936
MACD_signal,0.04402123
Close,0.04376868
20_day_std,0.03803286
