Feature,Importance
5_day_ma,0.06554717
Open,0.06540916
High,0.065148376
MACD,0.06503559
daily_return,0.06463662
BB_upper,0.0623636
Volume,0.061213374
10_day_ma,0.060834795
volume_change,0.060609736
20_day_std,0.05729619
Low,0.057073224
volatility_10,0.055834316
Close,0.0545421
RSI_14,0.052767802
MACD_signal,0.052599244
20_day_ma,0.05148897
BB_lower,0.047599778
