Feature,Importance
5_day_ma,0.07698713
Open,0.07301119
MACD,0.0682675
20_day_ma,0.06439036
MACD_signal,0.06176765
10_day_ma,0.059137616
Volume,0.0588435
BB_upper,0.05878203
daily_return,0.058652043
Low,0.056564894
volatility_10,0.05626328
Close,0.05368018
High,0.052296523
volume_change,0.052052278
BB_lower,0.0518146
RSI_14,0.05141997
20_day_std,0.04606921
