Feature,Importance
BB_upper,0.084578805
Open,0.071645975
volatility_10,0.06861138
20_day_std,0.06801444
Low,0.06491485
BB_lower,0.064062975
daily_return,0.06403969
20_day_ma,0.06317651
Volume,0.057298206
10_day_ma,0.05647311
volume_change,0.053904474
RSI_14,0.052705463
Close,0.05169201
MACD_signal,0.04723399
MACD,0.047137696
High,0.044215687
5_day_ma,0.04029468
