Feature,Importance
Low,0.06914508
BB_upper,0.06870917
Open,0.06658692
20_day_std,0.065775074
BB_lower,0.06229609
20_day_ma,0.06131035
daily_return,0.060036212
High,0.059501007
volume_change,0.059376676
5_day_ma,0.05921254
MACD,0.058746282
10_day_ma,0.056816686
MACD_signal,0.0551727
volatility_10,0.051036358
RSI_14,0.050206564
Close,0.049707234
Volume,0.046365034
