Feature,Importance
MACD,0.06847008
High,0.06688381
BB_lower,0.06658527
Volume,0.06189524
RSI_14,0.06026813
daily_return,0.060249817
volume_change,0.05988462
Open,0.059736732
20_day_ma,0.059732933
BB_upper,0.058713797
20_day_std,0.058584355
Low,0.058219522
volatility_10,0.05754843
10_day_ma,0.053775627
MACD_signal,0.05234587
Close,0.05041729
5_day_ma,0.04668846
