Feature,Importance
20_day_ma,0.08874125
BB_upper,0.06950146
MACD_signal,0.06531178
10_day_ma,0.065042876
Open,0.06447193
daily_return,0.062466785
volatility_10,0.06127258
RSI_14,0.060660984
volume_change,0.060570676
20_day_std,0.057059642
Volume,0.05592916
MACD,0.05440066
High,0.05151442
BB_lower,0.050086204
Low,0.04800539
Close,0.04490409
5_day_ma,0.04006
