Feature,Importance
BB_lower,0.0746473
Volume,0.071332306
Close,0.070920564
10_day_ma,0.06754911
BB_upper,0.06504881
volume_change,0.06321942
High,0.0631621
20_day_ma,0.05977559
20_day_std,0.055841908
5_day_ma,0.055376552
Open,0.054898474
MACD_signal,0.05426556
RSI_14,0.051773887
MACD,0.051112067
daily_return,0.05065365
volatility_10,0.04756512
Low,0.042857587
