Feature,Importance
5_day_ma,0.079734266
BB_upper,0.07596255
volatility_10,0.074983805
RSI_14,0.07374083
20_day_ma,0.06221063
MACD,0.060837585
Open,0.060808476
daily_return,0.058977433
20_day_std,0.057509664
High,0.05718342
volume_change,0.051904712
BB_lower,0.051744863
Volume,0.050595634
Low,0.049968075
10_day_ma,0.047105283
MACD_signal,0.044440597
Close,0.042292148
