Feature,Importance
BB_lower,0.06852359
High,0.06728392
MACD_signal,0.061881926
MACD,0.061153695
volume_change,0.060976654
20_day_ma,0.059688766
20_day_std,0.059611432
10_day_ma,0.058934655
Low,0.058552988
Close,0.058317684
BB_upper,0.058046877
RSI_14,0.057078373
volatility_10,0.056517243
daily_return,0.05493105
Volume,0.054410733
Open,0.05249073
5_day_ma,0.05159962
