Feature,Importance
High,0.08219985
Low,0.07219718
10_day_ma,0.071256936
volume_change,0.067701206
Close,0.06535566
Open,0.06295963
BB_lower,0.061609127
MACD_signal,0.060426
MACD,0.058922518
daily_return,0.057569664
20_day_std,0.05279013
RSI_14,0.05180733
volatility_10,0.049692426
BB_upper,0.049599994
20_day_ma,0.04950053
Volume,0.046502665
5_day_ma,0.039909158
