Feature,Importance
High,0.06589607
Low,0.06560334
5_day_ma,0.06491399
20_day_ma,0.06433265
Open,0.06433033
BB_lower,0.063057765
MACD,0.062012702
Volume,0.060389724
BB_upper,0.05989522
RSI_14,0.058556575
volume_change,0.05655419
10_day_ma,0.056023493
daily_return,0.05388215
20_day_std,0.05211044
volatility_10,0.05196731
MACD_signal,0.050294448
Close,0.05017967
