Feature,Importance
10_day_ma,0.06946718
BB_upper,0.069326274
volume_change,0.06566377
Open,0.06566004
20_day_std,0.060267236
Close,0.059676476
Volume,0.059529252
High,0.05842979
MACD_signal,0.058281228
volatility_10,0.05768358
MACD,0.05767129
Low,0.057092126
5_day_ma,0.056463078
BB_lower,0.055747617
RSI_14,0.053479787
daily_return,0.048233513
20_day_ma,0.04732775
