Feature,Importance
High,0.07309869
Open,0.07168827
10_day_ma,0.0706728
volume_change,0.070493385
Close,0.06685286
Volume,0.06238258
BB_lower,0.06210271
volatility_10,0.05849049
MACD,0.05789172
20_day_std,0.05461458
Low,0.054229643
5_day_ma,0.05401005
BB_upper,0.052478988
MACD_signal,0.050719664
daily_return,0.050393526
RSI_14,0.04601159
20_day_ma,0.04386843
