Feature,Importance
20_day_ma,0.08724571
5_day_ma,0.06918595
BB_upper,0.067739144
Low,0.065093644
10_day_ma,0.06426859
Open,0.059384312
20_day_std,0.05809654
volume_change,0.058063008
volatility_10,0.057315562
Close,0.05620865
Volume,0.05484312
BB_lower,0.053016335
daily_return,0.052786764
High,0.05118404
MACD_signal,0.050754454
RSI_14,0.050658256
MACD,0.044155873
