Feature,Importance
20_day_ma,0.07782364
High,0.07298675
BB_lower,0.064504474
BB_upper,0.063806236
5_day_ma,0.061979413
Low,0.061824646
RSI_14,0.05943664
volume_change,0.059104703
Open,0.057989243
10_day_ma,0.05798535
20_day_std,0.056797586
volatility_10,0.05565174
MACD,0.054209795
daily_return,0.053634346
Volume,0.052328516
MACD_signal,0.04573205
Close,0.044204947
