Feature,Importance
Low,0.075350754
5_day_ma,0.064753585
MACD,0.0635861
BB_lower,0.06160703
volume_change,0.06079994
RSI_14,0.060785394
BB_upper,0.06012749
daily_return,0.059779793
20_day_ma,0.059354175
Open,0.05821934
volatility_10,0.05686973
10_day_ma,0.055379394
Volume,0.054207213
Close,0.053245172
MACD_signal,0.052964136
20_day_std,0.052450728
High,0.050520103
