Feature,Importance
Close,0.07915904
MACD_signal,0.077660166
Open,0.07707093
Low,0.07337611
10_day_ma,0.06310194
High,0.061220445
Volume,0.060162798
20_day_ma,0.059574675
volatility_10,0.059140302
daily_return,0.057436977
BB_upper,0.054756243
5_day_ma,0.053157218
BB_lower,0.050005578
volume_change,0.04918239
RSI_14,0.04691095
MACD,0.045977164
20_day_std,0.03210712
