Feature,Importance
BB_lower,0.07177592
MACD_signal,0.065919034
5_day_ma,0.06339954
Low,0.061670728
Close,0.060354196
BB_upper,0.059308007
20_day_std,0.0590976
volatility_10,0.058628958
daily_return,0.057246093
volume_change,0.056302514
Open,0.05595883
10_day_ma,0.055894017
Volume,0.05561344
High,0.054759815
MACD,0.05473985
RSI_14,0.054730434
20_day_ma,0.0546011
