Feature,Importance
MACD_signal,0.06708646
Open,0.06692133
High,0.06438396
10_day_ma,0.064215556
20_day_std,0.06302497
BB_lower,0.059533317
BB_upper,0.059070624
Close,0.05850388
volatility_10,0.05810958
RSI_14,0.0578278
Volume,0.056608338
MACD,0.05508764
daily_return,0.054737374
5_day_ma,0.054672383
20_day_ma,0.053838443
Low,0.053432588
volume_change,0.05294572
