Feature,Importance
BB_upper,0.06925343
Open,0.068994686
MACD,0.06860606
RSI_14,0.06154301
5_day_ma,0.061411027
Low,0.06070971
BB_lower,0.060492948
10_day_ma,0.05978667
20_day_std,0.059557047
20_day_ma,0.059050746
Volume,0.058866315
High,0.055843063
daily_return,0.05471634
volume_change,0.053664755
MACD_signal,0.05068229
volatility_10,0.050591633
Close,0.046230283
