Feature,Importance
BB_lower,0.08509595
10_day_ma,0.0802765
Low,0.07077049
BB_upper,0.066204906
MACD_signal,0.06608031
Volume,0.06122672
volume_change,0.06081731
5_day_ma,0.059257295
20_day_ma,0.05598639
volatility_10,0.05538872
RSI_14,0.05508544
20_day_std,0.054063696
Open,0.051627032
Close,0.05129799
MACD,0.04876236
daily_return,0.044539806
High,0.0335191
