Feature,Importance
BB_upper,0.07020982
volume_change,0.06475029
RSI_14,0.062217955
BB_lower,0.062214423
MACD,0.061148092
High,0.06005776
10_day_ma,0.05963601
20_day_ma,0.058391064
daily_return,0.057665624
Volume,0.05712252
volatility_10,0.05699039
5_day_ma,0.05693993
20_day_std,0.05692495
MACD_signal,0.05683057
Close,0.054759018
Open,0.052474663
Low,0.05166701
