Feature,Importance
BB_lower,0.07550701
BB_upper,0.07057264
20_day_ma,0.06616167
Low,0.065334044
volume_change,0.063751385
daily_return,0.06176623
20_day_std,0.061100107
MACD_signal,0.05955598
RSI_14,0.059246764
Open,0.0589306
Volume,0.053572774
5_day_ma,0.053040717
10_day_ma,0.052840106
MACD,0.052107234
Close,0.051370874
volatility_10,0.05133483
High,0.043807074
