Feature,Importance
daily_return,0.08522601
Volume,0.0682266
5_day_ma,0.06310579
10_day_ma,0.062471773
BB_upper,0.06190394
20_day_std,0.061694995
Low,0.061513208
20_day_ma,0.05956575
MACD,0.057981353
BB_lower,0.055851445
volume_change,0.055265304
Open,0.054889105
RSI_14,0.054227922
High,0.052474964
Close,0.052129786
volatility_10,0.050725624
MACD_signal,0.042746518
