Feature,Importance
volatility_10,0.07018213
Volume,0.06950752
MACD_signal,0.06504872
BB_upper,0.064413935
daily_return,0.062245622
volume_change,0.060673866
High,0.060465794
Low,0.059681095
20_day_ma,0.05914733
20_day_std,0.05903446
Close,0.058292426
MACD,0.057371452
BB_lower,0.054730784
RSI_14,0.051172078
10_day_ma,0.05055981
Open,0.049604785
5_day_ma,0.04786818
