Feature,Importance
High,0.06513351
MACD_signal,0.0629714
BB_lower,0.06289824
20_day_ma,0.06250056
volatility_10,0.06181861
Volume,0.06179497
Low,0.061367355
BB_upper,0.059923828
daily_return,0.05840212
10_day_ma,0.058035772
5_day_ma,0.05722836
MACD,0.057189345
Close,0.055233996
volume_change,0.05502547
RSI_14,0.054599337
Open,0.05344916
20_day_std,0.05242795
