Feature,Importance
BB_upper,0.07175559
10_day_ma,0.07152682
5_day_ma,0.07097875
Open,0.06974312
High,0.0683837
Close,0.06267335
Low,0.061214905
volume_change,0.06054514
MACD_signal,0.0593688
volatility_10,0.057838306
Volume,0.056683812
RSI_14,0.05205668
BB_lower,0.05042653
MACD,0.049216174
20_day_std,0.048818436
daily_return,0.047795143
20_day_ma,0.040974688
