Feature,Importance
Open,0.07087349
MACD_signal,0.06627756
20_day_std,0.06375721
5_day_ma,0.063491374
BB_upper,0.0633902
MACD,0.06259434
Low,0.059629913
BB_lower,0.05766456
volume_change,0.05754388
Close,0.05735707
RSI_14,0.05690249
Volume,0.055771634
High,0.05572093
10_day_ma,0.054385353
volatility_10,0.052570313
20_day_ma,0.051123146
daily_return,0.050946504
