Feature,Importance
20_day_ma,0.07691125
High,0.07289099
Open,0.072270945
Volume,0.07069802
Low,0.06904763
BB_lower,0.06550336
5_day_ma,0.06509505
MACD_signal,0.05893634
20_day_std,0.058209993
BB_upper,0.05463519
RSI_14,0.049695175
volatility_10,0.049455266
Close,0.04939935
10_day_ma,0.049166556
volume_change,0.04822204
daily_return,0.04624723
MACD,0.043615617
