Feature,Importance
MACD,0.069452286
MACD_signal,0.068546966
5_day_ma,0.06715636
High,0.06649994
volume_change,0.063639276
Close,0.060144868
RSI_14,0.059095405
Low,0.05726466
volatility_10,0.057231396
Open,0.05716374
10_day_ma,0.056647234
20_day_std,0.056015965
Volume,0.054905016
20_day_ma,0.052998133
BB_upper,0.052136213
BB_lower,0.05144899
daily_return,0.049653515
