Feature,Importance
High,0.08586077
Low,0.07544111
10_day_ma,0.06441969
Volume,0.061423842
BB_upper,0.060857795
Close,0.06042514
volatility_10,0.059237216
20_day_std,0.05842702
volume_change,0.05733852
MACD,0.057124786
daily_return,0.056860812
Open,0.055112544
5_day_ma,0.053603508
MACD_signal,0.051720362
20_day_ma,0.048973292
RSI_14,0.048461016
BB_lower,0.04471257
