Feature,Importance
BB_upper,0.08135748
Open,0.0682637
BB_lower,0.06448254
10_day_ma,0.06264697
Close,0.061819993
MACD_signal,0.061483964
Low,0.060667124
daily_return,0.059600197
RSI_14,0.057198603
20_day_std,0.056976687
5_day_ma,0.055932425
20_day_ma,0.05291986
Volume,0.052800663
MACD,0.052339338
High,0.05150108
volume_change,0.05033615
volatility_10,0.049673337
