Feature,Importance
10_day_ma,0.0662934
High,0.065064326
MACD_signal,0.0643933
Low,0.0638902
Close,0.06314612
volatility_10,0.06269755
BB_upper,0.061910976
Open,0.06056946
BB_lower,0.05764763
20_day_ma,0.05659079
volume_change,0.05606046
daily_return,0.055856943
RSI_14,0.05580168
20_day_std,0.055538554
Volume,0.054827448
5_day_ma,0.05323192
MACD,0.046479225
