Feature,Importance
BB_upper,0.09026133
Open,0.08467041
Low,0.07888029
Close,0.067205206
daily_return,0.061266337
10_day_ma,0.05873132
20_day_std,0.057157494
Volume,0.05551945
volatility_10,0.05486886
MACD,0.054150697
20_day_ma,0.05232169
High,0.05210295
MACD_signal,0.05209036
BB_lower,0.05042001
volume_change,0.044327516
5_day_ma,0.043667167
RSI_14,0.042358886
