Feature,Importance
5_day_ma,0.07208013
MACD_signal,0.06918667
MACD,0.067400604
volatility_10,0.067369066
Low,0.06331683
10_day_ma,0.060965132
Close,0.058680065
20_day_ma,0.05784388
volume_change,0.05779119
RSI_14,0.056182306
BB_lower,0.05545226
BB_upper,0.05427829
daily_return,0.053928915
Open,0.05389852
Volume,0.052284744
20_day_std,0.05129238
High,0.048049003
