Feature,Importance
MACD,0.06627187
BB_lower,0.06542759
Low,0.06432136
BB_upper,0.06430895
Open,0.06346024
MACD_signal,0.061524484
High,0.058571324
volatility_10,0.05854588
20_day_std,0.05812871
volume_change,0.05639373
daily_return,0.056221627
20_day_ma,0.055955123
Volume,0.05497427
Close,0.054558452
RSI_14,0.05406458
10_day_ma,0.05388533
5_day_ma,0.053386465
