Feature,Importance
10_day_ma,0.07835673
BB_upper,0.07782938
Low,0.07054622
MACD_signal,0.06711151
volatility_10,0.06680939
MACD,0.06414849
Open,0.061798055
daily_return,0.059321452
volume_change,0.056210585
High,0.0554426
BB_lower,0.0523437
20_day_std,0.052238725
5_day_ma,0.04921128
Volume,0.048038173
20_day_ma,0.048016917
RSI_14,0.046883844
Close,0.045692965
