Feature,Importance
Low,0.08828857
High,0.0752244
BB_upper,0.064461105
RSI_14,0.06351868
Volume,0.063037805
20_day_ma,0.062363062
MACD_signal,0.060932666
Close,0.06014984
10_day_ma,0.0574917
20_day_std,0.053537294
MACD,0.053514224
volume_change,0.053461738
volatility_10,0.051879127
daily_return,0.050496746
Open,0.050056554
5_day_ma,0.04901029
BB_lower,0.0425762
