Feature,Importance
20_day_ma,0.065278426
High,0.06333909
Volume,0.06319148
BB_upper,0.060694434
RSI_14,0.060590025
20_day_std,0.060259677
10_day_ma,0.060226507
Open,0.060095295
volume_change,0.06003353
BB_lower,0.059739687
Low,0.058754705
MACD_signal,0.058652986
volatility_10,0.056341384
daily_return,0.054987736
Close,0.0545931
MACD,0.052388374
5_day_ma,0.050833557
