Feature,Importance
MACD,0.080824286
Low,0.079012364
Close,0.06904501
BB_upper,0.06652521
MACD_signal,0.0629928
volume_change,0.062514104
20_day_ma,0.062186364
volatility_10,0.06206419
High,0.06048873
5_day_ma,0.056374896
Open,0.055401593
daily_return,0.05413018
20_day_std,0.054018408
RSI_14,0.048426233
BB_lower,0.043048665
10_day_ma,0.041697454
Volume,0.041249484
