Feature,Importance
BB_upper,0.06941983
20_day_std,0.068624735
volatility_10,0.06578227
5_day_ma,0.06524468
daily_return,0.06445949
RSI_14,0.061949547
Open,0.05945609
Low,0.057841804
20_day_ma,0.05721809
10_day_ma,0.056773398
BB_lower,0.056487557
High,0.05459626
Volume,0.054228902
volume_change,0.053642053
MACD,0.053542007
Close,0.052094113
MACD_signal,0.04863918
