Feature,Importance
20_day_ma,0.07361532
volatility_10,0.06593974
volume_change,0.06413169
MACD,0.06370662
BB_lower,0.062410206
Volume,0.0607891
BB_upper,0.0593228
20_day_std,0.058798168
Open,0.05853955
daily_return,0.058016017
5_day_ma,0.05682339
High,0.055562712
Low,0.055212535
RSI_14,0.053243354
Close,0.05243224
10_day_ma,0.050929382
MACD_signal,0.050527204
