Feature,Importance
BB_lower,0.08076193
MACD_signal,0.07763397
20_day_std,0.07089555
daily_return,0.07014852
BB_upper,0.06906329
volatility_10,0.065570526
MACD,0.06489815
RSI_14,0.06435586
volume_change,0.062169433
Close,0.06121665
High,0.06007313
Volume,0.05390913
5_day_ma,0.052650806
Open,0.047369014
10_day_ma,0.037923455
Low,0.033358984
20_day_ma,0.028001577
