Feature,Importance
20_day_ma,0.12750156
MACD,0.085674696
High,0.07462837
volatility_10,0.06586223
5_day_ma,0.06129264
RSI_14,0.06079115
daily_return,0.05877714
BB_lower,0.05555275
MACD_signal,0.054932658
Close,0.051748153
20_day_std,0.051560283
Volume,0.04976427
volume_change,0.04902453
Low,0.042430915
BB_upper,0.03873171
Open,0.035998303
10_day_ma,0.035728563
