Feature,Importance
Open,0.07711409
High,0.07208899
MACD,0.071392216
Low,0.07098122
Close,0.06627132
BB_upper,0.06320691
Volume,0.061352294
20_day_ma,0.058502547
20_day_std,0.05767419
RSI_14,0.056190457
volatility_10,0.055600476
10_day_ma,0.05278325
5_day_ma,0.052635368
daily_return,0.050145555
MACD_signal,0.047389418
volume_change,0.04642981
BB_lower,0.04024188
