Feature,Importance
20_day_ma,0.06880385
BB_lower,0.066075414
Open,0.0645009
daily_return,0.061443683
MACD_signal,0.061126135
MACD,0.06063915
BB_upper,0.059793532
Low,0.05976186
RSI_14,0.05948295
volatility_10,0.059322096
Close,0.057547294
volume_change,0.0566991
20_day_std,0.055091716
High,0.054989643
10_day_ma,0.051999453
Volume,0.05141723
5_day_ma,0.05130605
