Feature,Importance
Open,0.08482185
20_day_ma,0.070685245
MACD,0.06856881
MACD_signal,0.06565627
volume_change,0.0616846
daily_return,0.06119755
volatility_10,0.059314895
BB_lower,0.059283067
BB_upper,0.059048515
10_day_ma,0.058231212
20_day_std,0.057130735
Volume,0.050596736
High,0.05053251
RSI_14,0.048736256
Close,0.048611786
Low,0.048461568
5_day_ma,0.04743832
