Feature,Importance
10_day_ma,0.08101985
volume_change,0.07467619
BB_upper,0.07097378
Low,0.062535256
20_day_std,0.061733432
BB_lower,0.061529435
Close,0.06145871
volatility_10,0.06088084
daily_return,0.05995916
RSI_14,0.05951971
MACD,0.058245737
MACD_signal,0.054124597
Volume,0.052877583
Open,0.04681078
20_day_ma,0.045959633
High,0.044682227
5_day_ma,0.043013044
