Feature,Importance
5_day_ma,0.072539315
High,0.07207763
MACD_signal,0.0650921
20_day_std,0.06463883
Low,0.06377331
10_day_ma,0.0628893
BB_upper,0.0627537
Close,0.06050248
MACD,0.058419894
Volume,0.057170343
Open,0.057133064
BB_lower,0.056224417
daily_return,0.05562582
RSI_14,0.05428828
volume_change,0.053588036
volatility_10,0.046543296
20_day_ma,0.036740188
