Feature,Importance
20_day_ma,0.08482248
High,0.07763403
Low,0.07389474
5_day_ma,0.07209836
Open,0.06979508
BB_lower,0.06906152
Volume,0.06777651
20_day_std,0.06356636
volume_change,0.056932446
MACD_signal,0.054246757
10_day_ma,0.053439423
MACD,0.0511523
Close,0.044603452
BB_upper,0.04366675
volatility_10,0.042482525
RSI_14,0.04095815
daily_return,0.03386915
