Feature,Importance
Open,0.07853682
BB_upper,0.07205104
10_day_ma,0.06887737
Close,0.0675864
5_day_ma,0.06601532
High,0.059937354
BB_lower,0.059905227
Low,0.05982792
20_day_ma,0.059326634
20_day_std,0.058398765
RSI_14,0.058395762
volume_change,0.057506103
volatility_10,0.052278634
Volume,0.05121693
daily_return,0.046532985
MACD,0.042683005
MACD_signal,0.040923838
