Feature,Importance
BB_lower,0.0698141
10_day_ma,0.068842314
MACD_signal,0.06704061
20_day_std,0.06507843
BB_upper,0.06409726
MACD,0.06402812
daily_return,0.06378357
20_day_ma,0.06272752
volatility_10,0.061760236
Open,0.059865307
Volume,0.059754055
5_day_ma,0.057548296
volume_change,0.05179868
High,0.05105825
RSI_14,0.047029607
Close,0.045318328
Low,0.040455237
