Feature,Importance
Open,0.077173285
5_day_ma,0.06992964
High,0.06772714
10_day_ma,0.06721058
Volume,0.06406042
Low,0.061697826
volatility_10,0.06092079
volume_change,0.060209602
BB_upper,0.059277773
20_day_std,0.05823491
MACD_signal,0.057897758
BB_lower,0.057204805
RSI_14,0.052190565
daily_return,0.0508783
MACD,0.049166877
20_day_ma,0.04736322
Close,0.038856477
