Feature,Importance
20_day_ma,0.066282414
10_day_ma,0.06503562
Open,0.06394503
volatility_10,0.063214004
volume_change,0.063133396
BB_lower,0.06196135
20_day_std,0.061319638
High,0.060532585
5_day_ma,0.058306318
daily_return,0.05824819
RSI_14,0.057649225
MACD_signal,0.056537278
MACD,0.05604471
Volume,0.054045346
BB_upper,0.05298587
Low,0.05150456
Close,0.049254518
