Feature,Importance
20_day_ma,0.074812405
BB_lower,0.06893147
volume_change,0.06581617
volatility_10,0.06009487
Low,0.059819274
BB_upper,0.0590874
MACD_signal,0.05859551
MACD,0.058489554
Volume,0.058418408
20_day_std,0.058408383
daily_return,0.055884242
Open,0.054956075
High,0.054738183
10_day_ma,0.05411847
5_day_ma,0.0531414
RSI_14,0.052578025
Close,0.052110188
