Feature,Importance
Close,0.07506006
BB_upper,0.071934
5_day_ma,0.07057124
Open,0.06452946
Low,0.063605204
MACD_signal,0.06217002
20_day_ma,0.061851062
20_day_std,0.060293667
MACD,0.059456874
Volume,0.059042417
RSI_14,0.05550862
volume_change,0.055456087
daily_return,0.05192229
BB_lower,0.04892114
High,0.04822893
volatility_10,0.04574695
10_day_ma,0.045702018
