Feature,Importance
5_day_ma,0.08007549
volatility_10,0.073556565
volume_change,0.06690233
Low,0.06135575
BB_upper,0.061322127
MACD,0.060734954
daily_return,0.059505742
20_day_ma,0.0578491
20_day_std,0.057032745
10_day_ma,0.057031807
Volume,0.055731878
RSI_14,0.055473544
BB_lower,0.054284614
Open,0.053345583
Close,0.049414646
High,0.04907758
MACD_signal,0.04730552
