Feature,Importance
10_day_ma,0.09136288
Low,0.07128202
5_day_ma,0.07065833
BB_upper,0.066620156
20_day_ma,0.06295122
volatility_10,0.06152744
Open,0.059613872
High,0.058770802
daily_return,0.058062818
MACD,0.055937354
MACD_signal,0.053298976
RSI_14,0.050426397
Close,0.049770314
volume_change,0.04934147
Volume,0.049307168
20_day_std,0.04752188
BB_lower,0.04354686
