Feature,Importance
10_day_ma,0.07258675
5_day_ma,0.07114082
Open,0.07015168
Low,0.069725715
BB_upper,0.067787886
MACD_signal,0.06422718
MACD,0.05955255
RSI_14,0.056881174
volatility_10,0.056175128
Volume,0.05529646
daily_return,0.054878507
20_day_std,0.053326387
Close,0.05294542
High,0.050628502
20_day_ma,0.050291803
volume_change,0.048060086
BB_lower,0.04634398
