Feature,Importance
High,0.07628834
20_day_ma,0.07215742
Open,0.07206745
Low,0.071205236
BB_upper,0.065254904
BB_lower,0.06470827
Volume,0.06463951
5_day_ma,0.060558215
MACD_signal,0.05859691
volume_change,0.052924894
MACD,0.050912075
volatility_10,0.05078627
20_day_std,0.050755177
daily_return,0.04873509
Close,0.048511922
10_day_ma,0.046770576
RSI_14,0.045127686
