Feature,Importance
MACD_signal,0.06991403
10_day_ma,0.06888906
BB_lower,0.06848111
BB_upper,0.06827357
volatility_10,0.06775631
Volume,0.06566734
5_day_ma,0.0619107
MACD,0.0616382
daily_return,0.059274286
20_day_std,0.05672288
Open,0.056488827
Close,0.054813787
volume_change,0.050581764
High,0.048623405
RSI_14,0.04853066
20_day_ma,0.048150666
Low,0.044283357
