Feature,Importance
BB_lower,0.06788583
20_day_ma,0.06590839
RSI_14,0.06569579
volume_change,0.06444216
MACD_signal,0.06220493
Low,0.061629105
MACD,0.061604872
Close,0.06077364
Volume,0.05982027
Open,0.05751564
20_day_std,0.05698321
High,0.056790918
daily_return,0.05611348
5_day_ma,0.053629123
volatility_10,0.051358085
BB_upper,0.049343705
10_day_ma,0.0483008
