Feature,Importance
BB_lower,0.074694425
BB_upper,0.06804525
20_day_std,0.06264934
20_day_ma,0.062198374
daily_return,0.060831722
volume_change,0.060584843
5_day_ma,0.05860753
Low,0.058196172
Open,0.057955127
MACD_signal,0.056939993
10_day_ma,0.05665898
MACD,0.056599632
High,0.05602439
volatility_10,0.0545824
Close,0.053343795
RSI_14,0.053298
Volume,0.048790064
