Feature,Importance
20_day_ma,0.08210921
Low,0.08057939
Close,0.069522545
BB_upper,0.06329889
volume_change,0.06309784
RSI_14,0.06192157
volatility_10,0.059323687
MACD,0.058692466
10_day_ma,0.056851212
High,0.056771338
5_day_ma,0.054821566
20_day_std,0.05454354
Volume,0.05169955
MACD_signal,0.049597576
BB_lower,0.04940728
daily_return,0.04856192
Open,0.039200462
