Feature,Importance
BB_upper,0.07365352
Close,0.07223547
Low,0.0708329
High,0.06832354
10_day_ma,0.067978516
BB_lower,0.06698651
MACD,0.065954134
Open,0.058992073
20_day_std,0.0576297
MACD_signal,0.054187156
volume_change,0.053802397
RSI_14,0.052156143
Volume,0.05063616
daily_return,0.0496966
5_day_ma,0.049533505
volatility_10,0.04868062
20_day_ma,0.038721018
