Feature,Importance
Low,0.074269146
BB_upper,0.07344962
Close,0.073301904
BB_lower,0.066418074
Open,0.06433734
20_day_std,0.06147302
MACD_signal,0.060778935
10_day_ma,0.060156446
MACD,0.05733171
High,0.056207612
volume_change,0.054672312
5_day_ma,0.054392993
RSI_14,0.051573176
daily_return,0.05088081
volatility_10,0.048002053
20_day_ma,0.047482938
Volume,0.045271877
