Feature,Importance
volatility_10,0.06749117
volume_change,0.06487084
MACD_signal,0.06451979
Volume,0.06347024
daily_return,0.06261153
BB_upper,0.0611881
5_day_ma,0.060548414
Low,0.059350334
MACD,0.05902179
10_day_ma,0.05885236
RSI_14,0.058017917
20_day_std,0.057731006
Open,0.055426665
20_day_ma,0.05416005
High,0.053548664
BB_lower,0.052219626
Close,0.046971522
