Feature,Importance
High,0.0714218
Close,0.06719087
BB_lower,0.064392865
Low,0.062742814
10_day_ma,0.06231597
volume_change,0.062207762
volatility_10,0.060420025
daily_return,0.059831463
RSI_14,0.05770889
MACD_signal,0.056358296
Volume,0.055816106
BB_upper,0.055712864
5_day_ma,0.05371581
20_day_std,0.053436372
Open,0.052870937
MACD,0.05203204
20_day_ma,0.051825028
