Feature,Importance
Low,0.0861105
Open,0.07483375
20_day_ma,0.06691821
10_day_ma,0.06648812
Close,0.06323289
RSI_14,0.06292128
5_day_ma,0.06259155
daily_return,0.057999074
BB_upper,0.057913966
20_day_std,0.05784694
Volume,0.057500552
MACD_signal,0.05379153
MACD,0.05121732
volume_change,0.04933553
volatility_10,0.04850549
BB_lower,0.045245327
High,0.03754793
