Feature,Importance
High,0.115100674
20_day_std,0.08064898
5_day_ma,0.07488034
20_day_ma,0.07167133
RSI_14,0.06936279
daily_return,0.06513229
MACD,0.061314307
Close,0.060900386
volatility_10,0.060769644
volume_change,0.057811588
BB_lower,0.056962017
BB_upper,0.044549182
10_day_ma,0.044107035
Low,0.037735634
Volume,0.037719373
MACD_signal,0.037560053
Open,0.023774354
