Feature,Importance
Low,0.079670526
10_day_ma,0.06981707
BB_lower,0.06961064
MACD,0.06700491
Open,0.06632795
BB_upper,0.06315651
20_day_std,0.063148744
RSI_14,0.05973665
volume_change,0.055689264
High,0.05508288
Volume,0.053228598
Close,0.053015478
20_day_ma,0.050203823
daily_return,0.050061315
volatility_10,0.049472835
5_day_ma,0.047807172
MACD_signal,0.046965647
