Feature,Importance
MACD_signal,0.08022905
20_day_ma,0.066328354
Volume,0.06512658
BB_lower,0.06283708
High,0.062294036
Low,0.06163252
Close,0.06155912
10_day_ma,0.06135337
volume_change,0.0580832
MACD,0.05686696
daily_return,0.056613173
BB_upper,0.05424879
Open,0.053743675
RSI_14,0.053267285
20_day_std,0.052527532
volatility_10,0.051287644
5_day_ma,0.04200172
