Feature,Importance
Open,0.07442005
5_day_ma,0.06740233
volatility_10,0.0628576
MACD_signal,0.06120025
daily_return,0.059656896
10_day_ma,0.05903064
Close,0.058957227
20_day_ma,0.058572065
MACD,0.05710222
BB_upper,0.056949813
Volume,0.056656417
High,0.055777147
RSI_14,0.05564443
volume_change,0.055138525
BB_lower,0.054064024
Low,0.053317547
20_day_std,0.053252846
