Feature,Importance
High,0.0781226
10_day_ma,0.07228853
20_day_ma,0.06851021
MACD,0.06561102
BB_lower,0.06280493
BB_upper,0.060206503
Volume,0.058165375
volume_change,0.05659244
volatility_10,0.0562238
daily_return,0.055582855
RSI_14,0.055268824
20_day_std,0.053530738
Close,0.053211845
5_day_ma,0.051868767
Open,0.051299777
Low,0.05089621
MACD_signal,0.04981558
