Feature,Importance
Low,0.07752535
Close,0.06974151
20_day_std,0.06588392
High,0.063439265
MACD,0.063185565
BB_lower,0.06231741
volume_change,0.062299117
10_day_ma,0.05954472
20_day_ma,0.05876228
daily_return,0.058008853
BB_upper,0.05791062
volatility_10,0.056198508
Volume,0.05271332
MACD_signal,0.05206168
RSI_14,0.04981834
5_day_ma,0.046350062
Open,0.04423955
