Feature,Importance
MACD_signal,0.06955632
BB_upper,0.06570166
volatility_10,0.064438835
volume_change,0.061818
Volume,0.061599784
20_day_ma,0.06072908
10_day_ma,0.05936286
daily_return,0.058825374
Low,0.058337554
MACD,0.058119114
High,0.05727278
Close,0.05724427
20_day_std,0.055819362
5_day_ma,0.055354696
BB_lower,0.053248134
Open,0.052086376
RSI_14,0.0504858
