Feature,Importance
BB_upper,0.07169772
Low,0.07060372
Open,0.069269046
10_day_ma,0.06611763
daily_return,0.061816387
20_day_ma,0.060500856
Volume,0.05981468
RSI_14,0.058273107
volatility_10,0.05684084
High,0.05659298
20_day_std,0.056403253
MACD_signal,0.054240067
5_day_ma,0.05392715
Close,0.053175423
MACD,0.052933674
BB_lower,0.04969983
volume_change,0.048093688
