Feature,Importance
RSI_14,0.0715695
BB_lower,0.06734157
20_day_ma,0.06645757
Low,0.062186174
MACD,0.062073812
High,0.061848756
volume_change,0.060641564
Open,0.056782633
Close,0.05659883
MACD_signal,0.056535732
20_day_std,0.05553693
Volume,0.05506892
5_day_ma,0.055053018
daily_return,0.05479019
10_day_ma,0.054451417
volatility_10,0.05207878
BB_upper,0.050984632
