Feature,Importance
Low,0.0828974
MACD_signal,0.076148555
BB_upper,0.07113334
volume_change,0.065602995
MACD,0.059153706
5_day_ma,0.058957297
RSI_14,0.05852638
daily_return,0.056842215
BB_lower,0.056776978
High,0.055369414
20_day_std,0.0549232
Close,0.05427422
volatility_10,0.053559102
Open,0.052259564
20_day_ma,0.05201993
Volume,0.04675359
10_day_ma,0.044802118
