Feature,Importance
Close,0.07311195
MACD,0.068368435
20_day_ma,0.066853546
BB_lower,0.06684033
20_day_std,0.06473811
RSI_14,0.0635685
MACD_signal,0.061352596
5_day_ma,0.060040955
daily_return,0.058914263
Volume,0.055455387
10_day_ma,0.053506177
Open,0.053255722
High,0.051986225
volume_change,0.05150853
volatility_10,0.051176883
BB_upper,0.051025275
Low,0.04829716
