Feature,Importance
BB_lower,0.0690071
20_day_std,0.06865102
High,0.06612399
MACD_signal,0.06589484
BB_upper,0.06511032
MACD,0.061940156
5_day_ma,0.060510673
volatility_10,0.058507044
20_day_ma,0.05819958
Open,0.05716659
Volume,0.056966156
daily_return,0.055392228
10_day_ma,0.054759946
RSI_14,0.05143953
Low,0.051312555
volume_change,0.049627505
Close,0.04939071
