Feature,Importance
20_day_std,0.07281405
BB_upper,0.06991835
20_day_ma,0.064608455
RSI_14,0.06439774
Close,0.06349483
volume_change,0.06344136
Low,0.06301216
High,0.060247634
BB_lower,0.059983466
5_day_ma,0.05689818
daily_return,0.055519186
Volume,0.054703277
Open,0.053328406
MACD,0.05282542
10_day_ma,0.049346935
volatility_10,0.048924346
MACD_signal,0.046536162
