Feature,Importance
Open,0.06810605
MACD,0.0650049
BB_lower,0.06359761
volume_change,0.063494034
daily_return,0.060974807
BB_upper,0.060711954
volatility_10,0.060127
Volume,0.060017575
20_day_std,0.059283003
20_day_ma,0.057736464
5_day_ma,0.057175037
MACD_signal,0.057173915
High,0.05676275
RSI_14,0.05427658
10_day_ma,0.05356596
Low,0.0528918
Close,0.049100574
