Feature,Importance
Low,0.06428084
Open,0.06397849
Close,0.06312684
MACD,0.06235129
20_day_ma,0.06202835
High,0.061906967
BB_upper,0.060698994
BB_lower,0.058982782
Volume,0.058974613
20_day_std,0.058965467
RSI_14,0.058475558
daily_return,0.055814013
10_day_ma,0.055395026
5_day_ma,0.05509389
MACD_signal,0.054437973
volume_change,0.053949755
volatility_10,0.051539265
