Feature,Importance
daily_return,0.07124749
BB_upper,0.07104617
Volume,0.0702104
10_day_ma,0.06490745
BB_lower,0.06293213
MACD,0.061349753
5_day_ma,0.060812104
20_day_std,0.059960555
Open,0.059473593
Low,0.058883037
volatility_10,0.05742035
High,0.056570332
Close,0.05096897
RSI_14,0.05020842
volume_change,0.04998011
MACD_signal,0.04914869
20_day_ma,0.044880442
