Feature,Importance
BB_lower,0.06866985
Low,0.06802024
20_day_ma,0.06739207
MACD_signal,0.06541723
10_day_ma,0.060975943
High,0.060847636
RSI_14,0.06046853
MACD,0.060106866
20_day_std,0.06003848
volatility_10,0.056452706
Open,0.05604375
volume_change,0.055866465
daily_return,0.05457671
BB_upper,0.053763866
Volume,0.051992886
Close,0.050359715
5_day_ma,0.04900701
