Feature,Importance
20_day_ma,0.07333215
Open,0.07092608
5_day_ma,0.06928982
10_day_ma,0.06687423
Low,0.064694196
20_day_std,0.06416765
MACD_signal,0.0599015
volatility_10,0.058323964
BB_lower,0.058291957
High,0.05819554
Close,0.05775918
RSI_14,0.056275588
MACD,0.05566762
Volume,0.050011747
BB_upper,0.04683233
volume_change,0.045877174
daily_return,0.043579347
