Feature,Importance
volume_change,0.07836112
Volume,0.065753706
5_day_ma,0.06561037
High,0.06425237
Open,0.06363198
10_day_ma,0.06299435
volatility_10,0.060946684
daily_return,0.060010843
BB_lower,0.057385124
20_day_std,0.056078665
BB_upper,0.055839892
RSI_14,0.054950736
MACD_signal,0.053323984
Low,0.052312586
Close,0.050252732
20_day_ma,0.04963793
MACD,0.048656918
