Feature,Importance
10_day_ma,0.07403869
Open,0.070455186
BB_upper,0.068948016
20_day_ma,0.06761365
MACD,0.0670385
MACD_signal,0.0666767
High,0.06447103
volume_change,0.061929293
5_day_ma,0.05935455
daily_return,0.058068246
20_day_std,0.05777046
Volume,0.054010738
BB_lower,0.05191296
RSI_14,0.04911677
volatility_10,0.045457523
Low,0.042699
Close,0.040438645
