Feature,Importance
Low,0.08520124
Close,0.07341795
BB_upper,0.06949671
High,0.06789488
Open,0.06775055
MACD,0.06608
RSI_14,0.05632982
BB_lower,0.055570014
Volume,0.054786246
10_day_ma,0.05440464
20_day_ma,0.052970547
MACD_signal,0.050812505
volatility_10,0.05054857
5_day_ma,0.04999
20_day_std,0.04920483
daily_return,0.048993085
volume_change,0.046548393
