Feature,Importance
Close,0.072440095
Low,0.07079387
MACD,0.06464667
MACD_signal,0.0621233
20_day_ma,0.06149131
RSI_14,0.06137557
Open,0.060124062
High,0.05852795
20_day_std,0.05706963
daily_return,0.05666934
BB_lower,0.056250803
Volume,0.055104
BB_upper,0.05480542
10_day_ma,0.054780792
volatility_10,0.054526128
5_day_ma,0.052185178
volume_change,0.04708586
