Feature,Importance
RSI_14,0.083624005
5_day_ma,0.06632333
Low,0.06562756
Close,0.06535903
20_day_std,0.06529949
volatility_10,0.06180362
10_day_ma,0.060009986
Volume,0.05924289
BB_lower,0.05829757
20_day_ma,0.058094386
High,0.05349454
volume_change,0.052915182
MACD,0.052823745
MACD_signal,0.050579995
Open,0.05011567
daily_return,0.049532346
BB_upper,0.046856698
