Feature,Importance
5_day_ma,0.07464611
Low,0.07169754
Open,0.06848199
volume_change,0.06612117
MACD_signal,0.06485826
20_day_std,0.06435478
20_day_ma,0.0637972
BB_upper,0.06250062
High,0.059122857
BB_lower,0.05782216
MACD,0.056409456
daily_return,0.0541937
Close,0.05014573
Volume,0.04928932
10_day_ma,0.048609827
volatility_10,0.04859988
RSI_14,0.039349437
