Feature,Importance
volatility_10,0.0780269
MACD_signal,0.07281171
MACD,0.061994348
20_day_ma,0.06160208
5_day_ma,0.06116401
volume_change,0.05935514
BB_upper,0.058572143
RSI_14,0.058248818
daily_return,0.05809149
20_day_std,0.057142865
Close,0.05619376
Low,0.05519723
Volume,0.052711602
BB_lower,0.052527476
High,0.05239941
Open,0.052148566
10_day_ma,0.051812414
