Feature,Importance
MACD_signal,0.07649671
Low,0.07529454
BB_upper,0.06538552
volatility_10,0.06298146
High,0.06010852
Close,0.059830084
RSI_14,0.059167005
20_day_std,0.059043463
daily_return,0.058140513
MACD,0.057273023
volume_change,0.05671352
BB_lower,0.055507585
5_day_ma,0.055249777
10_day_ma,0.053615425
Volume,0.050088275
Open,0.049712434
20_day_ma,0.045392103
