Feature,Importance
RSI_14,0.07279596
Open,0.07242775
volatility_10,0.066717915
daily_return,0.06266776
BB_lower,0.06175885
volume_change,0.060450204
20_day_std,0.059777867
Volume,0.059498776
BB_upper,0.05837255
5_day_ma,0.057909723
20_day_ma,0.05773836
Close,0.057560977
High,0.055798177
MACD_signal,0.053949736
MACD,0.053000197
Low,0.045948684
10_day_ma,0.04362648
