Feature,Importance
daily_return,0.069015004
5_day_ma,0.06589499
High,0.065631345
MACD,0.06490655
Volume,0.06329793
BB_upper,0.06256678
10_day_ma,0.06240605
20_day_std,0.061963495
volume_change,0.058323354
Low,0.05796336
RSI_14,0.05767231
volatility_10,0.057524364
Open,0.056490652
BB_lower,0.05416412
Close,0.049252227
20_day_ma,0.046548635
MACD_signal,0.046378866
