Feature,Importance
BB_upper,0.07095896
BB_lower,0.0661429
Low,0.06472315
MACD_signal,0.060767774
20_day_ma,0.06018869
Open,0.05991483
High,0.059787896
RSI_14,0.058229107
20_day_std,0.05795109
10_day_ma,0.05738912
MACD,0.057156783
volume_change,0.05706972
daily_return,0.056019545
volatility_10,0.055370323
Close,0.055319574
5_day_ma,0.052417677
Volume,0.050592884
