Feature,Importance
MACD,0.065312
5_day_ma,0.06435638
Low,0.06348432
RSI_14,0.063174196
BB_upper,0.062387224
Close,0.05933953
20_day_ma,0.059095576
BB_lower,0.058151107
daily_return,0.057628885
Open,0.0572832
Volume,0.057120044
10_day_ma,0.056259394
High,0.05613494
volatility_10,0.056087475
20_day_std,0.055959612
MACD_signal,0.05469034
volume_change,0.053535692
