Feature,Importance
20_day_std,0.065972194
RSI_14,0.06544873
BB_lower,0.06501407
BB_upper,0.061764553
5_day_ma,0.06104465
Volume,0.060237907
10_day_ma,0.059908338
volume_change,0.059729815
Close,0.059643585
volatility_10,0.059154816
20_day_ma,0.058759034
High,0.05766389
MACD,0.057095617
MACD_signal,0.056694396
Low,0.052150194
daily_return,0.05049584
Open,0.049222387
