Feature,Importance
BB_upper,0.07237257
20_day_ma,0.06904494
volume_change,0.06894495
Low,0.06854196
Close,0.06365354
RSI_14,0.061748248
MACD_signal,0.060671818
20_day_std,0.060038015
daily_return,0.058610316
5_day_ma,0.057860658
MACD,0.056032047
volatility_10,0.055492364
10_day_ma,0.05468306
High,0.05366228
Open,0.051183525
Volume,0.048467875
BB_lower,0.038991768
