Feature,Importance
Low,0.06816349
High,0.06510874
Close,0.06326116
MACD,0.06296681
BB_upper,0.06273986
20_day_std,0.06266131
MACD_signal,0.06156827
5_day_ma,0.059645474
Open,0.058513284
10_day_ma,0.05809019
volume_change,0.057322685
daily_return,0.056984626
BB_lower,0.05688148
20_day_ma,0.053016417
RSI_14,0.052719496
Volume,0.052428357
volatility_10,0.04792831
