Feature,Importance
RSI_14,0.0687445
5_day_ma,0.06705328
Low,0.06627018
20_day_std,0.06606777
BB_upper,0.064498805
daily_return,0.063793965
MACD_signal,0.060297396
MACD,0.060069866
volume_change,0.058611933
BB_lower,0.05854757
20_day_ma,0.05722297
volatility_10,0.05584016
Volume,0.05579209
10_day_ma,0.053924136
Open,0.04945546
Close,0.047160883
High,0.04664902
