Feature,Importance
BB_lower,0.06501141
volume_change,0.06473265
RSI_14,0.062394433
MACD_signal,0.06211328
Open,0.0620127
Close,0.061060607
20_day_ma,0.0609795
MACD,0.059777215
5_day_ma,0.05912143
High,0.05827801
Low,0.056900583
20_day_std,0.056601346
BB_upper,0.056112897
daily_return,0.05468077
Volume,0.053744208
10_day_ma,0.053712398
volatility_10,0.052766547
