Feature,Importance
RSI_14,0.07338581
daily_return,0.067165256
20_day_std,0.06490923
Low,0.063132286
BB_lower,0.06182162
Volume,0.061364897
volume_change,0.058729928
20_day_ma,0.05825751
volatility_10,0.058229994
High,0.05773934
5_day_ma,0.057490252
MACD_signal,0.056795232
10_day_ma,0.05465339
MACD,0.054179117
Close,0.05338294
Open,0.05127485
BB_upper,0.047488328
