Feature,Importance
20_day_std,0.07021771
High,0.06288702
Low,0.06281471
MACD,0.06228831
BB_lower,0.061432596
MACD_signal,0.06128006
20_day_ma,0.06039656
Volume,0.058892116
10_day_ma,0.058681168
volatility_10,0.057568222
volume_change,0.057111375
Close,0.056525573
BB_upper,0.055232633
5_day_ma,0.055134088
daily_return,0.054117925
RSI_14,0.0530074
Open,0.05241259
