Feature,Importance
20_day_ma,0.06613688
BB_lower,0.0654491
Low,0.064832814
20_day_std,0.06369542
daily_return,0.06237314
volume_change,0.06233691
BB_upper,0.06177882
RSI_14,0.060165305
MACD,0.06007347
High,0.059167616
10_day_ma,0.056522354
MACD_signal,0.053857774
5_day_ma,0.053758707
Close,0.05347921
Open,0.05320058
Volume,0.052473143
volatility_10,0.050698694
