Feature,Importance
BB_upper,0.08105144
5_day_ma,0.06742803
RSI_14,0.06676679
volatility_10,0.06451559
daily_return,0.06372522
Open,0.06282844
20_day_ma,0.06223877
MACD,0.060710028
Volume,0.060396772
Low,0.05894899
20_day_std,0.05839188
10_day_ma,0.051928863
MACD_signal,0.051269308
BB_lower,0.05113561
volume_change,0.04934271
High,0.0481823
Close,0.041139223
