Feature,Importance
High,0.07496134
Close,0.073296234
Low,0.0730094
20_day_std,0.06957239
MACD_signal,0.060436614
volatility_10,0.059565697
daily_return,0.059159316
BB_upper,0.058457807
20_day_ma,0.058023073
Open,0.05471615
volume_change,0.054082703
MACD,0.05332562
10_day_ma,0.05268299
Volume,0.051360507
BB_lower,0.049640875
5_day_ma,0.049463432
RSI_14,0.04824586
