Feature,Importance
20_day_ma,0.06759102
BB_lower,0.06750877
volatility_10,0.06698895
MACD,0.06481564
Low,0.06278287
Volume,0.06151494
10_day_ma,0.059841767
volume_change,0.05971748
Close,0.058232963
BB_upper,0.05789813
High,0.05696133
Open,0.056806687
5_day_ma,0.055197198
20_day_std,0.05373857
MACD_signal,0.051283285
daily_return,0.05021031
RSI_14,0.04891017
