Feature,Importance
MACD,0.08100235
Low,0.07653807
MACD_signal,0.07003924
20_day_ma,0.067334175
daily_return,0.06151069
High,0.058823567
BB_upper,0.056602478
Close,0.0559248
volume_change,0.055899415
RSI_14,0.05515437
10_day_ma,0.05482574
Volume,0.054014992
BB_lower,0.05390457
volatility_10,0.052473165
Open,0.05079163
5_day_ma,0.050105453
20_day_std,0.045055315
