Feature,Importance
BB_upper,0.079766795
Open,0.07193548
Close,0.063945815
20_day_std,0.063665606
20_day_ma,0.06341491
High,0.06036971
volatility_10,0.05929017
MACD_signal,0.05884743
daily_return,0.058573212
volume_change,0.05679202
BB_lower,0.056625485
RSI_14,0.055955213
Volume,0.05590791
10_day_ma,0.053530883
Low,0.050543677
MACD,0.04742074
5_day_ma,0.04341489
