Feature,Importance
BB_upper,0.07419031
5_day_ma,0.06277768
BB_lower,0.06276626
10_day_ma,0.061762236
High,0.059434935
Volume,0.05894103
MACD,0.05839518
volume_change,0.05824357
20_day_std,0.05735356
Low,0.057115648
Open,0.05696615
RSI_14,0.05661643
Close,0.05645022
daily_return,0.055911254
20_day_ma,0.055049308
volatility_10,0.05450996
MACD_signal,0.0535163
