Feature,Importance
Low,0.070034824
Close,0.06303697
BB_lower,0.061333194
MACD,0.060475815
BB_upper,0.060339004
High,0.059956763
Open,0.059653938
20_day_ma,0.058661316
Volume,0.05771079
5_day_ma,0.05751018
RSI_14,0.05685137
daily_return,0.05649641
10_day_ma,0.05617474
volume_change,0.056138266
volatility_10,0.05612372
MACD_signal,0.05557871
20_day_std,0.053924024
