Feature,Importance
High,0.068879455
5_day_ma,0.06436576
MACD_signal,0.06245106
MACD,0.062058337
volume_change,0.061294768
Open,0.061123285
BB_upper,0.0607453
20_day_std,0.06044848
Low,0.060371667
volatility_10,0.05989044
10_day_ma,0.059524015
BB_lower,0.057835396
RSI_14,0.056835786
Close,0.05559181
daily_return,0.05401653
Volume,0.05033285
20_day_ma,0.044235006
