Feature,Importance
BB_lower,0.06957433
10_day_ma,0.06557617
volume_change,0.06484245
BB_upper,0.06456839
Low,0.064385
Open,0.06392045
20_day_ma,0.06378139
High,0.06031199
daily_return,0.057536654
MACD_signal,0.05693157
Close,0.056723285
RSI_14,0.055083495
volatility_10,0.05304824
Volume,0.05228814
5_day_ma,0.05091873
MACD,0.05032017
20_day_std,0.050189532
