Feature,Importance
BB_upper,0.06521309
20_day_ma,0.064430855
5_day_ma,0.06327942
Low,0.06296473
BB_lower,0.062008698
daily_return,0.060353715
Volume,0.06020556
10_day_ma,0.05890405
High,0.058730338
Open,0.05794905
RSI_14,0.057546742
MACD,0.057456017
volatility_10,0.055966716
Close,0.05544682
volume_change,0.05453573
20_day_std,0.05439789
MACD_signal,0.050610583
