Feature,Importance
5_day_ma,0.081663266
20_day_ma,0.07565676
High,0.07186698
10_day_ma,0.068937935
Open,0.06460447
BB_lower,0.060340174
Volume,0.057566717
daily_return,0.0574114
Close,0.05723114
Low,0.05722075
BB_upper,0.054981712
MACD,0.0529242
RSI_14,0.050578594
volatility_10,0.048280854
MACD_signal,0.048181847
volume_change,0.04772651
20_day_std,0.04482673
