Feature,Importance
Low,0.08146765
BB_upper,0.081142545
Close,0.07832913
MACD_signal,0.06445332
Open,0.0635369
10_day_ma,0.063328594
daily_return,0.060357634
volatility_10,0.057703625
High,0.057548743
Volume,0.055000357
5_day_ma,0.05202047
volume_change,0.051244117
RSI_14,0.05015122
BB_lower,0.048094474
20_day_ma,0.047638915
MACD,0.044172365
20_day_std,0.043809924
