Feature,Importance
High,0.069165766
Low,0.06875038
Open,0.064982735
daily_return,0.06454434
volatility_10,0.06400944
BB_lower,0.06394921
BB_upper,0.062070258
volume_change,0.061604455
Volume,0.05901709
10_day_ma,0.057761107
RSI_14,0.05654795
MACD_signal,0.056176435
MACD,0.05419493
20_day_std,0.05331093
Close,0.051682845
5_day_ma,0.04936363
20_day_ma,0.04286847
