Feature,Importance
Low,0.09744892
10_day_ma,0.09071017
5_day_ma,0.07080215
BB_upper,0.06443946
Open,0.061778754
daily_return,0.06153588
volatility_10,0.055408187
Volume,0.054273
20_day_ma,0.05279476
MACD,0.05249663
MACD_signal,0.052132513
volume_change,0.05201406
RSI_14,0.050681923
Close,0.050554328
High,0.048401594
20_day_std,0.04287566
BB_lower,0.041651938
