Feature,Importance
volatility_10,0.06797469
20_day_ma,0.066285096
volume_change,0.066012576
BB_upper,0.06479193
BB_lower,0.062327128
Volume,0.061850235
Low,0.06163146
5_day_ma,0.06088958
daily_return,0.058972206
High,0.05885616
MACD,0.057485677
Open,0.056456316
MACD_signal,0.05371173
10_day_ma,0.05216801
Close,0.051058896
RSI_14,0.050936475
20_day_std,0.04859187
