Feature,Importance
High,0.10026843
Low,0.074679896
BB_lower,0.06937177
BB_upper,0.060652208
MACD_signal,0.05915569
10_day_ma,0.05909135
daily_return,0.057634976
Open,0.055153243
5_day_ma,0.054746684
20_day_std,0.053453464
volume_change,0.052962355
MACD,0.052428223
20_day_ma,0.0523136
Close,0.050973814
RSI_14,0.049860913
volatility_10,0.048732895
Volume,0.048520472
