Feature,Importance
Open,0.080519505
High,0.07590027
5_day_ma,0.0730291
Low,0.06746235
RSI_14,0.06496185
BB_lower,0.064874984
Close,0.062189076
MACD,0.057405982
volume_change,0.056523297
10_day_ma,0.055817753
daily_return,0.055792335
BB_upper,0.051872317
Volume,0.050567053
20_day_std,0.050470214
MACD_signal,0.04899223
volatility_10,0.044047263
20_day_ma,0.03957434
