Feature,Importance
10_day_ma,0.07196927
High,0.06915188
volatility_10,0.06736016
Volume,0.06651907
BB_lower,0.06567176
Close,0.06357115
20_day_std,0.06154169
20_day_ma,0.061026532
5_day_ma,0.056198727
MACD,0.05449755
Low,0.054370873
MACD_signal,0.053996854
RSI_14,0.052681286
BB_upper,0.052103013
volume_change,0.051641826
daily_return,0.04954767
Open,0.04815071
