Feature,Importance
5_day_ma,0.077785105
Low,0.069906145
BB_upper,0.06675663
20_day_ma,0.06505713
BB_lower,0.06467339
10_day_ma,0.06284331
volume_change,0.06240071
High,0.06001274
Open,0.057077378
RSI_14,0.056871776
volatility_10,0.056594804
Volume,0.053535506
Close,0.05347438
daily_return,0.049337856
20_day_std,0.04911242
MACD,0.04818829
MACD_signal,0.04637242
