Feature,Importance
MACD,0.068332724
5_day_ma,0.06697256
Low,0.06475538
Close,0.06338131
20_day_std,0.061442066
MACD_signal,0.06133558
Open,0.061249923
BB_lower,0.06099399
volume_change,0.058010682
High,0.057300616
RSI_14,0.05658845
BB_upper,0.05639044
daily_return,0.05626259
volatility_10,0.05441397
10_day_ma,0.054214615
Volume,0.050306093
20_day_ma,0.048049074
