Feature,Importance
volatility_10,0.07901297
MACD_signal,0.076187566
Low,0.06721976
High,0.06525797
Open,0.06457572
MACD,0.06269621
BB_lower,0.062196087
BB_upper,0.060223114
5_day_ma,0.05807253
Close,0.05735447
daily_return,0.056024224
volume_change,0.053318575
10_day_ma,0.052253403
20_day_ma,0.049866438
Volume,0.048147876
20_day_std,0.04552874
RSI_14,0.04206434
