Feature,Importance
volatility_10,0.07469316
MACD_signal,0.07062602
Volume,0.06753495
High,0.06606336
Close,0.065066494
Low,0.06463895
volume_change,0.06421871
daily_return,0.06373386
20_day_std,0.062017165
BB_lower,0.057644613
Open,0.055166434
BB_upper,0.053251807
MACD,0.052187663
20_day_ma,0.049941923
5_day_ma,0.045094334
RSI_14,0.044995923
10_day_ma,0.043124598
