Feature,Importance
Open,0.07614034
20_day_ma,0.06728221
MACD,0.06602776
MACD_signal,0.06562615
BB_lower,0.061969116
volatility_10,0.061456427
5_day_ma,0.059971076
Low,0.058685012
volume_change,0.0570639
20_day_std,0.056920458
Volume,0.056869928
daily_return,0.056326043
BB_upper,0.055763017
High,0.051909402
RSI_14,0.05148812
Close,0.051077098
10_day_ma,0.045423888
