Feature,Importance
10_day_ma,0.08048164
BB_lower,0.07785141
High,0.06730361
BB_upper,0.061727036
RSI_14,0.06120319
Volume,0.0610017
Close,0.05928367
volume_change,0.057309195
5_day_ma,0.056388453
20_day_ma,0.05575347
20_day_std,0.053940993
MACD,0.052678082
Low,0.052095767
volatility_10,0.05192558
daily_return,0.05180212
MACD_signal,0.051471446
Open,0.04778264
