Feature,Importance
High,0.09208881
volatility_10,0.07494606
MACD_signal,0.066610016
Close,0.06655372
Volume,0.06506089
BB_upper,0.063041404
daily_return,0.062915124
volume_change,0.058542755
MACD,0.05493586
Open,0.052440073
20_day_ma,0.051130418
10_day_ma,0.050664395
RSI_14,0.050255764
20_day_std,0.050234348
Low,0.0482199
BB_lower,0.04700666
5_day_ma,0.045353796
