Feature,Importance
5_day_ma,0.06985747
MACD,0.06693845
Low,0.066129625
Open,0.06128287
20_day_std,0.060526893
MACD_signal,0.059107576
volume_change,0.05861978
20_day_ma,0.058344103
BB_lower,0.058186345
daily_return,0.05760403
BB_upper,0.056660235
volatility_10,0.055913355
Close,0.055293422
10_day_ma,0.05502781
RSI_14,0.05382875
Volume,0.05372439
High,0.05295492
