Feature,Importance
Low,0.07069171
MACD_signal,0.06672762
Open,0.064005405
MACD,0.06320888
volume_change,0.06232482
20_day_ma,0.061424334
RSI_14,0.061315335
5_day_ma,0.05989048
10_day_ma,0.05876707
BB_upper,0.05710414
Close,0.055665765
High,0.05539315
BB_lower,0.054950137
20_day_std,0.05392738
volatility_10,0.052202042
Volume,0.05190502
daily_return,0.050496697
