Feature,Importance
MACD,0.07640335
10_day_ma,0.06661645
20_day_std,0.0633127
volume_change,0.06210544
5_day_ma,0.060939185
Volume,0.06090573
Open,0.059814174
Close,0.059329547
BB_upper,0.059326433
BB_lower,0.05922411
20_day_ma,0.05669302
Low,0.056435823
RSI_14,0.053526595
MACD_signal,0.0519979
daily_return,0.051974706
volatility_10,0.051768295
High,0.049626555
