Feature,Importance
Open,0.0662368
BB_upper,0.06557651
Low,0.06552547
MACD,0.06464997
RSI_14,0.06430474
High,0.06420533
volume_change,0.06358433
Volume,0.06018794
BB_lower,0.060102187
20_day_std,0.058816567
5_day_ma,0.056908064
volatility_10,0.05671281
Close,0.053946737
20_day_ma,0.05301361
daily_return,0.052637585
10_day_ma,0.048376776
MACD_signal,0.04521459
