Feature,Importance
Close,0.06775948
High,0.066457435
Open,0.06524098
20_day_ma,0.064552836
BB_lower,0.060792636
MACD_signal,0.06048214
MACD,0.060467366
volume_change,0.058617145
20_day_std,0.058589756
RSI_14,0.058352698
Volume,0.05817772
daily_return,0.05696418
Low,0.055851307
volatility_10,0.055029385
5_day_ma,0.05317143
BB_upper,0.05206871
10_day_ma,0.04742476
