Feature,Importance
Open,0.08505011
20_day_ma,0.06856529
MACD_signal,0.064830735
Close,0.06460685
High,0.06380924
RSI_14,0.0633253
volume_change,0.05891885
20_day_std,0.058849454
BB_upper,0.057680894
10_day_ma,0.05698439
5_day_ma,0.052116785
BB_lower,0.05207398
volatility_10,0.05202312
daily_return,0.05098606
MACD,0.050960887
Low,0.049756423
Volume,0.049461626
