Feature,Importance
20_day_ma,0.06985639
5_day_ma,0.06700842
Low,0.06452557
Close,0.062469523
MACD,0.059230763
BB_upper,0.059028227
High,0.05895882
MACD_signal,0.058646783
RSI_14,0.05748845
volatility_10,0.05734207
Open,0.05728836
20_day_std,0.056738097
volume_change,0.05641543
10_day_ma,0.055018257
daily_return,0.054380946
Volume,0.05432847
BB_lower,0.051275425
