Feature,Importance
Open,0.072690226
Volume,0.0714028
Low,0.07117986
volatility_10,0.06691558
5_day_ma,0.06386261
BB_lower,0.062094636
volume_change,0.061225288
High,0.05947911
MACD_signal,0.058149666
20_day_std,0.05686229
MACD,0.056036334
BB_upper,0.054133873
Close,0.052994236
20_day_ma,0.049348067
10_day_ma,0.049220085
daily_return,0.047206927
RSI_14,0.047198445
