Feature,Importance
BB_upper,0.06651532
Low,0.06217546
BB_lower,0.061522964
MACD_signal,0.060898952
RSI_14,0.060750388
Open,0.059244275
20_day_std,0.059096504
volatility_10,0.05842699
10_day_ma,0.05819595
20_day_ma,0.05790221
daily_return,0.057453725
MACD,0.057296876
5_day_ma,0.05688463
High,0.056595787
Close,0.055998407
Volume,0.055803545
volume_change,0.055237997
