Feature,Importance
Open,0.067047395
High,0.06643158
MACD,0.066280074
Low,0.06393571
BB_lower,0.06266784
RSI_14,0.06071084
20_day_ma,0.060192592
daily_return,0.059569366
Close,0.059437726
20_day_std,0.058446553
volume_change,0.05812568
BB_upper,0.056620266
MACD_signal,0.054068297
volatility_10,0.05267512
5_day_ma,0.052303556
Volume,0.052093357
10_day_ma,0.049394093
