Feature,Importance
BB_upper,0.07650154
Low,0.072297916
20_day_ma,0.06907759
MACD,0.06811451
Volume,0.065815136
Open,0.06322014
Close,0.058916952
20_day_std,0.058879156
volume_change,0.058254078
daily_return,0.058059
10_day_ma,0.05722506
RSI_14,0.052947577
volatility_10,0.05219171
BB_lower,0.05034161
High,0.04872186
MACD_signal,0.045687795
5_day_ma,0.04374832
