Feature,Importance
5_day_ma,0.075441025
MACD_signal,0.07291029
BB_upper,0.07130321
Low,0.06781966
Close,0.06355123
High,0.06137832
volatility_10,0.059779245
BB_lower,0.058320254
10_day_ma,0.05705043
volume_change,0.056829795
daily_return,0.056052253
20_day_std,0.05170912
Volume,0.05141587
Open,0.0512101
MACD,0.05027573
20_day_ma,0.048060756
RSI_14,0.046892736
