Feature,Importance
MACD,0.07717322
volatility_10,0.07215215
5_day_ma,0.06580992
RSI_14,0.06446141
Close,0.060810026
20_day_std,0.060652256
Low,0.05990078
BB_upper,0.05956137
Volume,0.0593727
MACD_signal,0.058536265
Open,0.05848378
20_day_ma,0.05614556
volume_change,0.054712407
High,0.051098824
10_day_ma,0.050154515
daily_return,0.047184754
BB_lower,0.043790046
