Feature,Importance
MACD,0.06830565
Close,0.06820936
High,0.0670308
Volume,0.06633842
volatility_10,0.064481
5_day_ma,0.063623555
10_day_ma,0.061923396
daily_return,0.06189698
Open,0.059553612
RSI_14,0.057794075
20_day_std,0.05718173
BB_lower,0.056590464
Low,0.054209076
MACD_signal,0.054093707
volume_change,0.05151222
20_day_ma,0.04517913
BB_upper,0.042076796
