Feature,Importance
Open,0.07075032
Low,0.06379737
MACD,0.063675895
RSI_14,0.061951544
20_day_std,0.061852463
volume_change,0.06077059
BB_lower,0.06026096
volatility_10,0.05928808
10_day_ma,0.05805439
20_day_ma,0.05721613
Volume,0.056462876
MACD_signal,0.05645499
daily_return,0.05629085
High,0.05383908
5_day_ma,0.053548545
BB_upper,0.05313692
Close,0.052648995
