Feature,Importance
MACD_signal,0.074046806
MACD,0.065629795
5_day_ma,0.0637684
volume_change,0.06131559
daily_return,0.061056294
20_day_std,0.06042796
BB_lower,0.058815606
High,0.058262907
Low,0.058188666
volatility_10,0.057554815
Close,0.057212193
20_day_ma,0.05641441
Open,0.054072812
RSI_14,0.054061547
BB_upper,0.053970095
10_day_ma,0.053775687
Volume,0.05142639
