Feature,Importance
5_day_ma,0.066891484
BB_upper,0.06554104
MACD,0.06477088
RSI_14,0.06433661
20_day_ma,0.063815124
Open,0.06208031
High,0.06155784
Volume,0.060571667
Low,0.05957967
Close,0.058881156
volume_change,0.05599767
BB_lower,0.055962786
MACD_signal,0.05320014
10_day_ma,0.053095177
volatility_10,0.05178718
20_day_std,0.05124063
daily_return,0.050690647
