Feature,Importance
5_day_ma,0.068631686
MACD_signal,0.06598414
MACD,0.06580659
10_day_ma,0.06560699
daily_return,0.06484082
Volume,0.06246304
RSI_14,0.061327264
High,0.060700968
20_day_std,0.060655355
BB_upper,0.059073284
volume_change,0.056421433
20_day_ma,0.05610028
Close,0.055125933
volatility_10,0.0525981
BB_lower,0.05106636
Low,0.046802428
Open,0.04679536
