Feature,Importance
BB_upper,0.07170797
Low,0.06784357
BB_lower,0.066935994
MACD_signal,0.06547289
High,0.06392096
20_day_ma,0.061610926
20_day_std,0.05867849
MACD,0.05780953
5_day_ma,0.057383046
Volume,0.057218928
Open,0.057108387
volatility_10,0.056481313
Close,0.056403536
daily_return,0.05299377
volume_change,0.0516619
RSI_14,0.050953344
10_day_ma,0.045815423
