Feature,Importance
Low,0.06701252
Open,0.06394529
10_day_ma,0.06306237
MACD_signal,0.062872015
BB_upper,0.062111232
daily_return,0.06141218
volume_change,0.061050132
20_day_std,0.059797954
volatility_10,0.05885517
Volume,0.057650957
20_day_ma,0.05748728
5_day_ma,0.05616762
MACD,0.05602652
High,0.055049665
BB_lower,0.054254424
RSI_14,0.053403866
Close,0.049840834
