Feature,Importance
High,0.0784824
volatility_10,0.066404626
10_day_ma,0.0634081
Volume,0.06315512
Close,0.06270399
20_day_ma,0.06168509
Open,0.060436394
BB_upper,0.05807194
RSI_14,0.056202393
MACD_signal,0.056062367
Low,0.05567458
daily_return,0.05526029
5_day_ma,0.05396492
BB_lower,0.053489767
MACD,0.052343138
volume_change,0.052173212
20_day_std,0.050481707
