Feature,Importance
10_day_ma,0.07823473
Open,0.072156206
MACD_signal,0.07072062
MACD,0.065589175
RSI_14,0.05887255
BB_upper,0.05802856
Low,0.057613436
20_day_ma,0.05724305
BB_lower,0.05661084
5_day_ma,0.055878006
volatility_10,0.05560476
High,0.05477497
Close,0.054608688
volume_change,0.053919125
Volume,0.052339993
daily_return,0.05043584
20_day_std,0.047369514
