Feature,Importance
Low,0.08164488
High,0.077766016
BB_upper,0.07256893
Close,0.06992961
RSI_14,0.06495799
5_day_ma,0.06451536
MACD,0.06411069
MACD_signal,0.058932044
volatility_10,0.057946756
Volume,0.053868145
volume_change,0.053628802
Open,0.051800005
20_day_std,0.05176424
daily_return,0.051483355
10_day_ma,0.04289365
20_day_ma,0.042318214
BB_lower,0.039871335
