Feature,Importance
Low,0.06986656
BB_lower,0.068648614
Close,0.064084895
Open,0.06273033
High,0.06260822
5_day_ma,0.06234557
volatility_10,0.06218162
MACD_signal,0.06047291
Volume,0.058369927
RSI_14,0.055860333
10_day_ma,0.05510845
20_day_std,0.05444178
20_day_ma,0.05373984
daily_return,0.053562846
BB_upper,0.053099986
volume_change,0.052853893
MACD,0.050024282
