Feature,Importance
High,0.0794429
BB_lower,0.069867335
20_day_std,0.062414218
Low,0.061878975
volume_change,0.061747234
BB_upper,0.061065827
Close,0.059272055
Open,0.058684245
MACD_signal,0.05762031
5_day_ma,0.05737341
volatility_10,0.05669467
MACD,0.054977234
Volume,0.05423721
10_day_ma,0.053155713
20_day_ma,0.051249586
RSI_14,0.050422017
daily_return,0.04989714
