Feature,Importance
High,0.07568372
Open,0.072663896
volume_change,0.07070439
Volume,0.06502946
BB_upper,0.065005474
Low,0.064249165
10_day_ma,0.061382987
BB_lower,0.060679905
RSI_14,0.058857784
volatility_10,0.058839023
5_day_ma,0.058340285
MACD,0.055420853
Close,0.054484777
daily_return,0.052309103
20_day_std,0.048007328
MACD_signal,0.047749136
20_day_ma,0.030592637
