Feature,Importance
BB_lower,0.06659368
volatility_10,0.06610526
BB_upper,0.066073455
20_day_ma,0.06605584
volume_change,0.06391354
5_day_ma,0.062670365
High,0.06024687
daily_return,0.059945904
Volume,0.05954735
10_day_ma,0.058593605
MACD,0.056927305
Open,0.05571015
MACD_signal,0.054841124
Low,0.053993702
Close,0.052414794
20_day_std,0.04959124
RSI_14,0.046775732
