Feature,Importance
Low,0.08403401
BB_upper,0.066842556
Volume,0.06384831
BB_lower,0.05980821
MACD_signal,0.059480984
5_day_ma,0.059464693
10_day_ma,0.05935997
daily_return,0.05929689
volatility_10,0.058961775
volume_change,0.058008067
RSI_14,0.057215385
20_day_ma,0.05694747
High,0.05586633
20_day_std,0.055268846
Open,0.052849103
MACD,0.05175126
Close,0.04099611
