Feature,Importance
BB_upper,0.07245693
daily_return,0.062046874
Volume,0.062027544
volatility_10,0.061812185
5_day_ma,0.061760858
20_day_std,0.06034143
BB_lower,0.05963212
High,0.059507173
20_day_ma,0.058857705
MACD,0.05859212
Open,0.05734078
MACD_signal,0.05641899
volume_change,0.05625783
Close,0.054250613
Low,0.053681407
RSI_14,0.05307072
10_day_ma,0.05194472
