Feature,Importance
Low,0.067651354
MACD,0.066249594
Open,0.06521509
10_day_ma,0.064128935
BB_upper,0.06329223
volume_change,0.06218491
RSI_14,0.06098209
5_day_ma,0.060906075
BB_lower,0.05940186
20_day_std,0.05775403
Close,0.057740465
High,0.056179
daily_return,0.05500531
Volume,0.054747492
volatility_10,0.051018197
MACD_signal,0.0496525
20_day_ma,0.047890864
