Feature,Importance
Close,0.07677011
MACD,0.070866935
BB_lower,0.07011762
BB_upper,0.066948526
Volume,0.061423052
Low,0.060506124
volume_change,0.0582883
20_day_ma,0.05579118
RSI_14,0.0556442
High,0.055315696
5_day_ma,0.05524955
daily_return,0.05483006
20_day_std,0.054383516
volatility_10,0.05423738
Open,0.051632237
MACD_signal,0.051106922
10_day_ma,0.04688859
