Feature,Importance
MACD_signal,0.080790415
Low,0.07289442
MACD,0.066345714
volume_change,0.06281109
volatility_10,0.06152354
BB_upper,0.060959995
BB_lower,0.058210377
Open,0.056667093
daily_return,0.05615627
10_day_ma,0.055625755
High,0.055243947
Volume,0.05464945
RSI_14,0.05326203
20_day_ma,0.05300477
5_day_ma,0.05124418
20_day_std,0.050669823
Close,0.049941204
