Feature,Importance
BB_lower,0.07622418
Low,0.074506566
Open,0.07275721
Close,0.06892155
BB_upper,0.067290775
High,0.062728144
10_day_ma,0.061996277
20_day_ma,0.061770037
daily_return,0.061130032
RSI_14,0.05711774
20_day_std,0.05455151
Volume,0.052426513
volume_change,0.052014746
volatility_10,0.049139716
5_day_ma,0.04285015
MACD,0.042723015
MACD_signal,0.041851867
