Feature,Importance
Low,0.07184922
volume_change,0.07170568
BB_lower,0.06724755
10_day_ma,0.0667393
Close,0.063466035
MACD_signal,0.059284735
Open,0.05781647
High,0.05743891
20_day_std,0.056678258
20_day_ma,0.056591265
BB_upper,0.05578757
5_day_ma,0.055627633
Volume,0.054937676
MACD,0.05393683
RSI_14,0.05053281
daily_return,0.050382003
volatility_10,0.049978107
