Feature,Importance
BB_lower,0.07255069
BB_upper,0.07178512
20_day_std,0.071653485
10_day_ma,0.07062553
High,0.06623844
MACD,0.06536008
Low,0.06336297
MACD_signal,0.061839595
Volume,0.057699233
volatility_10,0.05687749
Open,0.056245487
daily_return,0.056066073
Close,0.053238757
5_day_ma,0.050196927
volume_change,0.047279023
RSI_14,0.044460088
20_day_ma,0.03452105
