Feature,Importance
Low,0.08220338
High,0.07681303
5_day_ma,0.06771746
BB_lower,0.06594961
Volume,0.06328045
volume_change,0.06319609
MACD_signal,0.061284482
daily_return,0.059206564
20_day_std,0.054742754
volatility_10,0.05403824
Close,0.05381034
10_day_ma,0.052888867
BB_upper,0.052759707
20_day_ma,0.052487966
MACD,0.04861512
Open,0.046424545
RSI_14,0.044581383
