Feature,Importance
Low,0.079961285
Open,0.077039026
volume_change,0.0715071
BB_lower,0.065944634
20_day_ma,0.06365926
BB_upper,0.061109815
10_day_ma,0.060326155
High,0.05856321
daily_return,0.054977294
20_day_std,0.053539935
Volume,0.05309003
5_day_ma,0.052760072
MACD_signal,0.051828727
volatility_10,0.05106443
MACD,0.050060865
Close,0.047652625
RSI_14,0.046915475
