Feature,Importance
Low,0.066549644
BB_upper,0.06415056
20_day_ma,0.06340106
5_day_ma,0.06217745
Open,0.06196577
RSI_14,0.061515745
10_day_ma,0.05993589
BB_lower,0.059504423
volatility_10,0.05945326
volume_change,0.058316886
MACD_signal,0.05660117
MACD,0.05604164
daily_return,0.055073526
High,0.054480925
20_day_std,0.054022107
Close,0.0537192
Volume,0.053090766
