Feature,Importance
BB_upper,0.073963866
10_day_ma,0.06678276
volatility_10,0.06576444
daily_return,0.06457105
5_day_ma,0.062653646
Low,0.062431246
20_day_ma,0.062159434
20_day_std,0.059074063
RSI_14,0.05881963
Volume,0.05833572
Open,0.05805055
volume_change,0.055734705
BB_lower,0.05442629
MACD_signal,0.050502144
MACD,0.050360337
Close,0.049988806
High,0.04638132
