Feature,Importance
volatility_10,0.075901456
BB_upper,0.073881865
daily_return,0.065601096
Close,0.06525728
Low,0.06225128
volume_change,0.061795842
5_day_ma,0.06096973
20_day_std,0.05857576
10_day_ma,0.057033386
High,0.056093294
BB_lower,0.055792704
Open,0.05493969
20_day_ma,0.053822365
MACD,0.052001126
MACD_signal,0.050817195
Volume,0.049715128
RSI_14,0.045550838
