Feature,Importance
BB_upper,0.09238363
Close,0.08031837
10_day_ma,0.0769828
Volume,0.07425678
20_day_ma,0.06802672
volatility_10,0.06486253
MACD,0.059334822
MACD_signal,0.056181744
daily_return,0.05450484
BB_lower,0.054061715
Open,0.05163384
High,0.050791364
volume_change,0.05078399
Low,0.048852276
5_day_ma,0.045007624
20_day_std,0.03819948
RSI_14,0.033817478
