Feature,Importance
5_day_ma,0.06775947
High,0.06716032
volatility_10,0.06596652
BB_lower,0.063619465
volume_change,0.062361915
20_day_std,0.05994154
Volume,0.059574306
Low,0.058822896
BB_upper,0.05829103
MACD_signal,0.057614204
daily_return,0.057071246
Open,0.056587312
RSI_14,0.056330893
Close,0.055371337
10_day_ma,0.054370042
MACD,0.049969338
20_day_ma,0.04918822
