Feature,Importance
BB_lower,0.06975363
BB_upper,0.06867308
daily_return,0.06434335
Low,0.06254821
20_day_ma,0.06086876
Open,0.060145747
RSI_14,0.05975362
20_day_std,0.05944238
volume_change,0.059229955
10_day_ma,0.058077425
5_day_ma,0.05791249
MACD_signal,0.056460906
Close,0.055152852
MACD,0.053763945
High,0.053596053
volatility_10,0.050950672
Volume,0.04932691
