Feature,Importance
Low,0.06944353
10_day_ma,0.067060806
20_day_std,0.06641335
MACD,0.064702
volume_change,0.062514976
BB_upper,0.06135501
20_day_ma,0.059093773
daily_return,0.05887673
volatility_10,0.05815068
Volume,0.058091063
BB_lower,0.057835333
Close,0.056927525
MACD_signal,0.056345668
RSI_14,0.05495646
High,0.052849278
5_day_ma,0.05043099
Open,0.04495276
