Feature,Importance
MACD,0.070431724
5_day_ma,0.06334282
20_day_std,0.06313237
Low,0.06307142
BB_upper,0.06301678
BB_lower,0.061453402
20_day_ma,0.06121188
MACD_signal,0.060334604
High,0.05903027
daily_return,0.057474367
10_day_ma,0.05564938
RSI_14,0.05526605
Volume,0.054813664
volatility_10,0.053814482
Close,0.053453866
Open,0.053058404
volume_change,0.051444452
