Feature,Importance
5_day_ma,0.06789393
High,0.06789192
10_day_ma,0.066732235
Open,0.064563416
RSI_14,0.06134222
BB_lower,0.060408823
Close,0.058919802
20_day_ma,0.05886364
Volume,0.058727738
MACD_signal,0.058612783
MACD,0.05805603
BB_upper,0.056920234
daily_return,0.056211777
Low,0.05447317
volatility_10,0.05182268
20_day_std,0.05115066
volume_change,0.047408964
