Feature,Importance
BB_lower,0.074042246
BB_upper,0.0710002
10_day_ma,0.06766132
20_day_ma,0.066848636
Low,0.0659462
daily_return,0.061071087
volume_change,0.060696375
MACD,0.05895008
MACD_signal,0.058804873
20_day_std,0.058023028
High,0.05772654
volatility_10,0.05621547
RSI_14,0.0545889
5_day_ma,0.053678058
Close,0.047569733
Volume,0.04699383
Open,0.040183373
