Feature,Importance
High,0.08327125
RSI_14,0.06949691
Low,0.06929556
Open,0.06589095
MACD_signal,0.06325538
Volume,0.063229054
10_day_ma,0.060206424
volatility_10,0.060160834
MACD,0.057783786
BB_upper,0.057339
5_day_ma,0.05572167
20_day_ma,0.05536679
volume_change,0.050620854
Close,0.050374337
20_day_std,0.048785742
daily_return,0.04579268
BB_lower,0.043408845
