Feature,Importance
20_day_ma,0.083303444
Low,0.08153798
Close,0.07391612
BB_lower,0.06370202
5_day_ma,0.06324179
MACD,0.062389683
High,0.06191827
Volume,0.06038077
BB_upper,0.057204224
Open,0.05618255
daily_return,0.05576993
volatility_10,0.054489687
volume_change,0.053609688
20_day_std,0.051882904
RSI_14,0.047523078
MACD_signal,0.04656841
10_day_ma,0.026379475
