Feature,Importance
Low,0.06629545
5_day_ma,0.065813676
20_day_std,0.06564241
10_day_ma,0.065632686
BB_upper,0.0652345
volatility_10,0.06340499
RSI_14,0.061369956
MACD,0.06093552
BB_lower,0.060035557
20_day_ma,0.059047464
MACD_signal,0.057840634
volume_change,0.054679092
Volume,0.054033037
daily_return,0.05353076
Close,0.052709516
High,0.048703182
Open,0.045091607
