Feature,Importance
5_day_ma,0.08304678
High,0.081735946
RSI_14,0.071476206
MACD_signal,0.0652017
Low,0.06343858
volume_change,0.06193712
Volume,0.061680518
BB_upper,0.058392826
MACD,0.05826769
Open,0.05639182
volatility_10,0.052568667
daily_return,0.051969722
20_day_ma,0.050286837
BB_lower,0.048960213
Close,0.048261274
20_day_std,0.04341583
10_day_ma,0.042968266
