Feature,Importance
5_day_ma,0.09214208
MACD_signal,0.070984736
20_day_std,0.065580025
MACD,0.06487165
High,0.061811775
BB_lower,0.061433613
10_day_ma,0.06125998
Volume,0.05973034
BB_upper,0.059459593
RSI_14,0.057627823
daily_return,0.05421686
volatility_10,0.053677805
volume_change,0.05292325
20_day_ma,0.050745346
Close,0.049470108
Low,0.04799427
Open,0.03607069
