Feature,Importance
5_day_ma,0.08009381
10_day_ma,0.07683099
BB_upper,0.0723236
Close,0.06387982
High,0.06009975
Volume,0.059875917
20_day_std,0.059450712
Open,0.059251983
daily_return,0.05878056
RSI_14,0.056746576
MACD,0.054857776
MACD_signal,0.054719694
volume_change,0.05180155
BB_lower,0.05050261
volatility_10,0.05035091
Low,0.0490433
20_day_ma,0.041390505
