Feature,Importance
BB_upper,0.07775052
5_day_ma,0.07047585
Low,0.06788005
volume_change,0.066236995
10_day_ma,0.06613516
RSI_14,0.059872165
20_day_std,0.059513118
MACD_signal,0.058672752
Close,0.05661197
MACD,0.056449983
Open,0.055808846
daily_return,0.054200877
Volume,0.05236542
20_day_ma,0.052002877
High,0.04908796
BB_lower,0.049028333
volatility_10,0.047907226
