Feature,Importance
High,0.08375187
Close,0.080758944
Open,0.08007719
20_day_ma,0.06831666
Low,0.062174574
BB_lower,0.05908654
Volume,0.058482077
MACD_signal,0.05814911
MACD,0.0562357
BB_upper,0.05441392
5_day_ma,0.053013608
daily_return,0.05198445
volatility_10,0.050313726
volume_change,0.0493901
RSI_14,0.048310515
20_day_std,0.046623554
10_day_ma,0.03891749
