Feature,Importance
Low,0.083367296
BB_upper,0.07844631
High,0.062475
volume_change,0.06190137
10_day_ma,0.061766103
Open,0.060804106
20_day_std,0.058582008
RSI_14,0.05675743
5_day_ma,0.05668262
MACD_signal,0.056615733
Close,0.055767182
daily_return,0.055436864
MACD,0.05535812
20_day_ma,0.05171102
BB_lower,0.05079463
Volume,0.04981819
volatility_10,0.04371606
