Feature,Importance
BB_upper,0.07034648
High,0.06838632
volatility_10,0.06748137
BB_lower,0.064438984
20_day_ma,0.06425772
volume_change,0.06257432
5_day_ma,0.061879534
Low,0.05804623
MACD_signal,0.05743846
Open,0.056376908
Volume,0.054640092
daily_return,0.054247
Close,0.05334777
MACD,0.053319708
20_day_std,0.051513016
RSI_14,0.051178996
10_day_ma,0.050527055
