Feature,Importance
High,0.077566795
Close,0.068321615
Open,0.06648983
MACD_signal,0.064331196
5_day_ma,0.061789006
10_day_ma,0.06152144
Low,0.061171427
MACD,0.060596865
BB_upper,0.060268782
daily_return,0.05700413
RSI_14,0.05429211
volume_change,0.054079775
volatility_10,0.05350506
20_day_ma,0.052700825
BB_lower,0.05157004
20_day_std,0.048912086
Volume,0.045878958
