Feature,Importance
10_day_ma,0.07412482
Close,0.071022406
MACD_signal,0.06602477
20_day_std,0.06362346
volatility_10,0.06332788
Open,0.061793566
daily_return,0.061211124
BB_upper,0.06116632
Volume,0.05627781
MACD,0.054916464
Low,0.054551665
High,0.053170737
BB_lower,0.052770067
RSI_14,0.05230302
20_day_ma,0.05141521
volume_change,0.051280163
5_day_ma,0.051020574
