Feature,Importance
10_day_ma,0.085464194
BB_lower,0.07482327
Low,0.07479509
volatility_10,0.07468446
20_day_ma,0.07301683
High,0.06732507
MACD_signal,0.06434041
Volume,0.05952723
Close,0.054667246
5_day_ma,0.05392648
RSI_14,0.0512088
daily_return,0.050474767
20_day_std,0.049094513
volume_change,0.044419613
BB_upper,0.042791482
Open,0.04018246
MACD,0.03925812
