Feature,Importance
MACD_signal,0.0704493
BB_upper,0.067700185
BB_lower,0.06607097
MACD,0.06567697
20_day_std,0.06249435
Low,0.061600186
High,0.060115844
10_day_ma,0.05970239
RSI_14,0.057796407
Volume,0.05715589
Open,0.056149445
volatility_10,0.055147786
daily_return,0.0549893
volume_change,0.05367517
20_day_ma,0.053512778
Close,0.050197218
5_day_ma,0.047565788
