Feature,Importance
10_day_ma,0.06295882
Open,0.06279138
BB_lower,0.061083112
High,0.061026875
RSI_14,0.060175978
Low,0.06013988
volume_change,0.06007436
5_day_ma,0.059969097
daily_return,0.05967465
20_day_ma,0.05900217
Volume,0.058974583
20_day_std,0.058638647
BB_upper,0.058470473
volatility_10,0.05804887
MACD,0.05794883
MACD_signal,0.053260524
Close,0.04776186
