Feature,Importance
daily_return,0.07205298
Volume,0.069398046
High,0.0663185
BB_upper,0.065655924
20_day_ma,0.0643874
10_day_ma,0.060720786
Open,0.06003975
5_day_ma,0.058832232
BB_lower,0.05603853
volatility_10,0.05568733
Low,0.055337008
Close,0.053508334
MACD_signal,0.05311622
20_day_std,0.0528012
RSI_14,0.05267614
MACD,0.051759105
volume_change,0.051670536
