Feature,Importance
BB_upper,0.065151036
BB_lower,0.06394298
20_day_ma,0.06357925
20_day_std,0.062097464
MACD,0.06049637
MACD_signal,0.06001209
High,0.05998393
10_day_ma,0.05984098
daily_return,0.059675172
volatility_10,0.059572317
volume_change,0.05730842
Close,0.056874234
Low,0.05673957
RSI_14,0.05535799
5_day_ma,0.054181047
Volume,0.053094156
Open,0.05209301
