Feature,Importance
MACD,0.067508094
Open,0.06514862
BB_upper,0.06434761
5_day_ma,0.061931927
Low,0.061376076
20_day_ma,0.061101463
volatility_10,0.060442727
20_day_std,0.058991026
10_day_ma,0.058518905
RSI_14,0.058479406
BB_lower,0.058467057
Volume,0.057896595
volume_change,0.057297274
High,0.055950638
MACD_signal,0.051617693
daily_return,0.05089347
Close,0.050031368
