Feature,Importance
Low,0.09085202
High,0.07941473
BB_upper,0.067544825
Open,0.0653951
10_day_ma,0.064722225
Close,0.057473447
MACD_signal,0.057031047
volume_change,0.055975497
MACD,0.055892847
RSI_14,0.055430874
volatility_10,0.054537985
Volume,0.052543588
BB_lower,0.052543458
20_day_ma,0.051849842
5_day_ma,0.05146402
20_day_std,0.046324477
daily_return,0.041003972
