Feature,Importance
volatility_10,0.068535544
High,0.0644266
daily_return,0.0642863
Close,0.06392742
20_day_ma,0.06355969
MACD_signal,0.063188
MACD,0.061013274
BB_upper,0.059910078
20_day_std,0.058962293
Low,0.05816665
RSI_14,0.057939682
Volume,0.056870796
Open,0.056236286
10_day_ma,0.052848183
volume_change,0.05278828
BB_lower,0.050252073
5_day_ma,0.047088783
