Feature,Importance
BB_upper,0.078876786
20_day_ma,0.07243811
Low,0.06833326
BB_lower,0.067805946
Close,0.06747163
volatility_10,0.06245073
20_day_std,0.06054974
daily_return,0.058202595
MACD_signal,0.056285255
High,0.055385265
MACD,0.055041365
Volume,0.05268442
volume_change,0.0525752
5_day_ma,0.05247995
Open,0.050298844
RSI_14,0.048655555
10_day_ma,0.0404653
