Feature,Importance
Low,0.081599355
10_day_ma,0.08116372
MACD,0.06860281
20_day_ma,0.061385702
Close,0.061250135
Volume,0.061067555
volatility_10,0.060131293
BB_lower,0.058406293
daily_return,0.057671033
BB_upper,0.056776512
5_day_ma,0.056760646
MACD_signal,0.056575004
High,0.05510883
20_day_std,0.05044333
volume_change,0.049618427
RSI_14,0.046524737
Open,0.036914583
