Feature,Importance
MACD,0.06653194
5_day_ma,0.0651629
BB_upper,0.064393915
volume_change,0.064145096
20_day_std,0.06298385
volatility_10,0.062102508
Close,0.060314875
Low,0.059591867
Volume,0.0591049
RSI_14,0.05825505
MACD_signal,0.057641894
High,0.05675856
10_day_ma,0.05508467
daily_return,0.053554803
20_day_ma,0.05311982
BB_lower,0.052438926
Open,0.048814442
