Feature,Importance
Close,0.07023203
MACD_signal,0.06996675
Low,0.06962719
BB_upper,0.063009426
10_day_ma,0.062461834
20_day_std,0.061983727
High,0.059478562
RSI_14,0.058858786
Open,0.057187848
daily_return,0.05623923
20_day_ma,0.055862494
BB_lower,0.05446092
volatility_10,0.053918004
MACD,0.05263424
volume_change,0.052134857
Volume,0.051832177
5_day_ma,0.05011193
