Feature,Importance
10_day_ma,0.07418031
MACD_signal,0.06805485
MACD,0.06550218
RSI_14,0.065140106
20_day_std,0.06281944
BB_upper,0.061814547
volatility_10,0.059988637
High,0.059675325
BB_lower,0.05888896
Volume,0.058432505
daily_return,0.057924364
volume_change,0.055481963
5_day_ma,0.055398326
Low,0.052017577
Open,0.051963024
20_day_ma,0.04832984
Close,0.04438804
