Feature,Importance
Close,0.08412492
10_day_ma,0.08138079
20_day_ma,0.07919248
RSI_14,0.0689825
volume_change,0.06395501
20_day_std,0.06352938
5_day_ma,0.063376985
High,0.06300222
MACD_signal,0.05751297
Low,0.05473795
Volume,0.052129887
Open,0.04947785
BB_lower,0.04869035
BB_upper,0.047636744
daily_return,0.043266814
volatility_10,0.04090061
MACD,0.038102537
