Feature,Importance
Low,0.07347189
20_day_std,0.06812009
High,0.06762848
Open,0.06621811
20_day_ma,0.06563645
RSI_14,0.0642624
BB_lower,0.06269684
5_day_ma,0.060220104
Close,0.058637235
MACD,0.057917275
volume_change,0.05759885
MACD_signal,0.057359133
daily_return,0.05013741
volatility_10,0.04972608
10_day_ma,0.0470154
BB_upper,0.046910737
Volume,0.046443507
