Feature,Importance
volatility_10,0.070738904
High,0.066432975
20_day_ma,0.065817095
BB_upper,0.06385934
Volume,0.061092183
5_day_ma,0.060831685
Close,0.059459753
daily_return,0.058532838
Open,0.05755576
20_day_std,0.056739114
10_day_ma,0.05570257
MACD_signal,0.055489663
MACD,0.055131346
volume_change,0.055088498
BB_lower,0.05504524
Low,0.05219219
RSI_14,0.05029075
