Feature,Importance
10_day_ma,0.07229252
volume_change,0.06782453
5_day_ma,0.06746186
RSI_14,0.06657318
Open,0.06344069
BB_lower,0.06252272
High,0.0616435
Close,0.06080184
MACD_signal,0.060068335
MACD,0.05896328
Low,0.057053197
volatility_10,0.053768784
daily_return,0.05331985
Volume,0.052384943
BB_upper,0.05236279
20_day_std,0.04548336
20_day_ma,0.0440346
