Feature,Importance
Low,0.08124657
10_day_ma,0.0670303
MACD,0.06535466
Open,0.06462327
High,0.06437432
5_day_ma,0.062328998
BB_upper,0.062207032
20_day_std,0.05866764
Close,0.058354013
BB_lower,0.058139037
daily_return,0.056740563
20_day_ma,0.05426351
Volume,0.051546734
RSI_14,0.050723467
MACD_signal,0.05057583
volatility_10,0.047035422
volume_change,0.046788674
