Feature,Importance
Low,0.06999749
Open,0.06649111
BB_upper,0.06500782
MACD_signal,0.064317346
Close,0.06123057
5_day_ma,0.06114701
10_day_ma,0.061136495
20_day_std,0.060744304
High,0.05862528
daily_return,0.05590446
Volume,0.055476855
volatility_10,0.05492875
volume_change,0.054475553
20_day_ma,0.05368734
BB_lower,0.05314499
RSI_14,0.052419323
MACD,0.05126528
