Feature,Importance
Open,0.077659205
Close,0.07251099
BB_upper,0.07037674
MACD_signal,0.0674819
BB_lower,0.06683653
20_day_ma,0.06571417
10_day_ma,0.063348055
volume_change,0.061378784
Low,0.056185473
20_day_std,0.052770436
RSI_14,0.05232864
MACD,0.051599532
daily_return,0.050431874
volatility_10,0.04971333
Volume,0.048802238
5_day_ma,0.0469594
High,0.04590272
