Feature,Importance
10_day_ma,0.06966729
BB_upper,0.06722614
volatility_10,0.06586037
BB_lower,0.06342968
High,0.061456695
daily_return,0.06088737
20_day_ma,0.06072315
MACD_signal,0.06015918
Open,0.060109224
RSI_14,0.058495637
5_day_ma,0.05565708
Close,0.054303713
20_day_std,0.053877484
Volume,0.053573754
Low,0.053107493
MACD,0.051920306
volume_change,0.049545422
