Feature,Importance
MACD_signal,0.081592456
Open,0.07725512
10_day_ma,0.07700855
MACD,0.06546268
5_day_ma,0.06383176
High,0.062631145
Low,0.056911375
20_day_ma,0.056563903
volatility_10,0.056514725
daily_return,0.05637347
Volume,0.05587233
BB_lower,0.051749684
Close,0.051585067
20_day_std,0.048894264
volume_change,0.048682634
BB_upper,0.04775077
RSI_14,0.041320074
