Feature,Importance
MACD,0.067828275
BB_lower,0.06703412
20_day_ma,0.06522495
RSI_14,0.06502118
BB_upper,0.061651323
20_day_std,0.06138477
5_day_ma,0.06100152
volume_change,0.05995596
High,0.059392996
volatility_10,0.058245454
10_day_ma,0.05721324
Open,0.056756422
daily_return,0.054214753
Low,0.05266605
Close,0.05181169
Volume,0.051116772
MACD_signal,0.04948047
