Feature,Importance
5_day_ma,0.076627836
Open,0.067389496
MACD,0.06334021
volatility_10,0.06326956
RSI_14,0.06240287
MACD_signal,0.06110724
High,0.060633678
20_day_ma,0.059176892
daily_return,0.05892832
Close,0.058593463
Volume,0.058455154
20_day_std,0.057379644
BB_upper,0.054776613
volume_change,0.053960823
BB_lower,0.050642688
Low,0.048702728
10_day_ma,0.04461275
