Feature,Importance
Low,0.07569748
5_day_ma,0.07526815
Open,0.069350444
Close,0.06831619
BB_upper,0.067815766
MACD_signal,0.060324747
BB_lower,0.05829366
volume_change,0.056770377
volatility_10,0.05673405
daily_return,0.05431264
High,0.05372945
20_day_ma,0.052843913
MACD,0.051679555
20_day_std,0.050914492
10_day_ma,0.049940884
Volume,0.049759045
RSI_14,0.048249155
