Feature,Importance
Low,0.08957181
volatility_10,0.07302454
daily_return,0.07143574
RSI_14,0.06961389
20_day_ma,0.06415481
BB_upper,0.063585594
5_day_ma,0.0590063
20_day_std,0.058531623
MACD,0.056396026
Open,0.054854784
Volume,0.052441023
BB_lower,0.052069187
Close,0.05200941
volume_change,0.049226765
MACD_signal,0.04810725
High,0.043223687
10_day_ma,0.042747475
