Feature,Importance
MACD_signal,0.07072815
Open,0.07045038
Close,0.065500125
High,0.065355815
5_day_ma,0.06404839
BB_lower,0.06336392
20_day_ma,0.05963511
volatility_10,0.059528053
10_day_ma,0.059108328
Low,0.058153093
BB_upper,0.05564664
Volume,0.0529416
20_day_std,0.052880365
daily_return,0.052833635
volume_change,0.050983768
RSI_14,0.050057273
MACD,0.048785314
