Feature,Importance
Open,0.07427952
volatility_10,0.0711084
BB_upper,0.065769106
RSI_14,0.063416
20_day_ma,0.06300407
MACD,0.059876535
BB_lower,0.059833124
daily_return,0.05905795
Close,0.058410335
10_day_ma,0.05654889
Low,0.054900117
High,0.054261774
MACD_signal,0.054107554
Volume,0.05393721
volume_change,0.052306917
20_day_std,0.05114371
5_day_ma,0.04803876
