Feature,Importance
MACD,0.06768118
20_day_std,0.066280514
Close,0.06202508
Low,0.061303146
20_day_ma,0.05998398
volatility_10,0.059686158
MACD_signal,0.05866714
volume_change,0.058541283
5_day_ma,0.0585049
10_day_ma,0.05798927
BB_upper,0.05790772
Open,0.05713808
High,0.056460936
BB_lower,0.056179527
Volume,0.055941094
RSI_14,0.053690076
daily_return,0.052019965
