Feature,Importance
10_day_ma,0.07186595
BB_lower,0.07108472
MACD_signal,0.06967771
Volume,0.06784102
20_day_std,0.06722362
5_day_ma,0.06692382
MACD,0.061439104
volatility_10,0.06066606
daily_return,0.05581095
BB_upper,0.055489644
Open,0.05474793
High,0.054161817
Close,0.051660623
volume_change,0.05023854
RSI_14,0.05007855
Low,0.047760073
20_day_ma,0.043329883
