Feature,Importance
10_day_ma,0.083112754
Open,0.074286334
20_day_ma,0.07171723
volume_change,0.06802608
BB_lower,0.06714422
5_day_ma,0.064554006
Low,0.056283515
High,0.05598851
Volume,0.05432135
daily_return,0.053705245
RSI_14,0.053405896
Close,0.052976277
MACD,0.05290651
MACD_signal,0.051226474
volatility_10,0.050792582
BB_upper,0.046084717
20_day_std,0.04346835
