Feature,Importance
Open,0.08479283
10_day_ma,0.070692495
5_day_ma,0.06919339
volatility_10,0.06426716
MACD,0.062949196
Low,0.060467646
High,0.06008949
MACD_signal,0.0584928
20_day_ma,0.05844052
BB_lower,0.05523446
Volume,0.05488924
volume_change,0.054031562
daily_return,0.05385084
20_day_std,0.04989303
RSI_14,0.048488185
Close,0.0476539
BB_upper,0.046573233
