Feature,Importance
5_day_ma,0.08627697
RSI_14,0.07135382
daily_return,0.06842603
BB_lower,0.064310566
BB_upper,0.06413732
20_day_std,0.06389919
High,0.063703895
Low,0.062707104
Open,0.060989946
volatility_10,0.058367636
Close,0.056641623
MACD,0.055003937
MACD_signal,0.050530788
Volume,0.049474113
volume_change,0.044524103
20_day_ma,0.04332327
10_day_ma,0.03632969
