Feature,Importance
Low,0.07128766
volume_change,0.06715873
Close,0.06688101
20_day_std,0.06624226
5_day_ma,0.064628355
BB_upper,0.06101585
10_day_ma,0.059237745
volatility_10,0.059087813
BB_lower,0.058018714
High,0.057983678
MACD,0.055939678
daily_return,0.055567503
20_day_ma,0.05457842
MACD_signal,0.053586118
Volume,0.052329924
RSI_14,0.051343855
Open,0.04511272
