Feature,Importance
BB_lower,0.07182299
20_day_std,0.06510683
BB_upper,0.064408645
daily_return,0.06312249
10_day_ma,0.061102316
RSI_14,0.06034197
volume_change,0.059326075
MACD,0.05923069
20_day_ma,0.058670167
Low,0.05826094
MACD_signal,0.057371203
5_day_ma,0.056464285
volatility_10,0.055284623
Volume,0.053275377
Open,0.053097237
High,0.052136883
Close,0.05097727
