Feature,Importance
volatility_10,0.080243506
daily_return,0.06887036
BB_upper,0.06859611
20_day_std,0.0635921
volume_change,0.06267886
Close,0.06003069
20_day_ma,0.059965894
Low,0.058839954
MACD,0.05598475
High,0.055925243
BB_lower,0.055352967
MACD_signal,0.054073878
Open,0.05299085
Volume,0.052964594
5_day_ma,0.05265083
10_day_ma,0.051995322
RSI_14,0.0452441
