Feature,Importance
5_day_ma,0.072431654
BB_lower,0.069865376
High,0.06861695
MACD_signal,0.06669572
20_day_std,0.066288896
RSI_14,0.06527117
Low,0.060310867
Open,0.05928904
Close,0.058149174
daily_return,0.056348976
BB_upper,0.05634237
10_day_ma,0.054073982
volatility_10,0.05233095
volume_change,0.05134603
Volume,0.04944943
MACD,0.047946185
20_day_ma,0.045243237
