Feature,Importance
RSI_14,0.07095293
Low,0.0679708
20_day_ma,0.06772994
volatility_10,0.06747989
20_day_std,0.065016404
10_day_ma,0.060970135
MACD_signal,0.060360134
High,0.060213692
Open,0.05760867
BB_lower,0.05733505
BB_upper,0.05623463
MACD,0.055887923
Close,0.053581405
volume_change,0.05200156
5_day_ma,0.051006783
Volume,0.0498003
daily_return,0.04584975
