Feature,Importance
volatility_10,0.074886985
BB_upper,0.074283786
5_day_ma,0.06937346
daily_return,0.068101734
volume_change,0.061747868
Low,0.06057461
Open,0.060393233
20_day_std,0.056277007
BB_lower,0.055890787
MACD_signal,0.05540105
RSI_14,0.05528964
10_day_ma,0.05490898
Close,0.053892788
Volume,0.05249151
MACD,0.05077413
20_day_ma,0.0481975
High,0.04751498
