Feature,Importance
Low,0.08062514
Open,0.080265515
BB_upper,0.07841126
High,0.07518181
MACD,0.07012202
20_day_ma,0.0657271
MACD_signal,0.062104333
Close,0.05998753
BB_lower,0.059086
volatility_10,0.059082884
10_day_ma,0.056816995
Volume,0.04808498
20_day_std,0.04570936
daily_return,0.044697117
volume_change,0.041173913
5_day_ma,0.037123147
RSI_14,0.035800967
