Feature,Importance
Open,0.070544444
Low,0.06912523
20_day_std,0.06707219
Close,0.067070514
BB_upper,0.066728234
BB_lower,0.06096521
10_day_ma,0.060659513
High,0.059960164
5_day_ma,0.059129786
MACD_signal,0.055564053
MACD,0.055001065
volume_change,0.053405225
RSI_14,0.053007074
daily_return,0.05138556
20_day_ma,0.050607048
volatility_10,0.05013069
Volume,0.049644
