Feature,Importance
20_day_ma,0.07205366
BB_lower,0.07176371
5_day_ma,0.07098109
BB_upper,0.068694554
Open,0.06270395
High,0.062351644
RSI_14,0.061060753
10_day_ma,0.060455285
volume_change,0.058774877
20_day_std,0.055992693
Close,0.05379228
volatility_10,0.053321585
MACD,0.052208155
daily_return,0.05193189
Low,0.051590748
Volume,0.050198413
MACD_signal,0.04212469
