Feature,Importance
MACD_signal,0.07745394
High,0.07483734
20_day_std,0.073665015
10_day_ma,0.068994105
Volume,0.06716164
Low,0.06639583
BB_lower,0.05967019
20_day_ma,0.056372028
RSI_14,0.056364555
daily_return,0.054890614
BB_upper,0.05445955
Close,0.053189274
volume_change,0.051633753
MACD,0.04986387
Open,0.049851075
volatility_10,0.04440924
5_day_ma,0.040787946
