Feature,Importance
BB_upper,0.089571565
volatility_10,0.074199185
Low,0.06850059
5_day_ma,0.06663978
daily_return,0.064509265
RSI_14,0.062944785
Open,0.057080925
volume_change,0.055356376
MACD,0.053161666
BB_lower,0.05233033
Volume,0.05220179
Close,0.052074976
MACD_signal,0.051934153
High,0.05125586
10_day_ma,0.050506096
20_day_std,0.049054746
20_day_ma,0.048677955
