Feature,Importance
Low,0.073137216
MACD_signal,0.06753358
Open,0.066367574
High,0.06319708
5_day_ma,0.06271914
20_day_std,0.061040282
Volume,0.059809472
BB_lower,0.058518134
10_day_ma,0.057944
RSI_14,0.05617962
volume_change,0.055141155
volatility_10,0.054515008
Close,0.054055676
BB_upper,0.053466678
MACD,0.053444955
20_day_ma,0.052240547
daily_return,0.050689816
