Feature,Importance
Open,0.06867429
20_day_ma,0.067390844
volume_change,0.06628648
Close,0.06231951
High,0.061185777
MACD,0.05942755
BB_upper,0.05903412
BB_lower,0.058100186
daily_return,0.05774119
10_day_ma,0.057195686
RSI_14,0.05700483
volatility_10,0.05611824
Volume,0.05542381
20_day_std,0.054302134
MACD_signal,0.053536225
5_day_ma,0.053268
Low,0.05299115
