Feature,Importance
BB_upper,0.089644946
MACD,0.08308328
High,0.07898704
Low,0.076340474
MACD_signal,0.0628401
Close,0.061936256
20_day_ma,0.057072017
daily_return,0.054967046
RSI_14,0.054908536
Volume,0.05333973
BB_lower,0.0519995
volatility_10,0.05170222
20_day_std,0.046245784
10_day_ma,0.045879647
volume_change,0.045782275
Open,0.042864077
5_day_ma,0.042407088
