Feature,Importance
MACD,0.06866943
10_day_ma,0.065442055
Low,0.06311333
Open,0.06291554
RSI_14,0.06281114
20_day_ma,0.06271713
volume_change,0.060320925
BB_upper,0.059869587
MACD_signal,0.059297107
20_day_std,0.05772892
5_day_ma,0.05761579
Volume,0.054858416
Close,0.05452918
BB_lower,0.053150233
daily_return,0.05305926
volatility_10,0.052285705
High,0.051616207
