Feature,Importance
Open,0.06903512
volume_change,0.06700256
Low,0.06525896
10_day_ma,0.06456436
5_day_ma,0.0634683
MACD,0.062182855
High,0.060997188
RSI_14,0.060709015
MACD_signal,0.06005438
BB_upper,0.058630165
BB_lower,0.05627341
Close,0.055226594
Volume,0.05383497
20_day_std,0.051916033
volatility_10,0.051488142
daily_return,0.05119716
20_day_ma,0.04816084
