Feature,Importance
BB_upper,0.07670052
BB_lower,0.0735788
Close,0.0723721
Volume,0.0658357
20_day_ma,0.06506783
MACD,0.061586563
daily_return,0.060874883
RSI_14,0.057263583
10_day_ma,0.057001404
volatility_10,0.056950815
20_day_std,0.055636033
High,0.054686643
Open,0.053074114
Low,0.052141517
MACD_signal,0.049618147
volume_change,0.04807305
5_day_ma,0.039538354
