Feature,Importance
Low,0.06851716
RSI_14,0.0625681
MACD,0.06149238
High,0.061287835
BB_upper,0.061081406
daily_return,0.059670277
BB_lower,0.05949389
10_day_ma,0.059479013
5_day_ma,0.058946904
Open,0.058313478
Close,0.05817946
Volume,0.05734712
20_day_std,0.05719192
20_day_ma,0.055794004
volatility_10,0.054806627
volume_change,0.053365875
MACD_signal,0.052464534
