Feature,Importance
20_day_ma,0.07549502
MACD,0.07139399
Close,0.06385562
MACD_signal,0.060912196
Volume,0.059992377
volume_change,0.059448037
Open,0.059286404
High,0.058279853
RSI_14,0.05803738
10_day_ma,0.05794993
Low,0.05752349
BB_lower,0.0571133
daily_return,0.057055946
20_day_std,0.05684737
5_day_ma,0.049464446
volatility_10,0.04930124
BB_upper,0.048043393
