Feature,Importance
BB_lower,0.068047106
Low,0.06797508
High,0.06625379
20_day_ma,0.065872714
BB_upper,0.06413599
20_day_std,0.06376243
Open,0.0622066
Volume,0.05923067
5_day_ma,0.05753901
MACD_signal,0.055824142
MACD,0.05469357
RSI_14,0.053801775
daily_return,0.053754084
volume_change,0.053435035
10_day_ma,0.05319808
volatility_10,0.05025591
Close,0.050013997
