Feature,Importance
10_day_ma,0.06895349
BB_lower,0.06743351
MACD_signal,0.066806875
20_day_std,0.06530326
volatility_10,0.0652687
Open,0.064681254
Volume,0.06402294
MACD,0.061535373
20_day_ma,0.060403664
Low,0.059652053
RSI_14,0.058250573
Close,0.055877108
daily_return,0.05339146
BB_upper,0.052763257
volume_change,0.04768344
5_day_ma,0.046260305
High,0.04171274
