Feature,Importance
10_day_ma,0.09285256
5_day_ma,0.07191567
Close,0.06967709
High,0.067918606
Low,0.06725779
daily_return,0.061608687
MACD_signal,0.060076766
volume_change,0.05885785
Open,0.05637571
Volume,0.05614864
BB_upper,0.051717825
volatility_10,0.05110104
MACD,0.050670005
20_day_std,0.049902864
BB_lower,0.047610324
RSI_14,0.04674006
20_day_ma,0.03956849
