Feature,Importance
Open,0.07776107
RSI_14,0.07551213
MACD_signal,0.06661263
20_day_ma,0.065123215
volatility_10,0.063716136
5_day_ma,0.06077986
Close,0.060077146
10_day_ma,0.059207745
BB_upper,0.05887494
MACD,0.058407433
20_day_std,0.056132454
volume_change,0.05434976
High,0.053399984
Low,0.05338995
Volume,0.05126367
daily_return,0.048589688
BB_lower,0.036802135
