Feature,Importance
BB_lower,0.0705494
BB_upper,0.07045998
20_day_ma,0.068042584
20_day_std,0.06770631
MACD_signal,0.062677175
10_day_ma,0.060837504
5_day_ma,0.06059751
volatility_10,0.059931155
High,0.05924187
Volume,0.05651774
Open,0.056459866
MACD,0.054924395
daily_return,0.05490132
volume_change,0.05375855
RSI_14,0.04907807
Low,0.04757743
Close,0.04673905
