Feature,Importance
Low,0.083910614
20_day_ma,0.08052055
20_day_std,0.07319397
BB_upper,0.06958325
volume_change,0.06541092
RSI_14,0.06414894
Close,0.06411097
High,0.06347867
MACD,0.05891512
daily_return,0.05402674
MACD_signal,0.0540039
BB_lower,0.052950744
10_day_ma,0.05220355
5_day_ma,0.04653071
Volume,0.04393637
volatility_10,0.04077207
Open,0.03230295
