Feature,Importance
BB_upper,0.087463945
5_day_ma,0.07936624
BB_lower,0.06815819
20_day_ma,0.06578726
Low,0.06497776
10_day_ma,0.06375506
Open,0.05986364
RSI_14,0.059457827
High,0.05834781
volatility_10,0.05705546
Volume,0.05189003
MACD,0.051717483
volume_change,0.051387087
daily_return,0.048863728
20_day_std,0.047330316
MACD_signal,0.04286251
Close,0.041715648
