Feature,Importance
BB_upper,0.077837504
High,0.06938274
20_day_ma,0.067279585
BB_lower,0.06677887
10_day_ma,0.064034574
volume_change,0.058862023
RSI_14,0.05840378
Open,0.05747467
5_day_ma,0.056327574
20_day_std,0.055579994
Low,0.055089068
volatility_10,0.0548888
MACD_signal,0.053540375
Volume,0.05207593
Close,0.05124352
daily_return,0.05066068
MACD,0.050540272
