Feature,Importance
20_day_ma,0.07719108
Low,0.06986747
5_day_ma,0.06728277
10_day_ma,0.06497512
Open,0.061725672
20_day_std,0.060397293
High,0.058357086
BB_lower,0.05835168
MACD_signal,0.057510234
BB_upper,0.056913678
volatility_10,0.05675479
MACD,0.054899402
Close,0.054854732
daily_return,0.053707488
volume_change,0.05128774
RSI_14,0.050885536
Volume,0.04503826
