Feature,Importance
volatility_10,0.08387832
MACD_signal,0.07878982
Close,0.065450676
MACD,0.06410426
BB_upper,0.06385824
volume_change,0.059710253
10_day_ma,0.059337344
daily_return,0.059031248
BB_lower,0.057947695
5_day_ma,0.057481054
Low,0.05713999
Open,0.056396008
High,0.052988954
Volume,0.05270943
20_day_std,0.048836283
RSI_14,0.041716512
20_day_ma,0.040623903
