Feature,Importance
RSI_14,0.07039675
MACD,0.06783718
20_day_ma,0.065084
10_day_ma,0.063182585
Close,0.06255026
20_day_std,0.06186769
Volume,0.06159068
Low,0.061027218
5_day_ma,0.059223983
volatility_10,0.057670314
Open,0.05664467
MACD_signal,0.05592373
daily_return,0.055120498
High,0.05475951
volume_change,0.052450683
BB_lower,0.047742285
BB_upper,0.046928
