Feature,Importance
High,0.067413434
Low,0.067125544
RSI_14,0.06616999
Volume,0.06565268
Close,0.06399079
20_day_ma,0.062564194
5_day_ma,0.059188504
BB_upper,0.057996858
BB_lower,0.057937935
Open,0.056896143
MACD_signal,0.056175135
volatility_10,0.055152666
10_day_ma,0.05434457
daily_return,0.054219108
20_day_std,0.05252058
MACD,0.052436642
volume_change,0.05021527
