Feature,Importance
volume_change,0.08055589
BB_lower,0.07799823
5_day_ma,0.07401236
BB_upper,0.07327632
10_day_ma,0.0661435
20_day_std,0.06388693
MACD_signal,0.061822332
20_day_ma,0.06075744
RSI_14,0.060361918
Volume,0.059195194
Low,0.056124363
daily_return,0.05526441
Close,0.050970342
Open,0.050574165
MACD,0.049018744
volatility_10,0.041921206
High,0.018116659
