Feature,Importance
Low,0.07981245
BB_upper,0.06578008
5_day_ma,0.06406536
Open,0.06319195
BB_lower,0.06147614
RSI_14,0.06031606
daily_return,0.05896692
20_day_std,0.058286693
20_day_ma,0.057279073
volume_change,0.056769483
volatility_10,0.056554753
MACD_signal,0.05514992
Volume,0.054680847
High,0.052821383
MACD,0.052807037
10_day_ma,0.052572295
Close,0.049469557
