Feature,Importance
20_day_ma,0.068533264
RSI_14,0.065537155
volume_change,0.06435904
MACD,0.06433543
BB_lower,0.063961305
20_day_std,0.06382439
Low,0.063508235
5_day_ma,0.06298783
Open,0.05971965
High,0.059533134
daily_return,0.05922971
MACD_signal,0.05533214
Volume,0.05493599
BB_upper,0.051318686
volatility_10,0.04810012
Close,0.04770742
10_day_ma,0.047076546
