Feature,Importance
5_day_ma,0.074361295
Close,0.07277267
High,0.06748024
10_day_ma,0.06733016
Open,0.06536813
MACD,0.062368084
Low,0.06025879
daily_return,0.059378028
BB_lower,0.057639778
20_day_ma,0.057546746
BB_upper,0.056032967
RSI_14,0.05496159
volume_change,0.05437693
Volume,0.05233393
20_day_std,0.049192596
volatility_10,0.048929583
MACD_signal,0.039668594
