Feature,Importance
20_day_ma,0.074708976
10_day_ma,0.07228916
BB_lower,0.07125474
Low,0.06981428
BB_upper,0.06678883
Open,0.065509796
High,0.06483597
RSI_14,0.055843595
Volume,0.055490874
20_day_std,0.0544445
Close,0.052442797
MACD_signal,0.052091833
MACD,0.051358
volatility_10,0.049409676
volume_change,0.04892351
daily_return,0.04837412
5_day_ma,0.04641941
