Feature,Importance
volatility_10,0.07055108
daily_return,0.066874765
MACD_signal,0.0665955
5_day_ma,0.06517356
BB_upper,0.065023035
High,0.06462455
20_day_std,0.06298754
volume_change,0.062203035
Close,0.060695134
RSI_14,0.060400765
MACD,0.059520923
20_day_ma,0.056366596
10_day_ma,0.05248641
Volume,0.05246809
Open,0.049621012
Low,0.044563837
BB_lower,0.03984414
