Feature,Importance
10_day_ma,0.0790452
20_day_ma,0.06905036
RSI_14,0.06795709
High,0.061586153
volume_change,0.06074831
volatility_10,0.059615843
Open,0.05878482
20_day_std,0.05864604
daily_return,0.05863075
MACD,0.058221757
5_day_ma,0.05780499
Volume,0.057052873
Low,0.055902034
BB_lower,0.053899873
MACD_signal,0.05263226
Close,0.045459386
BB_upper,0.044962343
