Feature,Importance
BB_upper,0.07985012
Low,0.06993863
Close,0.06589073
volume_change,0.06205924
MACD_signal,0.06007082
MACD,0.059557397
BB_lower,0.05904304
RSI_14,0.05897883
Open,0.058813296
5_day_ma,0.05873203
20_day_std,0.058396902
20_day_ma,0.0531389
High,0.05303679
volatility_10,0.052408077
daily_return,0.05108233
10_day_ma,0.049716033
Volume,0.049286768
