Feature,Importance
volume_change,0.07050388
Open,0.06842278
High,0.067567654
Low,0.0638376
BB_upper,0.061440624
volatility_10,0.060066465
10_day_ma,0.059165813
RSI_14,0.059125096
BB_lower,0.05792224
Close,0.057858564
5_day_ma,0.057831116
Volume,0.057410143
MACD_signal,0.05388425
daily_return,0.05292964
MACD,0.051743075
20_day_ma,0.05084186
20_day_std,0.04944921
