Feature,Importance
20_day_ma,0.082775064
BB_upper,0.07446108
BB_lower,0.06974289
5_day_ma,0.06868291
10_day_ma,0.0675619
High,0.06137342
Close,0.06030138
Low,0.059773054
volume_change,0.058915567
Open,0.058143657
Volume,0.053654872
20_day_std,0.051531244
daily_return,0.048468947
volatility_10,0.04809495
RSI_14,0.04751657
MACD,0.047236513
MACD_signal,0.04176599
