Feature,Importance
10_day_ma,0.073491365
Low,0.07319821
Open,0.064151764
BB_upper,0.06355812
20_day_ma,0.06274526
5_day_ma,0.061206214
BB_lower,0.06016706
MACD,0.058793332
volatility_10,0.057805713
daily_return,0.05668884
20_day_std,0.056486204
High,0.055337295
Volume,0.055215888
MACD_signal,0.05406572
RSI_14,0.05291854
Close,0.04945175
volume_change,0.044718776
