Feature,Importance
5_day_ma,0.065379396
BB_lower,0.064230345
20_day_std,0.06185108
Open,0.061112847
MACD,0.06076793
daily_return,0.060644265
BB_upper,0.059791334
volume_change,0.059167687
10_day_ma,0.058674958
Volume,0.058269344
20_day_ma,0.058214948
RSI_14,0.0574345
Low,0.05695665
MACD_signal,0.056305572
volatility_10,0.055977523
High,0.054496616
Close,0.050725043
