Feature,Importance
MACD_signal,0.07257872
volatility_10,0.06861157
5_day_ma,0.06701199
High,0.06662176
Low,0.06473823
volume_change,0.06266712
Close,0.0584369
daily_return,0.05770392
20_day_std,0.05755211
10_day_ma,0.057304554
Open,0.05668844
Volume,0.05387048
BB_upper,0.052610807
MACD,0.05230739
RSI_14,0.051256068
20_day_ma,0.05105059
BB_lower,0.048989438
