Feature,Importance
BB_upper,0.08490201
MACD_signal,0.07847146
Low,0.06885184
MACD,0.06513685
10_day_ma,0.063364424
Open,0.06074455
Close,0.059982017
High,0.059293006
volatility_10,0.055925626
20_day_ma,0.054976925
BB_lower,0.053569764
5_day_ma,0.0521805
Volume,0.052051347
volume_change,0.049169257
RSI_14,0.048092395
daily_return,0.047797803
20_day_std,0.04549026
