Feature,Importance
Close,0.09905438
Low,0.0789125
BB_upper,0.07825316
5_day_ma,0.06830415
MACD_signal,0.06470239
MACD,0.06378369
High,0.05920983
20_day_ma,0.057065256
volatility_10,0.054589998
Volume,0.0532636
daily_return,0.052196115
RSI_14,0.05182283
volume_change,0.04870717
Open,0.046486694
20_day_std,0.043870576
10_day_ma,0.040577658
BB_lower,0.03920001
