Feature,Importance
20_day_ma,0.075664364
volatility_10,0.06765241
RSI_14,0.06614116
5_day_ma,0.066055916
10_day_ma,0.064782426
20_day_std,0.06428967
Low,0.06328346
BB_lower,0.06049654
daily_return,0.060475495
volume_change,0.05764039
BB_upper,0.05519929
Volume,0.055054728
Open,0.052888364
High,0.05026775
Close,0.048063464
MACD,0.047779795
MACD_signal,0.04426484
