Feature,Importance
Low,0.07615046
High,0.06941631
MACD_signal,0.067107365
5_day_ma,0.06405641
Close,0.063489825
10_day_ma,0.063485034
BB_lower,0.06023492
20_day_std,0.058123346
Volume,0.05576291
Open,0.0554653
BB_upper,0.054780055
MACD,0.05388365
volatility_10,0.052921742
RSI_14,0.05272474
daily_return,0.051504437
volume_change,0.050483357
20_day_ma,0.050410144
