Feature,Importance
20_day_ma,0.06842213
MACD_signal,0.06753471
MACD,0.0668733
volatility_10,0.06469577
10_day_ma,0.06279111
20_day_std,0.06167267
volume_change,0.06045516
Close,0.059238654
Open,0.05669383
High,0.056564715
RSI_14,0.05622032
daily_return,0.05543383
BB_lower,0.054471843
5_day_ma,0.05363534
Low,0.053117495
BB_upper,0.051953003
Volume,0.05022616
