Feature,Importance
Low,0.09651191
Close,0.07791632
High,0.07621289
MACD,0.062025417
Volume,0.06177119
5_day_ma,0.059872817
RSI_14,0.059641533
20_day_std,0.05902248
10_day_ma,0.057569806
volatility_10,0.05724113
daily_return,0.05569004
BB_lower,0.05385288
volume_change,0.053339757
BB_upper,0.049016476
Open,0.044751063
MACD_signal,0.04135127
20_day_ma,0.03421303
