Feature,Importance
10_day_ma,0.0744096
Close,0.06777398
BB_upper,0.06625721
BB_lower,0.06469197
20_day_std,0.06286011
MACD,0.062452115
5_day_ma,0.062227495
High,0.059387032
volatility_10,0.05699725
Volume,0.056871798
daily_return,0.055302788
20_day_ma,0.055057257
volume_change,0.053674795
RSI_14,0.0528602
Open,0.052624483
Low,0.05124007
MACD_signal,0.045311835
