Feature,Importance
10_day_ma,0.072325036
BB_lower,0.062539235
MACD_signal,0.06177444
High,0.061422803
20_day_ma,0.061409436
BB_upper,0.061268404
Low,0.059114363
volatility_10,0.05838084
Open,0.05833488
RSI_14,0.05786283
MACD,0.057757985
20_day_std,0.057145584
daily_return,0.05707849
Volume,0.055646125
5_day_ma,0.053527076
Close,0.052336052
volume_change,0.0520765
