Feature,Importance
MACD,0.07452702
volume_change,0.071057744
BB_upper,0.069790825
5_day_ma,0.065903634
volatility_10,0.06300904
Volume,0.06248406
MACD_signal,0.06236172
20_day_std,0.062138066
RSI_14,0.057453085
BB_lower,0.0572431
Close,0.054729402
Low,0.054402485
High,0.053301875
daily_return,0.052339412
10_day_ma,0.05155014
Open,0.046523344
20_day_ma,0.041185066
