Feature,Importance
MACD_signal,0.088945195
High,0.07379214
10_day_ma,0.07341214
20_day_std,0.07214076
Low,0.0655895
BB_lower,0.06547312
Volume,0.0628102
volume_change,0.05950844
Open,0.054032758
daily_return,0.05360706
RSI_14,0.053539004
20_day_ma,0.052789014
BB_upper,0.04736358
Close,0.046994857
MACD,0.046011176
5_day_ma,0.04410577
volatility_10,0.03988525
