Feature,Importance
Low,0.07075175
Open,0.06567661
BB_upper,0.06502862
BB_lower,0.06420242
20_day_std,0.06110697
5_day_ma,0.061044484
20_day_ma,0.058443308
High,0.058429368
daily_return,0.058036923
MACD_signal,0.05772514
MACD,0.057235755
volume_change,0.055267558
Close,0.054954387
10_day_ma,0.054833274
RSI_14,0.053021457
Volume,0.05240722
volatility_10,0.051834732
