Feature,Importance
MACD_signal,0.068423614
5_day_ma,0.0672061
volume_change,0.06498083
MACD,0.06483714
High,0.06302818
Open,0.06032487
Low,0.05937903
daily_return,0.058428083
volatility_10,0.056926817
RSI_14,0.05668177
20_day_ma,0.056581892
BB_lower,0.05578718
20_day_std,0.055466436
BB_upper,0.053563222
Close,0.05313501
Volume,0.05294481
10_day_ma,0.05230494
