Feature,Importance
20_day_std,0.08271207
Low,0.07681481
RSI_14,0.07304172
BB_lower,0.06571098
5_day_ma,0.061036956
High,0.060294684
volatility_10,0.059349716
20_day_ma,0.05859368
MACD,0.05692886
volume_change,0.05468889
10_day_ma,0.05294399
Close,0.05261984
BB_upper,0.05206395
daily_return,0.051824424
MACD_signal,0.04883721
Open,0.04634195
Volume,0.046196364
