Feature,Importance
10_day_ma,0.07656899
MACD,0.07009282
MACD_signal,0.06794472
High,0.06641435
BB_upper,0.06285346
BB_lower,0.062760316
20_day_ma,0.059623145
Open,0.057697844
Volume,0.057534877
20_day_std,0.056079432
daily_return,0.05510581
volatility_10,0.05348131
Low,0.053441342
RSI_14,0.05311146
volume_change,0.05101346
5_day_ma,0.050235268
Close,0.04604146
