Feature,Importance
BB_upper,0.07890735
Open,0.07602283
volatility_10,0.065530896
RSI_14,0.06534761
20_day_ma,0.06429658
High,0.062096752
MACD,0.061505564
Low,0.06147954
20_day_std,0.06076846
BB_lower,0.06000917
Close,0.057506137
Volume,0.052960727
5_day_ma,0.05214363
daily_return,0.05083792
MACD_signal,0.044988677
volume_change,0.04311707
10_day_ma,0.042481102
