Feature,Importance
Low,0.07027457
20_day_std,0.06695744
Open,0.06675368
RSI_14,0.06399616
MACD_signal,0.062647276
10_day_ma,0.061229907
daily_return,0.060738143
volatility_10,0.06030062
BB_upper,0.059177116
Volume,0.05881701
5_day_ma,0.057350714
BB_lower,0.05677045
20_day_ma,0.05384365
MACD,0.05303366
Close,0.051918775
volume_change,0.049000185
High,0.047190595
