Feature,Importance
5_day_ma,0.0728646
Low,0.06973518
High,0.06850185
MACD_signal,0.06602984
10_day_ma,0.063107595
BB_upper,0.061171863
Open,0.0610839
volatility_10,0.058717534
20_day_std,0.05776856
Volume,0.05635987
Close,0.05535858
MACD,0.055053897
BB_lower,0.051919837
RSI_14,0.051757492
daily_return,0.0511176
20_day_ma,0.05103118
volume_change,0.048420604
