Feature,Importance
BB_upper,0.08422439
MACD,0.07507718
Low,0.071959466
Close,0.071334645
Open,0.06617731
5_day_ma,0.06594883
BB_lower,0.06336023
daily_return,0.057782114
High,0.055360407
RSI_14,0.053826023
20_day_std,0.051904887
volume_change,0.051776327
MACD_signal,0.04956055
Volume,0.04900959
volatility_10,0.048155766
10_day_ma,0.044574488
20_day_ma,0.039967872
