Feature,Importance
Open,0.074862085
5_day_ma,0.07246834
High,0.06943344
Volume,0.06480497
Low,0.06254874
10_day_ma,0.06068982
volatility_10,0.058826562
MACD_signal,0.058266394
BB_upper,0.056996003
20_day_std,0.05651543
Close,0.055336636
20_day_ma,0.05443608
BB_lower,0.05420718
RSI_14,0.05408779
daily_return,0.052586913
volume_change,0.05022243
MACD,0.043711193
