Feature,Importance
10_day_ma,0.081456155
5_day_ma,0.067936964
BB_upper,0.06757597
Close,0.06401749
RSI_14,0.06261333
High,0.060686834
Open,0.059333194
MACD_signal,0.059165575
volatility_10,0.058365982
Low,0.057137124
daily_return,0.055610843
20_day_std,0.05482032
volume_change,0.05264477
BB_lower,0.051166102
MACD,0.051063865
20_day_ma,0.05019698
Volume,0.04620852
