Feature,Importance
Open,0.10277057
Close,0.08859534
MACD,0.073533356
10_day_ma,0.07300834
Low,0.06788773
volatility_10,0.061964583
daily_return,0.05509679
RSI_14,0.054328717
volume_change,0.054150995
20_day_std,0.053071354
BB_lower,0.05113285
MACD_signal,0.050675448
High,0.04793622
Volume,0.043337736
20_day_ma,0.042254847
BB_upper,0.04127788
5_day_ma,0.038977355
