Feature,Importance
MACD,0.06918505
volume_change,0.06667389
5_day_ma,0.06557909
BB_lower,0.06553619
Low,0.06392843
BB_upper,0.06360936
Open,0.06204022
20_day_std,0.06167677
Volume,0.058703825
10_day_ma,0.05800158
Close,0.057310395
RSI_14,0.053458415
MACD_signal,0.052983183
daily_return,0.052000087
20_day_ma,0.05193447
High,0.04896294
volatility_10,0.048416086
