Feature,Importance
MACD,0.074777275
Low,0.071037844
20_day_ma,0.06866741
Open,0.06579706
5_day_ma,0.06430754
BB_lower,0.06371642
Volume,0.06361165
10_day_ma,0.057823665
daily_return,0.05592982
volume_change,0.05591231
20_day_std,0.055814784
volatility_10,0.054847073
MACD_signal,0.052739643
Close,0.05160118
BB_upper,0.049861647
High,0.049049005
RSI_14,0.04450572
