Feature,Importance
Open,0.07989761
5_day_ma,0.07449934
20_day_ma,0.07293671
MACD_signal,0.06677039
High,0.06570281
MACD,0.064188786
volatility_10,0.061529774
Volume,0.06133204
volume_change,0.059505623
Low,0.056934513
BB_upper,0.05597142
daily_return,0.054367207
BB_lower,0.051640026
RSI_14,0.051440768
10_day_ma,0.04528855
Close,0.039492074
20_day_std,0.03850241
