Feature,Importance
BB_upper,0.0728534
MACD_signal,0.06457077
High,0.06384803
10_day_ma,0.06363382
20_day_ma,0.061390076
Low,0.06029825
20_day_std,0.059989747
daily_return,0.059740316
MACD,0.05957672
Close,0.05889806
BB_lower,0.055670287
volatility_10,0.055448122
volume_change,0.054453894
RSI_14,0.054259907
Open,0.05354124
5_day_ma,0.052952513
Volume,0.04887476
