Feature,Importance
BB_upper,0.06552158
RSI_14,0.06534005
BB_lower,0.06464176
MACD,0.063291274
daily_return,0.06269607
Open,0.061136726
10_day_ma,0.059800167
Volume,0.059573237
Low,0.057477564
High,0.05736459
volume_change,0.05722167
20_day_std,0.056296676
5_day_ma,0.056290302
20_day_ma,0.05550564
volatility_10,0.053094734
MACD_signal,0.05247733
Close,0.052270647
