Feature,Importance
High,0.07885427
Low,0.077379964
Open,0.07586259
20_day_ma,0.069458745
BB_upper,0.067647666
MACD,0.060685687
Close,0.060501054
20_day_std,0.055511985
Volume,0.055009488
RSI_14,0.05454676
volatility_10,0.053910665
volume_change,0.05035201
daily_return,0.049398366
MACD_signal,0.049166415
10_day_ma,0.04835421
BB_lower,0.04740466
5_day_ma,0.045955427
