Feature,Importance
BB_upper,0.07990283
Close,0.07939689
20_day_ma,0.075737625
Open,0.07211709
volatility_10,0.07102632
Volume,0.06230338
BB_lower,0.06130047
RSI_14,0.06120269
volume_change,0.060352746
5_day_ma,0.057873115
daily_return,0.054302283
Low,0.04787818
10_day_ma,0.0468077
MACD_signal,0.046571206
20_day_std,0.046385456
MACD,0.03986479
High,0.036977265
