Feature,Importance
BB_upper,0.07647461
MACD,0.07465988
20_day_std,0.06717442
RSI_14,0.06626984
10_day_ma,0.0652034
Low,0.0649601
MACD_signal,0.06411703
volatility_10,0.06035531
daily_return,0.06019855
Open,0.056942597
20_day_ma,0.05423851
Volume,0.05186487
BB_lower,0.05079024
volume_change,0.0507277
Close,0.048630193
5_day_ma,0.045462325
High,0.04193047
