Feature,Importance
volatility_10,0.07668597
Volume,0.064444534
High,0.063967735
MACD_signal,0.061975777
5_day_ma,0.061272785
BB_lower,0.06075927
Open,0.05888368
Low,0.05871593
Close,0.05848227
daily_return,0.05818976
BB_upper,0.05763648
volume_change,0.057164963
20_day_std,0.05622938
10_day_ma,0.054452013
MACD,0.053283084
20_day_ma,0.049579866
RSI_14,0.048276458
