Feature,Importance
MACD,0.067895055
MACD_signal,0.06462571
High,0.06422316
Low,0.06395536
Open,0.063155845
volume_change,0.06255443
BB_lower,0.062169593
volatility_10,0.061755475
20_day_std,0.06048012
5_day_ma,0.059664797
Close,0.05933648
RSI_14,0.05668455
daily_return,0.05619296
BB_upper,0.05487911
Volume,0.05343014
20_day_ma,0.052190114
10_day_ma,0.036807127
