Feature,Importance
Low,0.06796497
High,0.06768416
MACD_signal,0.06685251
5_day_ma,0.06512922
Volume,0.06376511
BB_lower,0.06344752
BB_upper,0.060938228
volatility_10,0.05793971
20_day_std,0.057175443
volume_change,0.057058413
Open,0.056485947
Close,0.056171834
RSI_14,0.05428465
MACD,0.054276004
daily_return,0.054271463
10_day_ma,0.050605003
20_day_ma,0.045949858
