Feature,Importance
Low,0.07419853
MACD,0.07274349
Open,0.06310662
10_day_ma,0.06281645
MACD_signal,0.06264139
BB_upper,0.060198545
20_day_ma,0.05956054
volume_change,0.05824059
RSI_14,0.056973398
5_day_ma,0.05652964
20_day_std,0.054872036
volatility_10,0.05403236
Close,0.053768117
daily_return,0.05312733
Volume,0.052936047
High,0.052556165
BB_lower,0.051698778
