Feature,Importance
BB_lower,0.069425814
MACD,0.06726763
10_day_ma,0.064806245
RSI_14,0.0645027
Close,0.06041917
BB_upper,0.060081907
20_day_std,0.05992902
5_day_ma,0.059714995
Open,0.05934796
Low,0.058659375
volume_change,0.05751149
MACD_signal,0.055728752
Volume,0.05533296
daily_return,0.053739913
volatility_10,0.051861458
High,0.05115542
20_day_ma,0.050515287
