Feature,Importance
BB_lower,0.07037806
High,0.06557263
volume_change,0.06468494
5_day_ma,0.06341367
Open,0.063011155
BB_upper,0.061701376
volatility_10,0.061469838
daily_return,0.0602632
Low,0.060259078
10_day_ma,0.060257945
Volume,0.05674995
MACD_signal,0.0547304
20_day_ma,0.054722864
20_day_std,0.053211093
Close,0.05235463
MACD,0.0512338
RSI_14,0.04598541
