Feature,Importance
Low,0.10371759
Close,0.07931756
BB_lower,0.07673137
Open,0.07080677
High,0.06180584
BB_upper,0.06104949
MACD,0.0608797
Volume,0.05614331
10_day_ma,0.055570275
volume_change,0.05486839
5_day_ma,0.051335752
20_day_std,0.050015602
RSI_14,0.049367398
daily_return,0.048974432
volatility_10,0.043515287
20_day_ma,0.03877319
MACD_signal,0.03712796
