Feature,Importance
volume_change,0.078773275
5_day_ma,0.07075706
daily_return,0.06559451
20_day_std,0.06509702
20_day_ma,0.06468905
BB_lower,0.06206292
volatility_10,0.061169825
MACD,0.061112788
RSI_14,0.060840603
Volume,0.05936719
Open,0.053814746
Close,0.053335752
Low,0.05311847
BB_upper,0.052985944
MACD_signal,0.052397475
10_day_ma,0.04369709
High,0.041186295
