Feature,Importance
Open,0.10410847
5_day_ma,0.069318205
20_day_ma,0.06858937
High,0.0685823
10_day_ma,0.06820109
RSI_14,0.06568731
BB_upper,0.06411105
BB_lower,0.06202959
MACD_signal,0.06103843
volatility_10,0.05965945
volume_change,0.05883256
daily_return,0.056061506
Volume,0.052459165
20_day_std,0.048813637
MACD,0.045261037
Close,0.034388684
Low,0.012858142
