Feature,Importance
20_day_ma,0.0759247
BB_lower,0.06977172
High,0.06924489
5_day_ma,0.06830241
volume_change,0.0626285
BB_upper,0.061236113
MACD,0.05697789
Volume,0.055838514
MACD_signal,0.05472668
volatility_10,0.05460797
RSI_14,0.054407008
Open,0.05398018
Low,0.053891916
10_day_ma,0.05289594
daily_return,0.052248586
20_day_std,0.051907618
Close,0.051409364
