Feature,Importance
Open,0.06842207
5_day_ma,0.06755065
BB_lower,0.06462633
BB_upper,0.06411283
volume_change,0.06334951
MACD,0.062554315
10_day_ma,0.060335472
Close,0.059686914
Low,0.058016658
daily_return,0.056432128
RSI_14,0.05621938
20_day_std,0.055768542
Volume,0.0550216
High,0.05452033
MACD_signal,0.053829014
volatility_10,0.052082885
20_day_ma,0.047471352
