Feature,Importance
10_day_ma,0.07674301
High,0.06945984
MACD_signal,0.06639101
BB_upper,0.06585175
20_day_ma,0.06198536
20_day_std,0.061514277
daily_return,0.06123099
volatility_10,0.05945166
Open,0.0587677
volume_change,0.05828312
MACD,0.057984088
RSI_14,0.056932807
Volume,0.054949872
Low,0.052468322
BB_lower,0.048600093
5_day_ma,0.045287896
Close,0.044098165
