Feature,Importance
MACD_signal,0.072024755
BB_lower,0.071868785
5_day_ma,0.07094233
volatility_10,0.064338006
Open,0.06253749
BB_upper,0.061818924
10_day_ma,0.06075657
Volume,0.06044124
20_day_std,0.05918971
Low,0.055746306
20_day_ma,0.053785317
Close,0.053317793
volume_change,0.053222656
RSI_14,0.051205434
daily_return,0.05036498
High,0.04962872
MACD,0.04881101
