Feature,Importance
MACD_signal,0.0724865
Low,0.06789344
5_day_ma,0.06473064
Open,0.06123274
daily_return,0.059674524
MACD,0.059260264
BB_upper,0.058884878
20_day_std,0.05824418
volume_change,0.05812353
volatility_10,0.05776809
10_day_ma,0.05749517
BB_lower,0.057422087
High,0.055509206
Close,0.055271763
RSI_14,0.053782325
20_day_ma,0.051428627
Volume,0.05079206
