Feature,Importance
MACD_signal,0.07673795
High,0.07599599
MACD,0.0740019
20_day_std,0.07088003
10_day_ma,0.068827525
5_day_ma,0.05938791
BB_upper,0.057708472
Volume,0.05553475
daily_return,0.054939874
RSI_14,0.054633766
volume_change,0.05415879
BB_lower,0.051492255
Low,0.05137905
Close,0.049503736
volatility_10,0.04942988
Open,0.048493285
20_day_ma,0.04689478
