Feature,Importance
RSI_14,0.065902464
10_day_ma,0.06498557
volatility_10,0.06335376
20_day_ma,0.062559016
BB_lower,0.061692216
MACD_signal,0.06098785
Low,0.060885683
20_day_std,0.06077313
MACD,0.06057435
High,0.058404967
Close,0.058386054
daily_return,0.057549052
volume_change,0.05475799
Volume,0.054409932
BB_upper,0.054172914
5_day_ma,0.053014766
Open,0.0475903
