Feature,Importance
daily_return,0.06549376
Volume,0.064750224
Low,0.063582495
Open,0.06274073
MACD,0.06234784
RSI_14,0.06072472
20_day_std,0.05970753
BB_upper,0.059001762
5_day_ma,0.058466837
20_day_ma,0.05803373
volatility_10,0.057933707
10_day_ma,0.057082817
volume_change,0.05614671
High,0.0551717
MACD_signal,0.054624137
BB_lower,0.05269706
Close,0.05149421
