Feature,Importance
RSI_14,0.06394156
High,0.063912265
20_day_ma,0.06289548
MACD_signal,0.06230539
Close,0.062190335
BB_lower,0.061206535
20_day_std,0.06072226
Low,0.060554236
MACD,0.06024235
Volume,0.060113814
daily_return,0.060068317
volatility_10,0.057981268
Open,0.054367077
5_day_ma,0.054184515
BB_upper,0.053001158
volume_change,0.052248325
10_day_ma,0.05006512
