Feature,Importance
Low,0.07609293
20_day_std,0.06942543
Close,0.066233575
BB_lower,0.06528647
BB_upper,0.062255114
volume_change,0.06150259
Open,0.06061854
High,0.060229577
20_day_ma,0.05927819
10_day_ma,0.058137808
volatility_10,0.05653493
MACD_signal,0.055339366
Volume,0.05349264
5_day_ma,0.052191008
daily_return,0.049603015
MACD,0.047001842
RSI_14,0.046776973
