Feature,Importance
20_day_ma,0.07164402
MACD,0.06811602
BB_upper,0.06676376
Close,0.06430872
volatility_10,0.06369022
daily_return,0.06291544
20_day_std,0.061378937
10_day_ma,0.060558125
volume_change,0.05876464
Open,0.057406045
High,0.05456047
MACD_signal,0.05438048
Volume,0.0542999
5_day_ma,0.053228058
BB_lower,0.052641913
RSI_14,0.05240021
Low,0.042943083
