Feature,Importance
Open,0.08200748
5_day_ma,0.071515456
10_day_ma,0.06513234
Low,0.06512647
volatility_10,0.06050735
High,0.05995917
BB_upper,0.05931921
BB_lower,0.05910609
volume_change,0.057336967
20_day_ma,0.056249674
MACD_signal,0.055554945
daily_return,0.055052973
MACD,0.053719707
Volume,0.05259981
Close,0.05194604
RSI_14,0.04746653
20_day_std,0.047399774
