Feature,Importance
10_day_ma,0.07779112
20_day_ma,0.068552405
MACD_signal,0.06541783
volatility_10,0.06477341
daily_return,0.062594235
5_day_ma,0.06212811
MACD,0.05825749
BB_upper,0.057874523
RSI_14,0.0572159
Close,0.05683314
20_day_std,0.05611995
BB_lower,0.055978883
Open,0.054553688
Volume,0.054032654
High,0.05316597
volume_change,0.049967106
Low,0.04474367
