Feature,Importance
BB_upper,0.08323111
Close,0.077254705
Open,0.07485472
BB_lower,0.06560238
Low,0.06455803
MACD_signal,0.061803862
MACD,0.06049827
20_day_std,0.05568313
High,0.055374168
Volume,0.05504321
volume_change,0.053795386
20_day_ma,0.05303835
5_day_ma,0.0511576
RSI_14,0.04929044
10_day_ma,0.047358274
daily_return,0.047191434
volatility_10,0.044264935
