Feature,Importance
Volume,0.06533311
RSI_14,0.06487047
Low,0.064494506
BB_lower,0.06274936
20_day_ma,0.06072055
5_day_ma,0.060245693
volatility_10,0.06001441
High,0.059404146
Open,0.058117505
MACD,0.057761908
10_day_ma,0.056745477
BB_upper,0.056576367
volume_change,0.055847608
daily_return,0.055127453
Close,0.055085678
MACD_signal,0.055078436
20_day_std,0.051827308
