Feature,Importance
5_day_ma,0.07417831
MACD,0.070086405
Open,0.06835148
volatility_10,0.06465544
BB_upper,0.06362632
Close,0.06158456
20_day_ma,0.06087959
daily_return,0.06079889
MACD_signal,0.060463585
High,0.055206176
Low,0.053568207
volume_change,0.052842442
20_day_std,0.05188841
BB_lower,0.05178541
RSI_14,0.05169755
Volume,0.04937116
10_day_ma,0.049016055
