Feature,Importance
MACD,0.0715744
10_day_ma,0.06711533
Open,0.06367434
20_day_std,0.063636504
Close,0.06352131
BB_upper,0.063091055
MACD_signal,0.062880196
Low,0.060715765
RSI_14,0.056968994
BB_lower,0.056692667
daily_return,0.056349654
20_day_ma,0.05562841
Volume,0.05457884
High,0.053994965
volatility_10,0.053809628
volume_change,0.05118846
5_day_ma,0.044579457
