Feature,Importance
BB_lower,0.06678539
BB_upper,0.06449145
Low,0.064200275
Open,0.06310037
RSI_14,0.06250644
MACD,0.06246462
10_day_ma,0.061266672
MACD_signal,0.059765026
daily_return,0.059384495
20_day_std,0.057282973
volatility_10,0.05589005
5_day_ma,0.05507788
20_day_ma,0.05489799
volume_change,0.054833766
High,0.05455738
Close,0.052198354
Volume,0.051296912
