Feature,Importance
Low,0.093780145
10_day_ma,0.070967756
MACD_signal,0.069458134
MACD,0.06805365
BB_upper,0.06741377
Open,0.06585527
volume_change,0.06311683
Close,0.060749758
Volume,0.059417102
RSI_14,0.05489957
volatility_10,0.051250964
High,0.050341107
20_day_ma,0.04984197
daily_return,0.048018962
20_day_std,0.04740881
BB_lower,0.040070612
5_day_ma,0.039355572
