Feature,Importance
10_day_ma,0.06855971
5_day_ma,0.0666827
20_day_std,0.06638608
BB_upper,0.06614025
BB_lower,0.066070825
20_day_ma,0.06484313
Close,0.06393941
Volume,0.06322664
Low,0.06307854
Open,0.05755897
MACD,0.05407438
daily_return,0.053888317
MACD_signal,0.052780896
volume_change,0.05236016
volatility_10,0.050800033
RSI_14,0.048055224
High,0.041554764
