Feature,Importance
High,0.073234186
Low,0.072879545
MACD,0.06653975
Open,0.06530184
10_day_ma,0.064273864
Close,0.06260798
volatility_10,0.061539628
volume_change,0.058735613
Volume,0.055923812
MACD_signal,0.05532051
20_day_std,0.055037938
20_day_ma,0.054435436
5_day_ma,0.053357866
BB_lower,0.052631516
RSI_14,0.049695607
daily_return,0.049245138
BB_upper,0.04923982
