Feature,Importance
20_day_ma,0.06806871
BB_upper,0.06522558
20_day_std,0.06355992
Low,0.063075915
BB_lower,0.06208227
RSI_14,0.061657086
10_day_ma,0.060413383
daily_return,0.06027859
MACD_signal,0.060018066
Open,0.05776613
volume_change,0.057633284
Close,0.056412727
5_day_ma,0.054498076
MACD,0.05398682
High,0.052837636
volatility_10,0.05204491
Volume,0.05044095
