Feature,Importance
Low,0.07571789
BB_upper,0.073122986
5_day_ma,0.06886597
volume_change,0.06353049
RSI_14,0.06142369
MACD_signal,0.059837814
10_day_ma,0.05894784
MACD,0.05740941
Open,0.05662427
BB_lower,0.056566026
20_day_std,0.056426823
Close,0.05567211
20_day_ma,0.055458482
High,0.051709335
Volume,0.050239764
volatility_10,0.050157286
daily_return,0.048289802
