Feature,Importance
BB_lower,0.06564363
BB_upper,0.06472085
20_day_ma,0.06446734
20_day_std,0.064291015
MACD_signal,0.06355369
MACD,0.061623655
daily_return,0.06161052
5_day_ma,0.061435975
volatility_10,0.059658937
Close,0.05779864
volume_change,0.057527017
RSI_14,0.056388102
Volume,0.055337314
High,0.054264072
Open,0.05301929
Low,0.0505212
10_day_ma,0.04813867
