Feature,Importance
volatility_10,0.08265511
Open,0.081740096
10_day_ma,0.06868941
RSI_14,0.06388773
High,0.0611132
20_day_std,0.06031624
Volume,0.060268242
Close,0.05741095
BB_lower,0.057114847
20_day_ma,0.057024434
MACD,0.0560041
BB_upper,0.05444801
volume_change,0.05388276
daily_return,0.0512485
MACD_signal,0.050064687
Low,0.042544182
5_day_ma,0.04158745
