Feature,Importance
Low,0.076744616
BB_upper,0.074820355
RSI_14,0.068259485
5_day_ma,0.06802114
20_day_ma,0.064028375
volume_change,0.06393141
10_day_ma,0.061370406
20_day_std,0.06005227
MACD_signal,0.0600378
Close,0.05939299
MACD,0.053054757
volatility_10,0.051562857
BB_lower,0.0514092
daily_return,0.05010566
High,0.049237937
Volume,0.04512374
Open,0.04284698
