Feature,Importance
5_day_ma,0.076582715
Open,0.074544266
10_day_ma,0.06701601
20_day_ma,0.064807296
MACD,0.06285471
Close,0.06029547
daily_return,0.05889906
BB_upper,0.058775734
volatility_10,0.05748222
Low,0.057376113
High,0.05644026
Volume,0.05479758
MACD_signal,0.053306762
RSI_14,0.05054598
volume_change,0.049138576
20_day_std,0.049082033
BB_lower,0.04805523
