Feature,Importance
BB_lower,0.07734829
Low,0.06987504
volume_change,0.06764613
5_day_ma,0.062837936
High,0.061520725
Close,0.061422933
Volume,0.06055821
RSI_14,0.05955743
MACD,0.059493992
volatility_10,0.05759344
Open,0.057122707
daily_return,0.056213822
MACD_signal,0.055954646
20_day_std,0.055601344
BB_upper,0.05308896
20_day_ma,0.04457392
10_day_ma,0.039590493
