Feature,Importance
BB_lower,0.094422296
volume_change,0.07156409
BB_upper,0.07121734
20_day_std,0.06410282
10_day_ma,0.062949665
daily_return,0.05922946
20_day_ma,0.058259524
MACD_signal,0.05741993
MACD,0.056685515
Open,0.05555047
volatility_10,0.055538304
High,0.054994985
RSI_14,0.050849747
Low,0.05056477
Volume,0.04912515
Close,0.044882376
5_day_ma,0.042643532
