Feature,Importance
5_day_ma,0.07676218
daily_return,0.0763871
volume_change,0.07281165
BB_upper,0.064994566
20_day_ma,0.060398184
10_day_ma,0.060377438
Volume,0.05813017
volatility_10,0.057975974
Low,0.055789664
Close,0.055788737
20_day_std,0.05528999
MACD_signal,0.05395132
RSI_14,0.05288387
High,0.050486527
BB_lower,0.050358143
MACD,0.048836138
Open,0.048778396
