Feature,Importance
Open,0.07732723
BB_upper,0.064550705
5_day_ma,0.064161584
10_day_ma,0.063620105
Volume,0.06333705
High,0.06212803
Low,0.05996214
volatility_10,0.059856273
20_day_std,0.05842325
MACD_signal,0.057732653
RSI_14,0.05510078
MACD,0.05356256
20_day_ma,0.05343685
volume_change,0.05326043
BB_lower,0.051739573
Close,0.051639084
daily_return,0.050161712
