Feature,Importance
BB_upper,0.07000792
Close,0.06664411
volatility_10,0.065615624
20_day_ma,0.06553032
BB_lower,0.06542681
Low,0.06483573
MACD_signal,0.06481655
20_day_std,0.063633926
MACD,0.06353872
Open,0.05959206
volume_change,0.0577879
daily_return,0.053741165
RSI_14,0.048949726
High,0.048117045
5_day_ma,0.04767679
Volume,0.04736988
10_day_ma,0.046715643
