Feature,Importance
High,0.067382686
BB_upper,0.06546004
Low,0.064388715
MACD,0.061946057
Close,0.06182755
5_day_ma,0.060043048
20_day_std,0.059934575
daily_return,0.05904779
BB_lower,0.058660094
MACD_signal,0.05845779
Open,0.05807793
20_day_ma,0.05664868
Volume,0.05629214
RSI_14,0.054943837
volume_change,0.05327847
10_day_ma,0.052186463
volatility_10,0.05142406
