Feature,Importance
High,0.07358523
20_day_std,0.073034294
MACD,0.06758383
BB_lower,0.066978835
5_day_ma,0.06536366
volume_change,0.062314875
BB_upper,0.062120263
Low,0.061085656
20_day_ma,0.059975635
daily_return,0.058583274
Volume,0.054090317
volatility_10,0.053450096
10_day_ma,0.0529189
Close,0.050098117
RSI_14,0.0475612
MACD_signal,0.04614313
Open,0.045112766
