Feature,Importance
5_day_ma,0.07472594
BB_upper,0.07107634
Low,0.06341178
Open,0.06303946
volatility_10,0.06283212
MACD_signal,0.0619998
20_day_std,0.061213985
BB_lower,0.060336623
volume_change,0.05997218
MACD,0.057764363
Close,0.056868594
RSI_14,0.054818995
High,0.054421887
daily_return,0.053524517
20_day_ma,0.051944602
Volume,0.05132625
10_day_ma,0.040722556
