Feature,Importance
Low,0.07355622
10_day_ma,0.068839036
volume_change,0.06824507
BB_lower,0.0626616
20_day_ma,0.05987779
Close,0.059378594
MACD,0.05892667
20_day_std,0.058522094
BB_upper,0.057978597
volatility_10,0.05790568
Volume,0.05662534
High,0.055939835
MACD_signal,0.0555169
5_day_ma,0.055251617
Open,0.0510302
daily_return,0.049898606
RSI_14,0.049846172
