Feature,Importance
MACD_signal,0.07644552
5_day_ma,0.06904201
BB_lower,0.06209242
volume_change,0.061811887
Low,0.061661147
20_day_ma,0.06069614
daily_return,0.05951448
High,0.059508856
BB_upper,0.058961663
volatility_10,0.05841772
MACD,0.05836399
Open,0.05817909
20_day_std,0.05641047
Close,0.053706367
10_day_ma,0.052164506
Volume,0.048805263
RSI_14,0.044218473
