Feature,Importance
BB_lower,0.07513151
Close,0.066558644
BB_upper,0.064290166
MACD_signal,0.061492138
Open,0.060953707
Low,0.059932765
10_day_ma,0.05991833
RSI_14,0.058682878
volume_change,0.057759378
MACD,0.057133812
20_day_std,0.056630295
volatility_10,0.05632948
5_day_ma,0.055803936
20_day_ma,0.05578361
High,0.05364532
daily_return,0.053191025
Volume,0.046763025
