Feature,Importance
20_day_ma,0.06940273
Volume,0.06508583
5_day_ma,0.06475297
MACD,0.06417901
volatility_10,0.06311314
BB_upper,0.06058865
10_day_ma,0.059392676
20_day_std,0.05850206
RSI_14,0.057264045
Close,0.057176854
MACD_signal,0.05673913
Low,0.056625653
Open,0.05629683
volume_change,0.05502975
BB_lower,0.05300911
High,0.052424517
daily_return,0.050417066
