Feature,Importance
BB_lower,0.066356875
BB_upper,0.06592588
MACD_signal,0.063837275
10_day_ma,0.06304593
Low,0.06243503
5_day_ma,0.061459787
Open,0.0606808
20_day_std,0.059773248
volume_change,0.059608523
volatility_10,0.058447078
High,0.05699192
daily_return,0.05497676
MACD,0.05423927
RSI_14,0.053415272
Volume,0.053206056
20_day_ma,0.05283793
Close,0.05276242
