Feature,Importance
Low,0.079604745
High,0.073888496
BB_upper,0.07276782
5_day_ma,0.06987627
daily_return,0.0638605
MACD_signal,0.05885055
10_day_ma,0.05809148
BB_lower,0.05774782
volatility_10,0.056839764
MACD,0.053984202
20_day_std,0.053184092
20_day_ma,0.05194453
Volume,0.051342163
Close,0.050886277
Open,0.05082647
RSI_14,0.050637994
volume_change,0.045666862
