Feature,Importance
BB_lower,0.09460111
Low,0.075664885
Open,0.07369916
20_day_ma,0.07258379
BB_upper,0.07205129
daily_return,0.06991999
RSI_14,0.061772417
10_day_ma,0.060350742
volume_change,0.057821132
5_day_ma,0.05456167
MACD_signal,0.054110978
20_day_std,0.05120161
Volume,0.050541442
Close,0.04831984
volatility_10,0.039180085
MACD,0.036956716
High,0.026663216
