Feature,Importance
MACD_signal,0.07154437
Low,0.06728137
BB_lower,0.06572402
Volume,0.06406277
10_day_ma,0.06346932
5_day_ma,0.060619183
volatility_10,0.05990949
20_day_ma,0.059326
Open,0.05848266
BB_upper,0.058334425
20_day_std,0.056720678
High,0.05622927
MACD,0.053209275
RSI_14,0.05172362
daily_return,0.051393185
volume_change,0.051324584
Close,0.05064578
