Feature,Importance
BB_lower,0.076488644
20_day_ma,0.07058017
volume_change,0.06604167
daily_return,0.06296907
20_day_std,0.05991933
Open,0.058466665
High,0.05812938
10_day_ma,0.057981525
MACD,0.057911005
BB_upper,0.05783436
MACD_signal,0.056530844
Close,0.056415256
5_day_ma,0.05594843
volatility_10,0.054403692
RSI_14,0.053496126
Volume,0.052184395
Low,0.044699434
