Feature,Importance
10_day_ma,0.09049514
20_day_ma,0.08011461
Low,0.066519864
Close,0.06621138
Volume,0.06376079
BB_upper,0.06358517
Open,0.06217626
20_day_std,0.0583308
5_day_ma,0.057604365
daily_return,0.056737203
MACD,0.05550423
MACD_signal,0.052630458
High,0.051482957
RSI_14,0.051365674
volatility_10,0.05107183
volume_change,0.037935343
BB_lower,0.034473937
