Feature,Importance
High,0.097927
20_day_std,0.069687255
BB_lower,0.06958583
10_day_ma,0.06822481
volume_change,0.06745854
Close,0.06598704
volatility_10,0.0611688
Volume,0.05793658
Open,0.05693467
RSI_14,0.05582303
daily_return,0.05477498
MACD_signal,0.051768497
20_day_ma,0.051587425
MACD,0.04728605
Low,0.045047365
5_day_ma,0.04426984
BB_upper,0.03453232
