Feature,Importance
Open,0.07109204
High,0.070768185
volume_change,0.06816785
10_day_ma,0.066884525
BB_upper,0.060698655
20_day_std,0.05980673
5_day_ma,0.059439775
MACD_signal,0.05931353
Volume,0.058793906
BB_lower,0.05859263
Low,0.058429074
volatility_10,0.056899194
20_day_ma,0.053699765
RSI_14,0.050878454
MACD,0.050610103
daily_return,0.049063776
Close,0.04686174
