Feature,Importance
Low,0.07906597
High,0.07652081
Open,0.07459954
5_day_ma,0.061765425
BB_upper,0.06166929
20_day_std,0.061092064
Close,0.060051486
MACD,0.059775352
volatility_10,0.056440637
MACD_signal,0.055833373
20_day_ma,0.054802082
Volume,0.05402596
10_day_ma,0.05318667
RSI_14,0.04960672
BB_lower,0.049033664
volume_change,0.047413997
daily_return,0.04511695
