Feature,Importance
10_day_ma,0.07413131
BB_lower,0.070007004
volume_change,0.069144055
RSI_14,0.066157475
Low,0.061888553
Volume,0.061750565
BB_upper,0.060271006
Open,0.059713867
5_day_ma,0.057760272
MACD,0.055399574
daily_return,0.05516768
20_day_ma,0.05393452
volatility_10,0.052865677
20_day_std,0.052532308
Close,0.05206878
MACD_signal,0.05126208
High,0.045945317
