Feature,Importance
Open,0.06789267
volatility_10,0.067583546
Volume,0.06745661
5_day_ma,0.06649811
High,0.06511752
20_day_ma,0.06298852
RSI_14,0.06148768
volume_change,0.059063975
10_day_ma,0.05869588
Low,0.057630975
BB_lower,0.057237253
MACD,0.056718737
MACD_signal,0.05497772
daily_return,0.05327371
20_day_std,0.053259745
Close,0.045949623
BB_upper,0.044167764
