Feature,Importance
MACD_signal,0.07325094
daily_return,0.065650485
BB_lower,0.06493126
volatility_10,0.064474724
BB_upper,0.06265213
20_day_std,0.062557094
volume_change,0.061377224
MACD,0.06131839
Open,0.061021805
20_day_ma,0.060876824
10_day_ma,0.05904586
High,0.05736331
Volume,0.052740417
5_day_ma,0.0525406
RSI_14,0.052461855
Close,0.04874615
Low,0.038990963
