Feature,Importance
BB_lower,0.06703443
20_day_std,0.06655562
volatility_10,0.06552471
MACD,0.062897146
High,0.062862635
Low,0.06278137
20_day_ma,0.062296487
5_day_ma,0.060016897
MACD_signal,0.059663303
volume_change,0.05803861
RSI_14,0.057286523
Volume,0.055622395
daily_return,0.054972846
10_day_ma,0.05373303
Close,0.05351419
Open,0.052884784
BB_upper,0.04431504
