Feature,Importance
MACD,0.08463644
MACD_signal,0.073877685
High,0.066012286
volume_change,0.06542362
Low,0.06153948
BB_upper,0.06031482
daily_return,0.058864538
5_day_ma,0.05857682
10_day_ma,0.05851457
20_day_std,0.058486532
Close,0.05643175
Volume,0.055069514
volatility_10,0.054595936
Open,0.049896356
RSI_14,0.046496585
20_day_ma,0.046372034
BB_lower,0.044891033
