Feature,Importance
BB_lower,0.073036805
10_day_ma,0.06343477
Close,0.06319994
MACD_signal,0.06311492
volatility_10,0.061440304
Open,0.061162334
20_day_std,0.05849721
20_day_ma,0.0580186
5_day_ma,0.057759307
RSI_14,0.057338346
High,0.056152698
Volume,0.056061327
volume_change,0.055818606
BB_upper,0.055204015
daily_return,0.055125356
Low,0.054585118
MACD,0.050050348
