Feature,Importance
MACD,0.07720211
Low,0.070398465
volume_change,0.06932327
Volume,0.066314794
MACD_signal,0.06304627
5_day_ma,0.061182298
20_day_std,0.06026834
RSI_14,0.059430055
BB_lower,0.05837131
BB_upper,0.056534622
volatility_10,0.05650827
20_day_ma,0.053812567
Close,0.051472366
Open,0.051169995
High,0.050106272
daily_return,0.048828013
10_day_ma,0.04603104
