Feature,Importance
MACD,0.07823797
RSI_14,0.072962895
Close,0.06784893
Open,0.06709003
BB_upper,0.06663439
MACD_signal,0.06300464
High,0.06122776
volume_change,0.060683645
daily_return,0.059034817
20_day_std,0.05475856
volatility_10,0.052312505
BB_lower,0.051799774
10_day_ma,0.051468793
5_day_ma,0.05001075
Low,0.049690153
Volume,0.049045373
20_day_ma,0.044189002
