Feature,Importance
20_day_std,0.07146509
Close,0.06737021
Open,0.06707328
High,0.06511964
MACD,0.06503111
volatility_10,0.063427545
volume_change,0.062152732
20_day_ma,0.06196307
Low,0.06094195
RSI_14,0.060198035
BB_upper,0.060022425
10_day_ma,0.057539675
MACD_signal,0.050769664
5_day_ma,0.049342338
BB_lower,0.048642334
daily_return,0.04708795
Volume,0.04185289
