Feature,Importance
High,0.09883409
Close,0.08431362
Low,0.06544
volume_change,0.06413553
Open,0.063386105
BB_lower,0.06319947
20_day_std,0.061800268
MACD_signal,0.061162744
BB_upper,0.055952504
Volume,0.055593394
20_day_ma,0.052354522
RSI_14,0.051737584
MACD,0.049495656
10_day_ma,0.046771508
daily_return,0.04572228
volatility_10,0.043094747
5_day_ma,0.037005983
