Feature,Importance
BB_lower,0.07060799
20_day_ma,0.06969694
20_day_std,0.06576204
MACD_signal,0.06545061
5_day_ma,0.0650374
Low,0.06487116
10_day_ma,0.062254492
MACD,0.061649512
Open,0.05984383
High,0.05721886
volatility_10,0.057048395
Close,0.05532986
volume_change,0.054709226
RSI_14,0.052425016
daily_return,0.049831863
Volume,0.044180363
BB_upper,0.04408243
