Feature,Importance
10_day_ma,0.10708455
Low,0.08160815
Close,0.07277624
MACD,0.06759265
MACD_signal,0.060716987
BB_upper,0.058379304
daily_return,0.05818558
High,0.05742573
Volume,0.054817017
Open,0.054712925
RSI_14,0.053571824
20_day_std,0.049976543
20_day_ma,0.048063926
BB_lower,0.047959823
volatility_10,0.046299517
volume_change,0.045488805
5_day_ma,0.03534038
