Feature,Importance
Close,0.09010452
Low,0.089833125
Open,0.07790344
MACD,0.072315216
10_day_ma,0.059839077
MACD_signal,0.058290645
BB_upper,0.057407144
volatility_10,0.05520714
Volume,0.054437853
20_day_std,0.05379039
20_day_ma,0.053709947
daily_return,0.049658533
5_day_ma,0.049130637
volume_change,0.048301414
BB_lower,0.04692957
High,0.046442274
RSI_14,0.03669906
