Feature,Importance
BB_lower,0.07350041
BB_upper,0.06283636
20_day_ma,0.06283458
daily_return,0.062182352
10_day_ma,0.061484598
20_day_std,0.06115954
RSI_14,0.060330518
volume_change,0.05992758
Low,0.05905662
MACD_signal,0.058531802
Open,0.05735264
MACD,0.057234734
volatility_10,0.0567316
Volume,0.05550931
5_day_ma,0.053239856
High,0.049516007
Close,0.048571497
