Feature,Importance
Open,0.082252175
Low,0.07746523
MACD,0.072530545
BB_upper,0.07169662
High,0.062569916
5_day_ma,0.06250841
BB_lower,0.062134147
Volume,0.061802175
MACD_signal,0.057211354
RSI_14,0.053992573
daily_return,0.05354859
Close,0.05194898
20_day_ma,0.050573662
20_day_std,0.047592822
volatility_10,0.04530953
10_day_ma,0.043880813
volume_change,0.042982478
