Feature,Importance
20_day_ma,0.09476758
High,0.068288825
BB_lower,0.06646049
20_day_std,0.063737795
Close,0.060281858
volatility_10,0.05787189
Volume,0.05770384
Low,0.057695653
10_day_ma,0.057443056
BB_upper,0.055956665
MACD,0.055912048
daily_return,0.055016108
MACD_signal,0.055010777
volume_change,0.05328949
RSI_14,0.05100733
Open,0.048274186
5_day_ma,0.041282307
