Feature,Importance
volatility_10,0.06864044
BB_upper,0.06781151
volume_change,0.06451925
BB_lower,0.06417942
Close,0.06356054
daily_return,0.06351953
RSI_14,0.061878853
Volume,0.06169955
Low,0.060262684
20_day_std,0.059894625
MACD_signal,0.058971692
5_day_ma,0.057655852
Open,0.05437369
High,0.05068162
MACD,0.05046651
10_day_ma,0.050418053
20_day_ma,0.04146618
