Feature,Importance
Low,0.0717724
MACD,0.06967542
20_day_std,0.066440396
BB_lower,0.06466979
Close,0.064327225
10_day_ma,0.06266304
High,0.06183781
BB_upper,0.06095836
20_day_ma,0.060387015
RSI_14,0.05803595
volume_change,0.05629826
Volume,0.054049294
Open,0.052862797
volatility_10,0.05065412
5_day_ma,0.050417252
daily_return,0.049412612
MACD_signal,0.04553826
