Feature,Importance
5_day_ma,0.07301478
MACD,0.07058487
Open,0.06282346
10_day_ma,0.06259521
MACD_signal,0.062456265
Volume,0.061641503
Close,0.06047253
volatility_10,0.059933707
BB_upper,0.059050266
BB_lower,0.058704887
RSI_14,0.0586486
20_day_std,0.05744716
volume_change,0.057182487
daily_return,0.053155947
Low,0.052289933
20_day_ma,0.045725755
High,0.04427272
