Feature,Importance
20_day_ma,0.07102687
RSI_14,0.06996033
BB_lower,0.0687886
BB_upper,0.06566781
Volume,0.063248724
High,0.06256619
20_day_std,0.06049622
Open,0.05983351
daily_return,0.057317108
5_day_ma,0.057290122
MACD_signal,0.056811515
volatility_10,0.056785464
volume_change,0.054121636
10_day_ma,0.052078813
MACD,0.0507207
Low,0.04912821
Close,0.044158164
