Feature,Importance
Low,0.06970183
10_day_ma,0.06923178
High,0.068616025
MACD_signal,0.06714323
Close,0.06432649
5_day_ma,0.06255349
Open,0.060113758
Volume,0.057391416
BB_upper,0.056224637
20_day_std,0.0551978
20_day_ma,0.054972094
daily_return,0.054324787
MACD,0.053663146
RSI_14,0.052693583
volume_change,0.052621037
BB_lower,0.05146898
volatility_10,0.049755927
