Feature,Importance
Low,0.07471953
Close,0.0716788
MACD_signal,0.070560746
20_day_std,0.067716025
Open,0.06374585
BB_upper,0.06045059
BB_lower,0.06042163
High,0.05904751
5_day_ma,0.05675431
volume_change,0.056481715
RSI_14,0.054995403
daily_return,0.05468811
Volume,0.052218128
volatility_10,0.0520518
MACD,0.049506873
20_day_ma,0.047622215
10_day_ma,0.04734074
