Feature,Importance
volatility_10,0.07275783
High,0.07175936
MACD,0.07088014
daily_return,0.06823386
BB_lower,0.06444321
RSI_14,0.06439514
Close,0.063662894
volume_change,0.06301513
5_day_ma,0.059872705
Volume,0.057894863
BB_upper,0.05666602
MACD_signal,0.054304104
Open,0.05015169
Low,0.049701363
20_day_std,0.047073204
10_day_ma,0.04384938
20_day_ma,0.041339166
