Feature,Importance
volatility_10,0.0703437
BB_upper,0.0657419
20_day_ma,0.06447131
10_day_ma,0.06355055
20_day_std,0.06208739
High,0.06114537
daily_return,0.060663458
BB_lower,0.060568716
RSI_14,0.06016922
Low,0.059646066
Open,0.059480086
Volume,0.058402587
MACD_signal,0.054413974
volume_change,0.05070082
Close,0.05019508
MACD,0.049246885
5_day_ma,0.049172893
