Feature,Importance
Low,0.0722869
20_day_std,0.06887142
volatility_10,0.06413462
MACD,0.06287986
10_day_ma,0.061565444
Open,0.06118725
daily_return,0.060835045
20_day_ma,0.057675153
High,0.056880806
Close,0.056173626
MACD_signal,0.055692654
5_day_ma,0.054840516
BB_upper,0.054773744
BB_lower,0.054174483
Volume,0.05307439
RSI_14,0.05257458
volume_change,0.052379496
