Feature,Importance
MACD,0.06906282
20_day_ma,0.0675605
BB_lower,0.066949345
20_day_std,0.06458269
volume_change,0.0634518
High,0.062271617
10_day_ma,0.061090175
RSI_14,0.059108313
MACD_signal,0.059078448
Open,0.057773694
daily_return,0.05679241
Volume,0.05636393
volatility_10,0.0538537
Low,0.052326728
5_day_ma,0.05145009
BB_upper,0.04922815
Close,0.049055636
