Feature,Importance
BB_upper,0.07049867
MACD_signal,0.06647412
20_day_std,0.06420136
volatility_10,0.06333492
daily_return,0.0619594
10_day_ma,0.06168126
High,0.060223944
Open,0.059763413
BB_lower,0.058471307
20_day_ma,0.056598626
volume_change,0.05598594
Low,0.05580107
5_day_ma,0.054551914
MACD,0.053153288
Volume,0.053138852
RSI_14,0.052571826
Close,0.051590126
