Feature,Importance
High,0.07229489
Low,0.06633107
BB_lower,0.066031694
10_day_ma,0.06594878
20_day_ma,0.06511797
5_day_ma,0.06469233
MACD_signal,0.06300949
Close,0.06077773
volatility_10,0.058984805
MACD,0.05715436
BB_upper,0.056667514
daily_return,0.054660626
volume_change,0.054188855
20_day_std,0.051488142
RSI_14,0.051122185
Volume,0.047723558
Open,0.043806028
