Feature,Importance
volatility_10,0.0726225
BB_lower,0.07201153
Volume,0.062127396
volume_change,0.061672505
daily_return,0.060619086
RSI_14,0.06026292
10_day_ma,0.05998069
High,0.058968194
MACD_signal,0.057729002
Open,0.05770892
MACD,0.05592918
20_day_ma,0.055532843
Low,0.05442177
BB_upper,0.05338741
5_day_ma,0.053028822
20_day_std,0.052096788
Close,0.05190048
