Feature,Importance
10_day_ma,0.08410702
RSI_14,0.0690496
BB_upper,0.06854169
Volume,0.06497174
5_day_ma,0.06487667
Low,0.06404237
MACD,0.06379165
volume_change,0.06166193
Close,0.05988146
BB_lower,0.0566579
20_day_std,0.05340146
MACD_signal,0.053355955
20_day_ma,0.05237913
Open,0.050931063
daily_return,0.04898285
volatility_10,0.047056224
High,0.03631133
