Feature,Importance
BB_upper,0.07271231
20_day_std,0.06950572
MACD_signal,0.06897682
Close,0.06751845
5_day_ma,0.060971107
Volume,0.060664978
volatility_10,0.059071988
BB_lower,0.058822215
MACD,0.05653935
RSI_14,0.055991918
daily_return,0.055901702
volume_change,0.055626612
High,0.0531907
10_day_ma,0.05307639
20_day_ma,0.051843
Low,0.049846828
Open,0.049739864
