Feature,Importance
10_day_ma,0.071736425
20_day_ma,0.067059144
MACD_signal,0.06581607
BB_upper,0.0646054
BB_lower,0.061514333
5_day_ma,0.0609429
daily_return,0.060124382
volatility_10,0.058712497
RSI_14,0.05837658
Volume,0.057957705
High,0.055517867
20_day_std,0.0554401
Close,0.05468294
MACD,0.054188296
Open,0.052841533
Low,0.05069859
volume_change,0.049785268
