Feature,Importance
Volume,0.06838024
daily_return,0.06787179
5_day_ma,0.06545951
BB_upper,0.06467662
Open,0.0633943
MACD,0.06255191
Low,0.060259532
BB_lower,0.058687996
20_day_std,0.057824187
RSI_14,0.057430204
10_day_ma,0.056076016
Close,0.05531003
volatility_10,0.055201836
High,0.05474543
20_day_ma,0.053522684
volume_change,0.05003783
MACD_signal,0.048569866
