Feature,Importance
Open,0.07159786
BB_upper,0.068180464
5_day_ma,0.065693565
MACD,0.063215785
10_day_ma,0.06124987
20_day_ma,0.06067129
Low,0.06032281
MACD_signal,0.060013145
BB_lower,0.05840433
volatility_10,0.05839697
volume_change,0.057244703
Volume,0.055261455
daily_return,0.054447085
Close,0.053474333
RSI_14,0.052864835
High,0.050224558
20_day_std,0.048736982
