Feature,Importance
MACD,0.069322765
10_day_ma,0.06602988
5_day_ma,0.065923706
BB_upper,0.06460516
volatility_10,0.064063735
daily_return,0.063856065
BB_lower,0.06325775
Volume,0.062385906
20_day_ma,0.061350852
High,0.059533007
MACD_signal,0.059466038
Open,0.05799439
20_day_std,0.054007363
volume_change,0.053045023
RSI_14,0.047944304
Low,0.04504564
Close,0.042168364
