Feature,Importance
BB_upper,0.069429286
Low,0.06826849
MACD_signal,0.06741132
BB_lower,0.06553972
MACD,0.06369175
20_day_ma,0.06139066
10_day_ma,0.06066086
volume_change,0.05921263
RSI_14,0.058605697
20_day_std,0.058504965
Close,0.0581857
daily_return,0.057926677
volatility_10,0.054839157
High,0.054070264
Open,0.04895195
Volume,0.047469225
5_day_ma,0.045841638
