Feature,Importance
High,0.08248521
Low,0.08183596
MACD_signal,0.07145826
10_day_ma,0.06934081
RSI_14,0.06885396
5_day_ma,0.06373785
Open,0.059770435
volatility_10,0.059612263
MACD,0.057671368
BB_upper,0.057631083
Volume,0.052662637
Close,0.051733073
volume_change,0.051671647
20_day_std,0.049863864
daily_return,0.045986194
BB_lower,0.040916637
20_day_ma,0.034768853
