Feature,Importance
10_day_ma,0.076836154
RSI_14,0.06920118
MACD_signal,0.06799365
20_day_std,0.06766894
BB_upper,0.065391436
volume_change,0.06485668
5_day_ma,0.06285418
Volume,0.06278177
Low,0.0562333
High,0.055166565
daily_return,0.054523367
volatility_10,0.054469213
Open,0.053775985
BB_lower,0.05217224
MACD,0.048732862
20_day_ma,0.045733783
Close,0.041608684
