Feature,Importance
BB_upper,0.06987633
volatility_10,0.06268299
BB_lower,0.061924692
20_day_std,0.061859615
daily_return,0.06133241
Open,0.06101563
Low,0.060002197
Volume,0.0598588
10_day_ma,0.05907737
RSI_14,0.058664687
MACD,0.058287647
20_day_ma,0.057677086
5_day_ma,0.05758952
volume_change,0.055680893
High,0.053274445
Close,0.051328167
MACD_signal,0.049867492
