Feature,Importance
High,0.068866365
Low,0.06843468
20_day_ma,0.067164
Volume,0.06435583
Open,0.0642461
BB_lower,0.06290135
5_day_ma,0.06149814
MACD,0.05817138
BB_upper,0.05811728
volume_change,0.05782029
volatility_10,0.055110723
MACD_signal,0.054308623
RSI_14,0.05363074
20_day_std,0.053557638
10_day_ma,0.053014554
Close,0.052102845
daily_return,0.0466995
