Feature,Importance
10_day_ma,0.0741525
BB_lower,0.06672415
MACD_signal,0.0635802
High,0.062323477
BB_upper,0.05992016
Low,0.05944771
daily_return,0.057516195
20_day_std,0.057305105
Open,0.057111874
Volume,0.056841027
20_day_ma,0.056554988
5_day_ma,0.056364633
volume_change,0.05506987
Close,0.054853167
RSI_14,0.054204624
MACD,0.05409547
volatility_10,0.053934854
