Feature,Importance
BB_lower,0.065730825
10_day_ma,0.06562052
Low,0.06535149
BB_upper,0.06435257
RSI_14,0.062026415
20_day_std,0.06101967
20_day_ma,0.060083367
MACD_signal,0.059758667
5_day_ma,0.059125524
MACD,0.0581776
volume_change,0.056583628
Close,0.056319267
High,0.054823034
daily_return,0.05453757
Open,0.0529859
Volume,0.052422926
volatility_10,0.051081013
