Feature,Importance
5_day_ma,0.069033444
MACD,0.06846102
High,0.067862384
MACD_signal,0.06218621
20_day_std,0.062150072
BB_lower,0.06201315
Low,0.060763076
RSI_14,0.060036756
volume_change,0.05948088
Close,0.05858891
volatility_10,0.056991715
BB_upper,0.05653391
daily_return,0.05646018
Open,0.052805323
20_day_ma,0.05106504
Volume,0.049896378
10_day_ma,0.045671564
