Feature,Importance
10_day_ma,0.0711287
Low,0.06777979
MACD_signal,0.06480862
Volume,0.06469285
volatility_10,0.06356831
MACD,0.062692136
BB_upper,0.062351186
BB_lower,0.06132538
5_day_ma,0.06079186
20_day_std,0.06016954
Open,0.059240937
volume_change,0.054298185
20_day_ma,0.05425048
daily_return,0.053496018
Close,0.04711622
High,0.046959404
RSI_14,0.045330342
