Feature,Importance
Low,0.06908223
High,0.06817231
5_day_ma,0.06709497
Open,0.06652482
MACD_signal,0.064054735
BB_upper,0.061920438
20_day_std,0.060142294
Close,0.059188925
MACD,0.05817255
daily_return,0.057129446
10_day_ma,0.056103744
Volume,0.055221006
20_day_ma,0.054048106
BB_lower,0.053591993
RSI_14,0.052202325
volume_change,0.051665913
volatility_10,0.045684125
