Feature,Importance
Low,0.07375941
Open,0.06913489
High,0.068534605
BB_lower,0.06662253
5_day_ma,0.063098855
10_day_ma,0.06296348
20_day_ma,0.061966173
Close,0.059913613
volume_change,0.059428386
BB_upper,0.05784965
MACD_signal,0.057702526
20_day_std,0.05339726
daily_return,0.051081948
RSI_14,0.05058022
Volume,0.048577547
volatility_10,0.04807245
MACD,0.04731646
