Feature,Importance
20_day_std,0.07774715
5_day_ma,0.07402608
volume_change,0.07113217
BB_lower,0.070752986
Open,0.066947974
Low,0.06557657
MACD_signal,0.06477353
RSI_14,0.06322266
BB_upper,0.058039878
10_day_ma,0.056143757
daily_return,0.0535928
High,0.051327486
Volume,0.049709775
MACD,0.047852993
Close,0.047155254
volatility_10,0.043106955
20_day_ma,0.03889199
