Feature,Importance
Open,0.07236873
Close,0.0697944
20_day_ma,0.065354824
20_day_std,0.06231464
10_day_ma,0.06138594
MACD_signal,0.060614146
Low,0.0591635
BB_upper,0.05872717
BB_lower,0.057973966
Volume,0.056647796
High,0.05636093
daily_return,0.0556654
RSI_14,0.05566036
volatility_10,0.054992177
MACD,0.052327085
volume_change,0.051165745
5_day_ma,0.049483147
