Feature,Importance
MACD,0.07352686
Open,0.07094344
volume_change,0.068899274
5_day_ma,0.06720567
volatility_10,0.06512428
daily_return,0.06314669
Volume,0.060952004
Low,0.06040087
BB_upper,0.05919761
High,0.05908194
MACD_signal,0.05357483
Close,0.053400792
RSI_14,0.052563213
20_day_ma,0.051099136
BB_lower,0.048826933
20_day_std,0.048711102
10_day_ma,0.0433454
