Feature,Importance
Close,0.072895974
MACD_signal,0.069700666
BB_upper,0.06926275
MACD,0.06606979
volatility_10,0.06424931
10_day_ma,0.063632034
High,0.06311808
Open,0.06174437
RSI_14,0.06032164
daily_return,0.05816269
BB_lower,0.056178514
Low,0.054183807
20_day_std,0.052954458
Volume,0.0514497
5_day_ma,0.051343255
20_day_ma,0.04336962
volume_change,0.04136328
