Feature,Importance
volatility_10,0.078764826
MACD_signal,0.06403517
volume_change,0.06267232
10_day_ma,0.062493872
BB_upper,0.061410725
MACD,0.0609554
Volume,0.06074952
RSI_14,0.060702793
Open,0.05966992
daily_return,0.0591864
20_day_ma,0.057932295
Close,0.057904385
High,0.054068677
BB_lower,0.05310195
20_day_std,0.05258534
Low,0.04883234
5_day_ma,0.044934034
