Feature,Importance
Low,0.08366929
Close,0.070665434
RSI_14,0.06864245
MACD_signal,0.064781465
5_day_ma,0.064069375
Open,0.062668025
20_day_ma,0.06178209
BB_upper,0.061664637
High,0.05938081
MACD,0.057282176
10_day_ma,0.055510383
volatility_10,0.05510757
volume_change,0.049502607
Volume,0.0491587
20_day_std,0.0480053
daily_return,0.046061546
BB_lower,0.04204806
