Feature,Importance
Low,0.0925408
High,0.07555152
5_day_ma,0.066800125
Close,0.06079012
Open,0.059159517
Volume,0.057679273
20_day_std,0.05740384
MACD,0.055767532
BB_upper,0.055670626
daily_return,0.055535074
volume_change,0.055499233
volatility_10,0.054698795
RSI_14,0.053294912
20_day_ma,0.051070593
10_day_ma,0.050541833
MACD_signal,0.04900519
BB_lower,0.048991047
