Feature,Importance
MACD_signal,0.07033887
volatility_10,0.069680244
High,0.06709662
20_day_ma,0.06493734
Open,0.06316264
20_day_std,0.06199269
10_day_ma,0.059637833
MACD,0.05890827
Volume,0.05795153
5_day_ma,0.057128903
BB_lower,0.055681918
Close,0.055411838
Low,0.05495471
BB_upper,0.054133568
RSI_14,0.051837865
volume_change,0.048587084
daily_return,0.048558086
