Feature,Importance
Low,0.076631136
20_day_ma,0.07619079
BB_lower,0.06709481
volatility_10,0.06597545
10_day_ma,0.06303839
5_day_ma,0.06255732
Volume,0.06241091
BB_upper,0.061708134
High,0.06071778
20_day_std,0.05655562
volume_change,0.05507649
MACD_signal,0.054976396
daily_return,0.049701583
RSI_14,0.048198186
Close,0.047698986
MACD,0.046562683
Open,0.044905372
