Feature,Importance
10_day_ma,0.08698122
Open,0.083517104
5_day_ma,0.065609016
BB_upper,0.06036437
volatility_10,0.058971584
Volume,0.058923278
volume_change,0.05877582
High,0.056256052
20_day_ma,0.056137335
Close,0.05571418
MACD_signal,0.05527783
BB_lower,0.05344395
daily_return,0.052922327
RSI_14,0.05106332
MACD,0.050843824
20_day_std,0.050726898
Low,0.04447186
