Feature,Importance
RSI_14,0.079141475
10_day_ma,0.06767776
MACD,0.06439168
volume_change,0.06304772
5_day_ma,0.0614933
Open,0.061475947
High,0.060396716
20_day_ma,0.059658214
BB_upper,0.058555927
20_day_std,0.058518883
volatility_10,0.05807048
MACD_signal,0.057596676
Volume,0.05590482
daily_return,0.05272762
Low,0.04970504
Close,0.048753064
BB_lower,0.042884644
