Feature,Importance
BB_upper,0.07409266
Close,0.07169301
Low,0.069677785
20_day_ma,0.06706843
Volume,0.06701281
volume_change,0.06530291
5_day_ma,0.06524597
MACD,0.061763532
BB_lower,0.05943714
RSI_14,0.05764902
MACD_signal,0.052123826
10_day_ma,0.05156345
volatility_10,0.05151007
High,0.050491177
daily_return,0.046780407
20_day_std,0.045665573
Open,0.04292226
