Feature,Importance
volatility_10,0.069549814
BB_upper,0.06724522
MACD_signal,0.063348554
volume_change,0.06293071
20_day_ma,0.062269486
Volume,0.061349392
daily_return,0.059792094
10_day_ma,0.059062857
Open,0.058891572
BB_lower,0.056892414
MACD,0.056220792
5_day_ma,0.056013446
Close,0.05494937
High,0.053632412
RSI_14,0.05338246
20_day_std,0.053269066
Low,0.051200327
