Feature,Importance
Low,0.07632376
MACD_signal,0.07509079
Open,0.06808197
BB_upper,0.066368625
volume_change,0.06630379
MACD,0.06439073
Close,0.06293472
RSI_14,0.061453227
BB_lower,0.056998976
5_day_ma,0.05493637
daily_return,0.052710436
20_day_std,0.0525285
Volume,0.0519665
High,0.050506853
20_day_ma,0.05005158
volatility_10,0.046232726
10_day_ma,0.043120462
