Feature,Importance
High,0.08569433
Low,0.07314004
volatility_10,0.06889683
BB_upper,0.067727186
10_day_ma,0.06693151
Volume,0.061612442
volume_change,0.05517453
daily_return,0.054916386
MACD,0.05467166
20_day_ma,0.053208463
Close,0.053164415
BB_lower,0.052717727
5_day_ma,0.052690707
MACD_signal,0.052349888
RSI_14,0.050600547
20_day_std,0.049716905
Open,0.046786413
