Feature,Importance
Close,0.080929734
RSI_14,0.07602348
Low,0.06886769
Open,0.067153156
daily_return,0.063990854
10_day_ma,0.061786257
MACD,0.059408963
20_day_std,0.058564413
volume_change,0.057344045
BB_upper,0.056859914
volatility_10,0.054729097
BB_lower,0.051977567
Volume,0.051492445
20_day_ma,0.050001446
5_day_ma,0.04879393
MACD_signal,0.04749967
High,0.04457727
