Feature,Importance
Open,0.07682363
5_day_ma,0.07226466
Close,0.06495206
RSI_14,0.06474031
Low,0.060716018
20_day_ma,0.05894144
volatility_10,0.058414243
volume_change,0.058181103
daily_return,0.058041528
BB_lower,0.05721121
20_day_std,0.056678206
High,0.056205943
BB_upper,0.054254077
Volume,0.053811196
10_day_ma,0.05253592
MACD_signal,0.049244355
MACD,0.04698406
