Feature,Importance
BB_lower,0.07469099
20_day_ma,0.0686053
20_day_std,0.067126706
daily_return,0.063076936
volume_change,0.062375296
Low,0.061751407
volatility_10,0.06016143
5_day_ma,0.057647716
10_day_ma,0.05754907
MACD_signal,0.05543156
MACD,0.055405613
High,0.05521108
BB_upper,0.05487716
RSI_14,0.053857267
Open,0.052742116
Volume,0.050202806
Close,0.04928758
