Feature,Importance
10_day_ma,0.06874533
BB_upper,0.06804789
Open,0.06735411
20_day_ma,0.06600396
Low,0.06508808
RSI_14,0.062913634
volume_change,0.06191093
BB_lower,0.05918958
Volume,0.058875065
volatility_10,0.05571397
MACD,0.05548271
5_day_ma,0.054686107
High,0.05348834
MACD_signal,0.05325271
Close,0.05301171
20_day_std,0.04895483
daily_return,0.0472811
