Feature,Importance
MACD_signal,0.074552365
Low,0.06815918
Open,0.067262724
volatility_10,0.066876404
Volume,0.06628404
20_day_std,0.06503088
High,0.06381538
20_day_ma,0.05654432
Close,0.05643703
5_day_ma,0.055914678
MACD,0.055758562
daily_return,0.055334195
RSI_14,0.05147154
BB_lower,0.05041073
BB_upper,0.049229197
10_day_ma,0.048631705
volume_change,0.048287053
