Feature,Importance
volatility_10,0.0750167
MACD,0.07097611
MACD_signal,0.065481246
5_day_ma,0.06500584
20_day_std,0.06488244
Volume,0.063130766
Close,0.06306638
BB_upper,0.062240824
Low,0.060287133
BB_lower,0.05833156
20_day_ma,0.05439914
volume_change,0.05365846
10_day_ma,0.0530348
RSI_14,0.049414255
Open,0.047555257
daily_return,0.047235467
High,0.046283633
