Feature,Importance
High,0.07129443
10_day_ma,0.06937023
Volume,0.06437539
volatility_10,0.06436159
BB_lower,0.06277927
daily_return,0.061928716
Low,0.061215915
5_day_ma,0.059669826
MACD,0.05764102
volume_change,0.05705106
MACD_signal,0.056684464
20_day_std,0.05620686
Close,0.05296696
RSI_14,0.052686296
BB_upper,0.051725358
Open,0.050830018
20_day_ma,0.04921261
