Feature,Importance
MACD,0.0786394
volatility_10,0.07821044
RSI_14,0.07796499
5_day_ma,0.07136463
MACD_signal,0.071040824
Volume,0.06782376
20_day_std,0.06189864
Close,0.06069895
10_day_ma,0.060564984
20_day_ma,0.0574888
volume_change,0.055892147
Low,0.052825745
daily_return,0.051212847
BB_upper,0.047359977
High,0.04294224
Open,0.03751066
BB_lower,0.026560862
