Feature,Importance
High,0.07839012
10_day_ma,0.07688232
MACD_signal,0.07444888
MACD,0.072163835
Volume,0.066944465
Close,0.06438187
5_day_ma,0.05997049
BB_upper,0.059533894
daily_return,0.055922277
RSI_14,0.055457395
Low,0.051392153
20_day_std,0.050849095
BB_lower,0.050107036
volume_change,0.049790043
volatility_10,0.04628096
20_day_ma,0.044391576
Open,0.043093592
