Feature,Importance
Open,0.07968867
20_day_ma,0.07589516
BB_lower,0.07574411
Volume,0.07440814
5_day_ma,0.06957216
Low,0.06716293
volatility_10,0.06260333
High,0.06157885
BB_upper,0.054015502
volume_change,0.05344104
20_day_std,0.052256837
MACD,0.050863888
RSI_14,0.050515167
MACD_signal,0.050105017
Close,0.04444526
daily_return,0.041313365
10_day_ma,0.036390558
