Feature,Importance
5_day_ma,0.07954489
MACD,0.07747938
20_day_ma,0.071699224
BB_lower,0.06965116
20_day_std,0.06662451
Close,0.06650197
BB_upper,0.06130441
High,0.060405523
volume_change,0.05984831
volatility_10,0.055345617
Volume,0.052528813
Low,0.052082963
RSI_14,0.04971687
daily_return,0.04798141
MACD_signal,0.047784347
Open,0.041099053
10_day_ma,0.04040159
