Feature,Importance
BB_upper,0.07241421
20_day_ma,0.07223442
Open,0.07051644
BB_lower,0.06872501
Low,0.068352096
daily_return,0.064651996
Close,0.063804194
MACD,0.060669396
volume_change,0.05744148
5_day_ma,0.05738064
Volume,0.057194073
volatility_10,0.056884293
MACD_signal,0.054100696
20_day_std,0.05128955
RSI_14,0.04578505
High,0.041423883
10_day_ma,0.037132546
