Feature,Importance
Low,0.07122154
MACD_signal,0.067082115
High,0.064860575
10_day_ma,0.064067945
BB_lower,0.060868636
20_day_std,0.060239065
RSI_14,0.0594332
5_day_ma,0.057952695
Close,0.057770245
BB_upper,0.057560258
Open,0.05632971
MACD,0.05584219
volatility_10,0.05576787
daily_return,0.055442117
Volume,0.055023514
20_day_ma,0.051610336
volume_change,0.048928007
