Feature,Importance
MACD,0.06743277
RSI_14,0.0662351
20_day_ma,0.0635934
BB_upper,0.06333225
Volume,0.06285732
MACD_signal,0.06243717
Low,0.059371512
5_day_ma,0.05927315
10_day_ma,0.05909938
volatility_10,0.05785933
20_day_std,0.056843694
High,0.055769503
Close,0.055300068
daily_return,0.05469517
volume_change,0.054014273
Open,0.05370743
BB_lower,0.04817849
