Feature,Importance
BB_lower,0.06876685
Low,0.0680413
MACD_signal,0.06720473
MACD,0.0652082
High,0.06487512
BB_upper,0.064267226
Close,0.06411859
volatility_10,0.06303388
Volume,0.062814616
volume_change,0.059364874
daily_return,0.057237197
5_day_ma,0.055729847
RSI_14,0.054843895
Open,0.053930838
20_day_std,0.04915392
20_day_ma,0.0432599
10_day_ma,0.038148995
