Feature,Importance
MACD_signal,0.06908014
5_day_ma,0.068633065
Open,0.0675818
MACD,0.0651705
volume_change,0.0634587
BB_lower,0.06335216
20_day_std,0.05935943
BB_upper,0.058699485
daily_return,0.056784797
volatility_10,0.056532953
Low,0.055928677
Volume,0.055707898
RSI_14,0.0554572
Close,0.05495456
High,0.052689858
10_day_ma,0.051999744
20_day_ma,0.04460903
