Feature,Importance
Open,0.06460919
MACD_signal,0.06400023
MACD,0.06361943
BB_upper,0.062894695
10_day_ma,0.06154356
20_day_std,0.06085763
5_day_ma,0.06064892
BB_lower,0.058816478
Close,0.05760418
RSI_14,0.05739481
daily_return,0.057174727
Low,0.05666709
volatility_10,0.05643457
20_day_ma,0.055159476
volume_change,0.054832578
Volume,0.05463144
High,0.053111054
