Feature,Importance
10_day_ma,0.092177786
Low,0.07622717
Open,0.06999257
Volume,0.060607404
20_day_ma,0.058213394
5_day_ma,0.057718936
BB_lower,0.05767655
volume_change,0.057510857
daily_return,0.05737301
Close,0.05583958
MACD,0.055831693
volatility_10,0.052894294
High,0.05285516
20_day_std,0.0526078
RSI_14,0.04938321
MACD_signal,0.04792762
BB_upper,0.045162987
