Feature,Importance
5_day_ma,0.06978428
daily_return,0.068537444
BB_upper,0.065423675
High,0.06391128
Volume,0.061860215
Low,0.061659936
MACD,0.06078654
volatility_10,0.059430797
20_day_std,0.05934352
BB_lower,0.059015628
MACD_signal,0.056718
20_day_ma,0.05546489
RSI_14,0.054691304
volume_change,0.05441578
10_day_ma,0.051078487
Open,0.049303904
Close,0.048574295
