Feature,Importance
Volume,0.07369842
MACD,0.07275618
20_day_ma,0.066634156
Open,0.06557432
High,0.06532833
MACD_signal,0.062074684
Close,0.060728785
BB_lower,0.057422332
Low,0.05690909
20_day_std,0.056758363
BB_upper,0.05670134
daily_return,0.05483211
RSI_14,0.05381913
volume_change,0.052573033
5_day_ma,0.050057452
10_day_ma,0.048099976
volatility_10,0.046032302
