Feature,Importance
MACD_signal,0.070923805
volatility_10,0.06640519
Low,0.065379195
5_day_ma,0.06382911
BB_lower,0.061243318
BB_upper,0.06097175
20_day_ma,0.05964479
Volume,0.059553668
20_day_std,0.05864676
Open,0.058043584
10_day_ma,0.055909652
RSI_14,0.05410125
MACD,0.053659197
volume_change,0.053608503
Close,0.052827008
High,0.05262671
daily_return,0.0526265
