Feature,Importance
BB_upper,0.07704978
volatility_10,0.06862322
Volume,0.063066594
daily_return,0.06040889
MACD_signal,0.05995125
10_day_ma,0.05990749
5_day_ma,0.059445094
volume_change,0.059268795
MACD,0.05897963
Low,0.05811638
BB_lower,0.057098195
High,0.055401728
20_day_ma,0.054619513
20_day_std,0.054240562
Open,0.052707016
Close,0.051304717
RSI_14,0.049811162
