Feature,Importance
20_day_std,0.07241186
Low,0.07031267
MACD_signal,0.0697146
20_day_ma,0.06822697
MACD,0.065676525
RSI_14,0.06520652
volatility_10,0.06296443
volume_change,0.060598813
BB_upper,0.059437107
Close,0.056211483
High,0.05585134
BB_lower,0.055758085
10_day_ma,0.054462172
daily_return,0.04908364
Volume,0.045917597
Open,0.044678878
5_day_ma,0.043487344
