Feature,Importance
5_day_ma,0.07005371
High,0.06462846
BB_upper,0.064584136
Open,0.06288219
Low,0.06228115
RSI_14,0.06150651
20_day_ma,0.060685225
MACD_signal,0.059146047
Volume,0.058952212
daily_return,0.05843571
volatility_10,0.058362875
volume_change,0.057519205
BB_lower,0.05701925
20_day_std,0.056850884
MACD,0.053774957
10_day_ma,0.046891898
Close,0.0464255
