Feature,Importance
BB_lower,0.08495918
Low,0.07003023
20_day_std,0.06355032
BB_upper,0.061769363
MACD,0.06131743
volume_change,0.06088366
20_day_ma,0.059972804
daily_return,0.058856398
RSI_14,0.05825408
10_day_ma,0.055991225
MACD_signal,0.055578448
5_day_ma,0.055034082
Close,0.05275101
volatility_10,0.05222196
Volume,0.051104907
Open,0.05109197
High,0.046632905
