Feature,Importance
BB_upper,0.06584998
Low,0.065163694
MACD_signal,0.06476678
Open,0.062101748
High,0.06170662
MACD,0.061331384
5_day_ma,0.05961261
RSI_14,0.05936211
10_day_ma,0.05836583
20_day_ma,0.05828483
Close,0.057844263
volume_change,0.057558257
20_day_std,0.05744311
BB_lower,0.053848594
volatility_10,0.053687546
daily_return,0.053159464
Volume,0.04991317
