Feature,Importance
High,0.0646584
Open,0.0644713
daily_return,0.0627278
Low,0.0613516
BB_lower,0.060739357
10_day_ma,0.060230974
20_day_std,0.05916265
MACD_signal,0.0590183
Volume,0.058699075
RSI_14,0.058588564
BB_upper,0.058387056
Close,0.057804238
MACD,0.057491
volatility_10,0.05722744
20_day_ma,0.05462739
volume_change,0.053446677
5_day_ma,0.051368188
