Feature,Importance
10_day_ma,0.07984974
Low,0.07723009
Close,0.067933254
Volume,0.067876875
20_day_ma,0.06601899
RSI_14,0.06421161
5_day_ma,0.057704397
High,0.05637577
Open,0.055911604
20_day_std,0.05513236
BB_upper,0.053675342
volume_change,0.053482357
BB_lower,0.052242737
daily_return,0.052204188
MACD,0.050977685
MACD_signal,0.045874916
volatility_10,0.043298084
