Feature,Importance
RSI_14,0.078168824
Close,0.06630337
MACD_signal,0.06381613
20_day_std,0.06375505
20_day_ma,0.06113746
volume_change,0.06048724
High,0.05993551
Open,0.059876844
BB_upper,0.059116844
5_day_ma,0.05802751
Low,0.057167478
daily_return,0.054899316
10_day_ma,0.05374722
MACD,0.053700995
volatility_10,0.053508498
Volume,0.051568493
BB_lower,0.044783115
