Feature,Importance
High,0.09230097
Close,0.08755013
20_day_ma,0.0816276
Open,0.06948631
Volume,0.061865594
volatility_10,0.06062409
BB_lower,0.05959481
Low,0.05826321
MACD,0.055680618
volume_change,0.051502887
5_day_ma,0.049209904
daily_return,0.04855136
BB_upper,0.04814532
RSI_14,0.04508248
10_day_ma,0.043953653
20_day_std,0.04382469
MACD_signal,0.042736437
