Feature,Importance
20_day_ma,0.06709141
BB_upper,0.06698444
MACD,0.06436478
volume_change,0.06399746
volatility_10,0.063482285
Volume,0.061478283
High,0.061441638
5_day_ma,0.06119744
daily_return,0.059143037
10_day_ma,0.05840349
20_day_std,0.05496469
Open,0.054032214
Low,0.053887676
RSI_14,0.05339966
MACD_signal,0.05254578
Close,0.05197609
BB_lower,0.051609468
