Feature,Importance
BB_lower,0.07000368
MACD,0.06980738
MACD_signal,0.06832971
Low,0.06410264
Open,0.06359235
5_day_ma,0.060231913
10_day_ma,0.059447046
daily_return,0.058908194
High,0.058405586
20_day_std,0.058340292
BB_upper,0.05818457
volatility_10,0.05498907
20_day_ma,0.05383724
Close,0.05350365
RSI_14,0.050461557
volume_change,0.049555067
Volume,0.048300102
