Feature,Importance
BB_upper,0.10061361
volume_change,0.06851653
5_day_ma,0.066962965
daily_return,0.063796416
BB_lower,0.059428405
Open,0.058618713
High,0.05839749
volatility_10,0.05838467
Volume,0.053728737
10_day_ma,0.053010006
RSI_14,0.052946754
MACD_signal,0.05254815
20_day_std,0.052505188
MACD,0.052111182
Close,0.051906824
20_day_ma,0.04922246
Low,0.04730192
