Feature,Importance
MACD_signal,0.07588872
BB_upper,0.07237007
20_day_std,0.071367346
volatility_10,0.070873745
High,0.06616335
20_day_ma,0.06422496
MACD,0.059879616
Volume,0.059415244
Low,0.058825918
Close,0.05686338
5_day_ma,0.05622995
volume_change,0.05280729
RSI_14,0.05058667
daily_return,0.04990523
10_day_ma,0.048401717
BB_lower,0.047454678
Open,0.03874214
