Feature,Importance
10_day_ma,0.07674288
Open,0.063515976
volatility_10,0.062041588
20_day_std,0.06193386
MACD_signal,0.061652932
BB_upper,0.06074379
MACD,0.05955343
daily_return,0.058843132
Close,0.05851144
Volume,0.058299232
20_day_ma,0.05713771
volume_change,0.056262426
High,0.055723798
BB_lower,0.054506406
RSI_14,0.0532045
5_day_ma,0.053036854
Low,0.048290003
