Feature,Importance
Close,0.082099244
20_day_ma,0.07713723
High,0.06329039
Volume,0.06264022
BB_upper,0.06187039
10_day_ma,0.060991753
BB_lower,0.060943324
volume_change,0.06027175
RSI_14,0.05975863
MACD_signal,0.058159914
Low,0.058095433
5_day_ma,0.057451453
volatility_10,0.05186783
MACD,0.049806662
daily_return,0.047050163
20_day_std,0.046606522
Open,0.041959167
