Feature,Importance
High,0.07168187
volume_change,0.07043682
Low,0.06926314
BB_lower,0.06655224
Close,0.06242229
volatility_10,0.061960775
20_day_std,0.061424907
10_day_ma,0.060260277
Volume,0.060099427
5_day_ma,0.05747156
MACD,0.0551286
20_day_ma,0.054810535
MACD_signal,0.05425262
daily_return,0.053095814
Open,0.05101673
BB_upper,0.045969855
RSI_14,0.044152517
