Feature,Importance
Low,0.07503885
20_day_std,0.07309536
volume_change,0.0662574
RSI_14,0.06615332
10_day_ma,0.06420418
MACD,0.061342154
5_day_ma,0.05953756
BB_lower,0.05763121
High,0.056453668
Close,0.05570095
Open,0.054829307
volatility_10,0.053705998
daily_return,0.053660087
MACD_signal,0.051278595
20_day_ma,0.051263284
BB_upper,0.051017128
Volume,0.04883088
