Feature,Importance
Low,0.08130743
20_day_std,0.080124
20_day_ma,0.071363084
High,0.06715553
10_day_ma,0.0645551
RSI_14,0.062913045
BB_upper,0.059444018
MACD_signal,0.058777478
5_day_ma,0.05560128
volume_change,0.055465877
MACD,0.053280365
volatility_10,0.05298656
daily_return,0.050823025
Volume,0.04947053
Close,0.04914287
BB_lower,0.04823272
Open,0.039357092
