Feature,Importance
Close,0.08049649
BB_upper,0.07735252
MACD,0.065617
20_day_ma,0.06530484
Low,0.064723544
RSI_14,0.06401782
High,0.06321465
5_day_ma,0.062294457
MACD_signal,0.05969889
volatility_10,0.058600526
Open,0.054883927
volume_change,0.05266499
Volume,0.050563302
20_day_std,0.047198303
10_day_ma,0.046316806
BB_lower,0.0444461
daily_return,0.042605877
