Feature,Importance
Low,0.07170566
High,0.070185035
Open,0.06933028
20_day_ma,0.06924989
5_day_ma,0.06669397
volatility_10,0.060292367
BB_lower,0.057816133
20_day_std,0.057771944
10_day_ma,0.057370223
RSI_14,0.05523373
BB_upper,0.05415145
MACD,0.053640116
volume_change,0.05285684
Volume,0.052323774
Close,0.05214129
MACD_signal,0.050540388
daily_return,0.048696935
