Feature,Importance
BB_upper,0.07217997
MACD,0.07141219
5_day_ma,0.07027123
Low,0.06918132
20_day_ma,0.0675628
RSI_14,0.064086676
MACD_signal,0.06236401
volume_change,0.059391372
Open,0.057630885
BB_lower,0.056888893
High,0.053928882
Close,0.052120484
20_day_std,0.0508359
daily_return,0.050712172
volatility_10,0.049487088
10_day_ma,0.049081404
Volume,0.04286468
