Feature,Importance
10_day_ma,0.07651677
High,0.0721824
Low,0.07203092
Open,0.06539138
Volume,0.06459058
volatility_10,0.06422832
MACD,0.06362152
Close,0.061879374
volume_change,0.061226647
BB_upper,0.05317466
daily_return,0.05256495
MACD_signal,0.052255616
RSI_14,0.051868357
20_day_ma,0.051067196
BB_lower,0.0501519
5_day_ma,0.04524713
20_day_std,0.04200224
