Feature,Importance
RSI_14,0.068093576
Low,0.06809355
High,0.06692253
BB_lower,0.06219133
MACD,0.062115856
Close,0.061805256
Volume,0.060513724
BB_upper,0.059194718
10_day_ma,0.05887101
daily_return,0.05777114
20_day_std,0.055768576
20_day_ma,0.0557092
volume_change,0.055446852
MACD_signal,0.053609036
5_day_ma,0.05226775
Open,0.052221935
volatility_10,0.049403943
