Feature,Importance
10_day_ma,0.06887979
RSI_14,0.06560201
High,0.06488818
20_day_ma,0.062454667
Volume,0.0617163
BB_upper,0.060939312
Low,0.06059389
BB_lower,0.059816334
volume_change,0.05749521
MACD_signal,0.057427257
20_day_std,0.056138597
volatility_10,0.055955414
daily_return,0.055663615
MACD,0.053610414
Open,0.053427182
5_day_ma,0.053084284
Close,0.052307524
