Feature,Importance
Low,0.066162854
High,0.0657625
BB_lower,0.062706485
Close,0.061647892
volatility_10,0.06043723
Volume,0.0600999
MACD,0.059275135
BB_upper,0.058955446
volume_change,0.05884697
RSI_14,0.058485944
10_day_ma,0.057510044
MACD_signal,0.057241287
5_day_ma,0.05695209
20_day_ma,0.056834828
20_day_std,0.053651474
daily_return,0.053583335
Open,0.051846553
