Feature,Importance
Low,0.07053264
5_day_ma,0.067305975
MACD,0.06701038
Volume,0.063650146
Open,0.06335655
volume_change,0.060804505
MACD_signal,0.060791116
20_day_ma,0.05868552
volatility_10,0.057207156
20_day_std,0.057065535
10_day_ma,0.055851378
daily_return,0.055122014
BB_upper,0.053237736
High,0.053166226
Close,0.05306546
RSI_14,0.05305764
BB_lower,0.050089967
