Feature,Importance
BB_upper,0.07117374
MACD_signal,0.06911717
Low,0.06423447
MACD,0.06376791
High,0.062544174
5_day_ma,0.061670657
volume_change,0.060336422
Close,0.058800995
RSI_14,0.05723297
20_day_ma,0.056611415
BB_lower,0.05653915
volatility_10,0.05412465
Open,0.05395152
Volume,0.053854488
10_day_ma,0.05275723
daily_return,0.052507747
20_day_std,0.050775316
