Feature,Importance
BB_upper,0.07083212
20_day_ma,0.070186935
Low,0.065469496
Open,0.062951274
5_day_ma,0.062307954
10_day_ma,0.06105206
RSI_14,0.060908478
volume_change,0.05876191
BB_lower,0.05863928
Volume,0.057885744
MACD,0.056957133
volatility_10,0.054443203
MACD_signal,0.054106213
Close,0.054076105
20_day_std,0.053159215
High,0.050355464
daily_return,0.047907334
