Feature,Importance
High,0.064782396
MACD,0.064461
20_day_std,0.06437217
BB_lower,0.064192444
MACD_signal,0.06392304
BB_upper,0.06391648
5_day_ma,0.0604221
Volume,0.05883167
10_day_ma,0.057962053
daily_return,0.057255812
volume_change,0.057249736
volatility_10,0.056935214
20_day_ma,0.05555326
RSI_14,0.05537427
Low,0.055110756
Close,0.04989299
Open,0.049764607
