Feature,Importance
BB_upper,0.07640128
High,0.070992336
BB_lower,0.07035512
MACD,0.063977174
20_day_std,0.06147397
20_day_ma,0.060318116
volatility_10,0.05907401
Open,0.058492247
volume_change,0.057292122
5_day_ma,0.056394305
10_day_ma,0.055603903
Low,0.055147592
daily_return,0.053571355
RSI_14,0.05224455
Volume,0.051464655
MACD_signal,0.04906419
Close,0.04813314
