Feature,Importance
Open,0.07585938
MACD_signal,0.073537424
20_day_std,0.06350305
Low,0.06276438
Volume,0.062661946
Close,0.0622037
High,0.061198298
BB_lower,0.05948469
10_day_ma,0.056185428
volume_change,0.055811375
MACD,0.055126883
20_day_ma,0.055028904
BB_upper,0.05400127
RSI_14,0.052675605
daily_return,0.05222947
5_day_ma,0.05072678
volatility_10,0.047001425
