Feature,Importance
MACD_signal,0.084311016
volatility_10,0.08223925
BB_lower,0.07616195
Close,0.06759551
MACD,0.06726803
High,0.06254917
5_day_ma,0.06138916
volume_change,0.059031084
10_day_ma,0.052261453
20_day_ma,0.051856317
Low,0.051344655
20_day_std,0.050766513
Open,0.049321257
daily_return,0.047689483
RSI_14,0.047033302
Volume,0.045379095
BB_upper,0.04380272
