Feature,Importance
MACD,0.06667223
Low,0.065579705
5_day_ma,0.062289044
20_day_std,0.061049085
Open,0.06074054
BB_lower,0.060336895
volume_change,0.059680853
BB_upper,0.059663743
MACD_signal,0.05879959
High,0.058253497
daily_return,0.058047123
volatility_10,0.05793642
20_day_ma,0.055760454
Volume,0.055173486
RSI_14,0.054949813
Close,0.054847546
10_day_ma,0.050220028
