Feature,Importance
volatility_10,0.08590747
5_day_ma,0.07349886
MACD_signal,0.07328456
Low,0.07233855
Open,0.0642742
BB_lower,0.061719995
BB_upper,0.06106231
MACD,0.057117753
Close,0.05679538
daily_return,0.05532521
Volume,0.055223256
High,0.053417962
volume_change,0.052952047
10_day_ma,0.051246785
20_day_std,0.04498773
RSI_14,0.041510914
20_day_ma,0.039337087
