Feature,Importance
Close,0.07202909
Low,0.07051252
BB_upper,0.06962199
20_day_std,0.06605791
BB_lower,0.064352654
High,0.06408398
Open,0.06364731
10_day_ma,0.05582854
MACD_signal,0.054563526
RSI_14,0.054138508
daily_return,0.053823013
Volume,0.053574946
5_day_ma,0.0521762
volume_change,0.052048292
20_day_ma,0.051820457
MACD,0.051484205
volatility_10,0.05023679
