Feature,Importance
RSI_14,0.069474615
volatility_10,0.06464311
20_day_ma,0.064176686
High,0.06400491
MACD,0.0639815
Open,0.062879466
20_day_std,0.06156508
daily_return,0.061169505
volume_change,0.06018149
Volume,0.059990507
5_day_ma,0.058012232
BB_upper,0.05686194
MACD_signal,0.053652674
Low,0.05260294
BB_lower,0.05069127
Close,0.048582885
10_day_ma,0.04752923
