Feature,Importance
Open,0.07206289
MACD,0.06915405
20_day_ma,0.062738016
volatility_10,0.06144032
5_day_ma,0.06114653
10_day_ma,0.06056333
volume_change,0.059825864
MACD_signal,0.05913485
BB_lower,0.05867037
Volume,0.057993058
20_day_std,0.057615235
Low,0.056999788
Close,0.055336446
daily_return,0.054610346
BB_upper,0.05317826
High,0.052787762
RSI_14,0.046742927
