Feature,Importance
RSI_14,0.069457486
Low,0.0657623
MACD,0.065431565
Open,0.06415148
BB_upper,0.061483145
BB_lower,0.0610049
20_day_std,0.060184505
10_day_ma,0.0596313
daily_return,0.059583634
5_day_ma,0.05855835
Volume,0.056401543
volatility_10,0.0556287
volume_change,0.054552052
Close,0.054150082
20_day_ma,0.052460343
MACD_signal,0.05168463
High,0.04987397
