Feature,Importance
RSI_14,0.06231033
BB_upper,0.06218508
5_day_ma,0.06118975
volume_change,0.061110858
Open,0.061044507
MACD,0.06085368
High,0.060746524
Volume,0.059136644
Close,0.058407973
10_day_ma,0.05809003
volatility_10,0.05796573
Low,0.057810023
20_day_std,0.057625394
20_day_ma,0.057026193
daily_return,0.05530812
BB_lower,0.05512217
MACD_signal,0.054066956
