Feature,Importance
BB_upper,0.07808138
5_day_ma,0.06974776
20_day_std,0.06466237
MACD,0.06450006
Close,0.060297027
Open,0.059791077
20_day_ma,0.059387382
daily_return,0.05823994
RSI_14,0.05797661
volume_change,0.057646032
10_day_ma,0.05648799
volatility_10,0.056299902
Low,0.056009308
Volume,0.055051595
MACD_signal,0.05109743
BB_lower,0.0506433
High,0.044080798
