Feature,Importance
10_day_ma,0.08205404
20_day_ma,0.071580745
High,0.067737155
volume_change,0.06526128
Open,0.06327851
MACD_signal,0.06317785
volatility_10,0.060482454
Volume,0.05956282
5_day_ma,0.059486836
Close,0.055982344
Low,0.055119213
MACD,0.05324449
BB_upper,0.0528068
20_day_std,0.051888525
RSI_14,0.051714204
daily_return,0.04579867
BB_lower,0.040824033
