Feature,Importance
Low,0.08560745
High,0.08134529
5_day_ma,0.063342586
MACD,0.060819175
20_day_std,0.060610864
Volume,0.059518073
volatility_10,0.058473013
Close,0.058160007
Open,0.057497222
10_day_ma,0.056932915
BB_lower,0.05638933
daily_return,0.055132523
MACD_signal,0.055020038
BB_upper,0.053174466
RSI_14,0.049588207
volume_change,0.045872834
20_day_ma,0.042516053
