Feature,Importance
Close,0.08354764
volatility_10,0.07335595
MACD_signal,0.070542395
daily_return,0.0661108
MACD,0.065780155
5_day_ma,0.06427847
20_day_ma,0.06393787
High,0.063617975
Open,0.06268296
BB_lower,0.05883511
Volume,0.05434558
volume_change,0.04889777
10_day_ma,0.0487581
20_day_std,0.046187993
RSI_14,0.04498332
Low,0.044054117
BB_upper,0.040083796
