Feature,Importance
Low,0.07304939
Close,0.070181236
High,0.06936433
MACD_signal,0.067624174
MACD,0.063625395
volatility_10,0.063336454
5_day_ma,0.058745954
Open,0.05791484
Volume,0.057836577
20_day_std,0.05707724
daily_return,0.056070246
BB_lower,0.05556664
volume_change,0.055107325
10_day_ma,0.054798994
20_day_ma,0.050936807
RSI_14,0.04669726
BB_upper,0.04206713
