Feature,Importance
Low,0.073524795
RSI_14,0.072719134
volatility_10,0.06573509
volume_change,0.06529641
High,0.065056555
MACD,0.061307542
Close,0.058708455
Open,0.058114674
BB_upper,0.056646567
daily_return,0.056347746
5_day_ma,0.05630232
20_day_std,0.053774003
20_day_ma,0.053521182
10_day_ma,0.05209777
MACD_signal,0.05132556
Volume,0.05121264
BB_lower,0.048309483
