Feature,Importance
BB_lower,0.0687025
Close,0.06507006
volume_change,0.06419388
High,0.06370276
Low,0.063486055
20_day_std,0.06290418
BB_upper,0.061680805
20_day_ma,0.060863968
MACD,0.058423717
Open,0.05704715
5_day_ma,0.05673982
10_day_ma,0.056715146
MACD_signal,0.05437162
volatility_10,0.053908642
RSI_14,0.052642982
daily_return,0.049908012
Volume,0.04963867
