Feature,Importance
volume_change,0.066298194
BB_upper,0.064911954
Open,0.06406102
MACD,0.06282856
BB_lower,0.061478883
20_day_ma,0.05936495
volatility_10,0.059226062
RSI_14,0.05909749
Low,0.058362037
High,0.05821856
Close,0.057072576
MACD_signal,0.05707055
20_day_std,0.05679219
5_day_ma,0.05571274
Volume,0.05351496
10_day_ma,0.053418618
daily_return,0.05257069
