Feature,Importance
MACD,0.07253765
BB_upper,0.06805617
MACD_signal,0.067601025
Low,0.06602489
10_day_ma,0.06378261
Volume,0.059527334
High,0.058714993
volume_change,0.05718109
BB_lower,0.056543622
volatility_10,0.055497095
20_day_ma,0.055424117
daily_return,0.055322904
RSI_14,0.054702684
20_day_std,0.05416031
Open,0.053220842
Close,0.052057907
5_day_ma,0.04964474
