Feature,Importance
5_day_ma,0.07910669
Close,0.074876785
BB_lower,0.06350761
Low,0.06078758
10_day_ma,0.060320605
20_day_std,0.060242318
High,0.06022512
MACD,0.05937611
Open,0.059372105
volume_change,0.05665456
Volume,0.055883728
BB_upper,0.055462524
volatility_10,0.054141168
RSI_14,0.05350154
daily_return,0.052425623
MACD_signal,0.051879436
20_day_ma,0.042236537
