Feature,Importance
High,0.074731715
Close,0.07319622
BB_upper,0.06909797
10_day_ma,0.06586958
MACD,0.06255291
20_day_std,0.062139597
BB_lower,0.060341597
volatility_10,0.05784792
daily_return,0.056946818
20_day_ma,0.055985935
MACD_signal,0.05461207
RSI_14,0.054179646
volume_change,0.053751703
Low,0.04990095
5_day_ma,0.049889166
Volume,0.04962373
Open,0.04933253
