Feature,Importance
5_day_ma,0.08057777
20_day_ma,0.07355221
High,0.07006749
Open,0.06366399
volatility_10,0.062557645
Close,0.06173199
10_day_ma,0.061291315
Low,0.060088743
Volume,0.0582847
volume_change,0.057160564
daily_return,0.05579277
RSI_14,0.05335203
MACD,0.05171788
BB_lower,0.0506031
MACD_signal,0.048345312
20_day_std,0.04608642
BB_upper,0.045126136
