Feature,Importance
Low,0.0675316
MACD,0.06740212
Close,0.067354344
MACD_signal,0.064350896
RSI_14,0.06054512
High,0.060363833
BB_lower,0.058475383
5_day_ma,0.058008168
Open,0.057769205
20_day_ma,0.05751889
Volume,0.057413217
20_day_std,0.056754988
volume_change,0.054806218
daily_return,0.054683656
volatility_10,0.053116933
10_day_ma,0.052028775
BB_upper,0.051876687
