Feature,Importance
BB_upper,0.077897936
Low,0.07353257
20_day_std,0.062487874
volume_change,0.062188555
Open,0.061771467
RSI_14,0.060110033
10_day_ma,0.058461305
Close,0.057867285
MACD_signal,0.057246268
High,0.057004694
5_day_ma,0.05626489
MACD,0.05597759
daily_return,0.054797307
20_day_ma,0.053510446
BB_lower,0.05153453
Volume,0.050479587
volatility_10,0.048867565
