Feature,Importance
10_day_ma,0.07579648
Low,0.071894124
5_day_ma,0.07028616
20_day_ma,0.066484675
MACD,0.064426415
20_day_std,0.06442413
BB_upper,0.062260296
BB_lower,0.060513955
daily_return,0.059744895
RSI_14,0.057250176
volume_change,0.05627368
volatility_10,0.056263886
Volume,0.05505454
MACD_signal,0.05283241
Close,0.04457845
Open,0.04128248
High,0.040633157
