Feature,Importance
Open,0.10314124
Low,0.086859606
BB_lower,0.0712167
High,0.07023879
BB_upper,0.06989443
MACD,0.06883758
volatility_10,0.06390042
Close,0.06319386
MACD_signal,0.05971099
RSI_14,0.05902206
Volume,0.05055858
20_day_ma,0.05034245
10_day_ma,0.04623389
daily_return,0.03633299
5_day_ma,0.035073362
volume_change,0.03463885
20_day_std,0.030804284
