Feature,Importance
BB_lower,0.06887401
volume_change,0.06746425
20_day_ma,0.06681228
BB_upper,0.06478688
volatility_10,0.06395784
5_day_ma,0.06170897
10_day_ma,0.061162457
Volume,0.059680942
Open,0.059250828
High,0.05845919
daily_return,0.058108468
Low,0.05714074
MACD,0.056519922
MACD_signal,0.05305853
20_day_std,0.048317328
Close,0.048165828
RSI_14,0.04653144
