Feature,Importance
Close,0.0700718
Volume,0.06671454
High,0.06627259
BB_upper,0.06352426
Low,0.06351023
20_day_ma,0.06314446
Open,0.061798118
MACD,0.06117696
BB_lower,0.059323266
10_day_ma,0.05681651
daily_return,0.056675885
RSI_14,0.05663563
20_day_std,0.054971043
5_day_ma,0.054767326
MACD_signal,0.05413502
volume_change,0.045915604
volatility_10,0.044546757
