Feature,Importance
10_day_ma,0.073667064
BB_lower,0.071049996
Open,0.066708855
20_day_std,0.06492845
RSI_14,0.06490885
Low,0.061637394
High,0.060991284
Close,0.059931092
5_day_ma,0.059023306
BB_upper,0.05712705
daily_return,0.05506631
Volume,0.054595288
MACD,0.05362609
volume_change,0.05287263
volatility_10,0.049509924
MACD_signal,0.04875954
20_day_ma,0.045596875
