Feature,Importance
5_day_ma,0.07408395
10_day_ma,0.06688782
MACD_signal,0.065658085
High,0.06505908
BB_upper,0.064955786
MACD,0.06136294
20_day_ma,0.059405796
BB_lower,0.058764555
daily_return,0.057952974
20_day_std,0.05724296
Volume,0.056865677
RSI_14,0.056179613
volatility_10,0.05375161
Close,0.05312314
Open,0.052547097
volume_change,0.048767835
Low,0.04739107
