Feature,Importance
20_day_ma,0.07441929
BB_lower,0.0671805
5_day_ma,0.0667286
MACD_signal,0.06368927
MACD,0.06311756
BB_upper,0.06304548
volatility_10,0.062577434
Volume,0.06217781
Open,0.05755409
High,0.05542337
volume_change,0.05362096
RSI_14,0.0526044
Low,0.052484043
20_day_std,0.052227043
10_day_ma,0.051599152
Close,0.051328536
daily_return,0.050222524
