Feature,Importance
10_day_ma,0.077888034
5_day_ma,0.07492731
Volume,0.073635295
volatility_10,0.0692696
BB_lower,0.0673389
20_day_std,0.06574269
BB_upper,0.06040191
MACD,0.059063654
MACD_signal,0.057495814
RSI_14,0.05533059
20_day_ma,0.05505553
Low,0.051304597
daily_return,0.050320357
volume_change,0.046660133
Close,0.046166014
High,0.04582823
Open,0.04357138
