Feature,Importance
5_day_ma,0.06933327
20_day_ma,0.06734909
Low,0.067171685
High,0.06397683
BB_lower,0.06373038
Open,0.061376125
volume_change,0.060591124
Volume,0.05958498
RSI_14,0.05808513
BB_upper,0.057660338
MACD,0.05583153
20_day_std,0.055608515
volatility_10,0.05300814
10_day_ma,0.05191554
daily_return,0.05179996
MACD_signal,0.05149469
Close,0.05148271
