Feature,Importance
Low,0.092477806
20_day_std,0.07597643
RSI_14,0.0756929
BB_lower,0.07040841
20_day_ma,0.0639031
10_day_ma,0.061031297
MACD,0.0596268
volume_change,0.057729937
High,0.056986697
volatility_10,0.055240773
daily_return,0.054051604
MACD_signal,0.05041993
BB_upper,0.04743664
5_day_ma,0.04740906
Close,0.04626
Volume,0.04611681
Open,0.03923173
