Feature,Importance
10_day_ma,0.07835334
High,0.069685
Open,0.06901176
volume_change,0.06479852
BB_lower,0.06417998
5_day_ma,0.06254166
volatility_10,0.06149063
Low,0.060542163
MACD_signal,0.05977964
MACD,0.056435872
Volume,0.055923026
RSI_14,0.05425094
Close,0.051567234
daily_return,0.04931497
20_day_std,0.04867783
BB_upper,0.04735683
20_day_ma,0.046090722
