Feature,Importance
MACD_signal,0.06505228
10_day_ma,0.06400465
20_day_std,0.062566176
20_day_ma,0.061918717
Open,0.06152615
High,0.061097868
BB_lower,0.060382627
Close,0.06035019
5_day_ma,0.059877258
MACD,0.057866048
daily_return,0.056494314
volatility_10,0.056151975
Low,0.055542756
RSI_14,0.055467863
volume_change,0.055106543
Volume,0.054703183
BB_upper,0.05189141
