Feature,Importance
volatility_10,0.07020889
Volume,0.06892461
High,0.06644664
BB_upper,0.06345535
20_day_std,0.06312258
MACD,0.06306306
5_day_ma,0.06070957
10_day_ma,0.05921705
daily_return,0.058803625
Low,0.05682297
MACD_signal,0.056460135
20_day_ma,0.05618353
volume_change,0.055706307
Open,0.05386128
Close,0.051317118
RSI_14,0.048471615
BB_lower,0.047225755
