Feature,Importance
BB_lower,0.08053657
20_day_ma,0.06559728
Low,0.06336195
RSI_14,0.06311157
volume_change,0.06140061
20_day_std,0.061030187
daily_return,0.06030927
10_day_ma,0.059844047
MACD_signal,0.05961602
MACD,0.057977855
BB_upper,0.057043664
Open,0.05403506
High,0.0537061
volatility_10,0.051882654
Close,0.050722435
5_day_ma,0.050044358
Volume,0.049780402
