Feature,Importance
High,0.071418
RSI_14,0.06528718
Low,0.0630497
Open,0.06273105
BB_upper,0.06163684
10_day_ma,0.061333265
BB_lower,0.060431357
5_day_ma,0.05943387
daily_return,0.05819186
volatility_10,0.057605635
MACD,0.0565801
20_day_ma,0.055446822
Close,0.05538528
MACD_signal,0.054431904
20_day_std,0.053385656
Volume,0.05337371
volume_change,0.0502778
