Feature,Importance
RSI_14,0.07831843
BB_lower,0.06638758
20_day_std,0.06486871
Low,0.062837094
Volume,0.06275368
20_day_ma,0.0610648
10_day_ma,0.06027317
5_day_ma,0.059739485
daily_return,0.059118982
BB_upper,0.05864497
volume_change,0.05792161
volatility_10,0.05694334
MACD_signal,0.05646132
High,0.052930024
Open,0.05242352
MACD,0.045272823
Close,0.04404048
