Feature,Importance
Close,0.07053897
Low,0.07040745
20_day_std,0.0687281
BB_upper,0.06862626
High,0.066185996
BB_lower,0.06430277
MACD_signal,0.061584316
Open,0.05841317
volume_change,0.05422575
MACD,0.053956248
daily_return,0.05381846
Volume,0.05358111
volatility_10,0.052883632
20_day_ma,0.05234161
10_day_ma,0.05148406
RSI_14,0.05058689
5_day_ma,0.04833516
