Feature,Importance
High,0.08061732
RSI_14,0.072363146
10_day_ma,0.0703125
BB_lower,0.064717785
5_day_ma,0.06444309
Low,0.060461916
BB_upper,0.059902336
Close,0.059489045
daily_return,0.05838665
volume_change,0.058225498
Volume,0.05784986
Open,0.054056898
MACD_signal,0.053239834
volatility_10,0.048467744
MACD,0.046303
20_day_ma,0.045880873
20_day_std,0.04528246
