Feature,Importance
BB_upper,0.06945425
Volume,0.06471772
5_day_ma,0.064020626
Low,0.06230794
daily_return,0.061536822
Open,0.061021123
MACD,0.060637135
10_day_ma,0.059887733
High,0.05911724
BB_lower,0.055902384
20_day_std,0.05531622
RSI_14,0.05498684
Close,0.054911055
volume_change,0.05481251
20_day_ma,0.05421969
MACD_signal,0.053976785
volatility_10,0.053173948
