Feature,Importance
volatility_10,0.07045576
20_day_std,0.06681837
daily_return,0.06644062
10_day_ma,0.066119075
20_day_ma,0.06560199
BB_upper,0.06392499
Volume,0.06371186
5_day_ma,0.057064585
RSI_14,0.05644346
Close,0.055372868
MACD,0.054653775
Low,0.053996436
High,0.05317668
Open,0.05282513
BB_lower,0.0527272
volume_change,0.050832838
MACD_signal,0.04983437
