Feature,Importance
BB_upper,0.07000362
10_day_ma,0.06869069
5_day_ma,0.06671533
MACD,0.06661578
MACD_signal,0.06534074
BB_lower,0.061000768
Low,0.05901591
20_day_std,0.0585648
Open,0.057524882
Close,0.057516307
volatility_10,0.05598459
daily_return,0.054998085
20_day_ma,0.054186594
Volume,0.053952467
RSI_14,0.05330447
volume_change,0.050100885
High,0.04648405
