Feature,Importance
10_day_ma,0.07504365
5_day_ma,0.0724649
BB_lower,0.06486489
daily_return,0.06409687
BB_upper,0.06253681
MACD,0.05973658
High,0.058811516
Volume,0.057630926
MACD_signal,0.057055738
20_day_ma,0.056478184
Open,0.056426227
Low,0.056302775
Close,0.055299558
20_day_std,0.05303365
volatility_10,0.050721962
RSI_14,0.050719984
volume_change,0.04877585
