Feature,Importance
BB_upper,0.07001339
Open,0.06226902
Low,0.06092081
20_day_std,0.06011726
10_day_ma,0.05992887
MACD,0.05939392
volatility_10,0.059290756
20_day_ma,0.05913002
MACD_signal,0.058953576
RSI_14,0.057907574
BB_lower,0.0576535
High,0.057023354
5_day_ma,0.0568475
daily_return,0.056423705
volume_change,0.05569127
Close,0.055434477
Volume,0.053001035
