Feature,Importance
volatility_10,0.067506835
MACD_signal,0.06713494
20_day_ma,0.064936616
Open,0.06471321
Volume,0.06308004
daily_return,0.062237673
5_day_ma,0.061904468
BB_upper,0.060506787
volume_change,0.058035746
Close,0.057151392
MACD,0.055539843
10_day_ma,0.055215057
20_day_std,0.05504805
BB_lower,0.054977372
Low,0.053783618
High,0.04917176
RSI_14,0.049056605
