Feature,Importance
BB_upper,0.07547118
MACD_signal,0.06997289
Open,0.06871799
Low,0.066173226
RSI_14,0.063756615
MACD,0.06320062
volume_change,0.06166164
5_day_ma,0.05804655
High,0.056294158
Close,0.054690104
volatility_10,0.053814866
daily_return,0.053786304
10_day_ma,0.05335903
BB_lower,0.053095553
Volume,0.05092659
20_day_ma,0.049324855
20_day_std,0.047707822
