Feature,Importance
High,0.08094816
Low,0.073317744
10_day_ma,0.072097845
volume_change,0.065594055
BB_lower,0.064521745
Open,0.064110406
Close,0.06381139
BB_upper,0.05605095
RSI_14,0.055612985
volatility_10,0.053491186
daily_return,0.053210422
Volume,0.053192116
20_day_std,0.050786104
5_day_ma,0.050771516
MACD_signal,0.049927026
20_day_ma,0.04968682
MACD,0.04286946
