Feature,Importance
5_day_ma,0.072658435
MACD,0.06763635
Open,0.06541158
High,0.062803626
20_day_ma,0.062337127
volatility_10,0.06151747
BB_upper,0.059895225
MACD_signal,0.058297873
Close,0.057292596
Volume,0.056647692
volume_change,0.0558394
BB_lower,0.055245116
daily_return,0.054932967
Low,0.054617304
10_day_ma,0.052299548
20_day_std,0.051996276
RSI_14,0.050571315
