Feature,Importance
daily_return,0.06966004
Low,0.0677417
BB_upper,0.06689021
BB_lower,0.06342346
volatility_10,0.06260219
Close,0.061795086
20_day_std,0.061265014
High,0.060684845
5_day_ma,0.05957166
volume_change,0.058551237
Open,0.05852959
RSI_14,0.056161392
MACD,0.051912818
MACD_signal,0.051468283
Volume,0.051319994
20_day_ma,0.049359992
10_day_ma,0.049062483
