Feature,Importance
Low,0.086064816
10_day_ma,0.081763424
Open,0.07235786
5_day_ma,0.066152155
MACD_signal,0.062417135
Volume,0.059536904
MACD,0.059510935
volatility_10,0.05948564
Close,0.057722934
BB_upper,0.055459186
daily_return,0.05507449
20_day_ma,0.053569928
High,0.05081385
20_day_std,0.04728202
BB_lower,0.04559721
RSI_14,0.04543161
volume_change,0.04175988
