Feature,Importance
5_day_ma,0.075006194
High,0.07228721
volatility_10,0.06859505
MACD,0.06830269
BB_upper,0.06544673
BB_lower,0.061847832
volume_change,0.061733525
daily_return,0.060464177
20_day_std,0.06024711
Low,0.058850713
10_day_ma,0.056000773
Volume,0.052634332
RSI_14,0.0512099
Close,0.05110989
Open,0.050799847
MACD_signal,0.046449892
20_day_ma,0.039014105
