Feature,Importance
5_day_ma,0.07871933
volatility_10,0.07248312
MACD_signal,0.068179496
High,0.06467516
Low,0.063156806
20_day_std,0.06214889
10_day_ma,0.06006831
MACD,0.0595397
Close,0.056498766
BB_upper,0.056109495
BB_lower,0.055669732
daily_return,0.05428635
RSI_14,0.052116323
volume_change,0.05079145
20_day_ma,0.04982307
Open,0.049786158
Volume,0.0459479
