Feature,Importance
Open,0.07006127
BB_upper,0.06391641
Close,0.061442483
daily_return,0.061050996
volatility_10,0.059686147
5_day_ma,0.059298173
20_day_std,0.05905737
Low,0.059019826
volume_change,0.058772795
20_day_ma,0.057712827
MACD,0.057494562
Volume,0.057265427
MACD_signal,0.05702039
BB_lower,0.056347266
10_day_ma,0.055858787
High,0.055441834
RSI_14,0.050553408
