Feature,Importance
Low,0.07772268
High,0.07649598
Open,0.07489252
Close,0.06697967
volatility_10,0.066350974
5_day_ma,0.06404039
BB_upper,0.061071824
20_day_std,0.058189996
Volume,0.057553343
MACD_signal,0.055913426
20_day_ma,0.0542772
MACD,0.05257821
10_day_ma,0.050952844
volume_change,0.049701773
RSI_14,0.049151406
daily_return,0.045943342
BB_lower,0.03818442
