Feature,Importance
20_day_std,0.063040935
MACD,0.061856676
volatility_10,0.0613102
BB_upper,0.060374554
Low,0.059974898
BB_lower,0.059905246
volume_change,0.059286147
20_day_ma,0.05893323
High,0.058805835
MACD_signal,0.05866943
Volume,0.05814046
5_day_ma,0.058041513
Close,0.057966072
daily_return,0.056422424
RSI_14,0.055964284
10_day_ma,0.055694092
Open,0.05561395
