Feature,Importance
10_day_ma,0.07577947
Close,0.0753339
Open,0.074818246
MACD,0.06466833
High,0.06443277
5_day_ma,0.062183518
daily_return,0.06179593
Volume,0.057947114
RSI_14,0.056933746
20_day_ma,0.05669409
Low,0.05216194
volume_change,0.051968414
BB_lower,0.051370177
MACD_signal,0.050270583
volatility_10,0.050188355
BB_upper,0.048320904
20_day_std,0.045132577
