Feature,Importance
5_day_ma,0.067733884
BB_upper,0.067017764
Low,0.06667208
High,0.06528152
20_day_ma,0.06354179
BB_lower,0.060129218
volatility_10,0.059795287
20_day_std,0.057639077
MACD_signal,0.056855395
Close,0.056608383
10_day_ma,0.056098074
Open,0.055750534
Volume,0.055645343
daily_return,0.0539878
volume_change,0.052981324
RSI_14,0.05290836
MACD,0.051354155
