Feature,Importance
Low,0.08894333
20_day_ma,0.08582765
MACD_signal,0.07532662
Close,0.07059352
5_day_ma,0.06873398
High,0.06804325
BB_lower,0.061516147
daily_return,0.056542527
RSI_14,0.05349933
volume_change,0.052686043
BB_upper,0.051548075
20_day_std,0.051120713
MACD,0.05038888
Open,0.046100706
Volume,0.04547009
volatility_10,0.04174102
10_day_ma,0.031918086
