Feature,Importance
BB_upper,0.0717037
daily_return,0.0682723
Low,0.06642829
Open,0.06301389
volatility_10,0.06272529
BB_lower,0.061096534
Close,0.06043477
10_day_ma,0.05965409
20_day_ma,0.05757988
volume_change,0.057469383
5_day_ma,0.057124395
20_day_std,0.0552586
MACD_signal,0.055048008
High,0.054723646
RSI_14,0.051398568
Volume,0.049648862
MACD,0.048419844
