Feature,Importance
5_day_ma,0.08170508
Close,0.07646546
MACD,0.07312785
Open,0.06730235
BB_upper,0.064250015
volatility_10,0.06370155
MACD_signal,0.06157267
Volume,0.056423955
BB_lower,0.05622571
RSI_14,0.055443097
volume_change,0.053873856
daily_return,0.053095724
20_day_std,0.05246117
High,0.049991455
Low,0.048912257
20_day_ma,0.04509689
10_day_ma,0.040350866
