Feature,Importance
BB_lower,0.065913
5_day_ma,0.06568466
Open,0.063746616
20_day_ma,0.06169723
Close,0.061304517
volume_change,0.060160074
BB_upper,0.059666194
RSI_14,0.05847511
MACD,0.057809044
10_day_ma,0.057583578
20_day_std,0.057462245
High,0.056653213
MACD_signal,0.056305904
Low,0.05623442
Volume,0.055148937
volatility_10,0.05353672
daily_return,0.052618504
