Feature,Importance
Low,0.07662966
BB_upper,0.07183414
RSI_14,0.06491452
MACD_signal,0.062107638
High,0.061982162
20_day_std,0.06143095
5_day_ma,0.060737234
MACD,0.06044879
volume_change,0.059479672
Close,0.05868266
Open,0.05844701
BB_lower,0.05350411
10_day_ma,0.052438784
Volume,0.05147122
volatility_10,0.050335128
daily_return,0.049532235
20_day_ma,0.046024114
