Feature,Importance
Open,0.07210315
Low,0.06881962
BB_lower,0.066111974
20_day_ma,0.06608824
5_day_ma,0.06487581
BB_upper,0.063148454
High,0.061647885
10_day_ma,0.061476514
Close,0.057730455
volatility_10,0.0576745
20_day_std,0.056067225
Volume,0.055742595
daily_return,0.052456804
RSI_14,0.051679365
MACD,0.05137657
volume_change,0.047965858
MACD_signal,0.045034915
