Feature,Importance
10_day_ma,0.07361577
20_day_ma,0.06744382
Open,0.06494128
Volume,0.06406854
Low,0.063259296
MACD,0.061281286
MACD_signal,0.059738554
Close,0.05946717
RSI_14,0.057245985
20_day_std,0.05646524
BB_lower,0.056323845
daily_return,0.05580947
BB_upper,0.05447075
volume_change,0.053374965
High,0.05177465
volatility_10,0.051222567
5_day_ma,0.049496803
