Feature,Importance
Low,0.104719065
MACD_signal,0.07313209
High,0.066071205
BB_upper,0.06423783
5_day_ma,0.06380111
volatility_10,0.063652106
Close,0.06228839
volume_change,0.058337
RSI_14,0.057887457
20_day_ma,0.056000285
MACD,0.055067092
20_day_std,0.054952215
Open,0.047589503
daily_return,0.046019025
10_day_ma,0.043036688
Volume,0.042623766
BB_lower,0.040585175
