Feature,Importance
10_day_ma,0.08398361
MACD,0.071712576
Low,0.07089389
BB_upper,0.06589186
High,0.065196425
daily_return,0.06355735
RSI_14,0.06231031
Volume,0.060295958
volatility_10,0.060100954
20_day_ma,0.05704532
Close,0.05323997
BB_lower,0.052826494
volume_change,0.052067094
MACD_signal,0.051487118
Open,0.048104297
20_day_std,0.045509327
5_day_ma,0.035777435
