Feature,Importance
BB_lower,0.07243399
5_day_ma,0.068052806
BB_upper,0.06548002
volume_change,0.06477763
volatility_10,0.06382635
20_day_ma,0.06334404
10_day_ma,0.05980926
Volume,0.059533168
Open,0.059493855
Low,0.059393253
daily_return,0.05589694
MACD,0.055641074
High,0.05342693
20_day_std,0.05233688
MACD_signal,0.050200082
Close,0.04910066
RSI_14,0.04725312
