Feature,Importance
10_day_ma,0.069146104
BB_upper,0.06398465
volume_change,0.06276069
20_day_ma,0.0625124
MACD,0.06243782
20_day_std,0.060930323
RSI_14,0.059246723
Open,0.057969734
Volume,0.05770029
daily_return,0.057345938
High,0.056611866
MACD_signal,0.056334756
Low,0.056293502
volatility_10,0.056245476
Close,0.055628333
5_day_ma,0.053392734
BB_lower,0.05145877
