Feature,Importance
BB_upper,0.07574079
High,0.07319853
Low,0.072888285
5_day_ma,0.06442683
RSI_14,0.063932545
20_day_std,0.062310334
volume_change,0.060098816
10_day_ma,0.05962939
MACD_signal,0.05868823
MACD,0.057933036
Open,0.054450933
Close,0.054256536
BB_lower,0.051403724
Volume,0.04920169
daily_return,0.04771047
volatility_10,0.047085363
20_day_ma,0.047044456
