Feature,Importance
volatility_10,0.076005
BB_lower,0.06655308
Volume,0.06652555
volume_change,0.06490332
daily_return,0.061240993
High,0.060528964
20_day_ma,0.058771446
Low,0.05802215
MACD,0.057682853
BB_upper,0.057039786
20_day_std,0.056848414
MACD_signal,0.056585513
5_day_ma,0.053982925
10_day_ma,0.052586928
RSI_14,0.051613614
Close,0.051533286
Open,0.04957622
