Feature,Importance
Low,0.082056284
MACD_signal,0.06638068
RSI_14,0.065832116
High,0.06259463
Close,0.062241424
BB_upper,0.059282374
Volume,0.058968876
daily_return,0.058114722
volatility_10,0.056588486
MACD,0.055265665
10_day_ma,0.05499817
Open,0.054872546
volume_change,0.054796316
20_day_std,0.054074317
5_day_ma,0.052966554
20_day_ma,0.05116957
BB_lower,0.049797222
