Feature,Importance
Low,0.07348934
MACD,0.06938955
volatility_10,0.065296896
MACD_signal,0.063935615
BB_lower,0.061453722
Volume,0.05803967
20_day_std,0.057348743
volume_change,0.057287037
daily_return,0.057137184
Open,0.057000633
BB_upper,0.056078598
5_day_ma,0.05603306
Close,0.055796135
10_day_ma,0.054002874
High,0.053742785
RSI_14,0.05236365
20_day_ma,0.05160451
