Feature,Importance
RSI_14,0.07513834
BB_upper,0.07361951
volatility_10,0.06542003
10_day_ma,0.061233338
MACD,0.060310528
volume_change,0.060219176
Close,0.060001172
5_day_ma,0.059148338
Low,0.05818862
High,0.058046777
BB_lower,0.05769693
20_day_std,0.056151927
daily_return,0.055072714
Open,0.05134678
20_day_ma,0.05100061
MACD_signal,0.05049877
Volume,0.046906475
