Feature,Importance
Close,0.07842801
10_day_ma,0.07144286
BB_lower,0.069196455
MACD_signal,0.06891682
Volume,0.06738824
volatility_10,0.06688396
MACD,0.059827574
20_day_std,0.059298374
BB_upper,0.05916077
volume_change,0.05512103
RSI_14,0.052960075
5_day_ma,0.052489847
Open,0.05054655
Low,0.04955691
High,0.048683926
daily_return,0.048022043
20_day_ma,0.04207658
