Feature,Importance
MACD_signal,0.07325959
5_day_ma,0.06556859
Low,0.06482581
10_day_ma,0.0631581
volume_change,0.063028544
RSI_14,0.062145516
MACD,0.062020794
High,0.058177084
Open,0.057043087
BB_upper,0.05686399
volatility_10,0.05674852
20_day_ma,0.05584933
Close,0.054311883
Volume,0.054148756
BB_lower,0.052572012
20_day_std,0.052377433
daily_return,0.047900937
