Feature,Importance
MACD,0.07523626
Close,0.06695482
Low,0.06352706
MACD_signal,0.063073784
20_day_ma,0.061655983
RSI_14,0.060822118
volume_change,0.06065672
High,0.059771795
10_day_ma,0.05904795
BB_lower,0.056809377
Volume,0.056203965
20_day_std,0.05593629
BB_upper,0.05394493
volatility_10,0.052466933
daily_return,0.052178033
Open,0.0519991
5_day_ma,0.04971486
