Feature,Importance
BB_lower,0.07796421
Volume,0.06860833
BB_upper,0.06472033
volatility_10,0.06455608
Low,0.06288153
Close,0.06223678
volume_change,0.061898045
High,0.061051942
10_day_ma,0.060283255
5_day_ma,0.059012827
20_day_ma,0.058459558
RSI_14,0.055859663
daily_return,0.052842706
20_day_std,0.050290484
MACD_signal,0.049139775
MACD,0.046187647
Open,0.04400685
