Feature,Importance
Low,0.07275095
10_day_ma,0.06895001
5_day_ma,0.06524736
Open,0.061462477
20_day_ma,0.060396887
High,0.06022343
MACD,0.060020514
volatility_10,0.059113022
Volume,0.058297906
MACD_signal,0.057576183
daily_return,0.057490088
BB_upper,0.056951538
Close,0.055675086
RSI_14,0.053950567
20_day_std,0.0522793
BB_lower,0.05028652
volume_change,0.049328152
