Feature,Importance
BB_upper,0.07959869
10_day_ma,0.0758418
20_day_ma,0.06663748
Close,0.0628184
volume_change,0.062324107
daily_return,0.061731827
MACD_signal,0.060152374
High,0.05734954
Volume,0.05569036
volatility_10,0.055379517
Open,0.054935608
BB_lower,0.05430939
20_day_std,0.052328818
5_day_ma,0.051768217
MACD,0.051075354
RSI_14,0.049144156
Low,0.048914373
