Feature,Importance
Open,0.079113916
10_day_ma,0.0653759
Close,0.06453383
MACD,0.061605666
RSI_14,0.06143298
5_day_ma,0.059398197
High,0.05924992
Volume,0.05917496
BB_upper,0.058259178
daily_return,0.058198813
MACD_signal,0.05744193
20_day_ma,0.056256756
BB_lower,0.055006213
volatility_10,0.053790357
Low,0.053020407
volume_change,0.04941946
20_day_std,0.048721485
