Feature,Importance
BB_upper,0.075303406
5_day_ma,0.07428549
High,0.07059473
Close,0.07037762
Low,0.06471728
BB_lower,0.06429121
20_day_std,0.05887006
Volume,0.057171863
MACD_signal,0.055966303
Open,0.055202257
20_day_ma,0.054155447
RSI_14,0.051994223
volume_change,0.051463325
10_day_ma,0.051404383
MACD,0.051168583
volatility_10,0.048228305
daily_return,0.044805564
