Feature,Importance
Low,0.068459325
Open,0.06572899
High,0.064496085
BB_lower,0.063936755
10_day_ma,0.061370905
MACD_signal,0.060463417
20_day_ma,0.058353163
volatility_10,0.05827978
daily_return,0.05799856
volume_change,0.057598777
20_day_std,0.056098353
5_day_ma,0.056092992
RSI_14,0.055356503
Volume,0.054799985
Close,0.05393351
MACD,0.053784665
BB_upper,0.053248305
