Feature,Importance
BB_lower,0.07022012
Open,0.067372054
20_day_std,0.06506058
BB_upper,0.06475614
volume_change,0.060834605
daily_return,0.0607428
RSI_14,0.05868762
MACD,0.057609838
20_day_ma,0.057222605
Low,0.05702067
10_day_ma,0.056400847
High,0.055490308
Close,0.054856006
Volume,0.05387931
volatility_10,0.05349804
5_day_ma,0.053203695
MACD_signal,0.053144824
