Feature,Importance
Open,0.07026392
Low,0.068556994
Volume,0.064944856
MACD_signal,0.06380191
daily_return,0.06294438
MACD,0.06165615
BB_upper,0.061457463
RSI_14,0.060856145
10_day_ma,0.06061995
volatility_10,0.05988303
20_day_std,0.059253562
High,0.058789846
Close,0.053799447
volume_change,0.052775767
BB_lower,0.05031397
5_day_ma,0.049054567
20_day_ma,0.041028038
