Feature,Importance
20_day_ma,0.071989335
Low,0.065985955
BB_upper,0.0653058
20_day_std,0.063816875
BB_lower,0.062305506
Open,0.060410343
MACD_signal,0.059794586
volatility_10,0.059208013
5_day_ma,0.059010826
RSI_14,0.05850168
Volume,0.05692865
volume_change,0.056840822
MACD,0.055923503
daily_return,0.052061137
10_day_ma,0.051244166
Close,0.05041273
High,0.050260074
