Feature,Importance
BB_upper,0.079572946
10_day_ma,0.07003056
MACD,0.069207884
Open,0.067381285
volatility_10,0.06325334
20_day_std,0.06125978
Low,0.06049368
5_day_ma,0.059518527
MACD_signal,0.059040423
BB_lower,0.05676883
daily_return,0.05310115
20_day_ma,0.052653212
RSI_14,0.052341487
Volume,0.05163238
High,0.050672807
volume_change,0.05021898
Close,0.04285271
