Feature,Importance
Low,0.071775295
20_day_std,0.07163939
BB_lower,0.069134474
MACD,0.06614925
BB_upper,0.06608999
volume_change,0.06418773
5_day_ma,0.06397398
RSI_14,0.06394338
20_day_ma,0.060542293
High,0.05850154
Close,0.055282313
10_day_ma,0.053538226
volatility_10,0.05277442
daily_return,0.049975965
Open,0.04819049
MACD_signal,0.04492205
Volume,0.039379243
