Feature,Importance
Open,0.07399741
MACD,0.07043868
20_day_std,0.06860114
Low,0.06707877
10_day_ma,0.06691153
BB_lower,0.0661084
BB_upper,0.06556438
Close,0.06323023
High,0.05988465
RSI_14,0.059745297
5_day_ma,0.05437719
volume_change,0.052747708
daily_return,0.052525293
Volume,0.05147655
volatility_10,0.045210194
MACD_signal,0.04200365
20_day_ma,0.040098935
