Feature,Importance
BB_lower,0.071476825
Low,0.06344201
5_day_ma,0.0628015
Open,0.0620813
MACD_signal,0.061483655
10_day_ma,0.061131325
20_day_ma,0.060750347
MACD,0.06019313
volatility_10,0.05983257
High,0.058952622
20_day_std,0.057484318
BB_upper,0.056980416
Close,0.054876372
volume_change,0.054555018
daily_return,0.053056117
RSI_14,0.05086593
Volume,0.050036587
