Feature,Importance
BB_lower,0.070998676
5_day_ma,0.07004814
Volume,0.067124076
RSI_14,0.06311766
20_day_ma,0.062390205
MACD_signal,0.06124923
MACD,0.061166495
Close,0.059542045
BB_upper,0.059393372
10_day_ma,0.059265967
volume_change,0.05874733
daily_return,0.054049093
Low,0.052861314
Open,0.05279461
volatility_10,0.05168314
High,0.050444167
20_day_std,0.045124415
