Feature,Importance
High,0.076059714
20_day_ma,0.071118005
5_day_ma,0.07075704
Close,0.0693713
BB_upper,0.068281844
20_day_std,0.062194064
Low,0.06065727
BB_lower,0.05754419
Volume,0.057126645
10_day_ma,0.054907776
volatility_10,0.053072423
MACD_signal,0.05268281
RSI_14,0.05247493
daily_return,0.05219954
volume_change,0.049148545
Open,0.049037647
MACD,0.043366294
