Feature,Importance
20_day_std,0.079294525
20_day_ma,0.07494873
MACD,0.06887098
High,0.06705087
Low,0.06670378
MACD_signal,0.06199644
volatility_10,0.060279865
volume_change,0.05936636
daily_return,0.056797545
10_day_ma,0.055718172
BB_lower,0.055165604
BB_upper,0.054251947
Close,0.05406487
5_day_ma,0.053685676
Volume,0.052515153
RSI_14,0.051327936
Open,0.02796152
