Feature,Importance
Low,0.0706611
High,0.070154645
10_day_ma,0.066161714
BB_upper,0.06219197
MACD,0.0615955
daily_return,0.061269507
volatility_10,0.06042739
5_day_ma,0.05944235
volume_change,0.05811229
Open,0.057282694
RSI_14,0.05631809
Volume,0.055124965
20_day_ma,0.054818783
BB_lower,0.054562483
MACD_signal,0.05274212
Close,0.0509841
20_day_std,0.048150286
