Feature,Importance
BB_lower,0.06954878
Low,0.06346635
Open,0.06248913
RSI_14,0.06110856
volume_change,0.06076976
High,0.06076606
10_day_ma,0.060089
20_day_ma,0.059489284
MACD_signal,0.059102707
5_day_ma,0.058798924
BB_upper,0.05860916
20_day_std,0.05697184
daily_return,0.05598484
volatility_10,0.053948026
Close,0.053936064
Volume,0.052952655
MACD,0.05196895
