Feature,Importance
BB_upper,0.06839885
volatility_10,0.06726942
BB_lower,0.06660068
10_day_ma,0.064016804
High,0.063599825
volume_change,0.06263382
Volume,0.06187272
5_day_ma,0.05914947
20_day_ma,0.05841479
daily_return,0.05753633
MACD_signal,0.056845874
Close,0.05620984
Low,0.055315465
MACD,0.055125404
20_day_std,0.05332982
Open,0.048403814
RSI_14,0.0452771
