Feature,Importance
Close,0.07556662
Low,0.07244372
daily_return,0.06994186
BB_upper,0.0698577
20_day_ma,0.065837435
BB_lower,0.06559339
High,0.061662
MACD,0.057323337
volatility_10,0.056123022
10_day_ma,0.05482328
Volume,0.05476627
volume_change,0.05466536
Open,0.054045077
MACD_signal,0.05251506
RSI_14,0.04861404
20_day_std,0.04424199
5_day_ma,0.041979883
