Feature,Importance
Close,0.06836664
BB_lower,0.067481756
Low,0.06687843
MACD,0.06474692
5_day_ma,0.06209563
10_day_ma,0.061353765
20_day_std,0.05882435
High,0.058526494
BB_upper,0.057981633
volume_change,0.057740115
volatility_10,0.05699558
Volume,0.056691937
20_day_ma,0.056020766
RSI_14,0.054694775
MACD_signal,0.0542394
daily_return,0.050560705
Open,0.046801105
