Feature,Importance
BB_lower,0.064883426
Open,0.06399082
10_day_ma,0.06361787
volatility_10,0.06313027
5_day_ma,0.0628869
High,0.06209296
Low,0.061719384
Volume,0.060985837
20_day_ma,0.05876659
volume_change,0.058271322
daily_return,0.056504894
MACD_signal,0.055867452
MACD,0.05492541
BB_upper,0.05439725
RSI_14,0.05339883
20_day_std,0.05282039
Close,0.051740307
