Feature,Importance
BB_lower,0.076848
Low,0.075351685
MACD,0.07261658
High,0.06205685
BB_upper,0.061499137
volatility_10,0.059246544
20_day_std,0.058532085
RSI_14,0.05798924
Close,0.056617808
10_day_ma,0.05632773
volume_change,0.056064334
Open,0.05530491
Volume,0.05240119
daily_return,0.05174691
MACD_signal,0.05145131
20_day_ma,0.05026628
5_day_ma,0.04567937
