Feature,Importance
MACD,0.077106975
20_day_ma,0.06959558
Close,0.06574859
RSI_14,0.06446015
Open,0.0630146
Volume,0.061298806
volatility_10,0.060889214
MACD_signal,0.06036837
5_day_ma,0.059620436
10_day_ma,0.05887154
volume_change,0.057610158
Low,0.056909584
BB_upper,0.0563847
20_day_std,0.05316508
daily_return,0.049442697
BB_lower,0.04463927
High,0.040874243
