Feature,Importance
5_day_ma,0.08101031
MACD_signal,0.07606329
daily_return,0.07161161
MACD,0.070397496
BB_lower,0.06599329
BB_upper,0.065358385
volatility_10,0.06489012
Close,0.06287333
20_day_std,0.062139783
volume_change,0.062137906
RSI_14,0.05069069
High,0.04925527
10_day_ma,0.047953807
Volume,0.04617994
20_day_ma,0.04365539
Low,0.04148532
Open,0.03830406
