Feature,Importance
5_day_ma,0.068951875
BB_lower,0.06504472
High,0.0639897
Open,0.061011177
Low,0.060066283
BB_upper,0.059697703
volume_change,0.059212852
Volume,0.058998127
volatility_10,0.05836789
RSI_14,0.057298265
Close,0.057120018
daily_return,0.056979388
10_day_ma,0.056496732
20_day_std,0.055415276
MACD,0.054566815
20_day_ma,0.053588
MACD_signal,0.053195138
