Feature,Importance
Low,0.0870821
MACD_signal,0.075688876
volume_change,0.07107415
BB_upper,0.06851866
Open,0.059754916
10_day_ma,0.058135785
20_day_ma,0.055905394
5_day_ma,0.055548936
MACD,0.055287935
BB_lower,0.054874666
High,0.054122
daily_return,0.05407674
Volume,0.053935554
RSI_14,0.05178238
Close,0.049346775
20_day_std,0.047449972
volatility_10,0.047415204
