Feature,Importance
Close,0.07708335
MACD,0.0629722
20_day_std,0.062272098
daily_return,0.060958836
BB_lower,0.060842376
RSI_14,0.06037475
volatility_10,0.060265984
Open,0.059340596
10_day_ma,0.05912629
Low,0.0575404
5_day_ma,0.05609905
High,0.05577955
20_day_ma,0.055370446
BB_upper,0.054774314
Volume,0.05429736
volume_change,0.052040245
MACD_signal,0.050862145
