Feature,Importance
RSI_14,0.071965225
BB_lower,0.06697577
10_day_ma,0.06579715
5_day_ma,0.0618187
BB_upper,0.06159185
High,0.06137133
Volume,0.060508654
Low,0.060491968
daily_return,0.058926992
20_day_ma,0.056779392
Open,0.055850323
volatility_10,0.05539449
volume_change,0.05480524
MACD,0.052703246
20_day_std,0.052322064
Close,0.052052114
MACD_signal,0.050645456
