Feature,Importance
BB_upper,0.08312292
Low,0.067546666
volatility_10,0.06549339
10_day_ma,0.06357955
daily_return,0.060677066
BB_lower,0.060656298
20_day_std,0.059300717
MACD,0.058659814
20_day_ma,0.05848896
High,0.056687173
volume_change,0.055697694
Open,0.05517781
RSI_14,0.05468734
5_day_ma,0.053283166
Volume,0.051923066
Close,0.049896993
MACD_signal,0.045121368
