Feature,Importance
Low,0.074552834
Open,0.0644625
MACD_signal,0.06424086
20_day_ma,0.06407144
20_day_std,0.06239142
10_day_ma,0.061722733
Close,0.05962874
High,0.059590545
BB_lower,0.05954007
MACD,0.059187807
5_day_ma,0.057961393
Volume,0.056077946
daily_return,0.054863743
BB_upper,0.052364103
RSI_14,0.051761232
volume_change,0.0499385
volatility_10,0.047644123
