Feature,Importance
20_day_ma,0.08092777
Low,0.07912219
20_day_std,0.07679517
Volume,0.065717176
5_day_ma,0.062152814
10_day_ma,0.058813974
MACD_signal,0.058551777
BB_lower,0.05839894
RSI_14,0.0547889
High,0.05397233
volatility_10,0.052222397
Close,0.05164114
Open,0.050905064
daily_return,0.05088811
volume_change,0.050614122
MACD,0.049193062
BB_upper,0.045295063
