Feature,Importance
5_day_ma,0.07381619
volume_change,0.0699965
Low,0.06840827
MACD_signal,0.06747612
MACD,0.065465376
High,0.0638252
BB_upper,0.06153417
Open,0.058869366
10_day_ma,0.058155145
Close,0.05801646
BB_lower,0.05359834
volatility_10,0.05181165
20_day_std,0.05180515
daily_return,0.051627126
Volume,0.051275052
RSI_14,0.047754724
20_day_ma,0.046565138
