Feature,Importance
Low,0.080048256
Close,0.06590608
Open,0.06397519
High,0.062464423
MACD_signal,0.06220145
5_day_ma,0.061979648
BB_upper,0.061855134
MACD,0.061590582
20_day_std,0.06102542
BB_lower,0.058812417
Volume,0.05435253
volume_change,0.053648017
RSI_14,0.05248207
daily_return,0.051362276
volatility_10,0.050726607
20_day_ma,0.049074113
10_day_ma,0.048495736
