Feature,Importance
Open,0.092830405
High,0.08635138
5_day_ma,0.0812584
BB_lower,0.066935755
MACD_signal,0.058080085
MACD,0.05739447
Close,0.05643384
volatility_10,0.05469486
Volume,0.054082874
BB_upper,0.053254068
10_day_ma,0.05287822
volume_change,0.05151105
RSI_14,0.05069723
daily_return,0.0504491
20_day_std,0.046031013
20_day_ma,0.044734526
Low,0.042382732
