Feature,Importance
Low,0.07696115
High,0.06845776
BB_lower,0.068403386
5_day_ma,0.06580767
Open,0.06340997
MACD_signal,0.061781455
20_day_std,0.05910695
Close,0.057128094
Volume,0.056420654
MACD,0.05545865
volume_change,0.054487634
BB_upper,0.05392298
10_day_ma,0.05332759
RSI_14,0.0530489
daily_return,0.05247681
20_day_ma,0.050820913
volatility_10,0.048979472
