Feature,Importance
MACD,0.06493955
5_day_ma,0.062153097
20_day_std,0.06090461
volatility_10,0.0605846
daily_return,0.060539335
BB_upper,0.059681483
BB_lower,0.059284095
10_day_ma,0.059036277
Low,0.05879741
MACD_signal,0.058783796
volume_change,0.05805619
High,0.057996437
Open,0.05780141
RSI_14,0.05684125
Close,0.055479106
Volume,0.054583758
20_day_ma,0.054537516
