Feature,Importance
BB_upper,0.076544665
RSI_14,0.06472714
10_day_ma,0.06365412
MACD_signal,0.06258597
daily_return,0.061624087
BB_lower,0.059862956
Low,0.05902944
MACD,0.05831154
20_day_std,0.057231817
5_day_ma,0.0552648
Volume,0.054956835
Close,0.05494697
20_day_ma,0.054915592
volatility_10,0.054678705
volume_change,0.054599248
High,0.05412704
Open,0.052939057
