Feature,Importance
volume_change,0.067759156
Close,0.064791195
10_day_ma,0.06297837
Open,0.06238273
Volume,0.06206124
BB_upper,0.061422843
BB_lower,0.061247054
20_day_std,0.060546223
20_day_ma,0.060035996
Low,0.059454016
MACD,0.058628153
5_day_ma,0.056981012
volatility_10,0.056524754
High,0.055486787
MACD_signal,0.054177806
daily_return,0.051397845
RSI_14,0.044124816
