Feature,Importance
10_day_ma,0.070002876
5_day_ma,0.06844027
High,0.06676732
20_day_ma,0.06644985
MACD,0.06596611
MACD_signal,0.06482492
Volume,0.06420304
volatility_10,0.05995589
RSI_14,0.05776532
Open,0.057158887
Low,0.055568174
BB_upper,0.054681387
daily_return,0.05406741
Close,0.052280635
BB_lower,0.050082974
volume_change,0.049170088
20_day_std,0.042614844
