Feature,Importance
Low,0.07346621
MACD_signal,0.07205782
volatility_10,0.06750948
Volume,0.066726744
20_day_std,0.06420563
5_day_ma,0.0640038
BB_lower,0.061201494
Open,0.059302032
High,0.056026928
20_day_ma,0.055851232
Close,0.054648872
BB_upper,0.05271565
daily_return,0.052321743
10_day_ma,0.052265722
MACD,0.05112324
RSI_14,0.04850026
volume_change,0.048073143
