Feature,Importance
High,0.069709845
Low,0.06956107
Open,0.06699012
BB_lower,0.06540334
5_day_ma,0.06378788
Close,0.063106835
BB_upper,0.061652895
MACD_signal,0.061469056
volume_change,0.05982183
daily_return,0.054217525
10_day_ma,0.052864764
volatility_10,0.052750416
RSI_14,0.052540503
20_day_std,0.05169629
MACD,0.05157205
20_day_ma,0.051503148
Volume,0.05135242
