Feature,Importance
RSI_14,0.07104874
Low,0.067454
volume_change,0.06448936
MACD,0.06199163
5_day_ma,0.060737662
volatility_10,0.0604249
High,0.0602274
BB_upper,0.058150943
10_day_ma,0.058134966
daily_return,0.056704693
Close,0.056437477
Volume,0.055993337
BB_lower,0.055738766
Open,0.054837424
20_day_std,0.054125115
20_day_ma,0.052776
MACD_signal,0.050727557
