Feature,Importance
BB_lower,0.06848089
10_day_ma,0.06729
MACD_signal,0.065076075
BB_upper,0.062285274
MACD,0.061790105
20_day_ma,0.060468104
Volume,0.06041039
5_day_ma,0.059433088
Open,0.05901218
volatility_10,0.05748008
volume_change,0.05716347
daily_return,0.057101987
Close,0.055862755
20_day_std,0.054992396
High,0.054838195
RSI_14,0.050198987
Low,0.048116073
