Feature,Importance
Low,0.07112556
MACD_signal,0.068519026
Open,0.063079804
20_day_std,0.06252919
Close,0.06237614
10_day_ma,0.06172491
High,0.060846493
BB_lower,0.059740555
MACD,0.05734776
Volume,0.057009187
daily_return,0.05690238
BB_upper,0.05519824
RSI_14,0.054957926
5_day_ma,0.052828517
volume_change,0.05281355
volatility_10,0.052146662
20_day_ma,0.050854057
