Feature,Importance
RSI_14,0.078126125
Close,0.066636786
Low,0.06647965
volume_change,0.0663218
BB_upper,0.063995644
Open,0.061258394
volatility_10,0.06115405
MACD_signal,0.060926687
BB_lower,0.057515863
10_day_ma,0.056768525
MACD,0.05575018
High,0.05490917
20_day_std,0.053480517
Volume,0.053465836
daily_return,0.051138442
5_day_ma,0.046828255
20_day_ma,0.045244105
