Feature,Importance
10_day_ma,0.08177621
BB_upper,0.07801772
MACD,0.07022571
20_day_ma,0.06792709
daily_return,0.06669325
5_day_ma,0.06640942
Low,0.06516105
MACD_signal,0.064245924
20_day_std,0.059203465
BB_lower,0.05514848
Close,0.055102598
volume_change,0.05222742
High,0.045107994
volatility_10,0.045035075
Volume,0.043063365
RSI_14,0.042343125
Open,0.042312033
