Feature,Importance
BB_lower,0.08026997
Low,0.06623913
20_day_std,0.062144604
5_day_ma,0.06150442
daily_return,0.06082331
BB_upper,0.060742427
MACD,0.059307158
Close,0.05809341
10_day_ma,0.05785069
MACD_signal,0.057702605
volume_change,0.056176625
High,0.055636853
Open,0.05477835
20_day_ma,0.05318963
Volume,0.052541696
RSI_14,0.05197244
volatility_10,0.05102667
