Feature,Importance
BB_upper,0.07203067
Low,0.071161404
volatility_10,0.067392096
High,0.06515201
volume_change,0.06207705
daily_return,0.061584268
20_day_std,0.06087762
Volume,0.06055621
5_day_ma,0.059794564
10_day_ma,0.057477772
MACD,0.05595752
Close,0.055627644
RSI_14,0.055524986
Open,0.051121067
BB_lower,0.05106343
MACD_signal,0.049337063
20_day_ma,0.04326465
