Feature,Importance
BB_upper,0.070905805
BB_lower,0.068116605
High,0.06646292
5_day_ma,0.06501207
MACD_signal,0.06454774
20_day_std,0.06136736
Low,0.060223065
Volume,0.058159918
20_day_ma,0.0580691
RSI_14,0.056395214
daily_return,0.056047816
MACD,0.055898156
volatility_10,0.05543102
Open,0.0533839
10_day_ma,0.053018507
volume_change,0.050794333
Close,0.046166535
