Feature,Importance
Low,0.06900293
5_day_ma,0.06832738
10_day_ma,0.067421615
BB_lower,0.06597302
MACD,0.06326431
Close,0.060595185
20_day_ma,0.060558673
daily_return,0.058176022
20_day_std,0.057803538
MACD_signal,0.057271875
Volume,0.055654775
High,0.055625748
RSI_14,0.05360824
BB_upper,0.053326342
volume_change,0.052648924
Open,0.051005237
volatility_10,0.04973621
