Feature,Importance
20_day_ma,0.07395698
Low,0.068457626
Open,0.06624523
Volume,0.065077014
volume_change,0.062018726
BB_lower,0.06068565
20_day_std,0.060211062
daily_return,0.059272695
RSI_14,0.05802573
High,0.05795969
Close,0.056499045
MACD_signal,0.055227652
MACD,0.05503882
volatility_10,0.05439617
5_day_ma,0.053843085
BB_upper,0.04980838
10_day_ma,0.043276485
