Feature,Importance
RSI_14,0.064737216
volatility_10,0.06284703
Low,0.06261215
10_day_ma,0.061704554
20_day_ma,0.061429262
MACD,0.061286114
Open,0.06089173
BB_lower,0.060599383
20_day_std,0.06044439
Volume,0.060399637
MACD_signal,0.058898095
5_day_ma,0.058727194
volume_change,0.058238033
daily_return,0.05681223
High,0.052750017
BB_upper,0.051722147
Close,0.045900792
