Feature,Importance
5_day_ma,0.07231281
BB_lower,0.07003083
MACD_signal,0.06450663
BB_upper,0.06433122
volume_change,0.062475193
20_day_std,0.060326092
daily_return,0.0578886
High,0.05766302
Open,0.057125054
Close,0.057008866
RSI_14,0.05681312
MACD,0.055974644
Low,0.055953454
Volume,0.05477812
volatility_10,0.054450672
20_day_ma,0.05005241
10_day_ma,0.048309244
