Feature,Importance
RSI_14,0.07310451
Open,0.072402924
volatility_10,0.071191214
BB_lower,0.06878962
MACD,0.064681225
20_day_std,0.06446203
MACD_signal,0.061683416
Volume,0.060164828
daily_return,0.05950632
5_day_ma,0.058189224
High,0.05561499
volume_change,0.05413463
BB_upper,0.04922121
Low,0.04867107
Close,0.04783725
20_day_ma,0.04542225
10_day_ma,0.044923235
