Feature,Importance
High,0.0707472
Low,0.07017901
5_day_ma,0.069899164
20_day_ma,0.0698085
10_day_ma,0.066195905
MACD_signal,0.06532979
volume_change,0.06420834
BB_upper,0.061066706
Close,0.060744736
Open,0.0563395
volatility_10,0.055337638
RSI_14,0.055097252
MACD,0.052981872
daily_return,0.04825049
20_day_std,0.046288475
BB_lower,0.043773938
Volume,0.043751523
