Feature,Importance
5_day_ma,0.07862498
Low,0.07796948
10_day_ma,0.070811965
20_day_ma,0.06947101
Close,0.06607486
High,0.060432702
Volume,0.059718158
Open,0.058180172
volatility_10,0.057417706
BB_upper,0.056925178
RSI_14,0.05668215
daily_return,0.053396255
20_day_std,0.052455027
MACD_signal,0.052312177
MACD,0.04745119
volume_change,0.046441406
BB_lower,0.03563551
