Feature,Importance
5_day_ma,0.09115163
Volume,0.07148471
volume_change,0.07073273
20_day_ma,0.06453115
MACD_signal,0.063129336
10_day_ma,0.06255703
BB_lower,0.06080376
Close,0.05994929
volatility_10,0.057385426
MACD,0.05705887
Open,0.055599183
RSI_14,0.054728698
BB_upper,0.05426568
Low,0.052274864
20_day_std,0.048696876
daily_return,0.046922658
High,0.028728172
