Feature,Importance
Open,0.069972485
BB_upper,0.06529259
Low,0.06428502
BB_lower,0.06399643
10_day_ma,0.062377986
volume_change,0.061527293
MACD_signal,0.06001905
High,0.058453925
volatility_10,0.05795555
RSI_14,0.057211466
20_day_ma,0.05698369
daily_return,0.056054793
MACD,0.054698344
Close,0.054013096
20_day_std,0.053689763
5_day_ma,0.052655604
Volume,0.050812926
