Feature,Importance
volatility_10,0.07510436
MACD_signal,0.06937945
RSI_14,0.06579163
volume_change,0.064983204
Open,0.06454136
MACD,0.06259148
20_day_ma,0.059948757
Close,0.05924499
5_day_ma,0.059091624
20_day_std,0.0585671
Low,0.058553666
Volume,0.0563498
daily_return,0.05324501
BB_upper,0.053177394
High,0.049439337
10_day_ma,0.046331298
BB_lower,0.043659497
