Feature,Importance
High,0.08320952
BB_lower,0.07988408
Close,0.067996636
MACD_signal,0.06790534
volume_change,0.06185698
volatility_10,0.058972973
RSI_14,0.057032567
daily_return,0.056023847
20_day_std,0.05470394
Open,0.054311786
10_day_ma,0.054264594
20_day_ma,0.05380057
MACD,0.053436115
BB_upper,0.0528875
Volume,0.052069496
5_day_ma,0.0499124
Low,0.04173168
