Feature,Importance
10_day_ma,0.07762386
High,0.07205862
BB_lower,0.06636958
20_day_ma,0.062480096
Open,0.062383622
BB_upper,0.060455162
Close,0.05842623
MACD_signal,0.057570998
5_day_ma,0.05678313
MACD,0.056549218
RSI_14,0.055740353
volatility_10,0.055219516
volume_change,0.05266505
Low,0.05260012
20_day_std,0.051962763
Volume,0.050756134
daily_return,0.05035555
