Feature,Importance
20_day_ma,0.06589472
MACD,0.065733515
5_day_ma,0.06461685
10_day_ma,0.06423069
volatility_10,0.060818724
BB_lower,0.060303118
High,0.060194947
volume_change,0.059840407
Close,0.059580322
20_day_std,0.058952443
Volume,0.056519534
BB_upper,0.05578763
RSI_14,0.055065222
daily_return,0.054587897
MACD_signal,0.054006614
Open,0.053757895
Low,0.050109457
