Feature,Importance
BB_upper,0.06974664
Open,0.06813081
Close,0.06772363
High,0.06645003
volume_change,0.06639664
20_day_ma,0.06287401
10_day_ma,0.060871445
MACD_signal,0.05821807
Volume,0.057888698
daily_return,0.056857746
BB_lower,0.055718727
Low,0.055702873
volatility_10,0.0547132
20_day_std,0.051885333
RSI_14,0.0507408
MACD,0.050300628
5_day_ma,0.045780707
