Feature,Importance
Open,0.07431134
volume_change,0.06961039
5_day_ma,0.068632714
10_day_ma,0.068599254
Low,0.06173743
High,0.06167133
volatility_10,0.059862684
BB_lower,0.057938818
Volume,0.05771432
MACD_signal,0.05682654
MACD,0.056743916
RSI_14,0.056251347
BB_upper,0.05590606
daily_return,0.053241402
Close,0.052033275
20_day_ma,0.045797486
20_day_std,0.043121677
