Feature,Importance
volatility_10,0.089149535
MACD_signal,0.07111607
MACD,0.06898664
5_day_ma,0.06475245
Low,0.06418795
Close,0.064090155
BB_upper,0.062822394
Volume,0.06089193
Open,0.0539549
BB_lower,0.05392489
10_day_ma,0.05376519
daily_return,0.05350059
High,0.050858058
RSI_14,0.050122444
20_day_ma,0.047615584
volume_change,0.045230135
20_day_std,0.04503103
