Feature,Importance
BB_lower,0.071210556
Low,0.068552434
RSI_14,0.06644851
volume_change,0.06314171
20_day_ma,0.06292626
High,0.060754403
BB_upper,0.059635296
Open,0.058698107
20_day_std,0.05826899
MACD,0.056638308
5_day_ma,0.05638593
MACD_signal,0.054758135
daily_return,0.054197606
10_day_ma,0.05377925
Volume,0.052923005
Close,0.051295415
volatility_10,0.05038607
