Feature,Importance
High,0.07350965
BB_lower,0.06810756
Volume,0.06714959
Open,0.06697539
5_day_ma,0.06677303
20_day_ma,0.06626587
Low,0.061980553
MACD,0.060493223
BB_upper,0.058367077
MACD_signal,0.057067666
Close,0.056543123
volume_change,0.05484019
volatility_10,0.05309528
RSI_14,0.051943686
daily_return,0.046531312
20_day_std,0.045210734
10_day_ma,0.0451461
