Feature,Importance
volatility_10,0.06995418
volume_change,0.06802575
20_day_std,0.0664467
5_day_ma,0.06504724
Volume,0.06403565
Close,0.06290098
BB_upper,0.059182033
Open,0.058568146
MACD_signal,0.058344025
High,0.05808089
20_day_ma,0.05727089
daily_return,0.05567999
10_day_ma,0.052756328
Low,0.05249498
RSI_14,0.052107546
MACD,0.05059905
BB_lower,0.048505515
