Feature,Importance
BB_upper,0.0747813
Low,0.06332747
High,0.063204356
MACD_signal,0.06236167
daily_return,0.061393324
MACD,0.06001141
volatility_10,0.05910732
Open,0.05891833
20_day_std,0.05825009
RSI_14,0.058040418
BB_lower,0.05751981
20_day_ma,0.056983795
10_day_ma,0.05566555
volume_change,0.055536788
Close,0.054060765
Volume,0.052934233
5_day_ma,0.0479034
