Feature,Importance
MACD,0.071898974
RSI_14,0.07111234
Low,0.070702605
MACD_signal,0.062253017
20_day_std,0.06216357
volatility_10,0.061192956
20_day_ma,0.060131658
5_day_ma,0.05894004
Volume,0.058156356
High,0.056848496
volume_change,0.056474987
Close,0.05519494
BB_lower,0.05516167
daily_return,0.05234465
10_day_ma,0.049907647
BB_upper,0.049320616
Open,0.048195433
