Feature,Importance
20_day_ma,0.07324299
BB_lower,0.07078703
volatility_10,0.06597593
5_day_ma,0.064681046
daily_return,0.06439552
BB_upper,0.063186534
Close,0.06140152
MACD,0.059312347
High,0.058152337
Open,0.055528626
RSI_14,0.05500507
Volume,0.054990288
10_day_ma,0.054789186
volume_change,0.053039122
MACD_signal,0.049487773
Low,0.049460124
20_day_std,0.046564516
