Feature,Importance
volume_change,0.074889
Open,0.07051438
BB_upper,0.06474971
Volume,0.0636064
10_day_ma,0.061206277
High,0.060388695
daily_return,0.059913356
Close,0.05989358
MACD_signal,0.058640715
5_day_ma,0.05841017
volatility_10,0.05637349
Low,0.055164095
BB_lower,0.054924097
MACD,0.053876195
20_day_ma,0.051985517
RSI_14,0.05088478
20_day_std,0.04457957
