Feature,Importance
BB_upper,0.06928322
Low,0.0666001
5_day_ma,0.06526499
RSI_14,0.06429934
Open,0.062163383
10_day_ma,0.061391626
MACD,0.061031498
volume_change,0.06013259
daily_return,0.059206992
20_day_ma,0.057496175
Volume,0.054875195
volatility_10,0.054433357
MACD_signal,0.054431524
High,0.053350624
BB_lower,0.053073328
Close,0.052245043
20_day_std,0.05072107
