Feature,Importance
volume_change,0.071331345
Open,0.06456196
Volume,0.06352683
10_day_ma,0.06316099
Close,0.062730506
volatility_10,0.061677445
RSI_14,0.0607409
High,0.059457332
BB_upper,0.05889852
BB_lower,0.058162384
Low,0.057515826
20_day_std,0.055706155
5_day_ma,0.055428855
daily_return,0.053525005
MACD_signal,0.052604407
20_day_ma,0.052432705
MACD,0.04853886
