Feature,Importance
Open,0.07813673
BB_lower,0.06878697
Low,0.06834761
MACD,0.06603338
20_day_std,0.06490284
BB_upper,0.06176001
volume_change,0.058790628
10_day_ma,0.0587794
RSI_14,0.057871357
daily_return,0.05576184
volatility_10,0.05465538
Close,0.05309052
5_day_ma,0.052641522
High,0.05194933
Volume,0.05075939
MACD_signal,0.050253797
20_day_ma,0.047479365
