Feature,Importance
Close,0.076070435
5_day_ma,0.07581523
BB_upper,0.06994782
Low,0.069248416
BB_lower,0.064834215
volatility_10,0.06378385
20_day_std,0.060333252
20_day_ma,0.058832787
10_day_ma,0.058711797
High,0.05643879
daily_return,0.053870216
Open,0.052397765
volume_change,0.051895827
MACD,0.05142657
MACD_signal,0.047690317
Volume,0.046392825
RSI_14,0.042309903
