Feature,Importance
Low,0.073610075
20_day_std,0.07051921
volume_change,0.068033166
MACD,0.064184725
High,0.06360201
BB_upper,0.063079186
Close,0.06291135
10_day_ma,0.061583918
MACD_signal,0.058830712
Volume,0.058202643
BB_lower,0.056498453
20_day_ma,0.05561853
volatility_10,0.052998945
daily_return,0.051912367
5_day_ma,0.051412392
RSI_14,0.04867099
Open,0.038331363
