Feature,Importance
Open,0.06757419
RSI_14,0.06621016
BB_lower,0.06545507
BB_upper,0.06448256
5_day_ma,0.062724546
Low,0.06152569
10_day_ma,0.05949267
20_day_ma,0.05929903
MACD,0.058680426
20_day_std,0.05740386
Close,0.05509457
Volume,0.055084266
daily_return,0.054603074
volume_change,0.053786088
High,0.053734962
MACD_signal,0.053193994
volatility_10,0.051654786
