Feature,Importance
BB_upper,0.066165045
BB_lower,0.065328225
MACD,0.06385231
5_day_ma,0.06279025
10_day_ma,0.06266763
RSI_14,0.062581405
MACD_signal,0.0593672
Volume,0.059321232
20_day_std,0.058406305
High,0.05816551
20_day_ma,0.05795408
Open,0.05769501
volatility_10,0.05645084
Close,0.055967618
volume_change,0.053974155
daily_return,0.053487886
Low,0.04582533
