Feature,Importance
Open,0.10832235
20_day_ma,0.07647154
5_day_ma,0.07256038
MACD,0.06461417
Close,0.06270811
volatility_10,0.06093366
20_day_std,0.060242075
BB_upper,0.057400454
volume_change,0.053434927
BB_lower,0.053270716
High,0.052122444
RSI_14,0.049149778
10_day_ma,0.047723573
Low,0.047028266
MACD_signal,0.04525777
Volume,0.04505587
daily_return,0.04370396
