Feature,Importance
Open,0.07058002
Low,0.07029533
MACD,0.06585593
10_day_ma,0.06532054
daily_return,0.065291695
Volume,0.06488179
20_day_std,0.06345577
BB_upper,0.06024517
volume_change,0.05928838
volatility_10,0.058446508
RSI_14,0.057514627
5_day_ma,0.057375815
Close,0.056301877
High,0.050579432
20_day_ma,0.047317713
MACD_signal,0.04671101
BB_lower,0.04053844
