Feature,Importance
5_day_ma,0.0815234
10_day_ma,0.074771166
20_day_ma,0.07457244
Low,0.072950736
Close,0.067467384
BB_lower,0.06131918
RSI_14,0.057119403
MACD,0.0542719
High,0.053934827
MACD_signal,0.05323812
volume_change,0.053121988
20_day_std,0.052043382
Volume,0.051084507
daily_return,0.05013014
volatility_10,0.049512126
BB_upper,0.04889618
Open,0.044043105
