Feature,Importance
10_day_ma,0.08198523
Close,0.08009255
MACD,0.07464579
Open,0.071963795
20_day_ma,0.071848616
volatility_10,0.06620887
BB_upper,0.06614497
volume_change,0.058894966
BB_lower,0.05730378
Low,0.057171915
Volume,0.052745465
5_day_ma,0.05108966
MACD_signal,0.050337847
High,0.04867027
RSI_14,0.04248701
20_day_std,0.038881052
daily_return,0.029528262
