Feature,Importance
20_day_ma,0.07505345
5_day_ma,0.06711562
BB_lower,0.06308049
RSI_14,0.06134642
MACD_signal,0.061245307
20_day_std,0.061217815
High,0.059631903
BB_upper,0.058820494
Low,0.05841471
volume_change,0.05740235
10_day_ma,0.05698216
Volume,0.056734536
Open,0.056710597
Close,0.056528453
volatility_10,0.05588467
daily_return,0.051289804
MACD,0.04254125
