Feature,Importance
5_day_ma,0.07188178
High,0.07025515
BB_lower,0.068758756
20_day_ma,0.06766464
MACD,0.06300471
MACD_signal,0.06103099
Volume,0.0602918
Low,0.0593614
BB_upper,0.05888776
volatility_10,0.0564672
Open,0.055848088
Close,0.05540329
10_day_ma,0.054965258
volume_change,0.053330924
20_day_std,0.051854774
RSI_14,0.045601856
daily_return,0.04539169
