Feature,Importance
Open,0.06942961
MACD,0.06933645
5_day_ma,0.06534825
BB_upper,0.064019196
Volume,0.061443333
volatility_10,0.060631126
20_day_ma,0.0595074
Low,0.058970552
10_day_ma,0.058345765
volume_change,0.057235528
MACD_signal,0.056596994
BB_lower,0.055041064
High,0.054487675
20_day_std,0.053974595
daily_return,0.053542003
Close,0.05252654
RSI_14,0.04956389
