Feature,Importance
RSI_14,0.06768137
Low,0.06641708
volume_change,0.063763134
MACD,0.06361051
MACD_signal,0.06269923
Open,0.06191459
volatility_10,0.06063915
BB_upper,0.05928773
20_day_std,0.05907355
High,0.057167556
Volume,0.056747634
daily_return,0.05662237
10_day_ma,0.05519206
5_day_ma,0.053790174
20_day_ma,0.053089563
BB_lower,0.052027926
Close,0.050276373
