Feature,Importance
MACD,0.071835
BB_lower,0.07006609
MACD_signal,0.06911045
volatility_10,0.06616732
5_day_ma,0.065474875
High,0.06322037
volume_change,0.063105226
Close,0.05933468
Volume,0.055822477
Open,0.055143006
10_day_ma,0.05501638
Low,0.053363115
BB_upper,0.053062942
20_day_std,0.051610675
daily_return,0.050284803
RSI_14,0.04896068
20_day_ma,0.048421986
