Feature,Importance
MACD,0.07493465
BB_lower,0.06590221
20_day_std,0.063377544
MACD_signal,0.06283622
daily_return,0.061424825
Close,0.061056063
BB_upper,0.05963239
volatility_10,0.059198685
10_day_ma,0.058687974
volume_change,0.057627883
High,0.05725882
Low,0.057258196
5_day_ma,0.057148762
Open,0.055015992
20_day_ma,0.05274932
RSI_14,0.049982015
Volume,0.045908358
