Feature,Importance
5_day_ma,0.071941026
volatility_10,0.06574649
MACD_signal,0.064267196
20_day_std,0.06258874
Volume,0.060771093
BB_lower,0.060369495
10_day_ma,0.05895141
BB_upper,0.05860448
MACD,0.058526307
20_day_ma,0.05828374
volume_change,0.058219265
High,0.05725931
Low,0.05541014
RSI_14,0.054558832
daily_return,0.05335296
Close,0.051866405
Open,0.04928315
