Feature,Importance
Close,0.07040542
MACD_signal,0.06672406
Low,0.06259811
MACD,0.061562333
volatility_10,0.061283965
BB_lower,0.061079606
10_day_ma,0.059710104
volume_change,0.058858264
Volume,0.05885744
daily_return,0.057959225
5_day_ma,0.05710016
High,0.05656879
BB_upper,0.056226354
20_day_ma,0.054859478
RSI_14,0.054327857
Open,0.052567635
20_day_std,0.049311247
