Feature,Importance
20_day_std,0.06361019
daily_return,0.061975382
Open,0.061862793
Volume,0.061777405
20_day_ma,0.061366297
Low,0.060720406
volatility_10,0.060565274
5_day_ma,0.059655666
BB_lower,0.059146006
MACD,0.05877822
High,0.058086835
RSI_14,0.0574148
BB_upper,0.0569721
10_day_ma,0.056574233
volume_change,0.05628369
MACD_signal,0.054940864
Close,0.050269928
