Feature,Importance
BB_lower,0.07013774
BB_upper,0.07000767
20_day_ma,0.066709615
5_day_ma,0.06520479
volatility_10,0.06319773
10_day_ma,0.06071168
volume_change,0.060666315
Volume,0.059809256
daily_return,0.058157157
High,0.05724776
Close,0.056960113
MACD_signal,0.056538664
Open,0.055799704
MACD,0.051533863
Low,0.050260585
RSI_14,0.049691148
20_day_std,0.047366176
