Feature,Importance
20_day_ma,0.07073464
MACD,0.06943037
10_day_ma,0.06491238
Volume,0.06477979
volatility_10,0.063493155
BB_upper,0.061436232
High,0.060215488
RSI_14,0.058979947
MACD_signal,0.058286384
volume_change,0.057761267
Low,0.05714947
20_day_std,0.056905672
BB_lower,0.05539808
5_day_ma,0.052110367
Close,0.05147397
daily_return,0.051049486
Open,0.045883298
