Feature,Importance
10_day_ma,0.08768418
Close,0.08071783
BB_upper,0.06847704
MACD,0.06607377
5_day_ma,0.06489678
BB_lower,0.05896109
Low,0.05874375
20_day_ma,0.058736403
volume_change,0.05815543
Volume,0.05558116
RSI_14,0.052636333
volatility_10,0.052082587
20_day_std,0.050968662
daily_return,0.050777674
High,0.048777774
MACD_signal,0.0438735
Open,0.04285598
