Feature,Importance
BB_lower,0.06873712
BB_upper,0.06524675
20_day_ma,0.064514525
Low,0.06422553
RSI_14,0.06415897
20_day_std,0.06270965
MACD_signal,0.05941807
5_day_ma,0.059405405
10_day_ma,0.058882885
Close,0.058489475
volume_change,0.05670154
MACD,0.056675527
Volume,0.05621889
daily_return,0.054763477
High,0.054104287
volatility_10,0.050462905
Open,0.04528502
