Feature,Importance
High,0.077327535
volume_change,0.07302908
Open,0.06741099
volatility_10,0.06417282
Close,0.061791662
MACD_signal,0.06078423
5_day_ma,0.059559688
10_day_ma,0.05757336
Volume,0.056411605
BB_lower,0.05633671
RSI_14,0.05631457
MACD,0.055489276
Low,0.052191295
BB_upper,0.05165488
20_day_ma,0.051601358
daily_return,0.050261162
20_day_std,0.048089854
