Feature,Importance
20_day_ma,0.07688332
5_day_ma,0.07487877
Close,0.06847032
Low,0.065840684
volume_change,0.0630257
RSI_14,0.06181382
MACD_signal,0.060961016
Open,0.06059975
20_day_std,0.06024668
High,0.059916165
MACD,0.056111015
BB_upper,0.054927673
BB_lower,0.05436473
daily_return,0.050098088
Volume,0.045463517
10_day_ma,0.04369029
volatility_10,0.042708453
