Feature,Importance
MACD_signal,0.07834157
MACD,0.07624331
daily_return,0.07369006
20_day_std,0.072735675
volatility_10,0.07034541
Close,0.06886763
RSI_14,0.0662057
BB_lower,0.06414905
Open,0.06375324
20_day_ma,0.05842703
volume_change,0.05313131
High,0.051075492
Volume,0.049756184
Low,0.043317527
10_day_ma,0.04265624
BB_upper,0.039224576
5_day_ma,0.028080009
