Feature,Importance
Close,0.08528067
20_day_ma,0.074435
BB_upper,0.07310846
BB_lower,0.072652236
Low,0.072482
MACD_signal,0.05998638
10_day_ma,0.057252575
volume_change,0.056499436
RSI_14,0.05648941
High,0.05522982
Open,0.053043608
20_day_std,0.051100988
Volume,0.0503429
daily_return,0.049296156
5_day_ma,0.044587772
MACD,0.044451438
volatility_10,0.04376118
