Feature,Importance
MACD_signal,0.066573545
BB_upper,0.0660456
daily_return,0.06587052
volume_change,0.06514731
10_day_ma,0.064959
20_day_std,0.06398924
Low,0.062439457
volatility_10,0.060296673
BB_lower,0.059693687
MACD,0.057913747
Volume,0.055319518
Close,0.05444283
RSI_14,0.053709522
5_day_ma,0.053574745
20_day_ma,0.052269176
High,0.049438342
Open,0.04831711
