Feature,Importance
MACD_signal,0.079433806
10_day_ma,0.072117396
High,0.07166366
BB_lower,0.067434356
Close,0.0632683
Open,0.062209208
volatility_10,0.06145117
MACD,0.05807784
RSI_14,0.056194816
20_day_std,0.05562504
Volume,0.05515563
20_day_ma,0.054949537
daily_return,0.053437117
BB_upper,0.05074251
volume_change,0.050197106
Low,0.046578012
5_day_ma,0.041464522
