Feature,Importance
daily_return,0.06841289
5_day_ma,0.0683106
Volume,0.06711479
BB_upper,0.063470356
20_day_std,0.06321183
Open,0.05955185
Low,0.05915005
MACD,0.058095828
High,0.057992924
volume_change,0.057972778
20_day_ma,0.056498542
BB_lower,0.054351307
Close,0.053956192
10_day_ma,0.053888757
volatility_10,0.052757636
RSI_14,0.052752662
MACD_signal,0.05251091
