Feature,Importance
volume_change,0.07175251
BB_upper,0.068861715
MACD,0.06837173
volatility_10,0.067186
High,0.0658074
5_day_ma,0.06533876
daily_return,0.06285824
Low,0.056862526
RSI_14,0.05644655
Volume,0.055544775
20_day_std,0.053753167
Open,0.053115636
10_day_ma,0.05263535
20_day_ma,0.05258931
MACD_signal,0.051968284
BB_lower,0.05156723
Close,0.04534087
