Feature,Importance
BB_upper,0.070505895
MACD_signal,0.067429274
10_day_ma,0.06677737
daily_return,0.06264094
MACD,0.061005175
volume_change,0.06031191
RSI_14,0.06030997
High,0.05926263
Open,0.05917835
BB_lower,0.05887734
20_day_ma,0.057460032
20_day_std,0.057441864
volatility_10,0.05618429
Volume,0.054244332
Low,0.05172471
5_day_ma,0.05161281
Close,0.04503308
