Feature,Importance
Low,0.0848265
Close,0.076082334
MACD_signal,0.07551171
MACD,0.06448104
5_day_ma,0.06290829
Open,0.060355954
20_day_ma,0.060193725
High,0.05898615
BB_lower,0.05456717
volume_change,0.054446124
volatility_10,0.053976864
daily_return,0.053010926
20_day_std,0.05256621
BB_upper,0.04871679
Volume,0.048677918
10_day_ma,0.04666294
RSI_14,0.04402935
