Feature,Importance
10_day_ma,0.07801949
Close,0.07520425
BB_upper,0.07432716
High,0.07342689
MACD_signal,0.0695496
Low,0.0642081
daily_return,0.060159817
MACD,0.058592726
Volume,0.057449535
volume_change,0.057376567
volatility_10,0.056560233
20_day_std,0.055171214
Open,0.054468844
BB_lower,0.047073796
RSI_14,0.043013
20_day_ma,0.041107662
5_day_ma,0.034291096
