Feature,Importance
High,0.11099653
Low,0.0714847
BB_upper,0.06748917
20_day_std,0.06294905
10_day_ma,0.06290417
20_day_ma,0.061200496
BB_lower,0.058319703
volatility_10,0.057816632
Close,0.05624539
RSI_14,0.052234925
volume_change,0.05168437
Open,0.05017898
MACD,0.048421673
daily_return,0.047431108
MACD_signal,0.0472194
5_day_ma,0.047097586
Volume,0.046326153
