Feature,Importance
Open,0.083364636
Low,0.07458654
High,0.073626116
Close,0.06310084
BB_upper,0.062196624
20_day_ma,0.05947881
MACD,0.057869256
5_day_ma,0.0573882
10_day_ma,0.055564474
20_day_std,0.05543584
BB_lower,0.055433314
volatility_10,0.054659955
RSI_14,0.053954042
Volume,0.05260349
daily_return,0.048730135
MACD_signal,0.048221897
volume_change,0.043785863
