Feature,Importance
BB_upper,0.068714894
High,0.067544
daily_return,0.06582493
BB_lower,0.064861014
volume_change,0.061390214
20_day_std,0.061226483
MACD_signal,0.060232013
Low,0.060183063
MACD,0.059722476
RSI_14,0.059299584
Volume,0.058477774
10_day_ma,0.058185704
Close,0.055898037
volatility_10,0.05571439
Open,0.055257756
5_day_ma,0.04501904
20_day_ma,0.042448618
