Feature,Importance
5_day_ma,0.06765162
BB_lower,0.06539902
RSI_14,0.06490407
BB_upper,0.064799495
20_day_ma,0.06270509
20_day_std,0.06263912
Low,0.062497493
Volume,0.061409757
volume_change,0.060949467
Close,0.060382
MACD_signal,0.0590469
High,0.056348708
MACD,0.055288114
volatility_10,0.05335684
daily_return,0.052551586
10_day_ma,0.04889239
Open,0.041178316
