Feature,Importance
High,0.08327607
Close,0.08017767
5_day_ma,0.07478303
MACD,0.0737057
BB_lower,0.066512
Open,0.06578162
10_day_ma,0.065082215
20_day_ma,0.060341265
BB_upper,0.054835908
volatility_10,0.054743268
volume_change,0.053253513
Volume,0.047916017
daily_return,0.047513932
MACD_signal,0.04625593
RSI_14,0.042675517
Low,0.04222168
20_day_std,0.04092457
