Feature,Importance
Low,0.07419734
20_day_ma,0.0732187
BB_upper,0.06806205
5_day_ma,0.06761351
10_day_ma,0.06626112
MACD,0.062684186
High,0.06263955
20_day_std,0.05941723
Close,0.05752487
volume_change,0.054813612
BB_lower,0.054385655
Volume,0.05215275
MACD_signal,0.05206875
daily_return,0.051755253
volatility_10,0.05055795
RSI_14,0.04998275
Open,0.042664807
