Feature,Importance
5_day_ma,0.0684518
volume_change,0.067326345
10_day_ma,0.06480133
Open,0.06311451
20_day_ma,0.062558435
BB_upper,0.0605341
Low,0.058833193
High,0.05883218
volatility_10,0.058693506
MACD_signal,0.05781569
RSI_14,0.057262175
20_day_std,0.056834225
Volume,0.056274712
BB_lower,0.054641254
daily_return,0.0524902
Close,0.05232619
MACD,0.04921012
