Feature,Importance
volume_change,0.07064317
10_day_ma,0.069286466
20_day_ma,0.06820461
High,0.066709295
MACD,0.06489049
BB_upper,0.06401112
BB_lower,0.062743366
Volume,0.06069085
5_day_ma,0.058283903
MACD_signal,0.05728514
volatility_10,0.057161923
Low,0.053769294
Close,0.053633668
daily_return,0.051048834
Open,0.050612193
RSI_14,0.0485869
20_day_std,0.04243882
