Feature,Importance
BB_upper,0.081180215
Low,0.08047549
10_day_ma,0.069443755
5_day_ma,0.067831986
Open,0.06670505
20_day_std,0.06656186
daily_return,0.06188013
20_day_ma,0.059058174
MACD,0.05600377
Close,0.055335175
MACD_signal,0.052112177
RSI_14,0.051972453
volatility_10,0.05172781
volume_change,0.050522733
Volume,0.04845285
BB_lower,0.045131523
High,0.03560495
