Feature,Importance
Low,0.0733758
Open,0.07184279
20_day_ma,0.0688637
High,0.06774396
BB_lower,0.06190721
Close,0.061234277
20_day_std,0.05787353
daily_return,0.057375852
Volume,0.05727999
MACD_signal,0.055362087
volume_change,0.055291235
volatility_10,0.05411169
MACD,0.05407728
RSI_14,0.053734336
5_day_ma,0.051671486
10_day_ma,0.049662556
BB_upper,0.04859222
