Feature,Importance
BB_upper,0.076792546
MACD_signal,0.07302063
Low,0.07074686
5_day_ma,0.06713362
MACD,0.06111309
High,0.059089858
volume_change,0.058997266
20_day_std,0.05568317
Close,0.05546713
volatility_10,0.054774582
BB_lower,0.054701556
Volume,0.054694366
20_day_ma,0.05319615
daily_return,0.052451964
Open,0.05201305
10_day_ma,0.05135652
RSI_14,0.048767667
