Feature,Importance
High,0.06999875
BB_lower,0.06917395
BB_upper,0.06477671
volatility_10,0.0637253
Volume,0.06333853
20_day_ma,0.06324521
20_day_std,0.06041306
Close,0.059111007
MACD_signal,0.058401316
volume_change,0.058016285
Open,0.055738136
10_day_ma,0.055446696
RSI_14,0.05519804
5_day_ma,0.05518236
daily_return,0.05263846
MACD,0.04805906
Low,0.047537144
