Feature,Importance
Close,0.08961723
Open,0.06873518
Low,0.0637989
5_day_ma,0.0632432
20_day_std,0.06266791
BB_lower,0.062399566
10_day_ma,0.062308133
MACD_signal,0.0576366
BB_upper,0.05724663
MACD,0.055447448
daily_return,0.05497457
volatility_10,0.05376559
volume_change,0.05281492
RSI_14,0.049761336
High,0.04960722
20_day_ma,0.048090823
Volume,0.047884766
