Feature,Importance
Low,0.071703345
Open,0.06528204
10_day_ma,0.06373502
BB_upper,0.06272354
volume_change,0.062210422
BB_lower,0.06180394
20_day_ma,0.060449935
5_day_ma,0.05954403
MACD_signal,0.058328014
daily_return,0.056680076
volatility_10,0.055363867
High,0.05443187
RSI_14,0.05421994
20_day_std,0.053648565
MACD,0.053552426
Volume,0.053396564
Close,0.052926358
