Feature,Importance
Low,0.06724659
volume_change,0.06722551
10_day_ma,0.06381468
BB_upper,0.06358926
Close,0.0633007
daily_return,0.063156925
volatility_10,0.060952894
Open,0.060215294
5_day_ma,0.05908752
RSI_14,0.05732425
20_day_ma,0.057195768
MACD,0.05653422
MACD_signal,0.055155773
Volume,0.05347596
High,0.052820344
20_day_std,0.052812643
BB_lower,0.046091687
