Feature,Importance
MACD,0.07118268
volume_change,0.06775507
MACD_signal,0.0649771
Volume,0.064898595
BB_upper,0.061341617
5_day_ma,0.061329607
Low,0.060607705
Open,0.059212208
20_day_std,0.05857946
volatility_10,0.05602172
BB_lower,0.05588343
RSI_14,0.054555863
10_day_ma,0.0540748
Close,0.05406562
daily_return,0.0528315
High,0.05262209
20_day_ma,0.05006102
