Feature,Importance
10_day_ma,0.07424499
High,0.07213413
Volume,0.0676028
RSI_14,0.06612183
volume_change,0.06492523
daily_return,0.06019845
volatility_10,0.05904522
Open,0.058784295
MACD,0.05781367
5_day_ma,0.055244517
BB_lower,0.055055812
BB_upper,0.0541973
Low,0.053604264
MACD_signal,0.05273818
20_day_std,0.052658953
20_day_ma,0.049128175
Close,0.04650216
