Feature,Importance
Open,0.0728706
10_day_ma,0.07146083
volume_change,0.06845608
High,0.066015854
BB_lower,0.064794905
Close,0.061787393
MACD_signal,0.059711307
Volume,0.05803173
5_day_ma,0.057959136
MACD,0.05721182
BB_upper,0.056334205
volatility_10,0.055868395
RSI_14,0.054485384
Low,0.05307517
20_day_ma,0.04995186
daily_return,0.04681872
20_day_std,0.045166615
