Feature,Importance
Open,0.08002629
Low,0.07578495
BB_lower,0.06917452
RSI_14,0.06676211
High,0.0662476
20_day_ma,0.06499151
5_day_ma,0.061149083
volume_change,0.058906507
BB_upper,0.056186695
MACD,0.055638433
volatility_10,0.054363657
Close,0.053940497
20_day_std,0.05235808
daily_return,0.04938008
10_day_ma,0.04659842
Volume,0.045343336
MACD_signal,0.0431482
