Feature,Importance
Low,0.07235128
BB_lower,0.06916281
High,0.066268
volume_change,0.064777456
MACD_signal,0.062902436
Open,0.0626005
10_day_ma,0.06045097
BB_upper,0.058142036
20_day_std,0.056940958
20_day_ma,0.05686205
MACD,0.056371115
Close,0.056366365
5_day_ma,0.055437155
daily_return,0.05405613
Volume,0.053187247
volatility_10,0.04940104
RSI_14,0.0447224
