Feature,Importance
MACD_signal,0.07599345
5_day_ma,0.07202607
High,0.071223035
Open,0.06993337
Low,0.064552784
BB_lower,0.05994794
daily_return,0.05960251
Close,0.0594227
volatility_10,0.057527132
MACD,0.0573038
volume_change,0.056301046
10_day_ma,0.05405062
BB_upper,0.053121585
RSI_14,0.051680315
20_day_std,0.050486825
20_day_ma,0.045575682
Volume,0.04125113
