Feature,Importance
Low,0.071391396
20_day_std,0.067634426
Close,0.06755251
BB_lower,0.06679832
High,0.06645897
MACD_signal,0.065706395
Open,0.059618995
BB_upper,0.058601886
volume_change,0.057506762
Volume,0.056995638
20_day_ma,0.056727845
RSI_14,0.054570146
MACD,0.053690564
volatility_10,0.052604806
daily_return,0.052293025
10_day_ma,0.049177714
5_day_ma,0.042670567
