Feature,Importance
Low,0.07742644
MACD_signal,0.0726494
High,0.06970992
10_day_ma,0.06505525
20_day_std,0.06327932
Open,0.06284263
Close,0.059488446
Volume,0.059464462
BB_lower,0.059154745
volatility_10,0.055747893
5_day_ma,0.052974503
BB_upper,0.05292949
daily_return,0.05262597
RSI_14,0.05247751
volume_change,0.05055943
MACD,0.05036786
20_day_ma,0.0432468
