Feature,Importance
Open,0.06921894
BB_lower,0.06884579
High,0.06503422
5_day_ma,0.06435712
20_day_std,0.061782654
Low,0.06177993
Volume,0.059787214
MACD_signal,0.059059586
MACD,0.058324844
volume_change,0.057237897
20_day_ma,0.05574688
RSI_14,0.055412184
Close,0.054702718
daily_return,0.053864412
10_day_ma,0.052630715
BB_upper,0.052018255
volatility_10,0.050196692
