Feature,Importance
volatility_10,0.075223096
BB_lower,0.07279423
MACD,0.07177703
MACD_signal,0.06649627
RSI_14,0.06497293
20_day_std,0.062194586
Close,0.06188721
5_day_ma,0.061483033
BB_upper,0.060117275
volume_change,0.059375126
Volume,0.055885766
Open,0.051347826
High,0.050549738
20_day_ma,0.050362755
daily_return,0.049263258
10_day_ma,0.04372861
Low,0.04254126
