Feature,Importance
MACD,0.07699535
Low,0.06997342
volume_change,0.064544655
MACD_signal,0.0633753
5_day_ma,0.063090034
BB_upper,0.062419068
Volume,0.05976229
High,0.05903638
BB_lower,0.05809875
20_day_std,0.05802811
10_day_ma,0.057002466
RSI_14,0.05512344
Close,0.054095358
volatility_10,0.05388485
daily_return,0.05069746
Open,0.050517403
20_day_ma,0.043355737
