Feature,Importance
Close,0.0703145
10_day_ma,0.06439079
Volume,0.06438913
volatility_10,0.06280319
MACD_signal,0.06204253
daily_return,0.060643315
BB_lower,0.060465075
Open,0.059873946
High,0.05944194
20_day_ma,0.05905197
RSI_14,0.05781596
MACD,0.057224795
volume_change,0.056920443
5_day_ma,0.055282835
20_day_std,0.055264037
BB_upper,0.05069304
Low,0.04338247
