Feature,Importance
BB_upper,0.07458919
Close,0.06955217
10_day_ma,0.06945963
20_day_std,0.068102054
5_day_ma,0.067217015
MACD_signal,0.064207
Low,0.06185026
High,0.057393894
Open,0.057355266
20_day_ma,0.05510663
MACD,0.054580066
RSI_14,0.05407567
Volume,0.051101234
volatility_10,0.05106457
daily_return,0.04927867
volume_change,0.047684528
BB_lower,0.04738214
