Feature,Importance
10_day_ma,0.07470681
5_day_ma,0.06522571
High,0.0638579
BB_lower,0.06305313
RSI_14,0.062766686
MACD,0.06266026
Volume,0.062110208
daily_return,0.060838204
volume_change,0.05814379
20_day_std,0.05666381
MACD_signal,0.056547377
Close,0.055425357
Low,0.053831726
Open,0.05217972
volatility_10,0.051802773
BB_upper,0.05094043
20_day_ma,0.04924614
