Feature,Importance
volume_change,0.07325016
volatility_10,0.06352969
20_day_std,0.06198847
5_day_ma,0.06181407
MACD,0.0606487
BB_upper,0.060546804
daily_return,0.06053947
Low,0.060444437
MACD_signal,0.059798352
Open,0.058710337
Volume,0.05694827
RSI_14,0.05602272
BB_lower,0.054935254
Close,0.054204993
High,0.053182848
20_day_ma,0.05267954
10_day_ma,0.05075589
