Feature,Importance
Open,0.090405725
Close,0.08292396
20_day_ma,0.08066852
10_day_ma,0.076611765
Low,0.07487585
BB_upper,0.06677879
High,0.064757794
BB_lower,0.06410254
5_day_ma,0.060668483
MACD_signal,0.05624772
daily_return,0.054449607
Volume,0.050102476
MACD,0.046422493
20_day_std,0.040448807
volume_change,0.034886938
RSI_14,0.027961086
volatility_10,0.027687544
