Feature,Importance
20_day_ma,0.06966226
BB_lower,0.066501185
Low,0.06430033
volume_change,0.06291221
High,0.06220371
BB_upper,0.061996058
20_day_std,0.060758278
Open,0.060729135
RSI_14,0.06018224
5_day_ma,0.057843193
daily_return,0.057548363
Volume,0.057404194
volatility_10,0.05457451
10_day_ma,0.054336708
MACD_signal,0.05382795
MACD,0.04852516
Close,0.046694502
