Feature,Importance
Open,0.08636527
5_day_ma,0.069260046
RSI_14,0.06658402
High,0.06547611
BB_lower,0.06339006
BB_upper,0.06291831
MACD,0.06287098
20_day_ma,0.060595654
10_day_ma,0.06039161
20_day_std,0.06033937
volatility_10,0.058651008
daily_return,0.05424731
volume_change,0.05305524
Volume,0.052828327
MACD_signal,0.051062394
Close,0.03778874
Low,0.034175526
