Feature,Importance
20_day_ma,0.07002123
MACD_signal,0.06894923
MACD,0.06550393
10_day_ma,0.06480181
Close,0.06392502
Low,0.06365867
5_day_ma,0.059748705
volatility_10,0.05945239
Open,0.057085335
BB_lower,0.056978673
20_day_std,0.056707133
daily_return,0.055412613
volume_change,0.05465529
RSI_14,0.054254018
BB_upper,0.051974524
Volume,0.051748168
High,0.045123294
