Feature,Importance
10_day_ma,0.06999663
BB_lower,0.06791872
volatility_10,0.06739836
MACD_signal,0.066634715
BB_upper,0.06581568
High,0.065087855
Open,0.063574895
Volume,0.059635326
20_day_std,0.059592817
daily_return,0.058362316
Close,0.05588867
20_day_ma,0.054985162
5_day_ma,0.051943596
MACD,0.05060148
Low,0.04996192
RSI_14,0.047585987
volume_change,0.04501579
