Feature,Importance
10_day_ma,0.0735972
Low,0.07053182
MACD_signal,0.066398434
High,0.06341454
Open,0.062714234
MACD,0.06161652
20_day_ma,0.060158912
Volume,0.059358906
BB_upper,0.05803272
RSI_14,0.057521958
volume_change,0.05702526
volatility_10,0.056334976
daily_return,0.056175545
BB_lower,0.05147005
20_day_std,0.0508103
5_day_ma,0.049625598
Close,0.045212984
