Feature,Importance
Close,0.07177566
5_day_ma,0.07090423
10_day_ma,0.06951841
Low,0.06944868
MACD,0.06608419
volume_change,0.06369625
20_day_ma,0.06163114
Open,0.054912638
volatility_10,0.054369994
BB_lower,0.054150227
High,0.05409539
20_day_std,0.053724788
BB_upper,0.053581912
Volume,0.05200056
MACD_signal,0.05077783
RSI_14,0.04983187
daily_return,0.049496233
