Feature,Importance
10_day_ma,0.067165114
MACD,0.06662085
5_day_ma,0.064416565
MACD_signal,0.06425281
BB_upper,0.06360226
High,0.062510625
20_day_ma,0.060146842
Low,0.059652254
20_day_std,0.05775225
Open,0.057464864
RSI_14,0.057279438
daily_return,0.05702514
volatility_10,0.056405544
Volume,0.053443305
volume_change,0.05253546
Close,0.049938038
BB_lower,0.049788687
