Feature,Importance
5_day_ma,0.064708985
BB_lower,0.0633955
RSI_14,0.06320255
20_day_std,0.06290356
MACD_signal,0.06269206
20_day_ma,0.0606647
BB_upper,0.05969521
Open,0.058947932
Low,0.058925517
10_day_ma,0.0578056
volume_change,0.057163745
MACD,0.056877125
Close,0.05637476
volatility_10,0.054739345
High,0.054278072
daily_return,0.05393512
Volume,0.05369017
