Feature,Importance
Open,0.07293932
Low,0.07112149
BB_upper,0.06511667
20_day_std,0.062381867
Volume,0.0612739
RSI_14,0.061241712
volatility_10,0.060845092
MACD_signal,0.06073823
volume_change,0.060573198
BB_lower,0.05890818
5_day_ma,0.056352243
daily_return,0.054412857
High,0.053531248
10_day_ma,0.052505706
20_day_ma,0.052001018
MACD,0.049575973
Close,0.0464813
