Feature,Importance
volatility_10,0.07006866
BB_upper,0.06738019
10_day_ma,0.063279
Volume,0.06298985
Low,0.060954496
BB_lower,0.06080833
volume_change,0.05966782
5_day_ma,0.059243713
daily_return,0.05907728
MACD_signal,0.058944624
20_day_std,0.057068706
Close,0.056513194
High,0.05514593
20_day_ma,0.055071305
RSI_14,0.051531594
MACD,0.05123863
Open,0.05101672
