Feature,Importance
20_day_ma,0.07400517
Low,0.067853644
BB_lower,0.062935315
10_day_ma,0.061654665
volume_change,0.061292015
20_day_std,0.060840845
BB_upper,0.059096783
5_day_ma,0.05891806
daily_return,0.058768805
volatility_10,0.056522023
Close,0.056471568
Volume,0.055899303
High,0.055833977
RSI_14,0.054687817
MACD_signal,0.05339076
MACD,0.05168738
Open,0.050141882
