Feature,Importance
RSI_14,0.06846511
volatility_10,0.066258945
Open,0.06520435
MACD_signal,0.062661104
20_day_std,0.062437993
volume_change,0.06216122
10_day_ma,0.06181272
MACD,0.0613988
High,0.060776748
20_day_ma,0.060606025
Close,0.059118703
BB_upper,0.05772018
daily_return,0.057280585
Volume,0.05541425
5_day_ma,0.05210438
Low,0.04730371
BB_lower,0.039275195
