Feature,Importance
20_day_ma,0.06891126
BB_upper,0.06759589
10_day_ma,0.06719279
MACD_signal,0.064114906
MACD,0.06325471
Close,0.06066678
volume_change,0.06008918
volatility_10,0.060047023
Low,0.058310475
daily_return,0.057434876
20_day_std,0.055640183
BB_lower,0.054559078
Volume,0.054417595
RSI_14,0.053882804
High,0.053807065
5_day_ma,0.051287435
Open,0.04878801
