Feature,Importance
Low,0.07571982
20_day_ma,0.06841594
20_day_std,0.06775647
Close,0.06696264
High,0.066434935
RSI_14,0.065620825
volume_change,0.0640674
MACD_signal,0.06239984
BB_lower,0.058936268
Volume,0.0579881
BB_upper,0.053818475
MACD,0.05349896
volatility_10,0.05138198
daily_return,0.05130972
5_day_ma,0.047703672
10_day_ma,0.04656803
Open,0.04141697
