Feature,Importance
MACD_signal,0.075753726
Low,0.072627716
BB_upper,0.07063843
Open,0.06563304
BB_lower,0.06478914
volatility_10,0.06451867
20_day_std,0.060882002
MACD,0.060557213
10_day_ma,0.059114404
High,0.056365423
Volume,0.052089702
daily_return,0.051962957
Close,0.0511922
20_day_ma,0.049990874
volume_change,0.04905306
RSI_14,0.048944615
5_day_ma,0.045886822
