Feature,Importance
volatility_10,0.07425557
BB_upper,0.06983725
High,0.06743978
20_day_ma,0.06738498
10_day_ma,0.067023605
5_day_ma,0.06580015
Volume,0.063727565
BB_lower,0.061943393
daily_return,0.061704233
Open,0.060801353
MACD_signal,0.058582906
RSI_14,0.0558456
volume_change,0.051845428
MACD,0.047512624
Close,0.04606491
20_day_std,0.042655043
Low,0.037575517
