Feature,Importance
Low,0.07140069
MACD_signal,0.07105364
5_day_ma,0.06349087
MACD,0.063457996
Open,0.061927646
10_day_ma,0.060900617
High,0.060771532
BB_upper,0.058551
volume_change,0.057279035
RSI_14,0.05659295
Close,0.056227148
volatility_10,0.0549623
Volume,0.05361201
20_day_std,0.05343109
daily_return,0.052367207
20_day_ma,0.05229857
BB_lower,0.051675748
