Feature,Importance
volatility_10,0.077507414
5_day_ma,0.06786249
Open,0.06593636
10_day_ma,0.06417366
Low,0.062962666
volume_change,0.06123329
daily_return,0.059895627
BB_upper,0.059015837
MACD_signal,0.05788136
MACD,0.057533603
BB_lower,0.05719415
RSI_14,0.056398153
Volume,0.056184758
Close,0.051366016
20_day_ma,0.04940158
High,0.0486603
20_day_std,0.04679273
