Feature,Importance
Close,0.07415788
Low,0.07125062
High,0.06929124
5_day_ma,0.06903967
volatility_10,0.06754315
Open,0.06679583
MACD_signal,0.060981926
BB_upper,0.05999789
daily_return,0.05748699
MACD,0.053485107
volume_change,0.052931327
10_day_ma,0.052663427
20_day_std,0.051631276
Volume,0.051037386
BB_lower,0.04937025
RSI_14,0.04818861
20_day_ma,0.044147447
