Feature,Importance
Low,0.07282639
High,0.068944246
Open,0.067246035
MACD_signal,0.06551303
5_day_ma,0.0639437
Close,0.061839465
BB_lower,0.06136656
20_day_std,0.05909872
20_day_ma,0.05818576
Volume,0.057168335
10_day_ma,0.05638713
MACD,0.05406167
RSI_14,0.052230287
volume_change,0.051997535
daily_return,0.05188938
BB_upper,0.049322497
volatility_10,0.04797926
