Feature,Importance
Volume,0.06748761
Open,0.06681576
5_day_ma,0.0659806
daily_return,0.06354228
BB_upper,0.06337901
Low,0.0621223
10_day_ma,0.06080647
volatility_10,0.0607705
High,0.05790893
volume_change,0.056645554
MACD,0.056331135
20_day_std,0.0553842
20_day_ma,0.05473546
Close,0.05391133
BB_lower,0.053486288
MACD_signal,0.05137841
RSI_14,0.049314205
