Feature,Importance
BB_upper,0.06765509
Low,0.06754306
Open,0.06396066
20_day_std,0.062147353
daily_return,0.06135012
RSI_14,0.05955684
5_day_ma,0.05899897
volume_change,0.05898643
BB_lower,0.058122676
20_day_ma,0.057972267
MACD_signal,0.057261202
Volume,0.0569054
MACD,0.056066185
High,0.055139948
volatility_10,0.054639153
10_day_ma,0.052993186
Close,0.05070148
