Feature,Importance
BB_upper,0.08270318
BB_lower,0.069741756
volatility_10,0.065611176
10_day_ma,0.06445747
Low,0.06370776
High,0.06350789
daily_return,0.061773848
MACD_signal,0.059215736
RSI_14,0.057588078
Volume,0.056787588
20_day_std,0.056482445
MACD,0.054074295
Close,0.053181406
volume_change,0.05288418
Open,0.04811456
5_day_ma,0.047435954
20_day_ma,0.04273264
