Feature,Importance
BB_upper,0.0863622
Low,0.081536755
RSI_14,0.06755225
High,0.06286835
volume_change,0.06250215
MACD_signal,0.062250845
MACD,0.06217007
20_day_ma,0.06003741
20_day_std,0.05809809
Close,0.05806747
BB_lower,0.056550488
Volume,0.054772384
daily_return,0.054127898
10_day_ma,0.05231745
5_day_ma,0.049579076
volatility_10,0.044944994
Open,0.02626209
