Feature,Importance
Low,0.087478906
5_day_ma,0.069152415
High,0.06853243
volume_change,0.063014545
BB_lower,0.061287686
volatility_10,0.0597075
Open,0.05949382
MACD,0.059354175
daily_return,0.05922222
Volume,0.05802867
20_day_std,0.05676304
RSI_14,0.056664716
MACD_signal,0.05353524
20_day_ma,0.048538506
10_day_ma,0.04677762
BB_upper,0.046718348
Close,0.045730066
