Feature,Importance
5_day_ma,0.07139182
10_day_ma,0.06457705
Low,0.06436838
Open,0.06314409
BB_lower,0.06220355
20_day_ma,0.0602165
RSI_14,0.05999676
MACD_signal,0.05915498
BB_upper,0.05906163
20_day_std,0.057348784
Close,0.05717551
MACD,0.055587936
volume_change,0.055562153
daily_return,0.05360112
High,0.053074066
Volume,0.052238412
volatility_10,0.051297262
