Feature,Importance
MACD,0.07243156
Close,0.06774419
BB_upper,0.066472806
Low,0.0636141
MACD_signal,0.06279487
20_day_ma,0.061193153
10_day_ma,0.061175805
RSI_14,0.060541533
5_day_ma,0.058011793
Volume,0.057615325
daily_return,0.056630593
volume_change,0.05616027
Open,0.05445204
20_day_std,0.05443373
BB_lower,0.050141323
High,0.048357554
volatility_10,0.04822938
