Feature,Importance
Close,0.08117984
5_day_ma,0.076541655
MACD_signal,0.07401985
10_day_ma,0.07359904
BB_lower,0.06851807
Volume,0.0660436
volatility_10,0.06587507
daily_return,0.06068862
MACD,0.058572527
20_day_ma,0.057002295
volume_change,0.056363896
BB_upper,0.05342188
High,0.046703447
Low,0.043525245
20_day_std,0.04256229
Open,0.03826111
RSI_14,0.037121598
