Feature,Importance
20_day_ma,0.090280525
Low,0.08127031
High,0.08076416
Volume,0.0733189
volatility_10,0.06361763
MACD_signal,0.062442616
BB_lower,0.060833696
volume_change,0.057515703
Open,0.05744785
Close,0.05616149
daily_return,0.05060138
RSI_14,0.049037293
10_day_ma,0.047644958
5_day_ma,0.045974463
MACD,0.04588861
20_day_std,0.041043676
BB_upper,0.03615675
