Feature,Importance
MACD,0.075074345
Close,0.065457314
BB_upper,0.065055124
Open,0.064067855
20_day_std,0.061126098
MACD_signal,0.060548343
Volume,0.06009162
High,0.059589278
Low,0.05933828
5_day_ma,0.059072968
volume_change,0.057969358
BB_lower,0.05745648
volatility_10,0.057202
daily_return,0.05524996
10_day_ma,0.054796558
RSI_14,0.051080957
20_day_ma,0.036823433
