Feature,Importance
5_day_ma,0.07358111
MACD,0.07340749
High,0.07157928
10_day_ma,0.065569304
volume_change,0.06266619
BB_lower,0.061451387
Volume,0.05759473
volatility_10,0.05741678
20_day_std,0.055681784
RSI_14,0.055519275
BB_upper,0.055125535
20_day_ma,0.054319944
daily_return,0.054051913
MACD_signal,0.05277431
Close,0.051653724
Low,0.049283125
Open,0.048324186
