Feature,Importance
20_day_ma,0.075360596
5_day_ma,0.06750455
10_day_ma,0.060643695
volume_change,0.06000632
Volume,0.05921432
volatility_10,0.0589872
MACD,0.058440022
BB_lower,0.0579715
20_day_std,0.057703882
MACD_signal,0.057672504
RSI_14,0.05719601
daily_return,0.0562178
Close,0.05594899
Low,0.055217564
BB_upper,0.05460924
Open,0.054289337
High,0.053016454
