Feature,Importance
volatility_10,0.0736895
Volume,0.07081918
BB_upper,0.06896452
10_day_ma,0.06586406
daily_return,0.065233245
MACD_signal,0.06363695
20_day_ma,0.063392945
volume_change,0.06249789
MACD,0.056826055
RSI_14,0.05574693
Open,0.055436358
20_day_std,0.05483506
5_day_ma,0.050797697
BB_lower,0.04914328
Low,0.048465203
Close,0.048000693
High,0.046650376
