Feature,Importance
MACD,0.07137916
Low,0.069224514
Close,0.0670667
High,0.065540545
BB_lower,0.06350274
Volume,0.061344523
20_day_ma,0.0609169
RSI_14,0.05948701
volume_change,0.05835563
MACD_signal,0.05813129
BB_upper,0.056061223
daily_return,0.055338167
10_day_ma,0.053415995
20_day_std,0.05133148
Open,0.050943866
5_day_ma,0.05004404
volatility_10,0.047916185
