Feature,Importance
BB_upper,0.06900268
BB_lower,0.063524276
volume_change,0.062610775
MACD_signal,0.061332304
20_day_std,0.061256595
volatility_10,0.059147842
Open,0.059128888
MACD,0.058675136
High,0.058256965
daily_return,0.05818983
Volume,0.057398073
20_day_ma,0.056938402
RSI_14,0.056708235
Low,0.056373816
10_day_ma,0.05611642
5_day_ma,0.055801444
Close,0.049538344
