Feature,Importance
10_day_ma,0.067464314
Low,0.06683094
MACD_signal,0.06449517
BB_upper,0.064332195
daily_return,0.06284665
High,0.06125933
BB_lower,0.060929865
volatility_10,0.059735946
20_day_std,0.059172254
Volume,0.057902467
volume_change,0.057243124
Open,0.056256723
RSI_14,0.0559856
20_day_ma,0.055634115
Close,0.054532755
MACD,0.04846125
5_day_ma,0.046917327
