Feature,Importance
Open,0.06672296
High,0.06670492
Low,0.06642562
volume_change,0.06570157
5_day_ma,0.064815454
BB_upper,0.06424565
Volume,0.06367719
volatility_10,0.061627585
10_day_ma,0.061603185
MACD_signal,0.060770955
20_day_std,0.056638286
BB_lower,0.05546677
MACD,0.05520144
RSI_14,0.05365062
daily_return,0.046936702
Close,0.046658773
20_day_ma,0.04315235
