Feature,Importance
20_day_ma,0.08070423
20_day_std,0.06513152
RSI_14,0.06506191
volume_change,0.06352372
10_day_ma,0.062839635
BB_upper,0.061897993
Low,0.060820803
Open,0.05820413
daily_return,0.058143906
volatility_10,0.057436626
Volume,0.05585381
BB_lower,0.054360144
MACD,0.0540597
5_day_ma,0.052927658
Close,0.051421516
High,0.050565436
MACD_signal,0.04704729
