Feature,Importance
MACD,0.06371059
RSI_14,0.063617684
Low,0.06321312
MACD_signal,0.062963165
volume_change,0.062439702
Open,0.06210404
volatility_10,0.061815035
BB_upper,0.060882878
5_day_ma,0.059918977
High,0.057422794
Volume,0.056900848
10_day_ma,0.056787822
Close,0.05541054
20_day_std,0.05523735
BB_lower,0.054650247
daily_return,0.054330066
20_day_ma,0.04859509
