Feature,Importance
20_day_ma,0.070742
Close,0.06497158
BB_upper,0.06325566
volume_change,0.06253942
Open,0.06248061
MACD,0.06243728
10_day_ma,0.06099438
Low,0.060025267
Volume,0.059715573
daily_return,0.05970589
RSI_14,0.059180584
MACD_signal,0.058984358
volatility_10,0.055534016
BB_lower,0.05403226
High,0.051513974
20_day_std,0.049914174
5_day_ma,0.043972943
