Feature,Importance
BB_lower,0.07441703
20_day_std,0.07101921
Low,0.06782424
Open,0.0638903
Close,0.062091004
RSI_14,0.060953632
volume_change,0.0602331
10_day_ma,0.05959412
volatility_10,0.05908478
MACD_signal,0.058832526
5_day_ma,0.05556696
MACD,0.05462633
daily_return,0.052973926
20_day_ma,0.051036585
Volume,0.050449945
BB_upper,0.048946943
High,0.048459366
