Feature,Importance
5_day_ma,0.083572775
BB_lower,0.07580143
20_day_ma,0.06745095
volume_change,0.06531719
daily_return,0.06505318
10_day_ma,0.062832
Open,0.0607536
20_day_std,0.060272176
Low,0.058706284
RSI_14,0.0583146
BB_upper,0.055060502
volatility_10,0.053823493
Volume,0.051616352
MACD,0.049268365
Close,0.045689467
High,0.043611586
MACD_signal,0.04285607
