Feature,Importance
High,0.0825825
20_day_ma,0.08253641
Low,0.0755778
5_day_ma,0.06684632
Open,0.06620583
Volume,0.05827741
BB_lower,0.05742084
BB_upper,0.05703322
volatility_10,0.055311073
Close,0.0552937
daily_return,0.054930992
volume_change,0.05453624
MACD,0.053890523
20_day_std,0.052597497
RSI_14,0.049432702
MACD_signal,0.048151325
10_day_ma,0.029375596
