Feature,Importance
Low,0.07559752
20_day_ma,0.07094012
BB_lower,0.067847565
volume_change,0.067264296
Close,0.06445074
High,0.06376776
20_day_std,0.05983426
BB_upper,0.059250843
Open,0.058101892
daily_return,0.05539772
Volume,0.054573406
volatility_10,0.054063845
10_day_ma,0.05306013
MACD,0.052793182
MACD_signal,0.05068484
RSI_14,0.048056904
5_day_ma,0.044314962
