Feature,Importance
RSI_14,0.066520095
volatility_10,0.06540845
MACD,0.064312816
Open,0.06362734
volume_change,0.062030982
Low,0.06097015
20_day_ma,0.059896056
Volume,0.058471713
20_day_std,0.05785278
MACD_signal,0.05778355
BB_lower,0.056728408
5_day_ma,0.0557451
BB_upper,0.055055372
Close,0.054888867
daily_return,0.0547557
10_day_ma,0.05435961
High,0.051593065
