Feature,Importance
volatility_10,0.07198973
5_day_ma,0.06913269
MACD_signal,0.06870801
Low,0.068654545
MACD,0.06342638
BB_upper,0.06258366
Volume,0.059467457
High,0.05784406
10_day_ma,0.056790736
daily_return,0.05657778
RSI_14,0.054540507
Close,0.054236088
BB_lower,0.053200997
20_day_std,0.053027112
Open,0.052473832
20_day_ma,0.04964479
volume_change,0.04770164
