Feature,Importance
10_day_ma,0.093438394
daily_return,0.0894958
MACD,0.07667711
BB_upper,0.074750654
20_day_ma,0.07212034
High,0.06833045
MACD_signal,0.0682759
Close,0.062466618
5_day_ma,0.05620454
volume_change,0.053934623
BB_lower,0.053469256
Low,0.052538943
20_day_std,0.04584318
Open,0.04372787
volatility_10,0.0387192
Volume,0.029200524
RSI_14,0.02080664
