Feature,Importance
Low,0.0662334
20_day_ma,0.06425308
BB_lower,0.0641313
20_day_std,0.06390695
5_day_ma,0.06033751
BB_upper,0.060291782
Close,0.059960853
RSI_14,0.05800506
MACD,0.057971064
10_day_ma,0.057399735
Open,0.057320703
MACD_signal,0.05704126
High,0.057023086
volume_change,0.05643536
volatility_10,0.055324055
Volume,0.054904472
daily_return,0.049460385
