Feature,Importance
volatility_10,0.073347054
BB_upper,0.07009307
Volume,0.06591426
20_day_ma,0.06399276
MACD_signal,0.063231334
volume_change,0.062165815
Open,0.06096326
daily_return,0.060444675
10_day_ma,0.059359793
MACD,0.057730723
Close,0.054866467
20_day_std,0.054748546
High,0.053494688
Low,0.052720588
RSI_14,0.05234517
5_day_ma,0.047903717
BB_lower,0.046678156
