Feature,Importance
RSI_14,0.07353066
Close,0.0668654
10_day_ma,0.0660632
volume_change,0.0621432
20_day_std,0.061853237
High,0.06144331
daily_return,0.061208054
Low,0.06086319
BB_lower,0.06077686
MACD,0.06004263
BB_upper,0.058089763
Volume,0.05754052
5_day_ma,0.05527162
MACD_signal,0.05496018
20_day_ma,0.048402652
volatility_10,0.047904447
Open,0.04304106
