Feature,Importance
Low,0.07396109
10_day_ma,0.07056474
MACD_signal,0.06638908
BB_upper,0.064174466
High,0.06296324
5_day_ma,0.06030247
Volume,0.060266227
Open,0.060078293
20_day_std,0.059257567
volatility_10,0.05746137
Close,0.05511788
20_day_ma,0.05488908
MACD,0.052225463
RSI_14,0.051629394
BB_lower,0.051626105
daily_return,0.051524658
volume_change,0.047568865
