Feature,Importance
10_day_ma,0.09185903
Close,0.068916604
BB_upper,0.06705399
Low,0.06448963
MACD,0.061567694
Open,0.061447997
High,0.06121938
RSI_14,0.0592557
volatility_10,0.057622064
20_day_ma,0.057251394
5_day_ma,0.054910444
20_day_std,0.051775448
BB_lower,0.051129613
daily_return,0.050379585
volume_change,0.049418997
MACD_signal,0.04843677
Volume,0.04326562
