Feature,Importance
10_day_ma,0.07009149
Close,0.06882853
20_day_std,0.06876128
MACD_signal,0.06813707
High,0.06686091
Open,0.06070861
daily_return,0.059574638
MACD,0.05797111
Low,0.057267558
BB_lower,0.056371607
Volume,0.056366406
5_day_ma,0.055986356
20_day_ma,0.055743963
BB_upper,0.05476703
RSI_14,0.049633693
volatility_10,0.048872076
volume_change,0.044057608
