Feature,Importance
BB_lower,0.067596145
RSI_14,0.06712562
volume_change,0.06595823
20_day_ma,0.063609324
20_day_std,0.060283583
Open,0.059460662
High,0.059244998
MACD,0.05893968
daily_return,0.057932593
Close,0.056476045
MACD_signal,0.05631055
10_day_ma,0.055953898
5_day_ma,0.055858474
BB_upper,0.055674102
volatility_10,0.05480356
Low,0.052656326
Volume,0.052116208
