Feature,Importance
Close,0.08386198
MACD_signal,0.06745518
20_day_std,0.065094106
RSI_14,0.06468864
Open,0.06418529
volume_change,0.06393721
10_day_ma,0.060259037
MACD,0.058572408
volatility_10,0.057480477
BB_upper,0.055982247
5_day_ma,0.055559933
20_day_ma,0.05313695
daily_return,0.05185
Low,0.051182598
High,0.050587658
BB_lower,0.05005838
Volume,0.046107817
