Feature,Importance
Open,0.06373692
High,0.062196054
BB_lower,0.06176001
daily_return,0.061293412
MACD,0.06073262
Low,0.059795357
5_day_ma,0.05975544
BB_upper,0.059531856
20_day_ma,0.059367057
20_day_std,0.05788359
volume_change,0.057308637
10_day_ma,0.057215147
Close,0.057209857
RSI_14,0.05664756
MACD_signal,0.056156226
Volume,0.054972824
volatility_10,0.054437507
