Feature,Importance
10_day_ma,0.06991451
20_day_ma,0.067106165
volatility_10,0.06664045
20_day_std,0.066172354
BB_lower,0.06393177
5_day_ma,0.062996306
MACD,0.06284527
MACD_signal,0.06017318
Open,0.058232427
Volume,0.05712549
Low,0.05607576
Close,0.054271948
volume_change,0.05418295
daily_return,0.05266276
BB_upper,0.050236702
High,0.049065974
RSI_14,0.048365977
