Feature,Importance
High,0.092233524
Low,0.07019247
20_day_ma,0.06981211
RSI_14,0.06571579
5_day_ma,0.06408103
MACD_signal,0.062079675
10_day_ma,0.0587823
Volume,0.058692526
Close,0.058629982
daily_return,0.0574261
volatility_10,0.054960202
volume_change,0.05395942
BB_upper,0.049923796
Open,0.04868721
BB_lower,0.0483928
MACD,0.044744987
20_day_std,0.041686103
