Feature,Importance
daily_return,0.067784354
5_day_ma,0.0674254
BB_upper,0.0672605
volatility_10,0.06651636
Low,0.065918595
Open,0.06534486
volume_change,0.062139913
Close,0.061014272
20_day_std,0.059828147
BB_lower,0.058347635
RSI_14,0.05824751
High,0.05516088
MACD,0.05277051
MACD_signal,0.051979344
20_day_ma,0.051619638
Volume,0.04840726
10_day_ma,0.040234838
