Feature,Importance
10_day_ma,0.07186257
Open,0.06872029
Low,0.06838773
RSI_14,0.06408994
Close,0.061837256
MACD,0.061128486
BB_upper,0.059816115
daily_return,0.05904868
5_day_ma,0.05834552
High,0.057332788
volatility_10,0.056518614
Volume,0.055515278
volume_change,0.053665675
MACD_signal,0.053016786
BB_lower,0.052680016
20_day_ma,0.05126579
20_day_std,0.046768453
