Feature,Importance
Close,0.078342564
10_day_ma,0.0738588
Low,0.073773675
BB_upper,0.071165614
Open,0.06296473
Volume,0.061548572
BB_lower,0.060304854
volume_change,0.059714604
MACD_signal,0.05870392
RSI_14,0.05813063
20_day_ma,0.05246771
MACD,0.051961537
daily_return,0.05119937
20_day_std,0.04972517
volatility_10,0.048697963
5_day_ma,0.047979917
High,0.03946043
