Feature,Importance
5_day_ma,0.08347316
High,0.0687513
volatility_10,0.06348432
BB_upper,0.06270054
Low,0.06262585
MACD_signal,0.062401734
BB_lower,0.05870127
daily_return,0.058184966
20_day_ma,0.057171002
volume_change,0.05533673
20_day_std,0.0551983
Open,0.055180445
10_day_ma,0.055148628
MACD,0.054959796
Close,0.05428197
Volume,0.051589627
RSI_14,0.04081038
