Feature,Importance
Open,0.07739248
Low,0.074750826
Volume,0.06769505
volume_change,0.067642644
volatility_10,0.06762306
BB_lower,0.062216625
20_day_std,0.061863035
daily_return,0.061728004
5_day_ma,0.061337244
MACD,0.05877927
10_day_ma,0.05615528
20_day_ma,0.05152615
Close,0.048268635
RSI_14,0.047766224
High,0.04676399
MACD_signal,0.045037147
BB_upper,0.043454256
