Feature,Importance
Low,0.06930029
BB_lower,0.06680316
High,0.06542534
BB_upper,0.06393063
Close,0.062969565
MACD_signal,0.061027274
daily_return,0.060680993
Volume,0.05949395
10_day_ma,0.05911393
20_day_std,0.05894536
Open,0.05803
MACD,0.056133512
5_day_ma,0.055668283
20_day_ma,0.055126607
RSI_14,0.051808715
volume_change,0.048250042
volatility_10,0.047292348
