Feature,Importance
daily_return,0.06446422
5_day_ma,0.06378174
MACD_signal,0.06353155
volatility_10,0.062400497
10_day_ma,0.06190574
Low,0.06081728
20_day_ma,0.06011546
Open,0.059178054
20_day_std,0.058659952
BB_upper,0.058189467
Volume,0.057382144
MACD,0.05619089
Close,0.05612854
volume_change,0.055188786
RSI_14,0.054192383
High,0.053994402
BB_lower,0.05387892
