Feature,Importance
Low,0.06892682
High,0.06875741
BB_lower,0.06722324
10_day_ma,0.06331266
20_day_std,0.06087856
Close,0.060497176
MACD,0.05942366
RSI_14,0.0590123
5_day_ma,0.058846906
BB_upper,0.058828637
MACD_signal,0.05722988
volume_change,0.057043884
Open,0.0561833
Volume,0.05558196
daily_return,0.05420117
volatility_10,0.050072107
20_day_ma,0.043980338
