Feature,Importance
Low,0.072782755
volume_change,0.07003482
BB_upper,0.067490965
20_day_std,0.06702336
Close,0.065915994
High,0.06287086
Volume,0.06209339
BB_lower,0.060317922
10_day_ma,0.056826755
daily_return,0.056206726
MACD,0.05570286
volatility_10,0.05567403
20_day_ma,0.052215178
MACD_signal,0.051360775
5_day_ma,0.051243007
RSI_14,0.046176694
Open,0.046063915
