Feature,Importance
BB_upper,0.078923285
MACD,0.066161215
20_day_ma,0.06465755
Close,0.06419828
MACD_signal,0.06271018
High,0.060436532
Open,0.060180105
BB_lower,0.0596664
RSI_14,0.058532488
volume_change,0.057935096
Low,0.057519138
20_day_std,0.057357203
5_day_ma,0.05641821
daily_return,0.051744103
volatility_10,0.05035498
Volume,0.047624417
10_day_ma,0.045580864
