Feature,Importance
20_day_std,0.070717834
BB_upper,0.06979424
RSI_14,0.06777298
BB_lower,0.06513615
20_day_ma,0.06492781
10_day_ma,0.063927725
volume_change,0.062303927
5_day_ma,0.06204971
MACD_signal,0.061463803
Close,0.059866562
Volume,0.058875628
Low,0.05880624
Open,0.05230354
volatility_10,0.048754416
MACD,0.046385296
High,0.0462973
daily_return,0.040616773
