Feature,Importance
Low,0.07197572
20_day_std,0.06324496
daily_return,0.06279717
RSI_14,0.062410116
MACD_signal,0.060430802
BB_lower,0.06006277
BB_upper,0.059311833
Open,0.058637463
High,0.05858726
5_day_ma,0.05850184
volatility_10,0.057903457
Volume,0.05734065
MACD,0.057189267
volume_change,0.057078168
10_day_ma,0.056082197
20_day_ma,0.051584657
Close,0.046861682
