Feature,Importance
Open,0.074771255
BB_lower,0.070295595
Close,0.062399898
BB_upper,0.06210192
Low,0.06050688
RSI_14,0.06005295
20_day_ma,0.06003598
High,0.057567008
daily_return,0.05736467
5_day_ma,0.05697756
20_day_std,0.05625762
Volume,0.056118224
10_day_ma,0.05586441
volume_change,0.05566842
MACD_signal,0.05328393
volatility_10,0.051053185
MACD,0.049680468
