Feature,Importance
Low,0.093634866
BB_upper,0.06698464
20_day_ma,0.0665687
RSI_14,0.061955657
MACD,0.061235067
20_day_std,0.05976763
volatility_10,0.059464753
MACD_signal,0.059415065
5_day_ma,0.05882325
Close,0.058684643
BB_lower,0.058338307
Volume,0.053061265
High,0.052864116
volume_change,0.049411457
daily_return,0.04813212
10_day_ma,0.048085857
Open,0.043572582
