Feature,Importance
10_day_ma,0.10195611
Low,0.08011062
20_day_ma,0.07053764
5_day_ma,0.066924036
Open,0.06524815
daily_return,0.05903083
Close,0.059028376
BB_upper,0.056127485
Volume,0.055859942
volatility_10,0.053565573
High,0.052707832
20_day_std,0.052437216
volume_change,0.05034094
RSI_14,0.04832483
MACD,0.046048637
BB_lower,0.042110316
MACD_signal,0.039641462
