Feature,Importance
MACD_signal,0.071935855
Low,0.07171576
5_day_ma,0.065427765
Open,0.06179016
volatility_10,0.06170403
BB_upper,0.061647996
volume_change,0.059810326
20_day_ma,0.058304153
daily_return,0.05759735
MACD,0.057200383
BB_lower,0.057105023
RSI_14,0.05465933
20_day_std,0.052975
High,0.052471776
10_day_ma,0.052120168
Close,0.051869206
Volume,0.051665764
