Feature,Importance
BB_upper,0.06840536
daily_return,0.06699693
Low,0.06638516
High,0.066242136
volatility_10,0.06623698
Close,0.06187392
10_day_ma,0.058974694
volume_change,0.058921307
5_day_ma,0.057983436
20_day_ma,0.05765755
BB_lower,0.05747935
20_day_std,0.057244875
Open,0.055678356
RSI_14,0.05358905
Volume,0.052112557
MACD_signal,0.04745532
MACD,0.046763062
