Feature,Importance
Low,0.08714691
MACD,0.07909749
volatility_10,0.06605541
Volume,0.06513702
High,0.065128274
volume_change,0.0632252
5_day_ma,0.06311704
10_day_ma,0.06108461
BB_upper,0.060547005
Close,0.05986574
Open,0.05830879
20_day_ma,0.057046022
daily_return,0.053962458
RSI_14,0.040855885
BB_lower,0.04026925
MACD_signal,0.03993604
20_day_std,0.03921691
