Feature,Importance
BB_upper,0.074891634
Low,0.07317452
High,0.06912677
Close,0.06898967
20_day_std,0.061296623
5_day_ma,0.06077383
volume_change,0.05868928
MACD_signal,0.05808374
BB_lower,0.056027733
RSI_14,0.056022312
20_day_ma,0.05580859
MACD,0.05398249
Open,0.053331204
Volume,0.052824654
daily_return,0.052233335
10_day_ma,0.050888583
volatility_10,0.043854978
