Feature,Importance
Low,0.072842926
BB_upper,0.07234098
High,0.06991493
20_day_ma,0.060111526
Close,0.060109943
MACD_signal,0.059934955
RSI_14,0.05898119
daily_return,0.058248386
volatility_10,0.058089916
MACD,0.057754915
20_day_std,0.0563997
10_day_ma,0.05593053
Open,0.05406083
volume_change,0.053795706
BB_lower,0.051689483
5_day_ma,0.05044381
Volume,0.049350277
