Feature,Importance
BB_upper,0.07252823
Open,0.06876401
MACD_signal,0.06715691
10_day_ma,0.06355803
MACD,0.06155623
20_day_std,0.060339186
RSI_14,0.059064396
volatility_10,0.057797413
Close,0.05735905
daily_return,0.05713664
volume_change,0.056840464
Volume,0.054464232
20_day_ma,0.054066014
Low,0.05345202
5_day_ma,0.052886155
BB_lower,0.051739976
High,0.0512911
