Feature,Importance
RSI_14,0.07956615
10_day_ma,0.069948226
Open,0.066364534
20_day_ma,0.061114993
volume_change,0.060806457
Low,0.05970511
High,0.059584443
5_day_ma,0.059200794
MACD,0.057819918
MACD_signal,0.05724759
20_day_std,0.057152506
BB_upper,0.057001427
volatility_10,0.05634607
daily_return,0.05182875
Volume,0.051671058
BB_lower,0.049593247
Close,0.0450487
