Feature,Importance
BB_upper,0.07602272
Open,0.06518347
High,0.06513394
Low,0.06445748
Close,0.064232886
BB_lower,0.06293734
MACD_signal,0.06183392
10_day_ma,0.060668577
20_day_ma,0.05681711
20_day_std,0.056667063
MACD,0.055128343
5_day_ma,0.054661185
RSI_14,0.05208553
daily_return,0.051486745
volume_change,0.051347785
volatility_10,0.05101637
Volume,0.05031951
