Feature,Importance
BB_upper,0.07634512
Low,0.07340045
RSI_14,0.071697436
20_day_std,0.06700478
10_day_ma,0.061435025
Open,0.06097332
volume_change,0.06019477
daily_return,0.059240956
High,0.059086066
BB_lower,0.058113586
MACD_signal,0.05609271
Close,0.055798233
5_day_ma,0.05326224
MACD,0.05322621
Volume,0.050954405
20_day_ma,0.04554201
volatility_10,0.037632722
