Feature,Importance
BB_upper,0.0751956
Open,0.06494935
volatility_10,0.0634878
20_day_std,0.06189556
BB_lower,0.060363404
daily_return,0.05947201
RSI_14,0.059452463
Low,0.058046013
5_day_ma,0.057187255
Volume,0.05685461
High,0.056612745
20_day_ma,0.0559085
10_day_ma,0.055383593
volume_change,0.05483098
MACD_signal,0.054679528
MACD,0.05451867
Close,0.05116192
