Feature,Importance
volatility_10,0.06928683
MACD_signal,0.06491328
Volume,0.06389286
MACD,0.061738927
High,0.061698034
20_day_std,0.05999388
volume_change,0.059317093
daily_return,0.05861301
5_day_ma,0.05820322
10_day_ma,0.058139104
20_day_ma,0.057601746
BB_upper,0.057508662
BB_lower,0.057320677
Close,0.055817027
RSI_14,0.053504493
Open,0.052285958
Low,0.050165165
