Feature,Importance
volatility_10,0.076153904
MACD,0.073306106
Close,0.07305869
RSI_14,0.070738986
Low,0.06738104
Volume,0.06362687
BB_upper,0.06335283
High,0.062987745
daily_return,0.058943145
volume_change,0.056803647
BB_lower,0.055631045
20_day_std,0.055094033
20_day_ma,0.04797922
Open,0.04510571
10_day_ma,0.044536088
MACD_signal,0.043324593
5_day_ma,0.04197638
