Feature,Importance
20_day_ma,0.09769211
Low,0.07702423
Open,0.06854027
BB_lower,0.06828478
High,0.06769982
Volume,0.06278777
MACD,0.058776665
20_day_std,0.058186464
5_day_ma,0.056111563
10_day_ma,0.051919516
Close,0.050867308
BB_upper,0.050222296
RSI_14,0.04996643
volume_change,0.04936368
MACD_signal,0.04828634
volatility_10,0.044663757
daily_return,0.03960697
