Feature,Importance
Open,0.08120666
Close,0.07612307
High,0.07400433
20_day_ma,0.07311017
BB_lower,0.06648557
BB_upper,0.061158475
volatility_10,0.058499865
Low,0.055828128
RSI_14,0.054945752
10_day_ma,0.054636773
Volume,0.05451289
MACD,0.052512955
5_day_ma,0.051738832
daily_return,0.049239583
volume_change,0.048478805
MACD_signal,0.044452894
20_day_std,0.04306526
