Feature,Importance
Low,0.07635484
BB_lower,0.07406143
5_day_ma,0.067237295
20_day_std,0.06329816
volume_change,0.06298679
daily_return,0.062149856
10_day_ma,0.056614593
MACD_signal,0.056568675
Open,0.056225248
BB_upper,0.055448953
MACD,0.0553819
volatility_10,0.055318803
RSI_14,0.054317445
Close,0.054304216
20_day_ma,0.05406367
Volume,0.049608033
High,0.046060026
