Feature,Importance
Low,0.08697201
BB_upper,0.06992947
10_day_ma,0.0684778
volatility_10,0.06591359
Close,0.063533984
Open,0.06321564
volume_change,0.062457744
5_day_ma,0.06052277
MACD_signal,0.056854904
20_day_std,0.0567939
High,0.05668383
MACD,0.054696012
20_day_ma,0.04964891
Volume,0.0472462
RSI_14,0.046057433
BB_lower,0.04588176
daily_return,0.045114007
