Feature,Importance
volatility_10,0.09137545
Low,0.077429906
MACD_signal,0.07348502
MACD,0.06661377
Volume,0.06184741
20_day_std,0.06158641
Close,0.0608124
5_day_ma,0.056524597
daily_return,0.05582556
BB_upper,0.0557628
BB_lower,0.05533364
High,0.05301729
RSI_14,0.04821054
20_day_ma,0.047948223
10_day_ma,0.04692511
volume_change,0.045927458
Open,0.041374467
