Feature,Importance
MACD,0.06848564
BB_upper,0.06841353
Low,0.06635613
High,0.06370616
RSI_14,0.06134097
BB_lower,0.060954325
5_day_ma,0.060673054
10_day_ma,0.060166147
Open,0.057813346
MACD_signal,0.057201445
volume_change,0.05652742
Volume,0.05538734
volatility_10,0.054813035
Close,0.05455035
20_day_ma,0.05247064
daily_return,0.050752815
20_day_std,0.050387632
