Feature,Importance
Low,0.09379766
Close,0.080177
20_day_ma,0.07872214
BB_upper,0.0737732
MACD_signal,0.06685268
volatility_10,0.06284085
5_day_ma,0.05495052
Open,0.05346524
volume_change,0.052027274
10_day_ma,0.05162216
High,0.050889783
BB_lower,0.04967994
RSI_14,0.049500346
Volume,0.047984727
MACD,0.047502633
daily_return,0.044289187
20_day_std,0.041924696
