Feature,Importance
5_day_ma,0.07044502
volatility_10,0.067684
BB_lower,0.06520027
MACD_signal,0.06451971
Low,0.06174417
MACD,0.06081951
High,0.05983734
Close,0.0574882
Open,0.057215188
20_day_ma,0.05665852
BB_upper,0.056263395
20_day_std,0.05498816
Volume,0.05466913
daily_return,0.05387759
volume_change,0.053764623
RSI_14,0.052427463
10_day_ma,0.052397728
