Feature,Importance
5_day_ma,0.071524076
Close,0.07060426
10_day_ma,0.069271006
BB_upper,0.069072746
RSI_14,0.06373863
MACD,0.06157898
Open,0.060732387
BB_lower,0.05936251
Volume,0.056935195
volume_change,0.05668392
High,0.056032408
daily_return,0.055918016
20_day_std,0.052951742
20_day_ma,0.051627215
MACD_signal,0.05148435
volatility_10,0.048469666
Low,0.04401287
