Feature,Importance
5_day_ma,0.077024475
10_day_ma,0.06806635
Open,0.065234646
20_day_ma,0.064622104
Low,0.0631179
BB_upper,0.06256373
BB_lower,0.06228976
High,0.06183462
MACD_signal,0.06103021
20_day_std,0.056730896
Close,0.056510944
MACD,0.05476479
daily_return,0.053425554
Volume,0.05341899
RSI_14,0.049617697
volume_change,0.045671016
volatility_10,0.044076297
