Feature,Importance
volatility_10,0.069116764
Volume,0.0664102
BB_upper,0.06374913
MACD_signal,0.06336354
20_day_ma,0.0632513
Open,0.06194402
daily_return,0.059907496
volume_change,0.05924967
High,0.057874646
MACD,0.0573506
5_day_ma,0.056816395
20_day_std,0.05576518
RSI_14,0.055618554
Close,0.055073373
10_day_ma,0.05377742
BB_lower,0.053229794
Low,0.047501914
