Feature,Importance
20_day_ma,0.06998038
5_day_ma,0.06809101
Open,0.065931894
BB_lower,0.065903105
High,0.06351053
Volume,0.062400423
MACD_signal,0.060513545
BB_upper,0.060453657
volume_change,0.058758657
Low,0.05849752
MACD,0.057452824
RSI_14,0.054798774
volatility_10,0.054583482
daily_return,0.052948248
20_day_std,0.05091281
Close,0.049064383
10_day_ma,0.04619875
