Feature,Importance
Open,0.08828651
Close,0.07659481
daily_return,0.0740332
Low,0.06902451
High,0.06896804
MACD_signal,0.0664185
20_day_ma,0.06336164
BB_lower,0.05975125
10_day_ma,0.058579765
BB_upper,0.05686237
Volume,0.05441134
20_day_std,0.048996087
RSI_14,0.04803191
volume_change,0.04637298
MACD,0.043641083
volatility_10,0.039126694
5_day_ma,0.0375393
