Feature,Importance
20_day_ma,0.06883538
BB_upper,0.06774713
10_day_ma,0.066938765
Open,0.062410392
Low,0.061757542
BB_lower,0.06150601
High,0.061086986
volatility_10,0.061015543
MACD,0.060788788
Volume,0.05894217
5_day_ma,0.05834304
20_day_std,0.05465231
RSI_14,0.054425
MACD_signal,0.0531028
daily_return,0.05193889
volume_change,0.05183494
Close,0.044674292
