Feature,Importance
20_day_ma,0.0679164
20_day_std,0.06575795
BB_upper,0.06542195
10_day_ma,0.061657805
volume_change,0.060528833
Close,0.060336735
High,0.059838787
RSI_14,0.059769515
BB_lower,0.059752617
Volume,0.059731208
MACD_signal,0.05766484
daily_return,0.056904092
Low,0.055706427
5_day_ma,0.05530168
MACD,0.05262639
Open,0.050989043
volatility_10,0.0500957
