Feature,Importance
10_day_ma,0.06659963
volume_change,0.06571732
Open,0.065286234
BB_upper,0.062253427
BB_lower,0.061719485
MACD,0.06154276
5_day_ma,0.060981408
RSI_14,0.060734
Low,0.060123026
20_day_ma,0.058990575
MACD_signal,0.056005668
daily_return,0.0550676
Close,0.053848084
High,0.053630054
Volume,0.053373262
volatility_10,0.052165177
20_day_std,0.05196228
