Feature,Importance
MACD_signal,0.078720346
Open,0.073283926
20_day_ma,0.07189951
BB_lower,0.06862832
5_day_ma,0.06183274
MACD,0.06171752
volatility_10,0.060393233
High,0.05925193
Low,0.056027
RSI_14,0.05535878
volume_change,0.053797156
daily_return,0.05250721
BB_upper,0.05121095
20_day_std,0.05087529
Volume,0.049304377
10_day_ma,0.047993198
Close,0.04719857
