Feature,Importance
Low,0.068044454
MACD_signal,0.06676626
Close,0.06660227
High,0.06612398
5_day_ma,0.06361163
BB_upper,0.062199768
Open,0.061258264
20_day_ma,0.06117187
BB_lower,0.0609936
10_day_ma,0.059325825
volatility_10,0.057752196
daily_return,0.0534216
Volume,0.05231927
volume_change,0.051054675
RSI_14,0.050785474
20_day_std,0.04980645
MACD,0.04876247
