Feature,Importance
MACD_signal,0.073609225
BB_upper,0.06800722
Open,0.06778418
volatility_10,0.06595741
BB_lower,0.063418776
20_day_std,0.06319128
10_day_ma,0.059219744
5_day_ma,0.05747106
Volume,0.057433557
RSI_14,0.055923745
MACD,0.054640982
High,0.054530624
Low,0.054073226
daily_return,0.053849675
20_day_ma,0.052333057
volume_change,0.050275743
Close,0.048280455
