Feature,Importance
20_day_ma,0.0680691
MACD,0.06690738
Open,0.06246988
BB_lower,0.062248297
Volume,0.059425782
Close,0.058838274
RSI_14,0.058734886
volume_change,0.05865348
BB_upper,0.05849628
MACD_signal,0.058084235
Low,0.058011055
High,0.05775106
5_day_ma,0.05760551
20_day_std,0.057436876
daily_return,0.05368326
volatility_10,0.05298105
10_day_ma,0.0506036
