Feature,Importance
MACD_signal,0.07108544
MACD,0.067584835
5_day_ma,0.06401313
High,0.061429083
daily_return,0.061031647
Close,0.05863391
RSI_14,0.058425646
BB_lower,0.058382407
10_day_ma,0.057782434
Open,0.057764437
volatility_10,0.057434134
Volume,0.05638764
BB_upper,0.056279067
Low,0.05421567
20_day_std,0.053498887
volume_change,0.053291094
20_day_ma,0.052760493
