Feature,Importance
BB_upper,0.075776085
MACD,0.07533485
20_day_ma,0.067400716
volatility_10,0.06500706
BB_lower,0.06309526
Open,0.060013384
20_day_std,0.058448564
daily_return,0.05756346
Low,0.057332065
High,0.056217536
RSI_14,0.05530525
volume_change,0.053308256
Volume,0.052835446
MACD_signal,0.052273784
Close,0.050430316
10_day_ma,0.050313458
5_day_ma,0.04934456
