Feature,Importance
Close,0.075782664
BB_upper,0.07128725
20_day_std,0.0673272
Open,0.06580545
Low,0.0652613
High,0.06326413
MACD,0.058498364
MACD_signal,0.05845035
20_day_ma,0.05792494
BB_lower,0.057057038
5_day_ma,0.056308042
10_day_ma,0.054573573
volume_change,0.05147858
daily_return,0.050476756
Volume,0.049084634
RSI_14,0.048732124
volatility_10,0.04868758
