Feature,Importance
MACD,0.06901497
Low,0.067663245
High,0.06411952
5_day_ma,0.062497377
volatility_10,0.061046712
MACD_signal,0.060721274
volume_change,0.059385914
10_day_ma,0.05924207
BB_upper,0.05900987
Volume,0.058407508
20_day_std,0.0571691
Open,0.05572203
BB_lower,0.054837905
20_day_ma,0.05342785
Close,0.052856226
daily_return,0.05251357
RSI_14,0.0523649
