Feature,Importance
20_day_ma,0.06671717
5_day_ma,0.06594268
MACD_signal,0.06526689
10_day_ma,0.064583674
Low,0.063772984
BB_upper,0.061466273
daily_return,0.061018977
Close,0.060708266
Open,0.058709677
volume_change,0.057787362
Volume,0.056382988
BB_lower,0.055338636
20_day_std,0.054889627
MACD,0.054724008
volatility_10,0.05430624
High,0.049935255
RSI_14,0.04844929
