Feature,Importance
BB_lower,0.07072408
Low,0.06746883
10_day_ma,0.06678717
5_day_ma,0.065284945
20_day_std,0.0626567
MACD_signal,0.060148746
BB_upper,0.059694678
Open,0.059332952
High,0.058259465
Volume,0.058201175
volume_change,0.057403855
Close,0.054563757
daily_return,0.05383385
RSI_14,0.053682406
volatility_10,0.052186728
20_day_ma,0.049939826
MACD,0.04983082
