Feature,Importance
BB_upper,0.07631546
Low,0.07054614
5_day_ma,0.069109574
volatility_10,0.06850758
High,0.06269356
10_day_ma,0.061823826
RSI_14,0.061400905
Open,0.061324503
Volume,0.05959172
daily_return,0.058928814
BB_lower,0.05635036
MACD,0.054699782
20_day_std,0.053142577
MACD_signal,0.052404936
volume_change,0.044565305
Close,0.044318654
20_day_ma,0.044276346
