Feature,Importance
MACD_signal,0.06812795
Low,0.06730094
High,0.0648431
BB_lower,0.06348402
MACD,0.062453367
BB_upper,0.060250487
5_day_ma,0.05892764
20_day_std,0.05865825
volume_change,0.057545766
RSI_14,0.05719709
Open,0.05610916
Close,0.055750374
10_day_ma,0.05530596
volatility_10,0.05516493
Volume,0.054253016
daily_return,0.05314241
20_day_ma,0.05148558
