Feature,Importance
volume_change,0.07915946
10_day_ma,0.075245224
RSI_14,0.06896698
Open,0.06831584
5_day_ma,0.067244
BB_lower,0.061704855
High,0.05988604
Close,0.05704299
Volume,0.056832436
BB_upper,0.056397997
MACD,0.056084666
MACD_signal,0.055772908
volatility_10,0.05501498
Low,0.052777022
daily_return,0.05091599
20_day_ma,0.04216636
20_day_std,0.03647228
