Feature,Importance
20_day_ma,0.07179413
MACD_signal,0.06960471
MACD,0.06686721
BB_lower,0.06342372
10_day_ma,0.060568213
5_day_ma,0.05972656
20_day_std,0.059043314
Low,0.057860814
daily_return,0.056860045
RSI_14,0.056635767
volatility_10,0.056060735
BB_upper,0.055649515
High,0.05564628
Open,0.055067625
volume_change,0.054937113
Volume,0.050146986
Close,0.050107256
