Feature,Importance
BB_lower,0.07322323
Open,0.06451404
daily_return,0.0644716
20_day_std,0.06315497
5_day_ma,0.061609622
10_day_ma,0.061577927
20_day_ma,0.061280955
High,0.06111692
BB_upper,0.06090713
Low,0.059945337
RSI_14,0.05989133
volume_change,0.053924598
MACD_signal,0.052543707
Close,0.052163053
MACD,0.051555593
Volume,0.05056447
volatility_10,0.047555555
