Feature,Importance
Close,0.07744601
Volume,0.07155642
High,0.07056286
volatility_10,0.068027504
MACD,0.06705831
Open,0.06442226
volume_change,0.059084404
10_day_ma,0.058879066
Low,0.05754293
BB_lower,0.055808198
20_day_std,0.05560459
daily_return,0.054825157
5_day_ma,0.054157857
MACD_signal,0.04944746
BB_upper,0.046784237
20_day_ma,0.044802055
RSI_14,0.043990683
