Feature,Importance
Low,0.0758415
BB_lower,0.070840456
Open,0.065689415
BB_upper,0.063300736
High,0.06294222
5_day_ma,0.061162334
10_day_ma,0.060981136
Close,0.0604888
20_day_ma,0.05911065
volume_change,0.05861813
20_day_std,0.055564824
MACD,0.05523364
daily_return,0.05473614
MACD_signal,0.05451586
Volume,0.04766937
volatility_10,0.047457617
RSI_14,0.045847137
