Feature,Importance
High,0.07782764
Close,0.07537371
MACD,0.07065217
RSI_14,0.06666942
BB_upper,0.063627675
volume_change,0.063547276
Low,0.06135921
MACD_signal,0.060303327
Volume,0.057651725
daily_return,0.056862634
5_day_ma,0.056844104
volatility_10,0.056578033
Open,0.054126926
20_day_std,0.053964604
10_day_ma,0.04394159
BB_lower,0.04200871
20_day_ma,0.038661286
