Feature,Importance
BB_upper,0.0723226
MACD_signal,0.06907754
volume_change,0.061790776
5_day_ma,0.0614007
Open,0.060657926
High,0.05939246
Close,0.0593269
MACD,0.05809904
20_day_std,0.05758469
20_day_ma,0.057390112
Volume,0.057085223
Low,0.05590706
daily_return,0.055788074
10_day_ma,0.055410746
BB_lower,0.054563377
RSI_14,0.053052768
volatility_10,0.051150016
