Feature,Importance
20_day_ma,0.06881768
BB_upper,0.06745942
MACD,0.06635913
5_day_ma,0.06308343
RSI_14,0.06257981
20_day_std,0.060938615
volatility_10,0.059983313
daily_return,0.059702747
volume_change,0.05865483
Volume,0.058576684
Low,0.056813326
10_day_ma,0.056749135
High,0.05466886
BB_lower,0.05365253
MACD_signal,0.052490268
Open,0.049839824
Close,0.049630404
