Feature,Importance
Open,0.087948844
MACD,0.08052649
Low,0.07810941
BB_upper,0.07716342
MACD_signal,0.0716974
High,0.07076368
10_day_ma,0.06344476
BB_lower,0.0622457
Close,0.058864523
20_day_std,0.054280434
Volume,0.05129637
RSI_14,0.044194587
5_day_ma,0.043598935
volume_change,0.040872812
daily_return,0.039806932
volatility_10,0.03841666
20_day_ma,0.036769018
