Feature,Importance
Low,0.07947872
BB_upper,0.07145152
5_day_ma,0.06531217
RSI_14,0.06370595
10_day_ma,0.0630792
Open,0.062611416
volume_change,0.06219136
MACD_signal,0.05907537
daily_return,0.058645748
MACD,0.05862761
Close,0.056230478
20_day_std,0.05461288
High,0.05153041
BB_lower,0.05036365
Volume,0.050097197
volatility_10,0.046648033
20_day_ma,0.046338294
