Feature,Importance
RSI_14,0.076653816
20_day_ma,0.07390108
BB_lower,0.06557024
Open,0.063196115
BB_upper,0.062265266
MACD_signal,0.062083103
volatility_10,0.059726592
Volume,0.059471603
20_day_std,0.059294738
Close,0.0590326
High,0.057964273
10_day_ma,0.056653038
daily_return,0.056380656
volume_change,0.054736976
Low,0.054105856
5_day_ma,0.040674713
MACD,0.038289398
