Feature,Importance
Low,0.075282976
20_day_std,0.06693394
High,0.064109385
MACD_signal,0.063577466
BB_upper,0.06053421
daily_return,0.060184836
BB_lower,0.05998094
5_day_ma,0.059756193
RSI_14,0.059450127
Volume,0.0585262
volatility_10,0.05830755
20_day_ma,0.05711428
MACD,0.056173082
Close,0.0540027
10_day_ma,0.0522107
volume_change,0.047843944
Open,0.04601145
