Feature,Importance
High,0.07413418
20_day_ma,0.06915649
10_day_ma,0.06816196
BB_lower,0.067692704
20_day_std,0.06749894
5_day_ma,0.06740743
RSI_14,0.06266784
Low,0.0587173
volume_change,0.05773736
BB_upper,0.057341985
Close,0.055181433
MACD_signal,0.054901388
MACD,0.05157158
daily_return,0.05050268
Volume,0.049238417
Open,0.04613082
volatility_10,0.04195746
