Feature,Importance
5_day_ma,0.07593561
MACD,0.06968705
Low,0.06848243
20_day_std,0.065687425
MACD_signal,0.061993815
volume_change,0.060587414
BB_upper,0.05932934
Close,0.058642384
High,0.058200426
Volume,0.057809502
RSI_14,0.056517977
volatility_10,0.054748617
20_day_ma,0.053978633
BB_lower,0.05196505
daily_return,0.05160516
10_day_ma,0.04811701
Open,0.04671222
