Feature,Importance
Low,0.07493663
High,0.07404558
volatility_10,0.067491814
20_day_std,0.06301747
20_day_ma,0.06277454
volume_change,0.062612705
5_day_ma,0.060520716
10_day_ma,0.058202583
MACD_signal,0.058202315
BB_upper,0.056480035
Close,0.0549964
Volume,0.05477882
Open,0.054147344
RSI_14,0.050926812
daily_return,0.049491283
MACD,0.048955142
BB_lower,0.048419748
