Feature,Importance
volume_change,0.06773523
20_day_ma,0.06581084
Close,0.065283656
Open,0.06352236
Low,0.06162319
RSI_14,0.06127016
BB_lower,0.060425725
20_day_std,0.060270943
MACD,0.05995788
High,0.058955546
MACD_signal,0.056086298
daily_return,0.0553449
BB_upper,0.05502854
volatility_10,0.05405118
Volume,0.053049497
10_day_ma,0.052274615
5_day_ma,0.04930946
