Feature,Importance
BB_upper,0.08415391
20_day_ma,0.08213698
volume_change,0.07374566
Low,0.071394496
10_day_ma,0.068723805
MACD_signal,0.06327374
20_day_std,0.06115815
Close,0.05952277
RSI_14,0.058485936
MACD,0.056788135
5_day_ma,0.05614647
volatility_10,0.052822646
daily_return,0.052761894
High,0.052542876
BB_lower,0.051783647
Volume,0.038825046
Open,0.015733916
