Feature,Importance
10_day_ma,0.07977355
volume_change,0.070711866
5_day_ma,0.068233415
BB_lower,0.06728921
RSI_14,0.0659507
Open,0.06567366
Close,0.061264466
MACD_signal,0.058727823
High,0.0578498
BB_upper,0.056843515
volatility_10,0.056073695
Volume,0.05445615
Low,0.05410853
daily_return,0.05281335
MACD,0.051280785
20_day_std,0.04094253
20_day_ma,0.03800691
