Feature,Importance
volatility_10,0.064928584
Close,0.06425033
Low,0.063368365
BB_lower,0.06267607
volume_change,0.062441546
MACD,0.061286293
High,0.060978174
daily_return,0.060186908
20_day_std,0.060025733
BB_upper,0.059988014
RSI_14,0.056270253
Open,0.05562031
10_day_ma,0.054790474
MACD_signal,0.054742932
20_day_ma,0.05455691
Volume,0.05217649
5_day_ma,0.051712576
