Feature,Importance
volatility_10,0.06865215
20_day_ma,0.06674691
Volume,0.0663576
MACD_signal,0.06383057
BB_upper,0.062463045
Open,0.062329084
volume_change,0.06147132
daily_return,0.05916557
10_day_ma,0.058557514
High,0.05676784
Low,0.056073193
MACD,0.056009673
BB_lower,0.054375257
RSI_14,0.053914994
20_day_std,0.053565986
5_day_ma,0.051029623
Close,0.048689775
