Feature,Importance
Low,0.07331032
MACD_signal,0.06623232
Close,0.0626701
MACD,0.06246359
BB_upper,0.062194828
20_day_ma,0.061773736
5_day_ma,0.061222754
BB_lower,0.061054718
10_day_ma,0.060390923
Open,0.060389485
20_day_std,0.060271867
volatility_10,0.05729752
volume_change,0.0540618
daily_return,0.052721824
High,0.049353503
RSI_14,0.048198078
Volume,0.046392675
