Feature,Importance
10_day_ma,0.10421044
Open,0.08086274
MACD_signal,0.078743
daily_return,0.067139916
BB_upper,0.06560576
volume_change,0.062204577
RSI_14,0.060608234
High,0.05979897
20_day_std,0.058935545
5_day_ma,0.05724414
volatility_10,0.055578552
Close,0.054218505
Volume,0.05361875
Low,0.04945875
MACD,0.048847526
BB_lower,0.04292464
20_day_ma,0.0
