Feature,Importance
BB_upper,0.070396215
20_day_ma,0.06900896
Low,0.066517375
10_day_ma,0.06556917
RSI_14,0.062708244
volume_change,0.061677378
Open,0.06157329
MACD_signal,0.060792968
5_day_ma,0.059080914
BB_lower,0.059064317
Volume,0.0585793
20_day_std,0.05438629
MACD,0.052144896
Close,0.051451646
volatility_10,0.051201016
High,0.049797535
daily_return,0.04605052
