Feature,Importance
High,0.09133873
Volume,0.075051524
Low,0.0714949
Close,0.06997311
10_day_ma,0.06470546
BB_lower,0.06434777
volatility_10,0.060099136
20_day_ma,0.056661777
Open,0.055228077
RSI_14,0.051778704
MACD_signal,0.051645834
volume_change,0.050750215
daily_return,0.050253913
BB_upper,0.048761558
20_day_std,0.046122257
5_day_ma,0.046009757
MACD,0.045777295
