Feature,Importance
BB_upper,0.098455116
Open,0.071526974
Low,0.07106656
5_day_ma,0.060688693
BB_lower,0.059317574
Close,0.059216566
20_day_std,0.058435258
High,0.058017693
daily_return,0.055692494
RSI_14,0.054776736
MACD,0.052289575
MACD_signal,0.05181388
volume_change,0.051302798
20_day_ma,0.051123686
10_day_ma,0.050466664
volatility_10,0.04936082
Volume,0.046448905
