Feature,Importance
BB_lower,0.06685256
Open,0.06487331
Close,0.063260354
20_day_std,0.060377114
Low,0.059859652
RSI_14,0.059327085
10_day_ma,0.059296068
High,0.059147228
BB_upper,0.058876622
volume_change,0.058605663
20_day_ma,0.05802337
MACD,0.057654005
MACD_signal,0.057122394
5_day_ma,0.055979494
daily_return,0.055023376
Volume,0.05390171
volatility_10,0.05182004
