Feature,Importance
volume_change,0.067902856
Low,0.06632973
10_day_ma,0.06606781
BB_upper,0.063575104
MACD,0.06037164
5_day_ma,0.05985417
Open,0.05922926
High,0.058859397
Close,0.05695794
daily_return,0.05679347
volatility_10,0.056594655
MACD_signal,0.056526955
RSI_14,0.056177814
Volume,0.05594026
BB_lower,0.054917045
20_day_ma,0.05266353
20_day_std,0.051238377
