Feature,Importance
RSI_14,0.07125233
volume_change,0.06555713
volatility_10,0.06394105
5_day_ma,0.06281893
20_day_std,0.061700895
High,0.061268423
BB_upper,0.05987997
MACD,0.05859716
Volume,0.058395837
daily_return,0.05804586
20_day_ma,0.05804573
Close,0.05666033
MACD_signal,0.056424923
Open,0.056182057
10_day_ma,0.05303435
Low,0.050114416
BB_lower,0.048080575
