Feature,Importance
MACD_signal,0.07115108
20_day_ma,0.06747398
BB_lower,0.0662908
Volume,0.065661415
Low,0.0646326
BB_upper,0.06381991
volatility_10,0.060986638
10_day_ma,0.060861252
20_day_std,0.06016944
volume_change,0.055771638
5_day_ma,0.055178963
MACD,0.054419678
Open,0.054354478
daily_return,0.052893836
RSI_14,0.052317098
Close,0.04760049
High,0.04641672
