Feature,Importance
BB_upper,0.07163285
Open,0.07091248
Low,0.06417146
volume_change,0.061241813
10_day_ma,0.060497057
20_day_std,0.059897386
20_day_ma,0.05893649
5_day_ma,0.05892673
MACD_signal,0.05862059
volatility_10,0.058250047
BB_lower,0.05610958
daily_return,0.056037027
High,0.055615146
MACD,0.055372212
Volume,0.05397115
Close,0.050013367
RSI_14,0.049794596
