Feature,Importance
daily_return,0.0659236
MACD,0.064379506
Close,0.06222418
BB_upper,0.061876964
Low,0.06045
20_day_std,0.060232982
BB_lower,0.06002719
MACD_signal,0.059931584
10_day_ma,0.059307784
20_day_ma,0.058930192
RSI_14,0.058717113
High,0.05866943
5_day_ma,0.05805836
Volume,0.057044018
volume_change,0.054924812
volatility_10,0.052351266
Open,0.046950985
