Feature,Importance
20_day_std,0.07029414
High,0.067070134
BB_upper,0.06432136
Open,0.06421659
MACD,0.06398643
Low,0.06245065
5_day_ma,0.059190378
20_day_ma,0.058142535
Volume,0.057571076
RSI_14,0.057548203
Close,0.057103112
BB_lower,0.055895563
10_day_ma,0.054135486
MACD_signal,0.053695478
volatility_10,0.05271946
volume_change,0.05091029
daily_return,0.050749056
