Feature,Importance
Low,0.08594419
Close,0.0852354
Open,0.07299274
5_day_ma,0.06830427
volatility_10,0.065122984
MACD_signal,0.06314162
BB_lower,0.061872113
10_day_ma,0.05814711
Volume,0.0571208
daily_return,0.054679155
volume_change,0.054506693
High,0.05299725
MACD,0.05109869
BB_upper,0.048869148
20_day_std,0.04803148
RSI_14,0.0389273
20_day_ma,0.03300909
