Feature,Importance
Open,0.07000186
High,0.06661635
Close,0.0664318
BB_upper,0.065344475
20_day_ma,0.06345704
10_day_ma,0.062638
5_day_ma,0.061361283
BB_lower,0.061312556
MACD,0.05987307
20_day_std,0.059514314
volume_change,0.05546316
MACD_signal,0.054636825
daily_return,0.05341928
Low,0.052882656
RSI_14,0.052022286
volatility_10,0.048753735
Volume,0.046271335
