Feature,Importance
MACD,0.07587792
MACD_signal,0.06996585
volatility_10,0.067439236
Low,0.06334909
High,0.060405236
Close,0.06004599
volume_change,0.059955582
Volume,0.05903265
BB_lower,0.05900231
5_day_ma,0.05830221
daily_return,0.05622116
RSI_14,0.0554067
10_day_ma,0.05377684
20_day_std,0.053584877
20_day_ma,0.051170584
BB_upper,0.049109153
Open,0.047354583
