Feature,Importance
Open,0.06956747
Volume,0.06789029
volatility_10,0.063949995
BB_lower,0.06155728
volume_change,0.06091468
10_day_ma,0.060119756
daily_return,0.05967553
5_day_ma,0.05962824
Close,0.058795862
MACD,0.058476664
RSI_14,0.057360835
Low,0.057138875
20_day_std,0.05551811
High,0.05405319
MACD_signal,0.05387728
20_day_ma,0.053069014
BB_upper,0.048406925
