Feature,Importance
Low,0.08045073
20_day_ma,0.080063835
MACD,0.069844946
BB_upper,0.06900871
High,0.0634781
10_day_ma,0.06060387
Close,0.059978854
volume_change,0.05957037
RSI_14,0.05944618
volatility_10,0.057758786
daily_return,0.053659316
20_day_std,0.05311326
Open,0.050250873
MACD_signal,0.049766324
5_day_ma,0.048736617
Volume,0.044621866
BB_lower,0.039647356
