Feature,Importance
Low,0.07358727
MACD_signal,0.06606716
Volume,0.06424085
MACD,0.0630747
volume_change,0.062950976
20_day_std,0.061409175
Open,0.059784785
volatility_10,0.058936663
5_day_ma,0.05885929
BB_lower,0.058762163
10_day_ma,0.05838146
BB_upper,0.055145275
High,0.05449935
RSI_14,0.0521786
daily_return,0.05086583
20_day_ma,0.05067097
Close,0.050585452
