Feature,Importance
BB_lower,0.06940171
20_day_ma,0.06763081
10_day_ma,0.06759333
MACD_signal,0.06691437
BB_upper,0.06240163
20_day_std,0.06233966
volatility_10,0.05990216
MACD,0.059855655
5_day_ma,0.059269533
Open,0.05909095
Volume,0.05666892
Low,0.05588027
High,0.05574497
volume_change,0.0528291
daily_return,0.04911498
RSI_14,0.047865693
Close,0.047496248
