Feature,Importance
High,0.0681442
10_day_ma,0.06709805
Low,0.06673968
BB_upper,0.06522
MACD,0.06461498
20_day_std,0.062049672
5_day_ma,0.061770223
MACD_signal,0.06132245
volatility_10,0.060659144
daily_return,0.059932142
volume_change,0.056639716
Volume,0.05574426
Close,0.05311317
BB_lower,0.052354004
RSI_14,0.05157792
20_day_ma,0.048202887
Open,0.044817455
