Feature,Importance
Open,0.07868805
MACD,0.067707725
5_day_ma,0.066691205
BB_lower,0.06430817
BB_upper,0.063158676
volatility_10,0.06125485
MACD_signal,0.059078567
Volume,0.05799352
10_day_ma,0.0574072
daily_return,0.05722399
volume_change,0.056954075
Close,0.054997053
RSI_14,0.0546845
Low,0.053744327
High,0.052134216
20_day_ma,0.048655514
20_day_std,0.045318376
