Feature,Importance
Low,0.07432044
BB_upper,0.07201906
5_day_ma,0.071221925
MACD,0.070318624
volume_change,0.065778315
RSI_14,0.06463231
Close,0.06250323
Volume,0.061541755
daily_return,0.0599642
High,0.05971555
volatility_10,0.054255877
20_day_ma,0.05319193
Open,0.052140422
10_day_ma,0.04849197
20_day_std,0.04504075
BB_lower,0.043737765
MACD_signal,0.04112588
