Feature,Importance
MACD_signal,0.07392043
20_day_ma,0.070190385
BB_lower,0.06941204
Open,0.068604834
20_day_std,0.06525797
High,0.064003415
10_day_ma,0.062535875
Low,0.062418945
MACD,0.059604514
Close,0.05773032
volume_change,0.053703483
volatility_10,0.05187922
BB_upper,0.05002911
RSI_14,0.049627632
5_day_ma,0.048599124
Volume,0.046888568
daily_return,0.04559422
