Feature,Importance
Low,0.07256479
BB_upper,0.06834856
RSI_14,0.066690795
20_day_std,0.06532473
5_day_ma,0.06175323
MACD_signal,0.061548408
BB_lower,0.058954347
10_day_ma,0.05800935
Volume,0.05752623
daily_return,0.057388663
MACD,0.057170738
Open,0.05664214
volume_change,0.05600265
volatility_10,0.055603728
20_day_ma,0.05415513
High,0.05027834
Close,0.042038154
