Feature,Importance
BB_lower,0.072333455
Open,0.07101677
5_day_ma,0.07056595
20_day_ma,0.06544239
High,0.06471734
Volume,0.0633111
20_day_std,0.062471215
Low,0.062291313
BB_upper,0.060072776
RSI_14,0.05891967
daily_return,0.057603505
volatility_10,0.055223946
MACD,0.052172564
volume_change,0.05111263
Close,0.047003515
MACD_signal,0.04464231
10_day_ma,0.041099574
