Feature,Importance
10_day_ma,0.06620298
Open,0.06365213
5_day_ma,0.062143747
BB_lower,0.061993737
20_day_std,0.06164698
volume_change,0.061632756
RSI_14,0.06097455
MACD,0.060297165
volatility_10,0.059356086
Low,0.058853947
Volume,0.057396315
daily_return,0.05731292
MACD_signal,0.057132278
BB_upper,0.056858987
20_day_ma,0.05620298
High,0.054088607
Close,0.04425383
