Feature,Importance
Open,0.070197426
10_day_ma,0.06728857
Close,0.06708257
BB_lower,0.065280184
20_day_std,0.06465591
MACD,0.06361888
RSI_14,0.060260564
Low,0.059065983
daily_return,0.058884844
BB_upper,0.05805785
Volume,0.058026392
volume_change,0.057302512
volatility_10,0.054005034
MACD_signal,0.051515188
5_day_ma,0.050071336
20_day_ma,0.049000975
High,0.045685697
