Feature,Importance
20_day_ma,0.07462208
MACD,0.06915271
Low,0.067545824
Open,0.06465201
volume_change,0.06321132
5_day_ma,0.061866965
RSI_14,0.061618708
20_day_std,0.059945192
Close,0.058112107
volatility_10,0.05596644
High,0.055181753
Volume,0.054387547
MACD_signal,0.054065946
daily_return,0.05331012
10_day_ma,0.05245831
BB_upper,0.051897395
BB_lower,0.04200559
