Feature,Importance
10_day_ma,0.072703145
BB_lower,0.06739809
MACD_signal,0.06607673
High,0.06404957
RSI_14,0.06286152
20_day_std,0.062500946
5_day_ma,0.062435262
Open,0.06202964
Close,0.056046594
20_day_ma,0.054413516
volume_change,0.053879213
Low,0.053727254
daily_return,0.053375587
Volume,0.053113706
MACD,0.05251745
volatility_10,0.052396275
BB_upper,0.050475474
