Feature,Importance
RSI_14,0.07881972
Low,0.07660937
20_day_std,0.067058586
5_day_ma,0.065985724
volume_change,0.06261398
MACD,0.061806466
BB_upper,0.061259173
High,0.05946219
20_day_ma,0.058761824
daily_return,0.057951257
volatility_10,0.055213276
BB_lower,0.054952856
Close,0.054086704
10_day_ma,0.0527812
MACD_signal,0.050633136
Volume,0.04447347
Open,0.03753103
