Feature,Importance
BB_upper,0.08572492
volatility_10,0.06677822
Open,0.06558963
daily_return,0.06123681
Low,0.0608575
BB_lower,0.060481597
20_day_ma,0.060303304
RSI_14,0.057862356
20_day_std,0.057605617
Volume,0.05701811
5_day_ma,0.053914737
10_day_ma,0.05383536
High,0.053458657
MACD,0.05344259
MACD_signal,0.05335909
volume_change,0.050257675
Close,0.048273813
