Feature,Importance
Low,0.070951395
MACD_signal,0.07008864
BB_lower,0.0655338
5_day_ma,0.06452935
High,0.06353092
10_day_ma,0.061050285
BB_upper,0.060860645
Open,0.06049323
volatility_10,0.059849676
20_day_std,0.056044117
daily_return,0.055624418
Volume,0.054083653
RSI_14,0.053731605
MACD,0.05345361
volume_change,0.053219523
Close,0.05112646
20_day_ma,0.045828667
