Feature,Importance
High,0.069930285
Low,0.06892932
BB_lower,0.06642045
MACD_signal,0.063194394
10_day_ma,0.06313486
Volume,0.06184574
20_day_std,0.06109049
5_day_ma,0.060846064
Close,0.060118638
RSI_14,0.05678354
MACD,0.05614708
daily_return,0.055472277
Open,0.055457644
volume_change,0.05148156
BB_upper,0.05135617
volatility_10,0.050357554
20_day_ma,0.047433913
