Feature,Importance
BB_upper,0.07456723
daily_return,0.065478005
Close,0.065470144
Low,0.062207926
High,0.06070076
BB_lower,0.06064211
volume_change,0.060193375
Open,0.06014029
volatility_10,0.05896397
20_day_std,0.0575926
MACD,0.056039684
5_day_ma,0.05566526
10_day_ma,0.055655047
20_day_ma,0.055335484
MACD_signal,0.051624853
RSI_14,0.050894137
Volume,0.04882914
