Feature,Importance
RSI_14,0.068433516
BB_lower,0.066544905
20_day_std,0.06410645
MACD_signal,0.06400256
Low,0.06363281
BB_upper,0.06192046
5_day_ma,0.061522197
10_day_ma,0.060387254
20_day_ma,0.05898039
High,0.057864662
MACD,0.05607214
volume_change,0.05590679
Close,0.054981776
Volume,0.053629745
Open,0.053266212
volatility_10,0.052027725
daily_return,0.04672043
