Feature,Importance
BB_lower,0.069626376
High,0.068640165
20_day_ma,0.06560656
20_day_std,0.06270801
Low,0.060952507
volatility_10,0.060507882
Open,0.059716627
Close,0.059461426
daily_return,0.058529183
RSI_14,0.058124006
BB_upper,0.057967335
Volume,0.056507073
10_day_ma,0.05538335
volume_change,0.054721143
MACD,0.05271448
MACD_signal,0.05010392
5_day_ma,0.04873004
