Feature,Importance
BB_upper,0.07310591
5_day_ma,0.06931636
Close,0.06548483
Open,0.064692564
Low,0.063587956
daily_return,0.062221568
MACD_signal,0.06206622
High,0.061867192
RSI_14,0.058939546
volatility_10,0.056975745
10_day_ma,0.056500524
20_day_std,0.05488729
volume_change,0.05244237
20_day_ma,0.052412223
BB_lower,0.050871935
MACD,0.050180227
Volume,0.044447575
