Feature,Importance
daily_return,0.073172316
volume_change,0.06694068
volatility_10,0.06537973
Volume,0.065369725
MACD,0.064391166
Low,0.06407535
Open,0.060799073
5_day_ma,0.06065045
BB_lower,0.05694313
RSI_14,0.056153923
20_day_ma,0.05557852
Close,0.054662753
BB_upper,0.054443248
MACD_signal,0.053638645
20_day_std,0.05196221
High,0.048173055
10_day_ma,0.047666032
