Feature,Importance
Open,0.07117269
High,0.06267531
Volume,0.061493374
BB_upper,0.060281187
10_day_ma,0.05989482
20_day_ma,0.059582196
Low,0.059385084
daily_return,0.059271347
20_day_std,0.05905222
MACD_signal,0.05880516
MACD,0.0586359
volatility_10,0.056870054
RSI_14,0.056234565
Close,0.05607084
5_day_ma,0.055554558
BB_lower,0.053153113
volume_change,0.051867567
