Feature,Importance
10_day_ma,0.074019425
BB_lower,0.06820479
20_day_std,0.067707434
MACD,0.06352479
BB_upper,0.062199302
Open,0.06141544
Low,0.060767453
RSI_14,0.059489213
Close,0.05935599
volume_change,0.058152173
daily_return,0.057766516
5_day_ma,0.056853358
High,0.054638743
volatility_10,0.05101776
Volume,0.05065023
20_day_ma,0.04807408
MACD_signal,0.046163287
