Feature,Importance
Open,0.07443459
5_day_ma,0.07277473
BB_upper,0.06787973
BB_lower,0.0631861
Low,0.062611416
MACD,0.059685268
volatility_10,0.059007403
volume_change,0.05895613
Close,0.057883248
10_day_ma,0.05642408
High,0.055264115
Volume,0.054840986
MACD_signal,0.0530986
20_day_ma,0.05297699
daily_return,0.05152634
20_day_std,0.05149595
RSI_14,0.047954332
