Feature,Importance
Low,0.075139865
Open,0.06846437
RSI_14,0.06737705
MACD,0.066936634
BB_upper,0.06404251
volume_change,0.06334015
20_day_ma,0.061465386
MACD_signal,0.058114782
High,0.057273332
5_day_ma,0.05607507
20_day_std,0.054549664
Close,0.05446353
10_day_ma,0.053605463
daily_return,0.05097572
volatility_10,0.050296623
BB_lower,0.050246023
Volume,0.04763382
