Feature,Importance
High,0.07428653
Low,0.06923608
10_day_ma,0.06640679
BB_lower,0.06534023
BB_upper,0.06522804
Close,0.06217196
Open,0.06126989
volume_change,0.05927727
20_day_ma,0.058003746
MACD_signal,0.057029564
20_day_std,0.055714168
RSI_14,0.054777928
MACD,0.052792616
daily_return,0.052526522
volatility_10,0.05186837
5_day_ma,0.048089862
Volume,0.045980494
