Feature,Importance
Low,0.07802414
RSI_14,0.0695531
BB_lower,0.06769112
10_day_ma,0.064129815
MACD_signal,0.06389181
5_day_ma,0.060422566
volume_change,0.059899334
20_day_std,0.05900377
daily_return,0.057308327
High,0.05669463
20_day_ma,0.056034252
Close,0.055470195
BB_upper,0.054995634
MACD,0.053804047
volatility_10,0.053093087
Volume,0.05139939
Open,0.0385848
