Feature,Importance
daily_return,0.07019255
BB_upper,0.06495633
Volume,0.06382921
High,0.061788555
Close,0.06108786
5_day_ma,0.060613085
10_day_ma,0.059063178
MACD_signal,0.05858584
volatility_10,0.058434267
Open,0.057593502
RSI_14,0.05714005
20_day_std,0.056864817
Low,0.055687316
BB_lower,0.055260763
MACD,0.055036865
20_day_ma,0.051955663
volume_change,0.051910106
