Feature,Importance
20_day_ma,0.072228014
RSI_14,0.070264995
Low,0.068859264
20_day_std,0.06456108
BB_lower,0.06393783
volume_change,0.06391416
MACD,0.061838068
volatility_10,0.06009044
Open,0.059846196
daily_return,0.05737909
MACD_signal,0.055754364
BB_upper,0.05289992
High,0.051825743
10_day_ma,0.051270362
Volume,0.04994771
Close,0.048265696
5_day_ma,0.047117032
