Feature,Importance
Low,0.06946497
MACD,0.068390384
5_day_ma,0.0679869
20_day_std,0.06254605
BB_upper,0.060472928
Open,0.0601298
High,0.059680466
10_day_ma,0.059601124
Close,0.0585219
volume_change,0.05785014
volatility_10,0.057658594
RSI_14,0.0559814
MACD_signal,0.05459939
20_day_ma,0.05415678
BB_lower,0.0516388
Volume,0.050957225
daily_return,0.050363194
