Feature,Importance
Low,0.07200222
volume_change,0.065604806
MACD,0.06383307
Volume,0.062845305
BB_upper,0.062125847
20_day_ma,0.06189661
MACD_signal,0.061796524
20_day_std,0.060713768
5_day_ma,0.059660643
volatility_10,0.059378628
High,0.05930876
RSI_14,0.05670982
daily_return,0.055329412
BB_lower,0.05359663
10_day_ma,0.05110717
Open,0.050977997
Close,0.04311273
