Feature,Importance
High,0.06798348
MACD,0.06521535
10_day_ma,0.06336559
20_day_std,0.062252905
MACD_signal,0.061545357
RSI_14,0.061310798
daily_return,0.060668442
Volume,0.060189802
BB_lower,0.05878108
Open,0.058592193
BB_upper,0.057665598
Low,0.056847163
volume_change,0.05480794
20_day_ma,0.053980872
volatility_10,0.0537642
5_day_ma,0.052158937
Close,0.050870273
