Feature,Importance
MACD_signal,0.07101336
20_day_ma,0.06535539
BB_lower,0.06476995
10_day_ma,0.06284704
volatility_10,0.06253489
BB_upper,0.061195783
20_day_std,0.06087039
Open,0.06056048
Volume,0.059727512
daily_return,0.059624903
5_day_ma,0.059015535
High,0.058796894
Low,0.058260847
MACD,0.054054625
volume_change,0.05371544
Close,0.04421182
RSI_14,0.043445155
