Feature,Importance
5_day_ma,0.07615026
20_day_std,0.06799239
MACD,0.06751275
MACD_signal,0.06351177
Close,0.06288565
RSI_14,0.06144112
daily_return,0.060116228
BB_lower,0.059671853
Volume,0.05824159
Open,0.055061515
Low,0.054170355
High,0.054166093
10_day_ma,0.05395634
volume_change,0.0525674
BB_upper,0.052455597
20_day_ma,0.052182876
volatility_10,0.04791625
