Feature,Importance
volatility_10,0.07140641
BB_upper,0.06573658
5_day_ma,0.06388257
MACD_signal,0.06330326
Open,0.061922856
daily_return,0.061108653
Volume,0.059891634
volume_change,0.05840119
20_day_ma,0.058244634
Low,0.058182172
MACD,0.058009185
High,0.05674474
BB_lower,0.05642806
10_day_ma,0.05415835
RSI_14,0.053252615
20_day_std,0.051138803
Close,0.048188392
