Feature,Importance
Open,0.07478634
5_day_ma,0.07412331
MACD_signal,0.070272714
MACD,0.06516889
daily_return,0.062103797
20_day_ma,0.061511528
Low,0.060611945
volatility_10,0.057997566
BB_upper,0.057805397
RSI_14,0.056704342
10_day_ma,0.056152645
volume_change,0.055888273
Close,0.053872965
BB_lower,0.050542187
Volume,0.0492888
20_day_std,0.048286144
High,0.044883158
