Feature,Importance
Low,0.070288666
BB_upper,0.064492136
Open,0.06393087
BB_lower,0.062766284
High,0.06211538
MACD,0.06195892
20_day_ma,0.05862449
5_day_ma,0.058387477
RSI_14,0.057712816
volatility_10,0.05741645
daily_return,0.057087217
10_day_ma,0.056101125
Volume,0.055169895
volume_change,0.055108186
Close,0.05454384
20_day_std,0.05264533
MACD_signal,0.05165087
