Feature,Importance
MACD,0.06787009
Open,0.06766772
MACD_signal,0.06652283
5_day_ma,0.063320935
Low,0.06313143
volume_change,0.060391005
Close,0.060072586
20_day_std,0.05763065
High,0.05695137
volatility_10,0.056921564
20_day_ma,0.056168295
RSI_14,0.056059536
Volume,0.05594438
BB_upper,0.054426275
daily_return,0.053995032
BB_lower,0.052155048
10_day_ma,0.050771285
