Feature,Importance
BB_lower,0.07870485
BB_upper,0.07272292
volume_change,0.06510125
20_day_ma,0.0639483
Low,0.063401006
10_day_ma,0.062260423
RSI_14,0.061379507
Open,0.059506875
20_day_std,0.05949269
daily_return,0.058398806
MACD,0.05498565
Volume,0.051846042
5_day_ma,0.05157001
MACD_signal,0.051097423
Close,0.04957056
volatility_10,0.04847277
High,0.04754093
