Feature,Importance
RSI_14,0.07841866
Volume,0.06894339
BB_lower,0.0665524
10_day_ma,0.06487367
volatility_10,0.061207008
Open,0.060358986
volume_change,0.060323548
5_day_ma,0.05920649
20_day_std,0.058843587
Low,0.058395285
Close,0.05677331
daily_return,0.055301752
MACD_signal,0.05423214
MACD,0.05222835
High,0.05153511
BB_upper,0.048520196
20_day_ma,0.04428611
