Feature,Importance
BB_lower,0.069959186
Low,0.066854216
RSI_14,0.064110674
20_day_std,0.062256053
MACD,0.06153812
MACD_signal,0.060718086
BB_upper,0.06030723
20_day_ma,0.059778724
5_day_ma,0.05960505
High,0.057878315
Volume,0.05733684
10_day_ma,0.05730016
daily_return,0.056509674
Open,0.05372204
volume_change,0.052436315
volatility_10,0.05097493
Close,0.04871435
