Feature,Importance
Open,0.07163309
10_day_ma,0.06673617
5_day_ma,0.066175
volume_change,0.06247504
Low,0.059829503
High,0.05945255
20_day_ma,0.05897352
MACD_signal,0.05893262
MACD,0.058919813
BB_lower,0.058615226
Volume,0.057745025
daily_return,0.057169475
Close,0.05609163
RSI_14,0.055240273
volatility_10,0.055184435
BB_upper,0.054990686
20_day_std,0.041836023
