Feature,Importance
High,0.086862385
BB_upper,0.08065266
Low,0.070988536
RSI_14,0.07042971
volatility_10,0.06713156
5_day_ma,0.055722207
MACD_signal,0.054948617
MACD,0.05472774
volume_change,0.053999778
20_day_std,0.0532583
BB_lower,0.053157993
20_day_ma,0.052665863
Open,0.05262728
10_day_ma,0.05188758
daily_return,0.05055293
Volume,0.047595896
Close,0.042790905
