Feature,Importance
Close,0.09684004
BB_upper,0.07753991
Open,0.07274814
High,0.07119575
20_day_ma,0.06282583
daily_return,0.058152795
volatility_10,0.057142425
MACD,0.05596651
5_day_ma,0.055152528
RSI_14,0.05456521
10_day_ma,0.053449776
20_day_std,0.051653437
volume_change,0.048833743
Low,0.048373595
BB_lower,0.046167895
Volume,0.045977995
MACD_signal,0.043414377
