Feature,Importance
volatility_10,0.09583987
Open,0.07036566
BB_upper,0.06769667
20_day_std,0.067124225
MACD,0.06347003
Low,0.061751153
BB_lower,0.061548304
MACD_signal,0.06006864
High,0.056981113
20_day_ma,0.05278599
Volume,0.052592475
5_day_ma,0.052394465
Close,0.051332463
RSI_14,0.050707966
volume_change,0.04992154
daily_return,0.04612827
10_day_ma,0.039291207
