Feature,Importance
volatility_10,0.06766744
MACD_signal,0.0658262
5_day_ma,0.06573952
Low,0.06505424
High,0.0648105
BB_upper,0.06291757
BB_lower,0.062062357
Open,0.060117073
20_day_std,0.059129205
daily_return,0.054552093
Close,0.05454986
Volume,0.053808793
MACD,0.05375429
volume_change,0.05358032
20_day_ma,0.053327
RSI_14,0.051997364
10_day_ma,0.05110616
