Feature,Importance
20_day_ma,0.07250852
MACD,0.06790237
Close,0.06499721
BB_upper,0.064637445
Volume,0.06322232
volatility_10,0.06279662
High,0.06026531
volume_change,0.06021435
20_day_std,0.059139576
BB_lower,0.058682058
Open,0.055909727
daily_return,0.055352483
5_day_ma,0.054087326
RSI_14,0.05371821
Low,0.049577434
10_day_ma,0.04889356
MACD_signal,0.048095535
