Feature,Importance
Open,0.069895804
Low,0.06863614
5_day_ma,0.06751567
BB_upper,0.06512115
High,0.0625738
MACD_signal,0.06209954
10_day_ma,0.059475202
Close,0.05934854
daily_return,0.058175344
20_day_ma,0.057060875
BB_lower,0.056078043
Volume,0.055418063
RSI_14,0.05434295
MACD,0.05285452
20_day_std,0.052683923
volume_change,0.050305042
volatility_10,0.048415415
