Feature,Importance
volume_change,0.06484674
MACD,0.06373237
5_day_ma,0.06325074
Volume,0.062430136
Low,0.062303346
RSI_14,0.062199254
10_day_ma,0.061179426
20_day_std,0.06004698
Close,0.059908956
20_day_ma,0.058977567
Open,0.058670584
MACD_signal,0.056824997
BB_upper,0.05616772
BB_lower,0.05527655
volatility_10,0.05418956
daily_return,0.05116909
High,0.048825912
