Feature,Importance
Open,0.07515898
RSI_14,0.07261209
volume_change,0.06808732
20_day_std,0.06469759
20_day_ma,0.06299955
MACD,0.060666956
BB_upper,0.05996553
10_day_ma,0.059732895
Close,0.05757295
High,0.056328923
BB_lower,0.055349357
Volume,0.05528282
daily_return,0.05473521
volatility_10,0.053364508
5_day_ma,0.052892752
MACD_signal,0.05220422
Low,0.038348302
