Feature,Importance
daily_return,0.06900914
Open,0.06622637
Volume,0.06595003
5_day_ma,0.064697854
Low,0.063713335
MACD,0.06335453
BB_upper,0.06220878
20_day_std,0.059952307
10_day_ma,0.058251385
volume_change,0.057230216
volatility_10,0.05663299
BB_lower,0.054426532
RSI_14,0.053659465
Close,0.05316425
High,0.052203044
20_day_ma,0.051323596
MACD_signal,0.04799621
