Feature,Importance
MACD,0.06959623
Close,0.06667017
MACD_signal,0.06628804
volatility_10,0.06591931
20_day_ma,0.062728524
BB_lower,0.06038124
Low,0.059859622
5_day_ma,0.05981894
High,0.059682366
20_day_std,0.058846485
Open,0.05584965
volume_change,0.055698615
Volume,0.054065745
daily_return,0.053100504
10_day_ma,0.05237252
BB_upper,0.050020102
RSI_14,0.04910195
