Feature,Importance
10_day_ma,0.07509621
Open,0.07346334
BB_upper,0.07160025
Low,0.067077
MACD_signal,0.06306601
5_day_ma,0.0612852
volatility_10,0.059892606
Volume,0.05942083
20_day_ma,0.05628973
High,0.056230612
RSI_14,0.055557385
MACD,0.054913364
daily_return,0.05250859
Close,0.051562257
BB_lower,0.05029432
20_day_std,0.047279865
volume_change,0.044462375
