Feature,Importance
20_day_ma,0.087576285
20_day_std,0.06786695
BB_lower,0.066173695
BB_upper,0.0649952
Close,0.06256707
High,0.062441997
Low,0.05951411
RSI_14,0.059001822
MACD_signal,0.057222214
Volume,0.05493744
Open,0.05339347
MACD,0.053208485
10_day_ma,0.053162176
daily_return,0.052718803
volume_change,0.05079689
volatility_10,0.04915318
5_day_ma,0.04527021
