Feature,Importance
Low,0.072917
20_day_ma,0.06425393
High,0.06396336
10_day_ma,0.061407372
Open,0.061361633
Close,0.059946835
MACD,0.059292335
BB_lower,0.059257884
5_day_ma,0.058271732
daily_return,0.057155676
MACD_signal,0.05699611
RSI_14,0.05605756
volatility_10,0.055801697
BB_upper,0.055030216
volume_change,0.05298953
20_day_std,0.052806355
Volume,0.05249082
