Feature,Importance
20_day_std,0.07521109
Low,0.074193075
Open,0.07016466
volume_change,0.06956282
High,0.06472706
BB_lower,0.061038613
Close,0.060764916
Volume,0.060424734
10_day_ma,0.057369776
MACD,0.056169726
daily_return,0.054270074
20_day_ma,0.0539261
volatility_10,0.051996406
RSI_14,0.051251262
5_day_ma,0.048892997
MACD_signal,0.046642292
BB_upper,0.043394335
