Feature,Importance
volatility_10,0.07350184
Low,0.07118716
daily_return,0.06555893
High,0.06498237
5_day_ma,0.06430952
MACD_signal,0.0633295
BB_lower,0.061668586
MACD,0.060357954
Volume,0.060313232
Close,0.057604983
BB_upper,0.057075962
20_day_std,0.05598782
volume_change,0.05362661
10_day_ma,0.052272946
20_day_ma,0.052120365
RSI_14,0.04744604
Open,0.03865617
