Feature,Importance
BB_upper,0.07490714
MACD_signal,0.0698617
Low,0.067184195
5_day_ma,0.06293178
RSI_14,0.060541462
10_day_ma,0.059629284
volume_change,0.05899983
Open,0.058066677
MACD,0.057943027
High,0.057882532
Close,0.057191502
20_day_ma,0.05549994
Volume,0.054261196
BB_lower,0.053372584
20_day_std,0.051456213
volatility_10,0.050743178
daily_return,0.049527723
