Feature,Importance
5_day_ma,0.0757255
Low,0.07107193
20_day_ma,0.06950177
High,0.06867178
Open,0.06567579
Close,0.060552087
Volume,0.059970696
BB_upper,0.059422716
BB_lower,0.059213236
20_day_std,0.05795951
volatility_10,0.055716448
volume_change,0.053313963
MACD_signal,0.050669495
daily_return,0.05040207
10_day_ma,0.049133368
RSI_14,0.047908515
MACD,0.04509112
