Feature,Importance
MACD_signal,0.07476995
10_day_ma,0.06572556
20_day_std,0.06465259
20_day_ma,0.06357584
MACD,0.06218122
BB_lower,0.06017916
Close,0.059562612
daily_return,0.05805298
volatility_10,0.05737786
5_day_ma,0.05653359
Volume,0.056379754
volume_change,0.05630046
BB_upper,0.056103904
RSI_14,0.055183686
Low,0.052416176
High,0.051836092
Open,0.049168464
