Feature,Importance
20_day_ma,0.075026795
MACD,0.066647075
BB_lower,0.06497736
BB_upper,0.06255821
RSI_14,0.06241726
Volume,0.05976913
daily_return,0.05830549
High,0.057828803
20_day_std,0.05768828
Low,0.057349574
volume_change,0.05685516
volatility_10,0.05660882
10_day_ma,0.054033343
Open,0.053770863
5_day_ma,0.053256117
MACD_signal,0.051677052
Close,0.051230635
