Feature,Importance
volatility_10,0.07685589
5_day_ma,0.069650404
Low,0.06486864
MACD_signal,0.06274281
Open,0.060992084
Volume,0.05971081
20_day_std,0.05833468
MACD,0.058172863
daily_return,0.056788158
BB_upper,0.05677198
volume_change,0.0565153
High,0.055922084
BB_lower,0.054373212
20_day_ma,0.054032534
10_day_ma,0.05368822
Close,0.051039226
RSI_14,0.049541123
