Feature,Importance
High,0.07040964
volume_change,0.067626715
5_day_ma,0.06601139
BB_lower,0.06327261
10_day_ma,0.06303063
MACD_signal,0.062399764
Volume,0.06217992
Open,0.060754083
Low,0.06067796
MACD,0.057012167
BB_upper,0.055902097
20_day_ma,0.055136897
Close,0.054679487
volatility_10,0.05357252
RSI_14,0.050999466
daily_return,0.050191782
20_day_std,0.04614289
