Feature,Importance
High,0.084004164
volume_change,0.06900913
Open,0.06787113
volatility_10,0.06166181
10_day_ma,0.060960837
Close,0.059431627
Low,0.05890485
5_day_ma,0.058845602
20_day_ma,0.0571848
BB_upper,0.05569947
MACD_signal,0.054224167
RSI_14,0.05333294
Volume,0.05303312
20_day_std,0.05194426
BB_lower,0.051796578
daily_return,0.051335014
MACD,0.05076053
