Feature,Importance
Open,0.06607706
20_day_ma,0.065068334
5_day_ma,0.06421406
volatility_10,0.06388938
BB_lower,0.0638013
volume_change,0.0636559
Volume,0.062280796
10_day_ma,0.059894834
RSI_14,0.059823714
Low,0.05979786
High,0.058551863
20_day_std,0.056048088
daily_return,0.055462793
MACD_signal,0.053906832
MACD,0.053666797
Close,0.048547596
BB_upper,0.045312732
