Feature,Importance
Low,0.07451606
5_day_ma,0.06955614
20_day_ma,0.066879846
Open,0.064590156
volatility_10,0.0634915
High,0.06324684
BB_lower,0.06009295
10_day_ma,0.058306903
MACD_signal,0.05792486
daily_return,0.05627511
Close,0.055360183
volume_change,0.054705214
Volume,0.053335823
RSI_14,0.05253116
BB_upper,0.051543172
20_day_std,0.049592927
MACD,0.048051212
