Feature,Importance
BB_upper,0.0769971
volatility_10,0.069948144
Volume,0.06695666
MACD,0.06461547
Low,0.06408501
High,0.061462976
volume_change,0.0604477
MACD_signal,0.05821743
Close,0.05759597
10_day_ma,0.055876624
Open,0.055252258
5_day_ma,0.05452133
daily_return,0.05420931
RSI_14,0.054057922
BB_lower,0.05339553
20_day_std,0.049152106
20_day_ma,0.043208443
