Feature,Importance
BB_upper,0.06888546
Open,0.06496623
20_day_std,0.06493326
volatility_10,0.06361858
BB_lower,0.06354102
RSI_14,0.06277614
daily_return,0.06143651
5_day_ma,0.058694623
Close,0.058237568
Volume,0.058219694
volume_change,0.056548215
Low,0.05563895
MACD,0.05528723
10_day_ma,0.054574896
High,0.052474733
20_day_ma,0.05060358
MACD_signal,0.049563292
