Feature,Importance
Open,0.06831642
BB_lower,0.066710286
Low,0.06552019
volume_change,0.06514373
MACD,0.06484943
20_day_ma,0.06276516
RSI_14,0.059412707
5_day_ma,0.05907723
volatility_10,0.058396675
Volume,0.05673932
10_day_ma,0.05630189
High,0.055890948
daily_return,0.05396569
20_day_std,0.05357973
BB_upper,0.05329331
MACD_signal,0.053129043
Close,0.046908244
