Feature,Importance
20_day_ma,0.07216485
BB_lower,0.06690119
daily_return,0.06627907
MACD_signal,0.06493455
10_day_ma,0.06419258
20_day_std,0.06309772
volume_change,0.06262934
Low,0.06184691
RSI_14,0.06103538
5_day_ma,0.05765999
BB_upper,0.05756979
MACD,0.056121517
High,0.054856192
Volume,0.0508709
Open,0.048451997
volatility_10,0.04703441
Close,0.04435359
