Feature,Importance
High,0.0738116
MACD,0.070339605
BB_upper,0.06850058
MACD_signal,0.06678263
10_day_ma,0.06665418
20_day_ma,0.06492769
Low,0.061428443
Volume,0.057931587
Open,0.05751828
20_day_std,0.057356387
volatility_10,0.054710437
BB_lower,0.05443804
Close,0.053810988
daily_return,0.053245027
RSI_14,0.050729603
volume_change,0.048034243
5_day_ma,0.039780725
