Feature,Importance
Open,0.07367527
10_day_ma,0.071580395
20_day_ma,0.06716507
Volume,0.06590462
volatility_10,0.06290628
BB_lower,0.06200851
5_day_ma,0.060681757
Low,0.057100885
volume_change,0.056553848
RSI_14,0.05608457
daily_return,0.05593606
BB_upper,0.055934504
High,0.053548016
MACD_signal,0.053492963
MACD,0.05114971
Close,0.048428714
20_day_std,0.047848813
