Feature,Importance
20_day_std,0.06862145
RSI_14,0.06574631
MACD,0.06366991
BB_lower,0.06231284
Close,0.06120601
Volume,0.061177637
volume_change,0.059762795
BB_upper,0.05969061
Low,0.059401933
10_day_ma,0.058641184
5_day_ma,0.057230525
daily_return,0.05622139
20_day_ma,0.056013703
volatility_10,0.05545492
MACD_signal,0.05516759
High,0.051564325
Open,0.048116934
