Feature,Importance
High,0.069500774
Volume,0.066153266
volatility_10,0.065476105
BB_lower,0.064639755
5_day_ma,0.062141594
RSI_14,0.06133353
volume_change,0.059743326
10_day_ma,0.05952636
MACD_signal,0.05864428
daily_return,0.058095396
Close,0.057775
20_day_std,0.057248782
Low,0.054163665
MACD,0.05365997
20_day_ma,0.05190022
Open,0.050867673
BB_upper,0.04913026
