Feature,Importance
BB_upper,0.069664724
BB_lower,0.06862691
20_day_ma,0.068407044
20_day_std,0.064460605
Low,0.06319779
5_day_ma,0.0617494
RSI_14,0.059359048
10_day_ma,0.057322368
daily_return,0.056990247
Open,0.056579813
volume_change,0.0563591
MACD,0.055980742
High,0.055930033
MACD_signal,0.052660894
Close,0.05218168
volatility_10,0.05159489
Volume,0.048934713
