Feature,Importance
5_day_ma,0.07557599
High,0.07121183
Close,0.066925466
Low,0.06597362
volatility_10,0.06512334
daily_return,0.06424232
MACD_signal,0.06145119
volume_change,0.060262807
MACD,0.058765236
BB_lower,0.057660434
20_day_std,0.05626443
BB_upper,0.054725513
Open,0.050640985
Volume,0.049592976
20_day_ma,0.048666254
10_day_ma,0.048572585
RSI_14,0.044344965
