Feature,Importance
5_day_ma,0.07164716
Low,0.06932422
20_day_ma,0.062427595
daily_return,0.062322535
MACD,0.06149878
10_day_ma,0.06121937
BB_lower,0.061070308
RSI_14,0.059955742
BB_upper,0.058768064
High,0.057577662
volume_change,0.056761924
Volume,0.055932246
Open,0.055787567
Close,0.054828256
MACD_signal,0.052753303
20_day_std,0.049153708
volatility_10,0.048971556
