Feature,Importance
BB_lower,0.07014501
BB_upper,0.069081314
High,0.067242034
MACD,0.064767465
Low,0.06457106
MACD_signal,0.063311026
RSI_14,0.060471863
volatility_10,0.060176246
volume_change,0.05924342
10_day_ma,0.058209382
20_day_ma,0.057966426
Close,0.057469063
daily_return,0.05449664
Open,0.05309392
5_day_ma,0.04717545
20_day_std,0.046963356
Volume,0.045616392
