Feature,Importance
Open,0.07611607
RSI_14,0.06902335
BB_upper,0.066714436
MACD,0.06624854
BB_lower,0.06105006
10_day_ma,0.05885782
daily_return,0.058736812
5_day_ma,0.058580674
MACD_signal,0.057349026
20_day_std,0.056856554
High,0.055313967
Low,0.055125948
20_day_ma,0.053785972
Close,0.053517032
volatility_10,0.052347884
volume_change,0.05167403
Volume,0.048701845
