Feature,Importance
High,0.07233921
Close,0.07161499
volume_change,0.06887616
20_day_ma,0.068236046
daily_return,0.06583608
BB_upper,0.06464755
Low,0.0632273
volatility_10,0.061847128
RSI_14,0.060506154
20_day_std,0.057026293
MACD,0.056454524
BB_lower,0.05263082
5_day_ma,0.052383948
Volume,0.050504427
10_day_ma,0.04746559
Open,0.043499984
MACD_signal,0.04290376
