Feature,Importance
MACD,0.08282366
volume_change,0.06999018
20_day_ma,0.068560325
Close,0.06764746
volatility_10,0.0642616
RSI_14,0.060528494
5_day_ma,0.060222533
High,0.059246685
Low,0.058643192
BB_lower,0.057904776
Open,0.05507901
BB_upper,0.05489561
10_day_ma,0.054178473
Volume,0.05386411
daily_return,0.051121037
20_day_std,0.04630254
MACD_signal,0.034730338
