Feature,Importance
BB_upper,0.080886476
10_day_ma,0.06960327
MACD_signal,0.06871731
RSI_14,0.06594726
20_day_std,0.065776
High,0.061754305
volatility_10,0.061397813
daily_return,0.059911318
BB_lower,0.056852862
Volume,0.056523614
20_day_ma,0.054915585
volume_change,0.053316653
Close,0.05061907
5_day_ma,0.0499085
MACD,0.0497428
Low,0.04715996
Open,0.046967246
