Feature,Importance
BB_upper,0.07592196
volume_change,0.07254208
20_day_ma,0.06940306
Low,0.06888886
Close,0.06286163
10_day_ma,0.0617414
MACD_signal,0.06087212
daily_return,0.06011514
RSI_14,0.05798895
20_day_std,0.057611357
MACD,0.056136075
High,0.05502067
5_day_ma,0.052156746
volatility_10,0.050523434
Open,0.04848246
BB_lower,0.046972904
Volume,0.042761136
