Feature,Importance
10_day_ma,0.07146302
Open,0.06487195
Close,0.06447374
5_day_ma,0.06370768
daily_return,0.062783
Volume,0.061944865
volatility_10,0.061027635
MACD_signal,0.060256515
BB_lower,0.05886173
20_day_ma,0.05828295
20_day_std,0.055425793
High,0.054712147
Low,0.053834397
RSI_14,0.05378752
MACD,0.05285189
BB_upper,0.052699614
volume_change,0.049015567
