Feature,Importance
Open,0.071530014
Low,0.07087669
MACD,0.06627178
BB_lower,0.06358766
daily_return,0.06174901
volume_change,0.05930747
20_day_std,0.059298497
BB_upper,0.058689386
Volume,0.058505774
RSI_14,0.058497723
Close,0.05771193
10_day_ma,0.05488102
5_day_ma,0.054323677
volatility_10,0.053912066
20_day_ma,0.053311694
High,0.049995173
MACD_signal,0.047550425
