Feature,Importance
20_day_std,0.07703951
High,0.074742764
10_day_ma,0.0691079
RSI_14,0.06492323
MACD,0.063343145
20_day_ma,0.060076147
MACD_signal,0.059684765
BB_lower,0.059467554
volatility_10,0.059390437
Close,0.059230153
Volume,0.05697585
BB_upper,0.053214245
volume_change,0.051349044
Low,0.05095079
daily_return,0.048601132
Open,0.04806119
5_day_ma,0.043842092
