Feature,Importance
Low,0.072179615
High,0.067166075
5_day_ma,0.0656903
volume_change,0.06466995
BB_lower,0.06335267
Volume,0.062567234
20_day_std,0.060106665
MACD_signal,0.06000728
daily_return,0.058067467
BB_upper,0.057128638
10_day_ma,0.05670457
Close,0.055932894
volatility_10,0.053525724
20_day_ma,0.05225901
Open,0.05221074
RSI_14,0.050223738
MACD,0.048207507
