Feature,Importance
RSI_14,0.07951293
BB_upper,0.07216513
20_day_ma,0.07173237
BB_lower,0.06762099
Low,0.065352075
daily_return,0.064679846
Close,0.06431995
5_day_ma,0.06306673
volatility_10,0.062377233
High,0.061043262
MACD,0.05931654
volume_change,0.059098434
Open,0.04880318
Volume,0.044217486
20_day_std,0.0410746
10_day_ma,0.040002495
MACD_signal,0.035616722
