Feature,Importance
BB_lower,0.07254514
20_day_ma,0.06570886
Open,0.06495276
BB_upper,0.06350484
20_day_std,0.062232208
Low,0.0617718
10_day_ma,0.06130719
daily_return,0.059894074
RSI_14,0.05915115
MACD_signal,0.059110045
5_day_ma,0.058473594
volume_change,0.054843284
MACD,0.05421363
High,0.051650617
Volume,0.051588472
Close,0.05049955
volatility_10,0.048552774
