Feature,Importance
daily_return,0.07017825
Low,0.06773272
Volume,0.0648265
10_day_ma,0.06431504
20_day_ma,0.06312954
Close,0.061949767
20_day_std,0.06153894
Open,0.06099484
BB_upper,0.06061101
High,0.056249373
MACD,0.05565466
BB_lower,0.054454148
MACD_signal,0.052540142
5_day_ma,0.052383456
volume_change,0.051979717
RSI_14,0.0515017
volatility_10,0.049960136
