Feature,Importance
20_day_ma,0.08519543
Low,0.07435205
10_day_ma,0.07093034
Volume,0.06616886
BB_upper,0.06400414
MACD_signal,0.061145294
volume_change,0.05915613
MACD,0.057278156
5_day_ma,0.05688913
High,0.055905096
volatility_10,0.054650344
RSI_14,0.054048173
Close,0.049728088
20_day_std,0.049368303
Open,0.04808996
daily_return,0.047051188
BB_lower,0.046039317
