Feature,Importance
20_day_ma,0.080473684
BB_upper,0.07812195
MACD,0.072512604
volume_change,0.07226902
5_day_ma,0.06934329
RSI_14,0.06679096
Low,0.06538214
10_day_ma,0.061827306
20_day_std,0.06147831
volatility_10,0.06001604
daily_return,0.058930695
Volume,0.057997767
MACD_signal,0.050073415
Close,0.046546035
High,0.03851861
BB_lower,0.03830221
Open,0.021415936
