Feature,Importance
BB_upper,0.070032224
daily_return,0.06911681
Volume,0.06512844
10_day_ma,0.06405872
5_day_ma,0.063718975
20_day_std,0.06359943
Close,0.059222262
Open,0.059107814
Low,0.059003573
MACD,0.0572251
volume_change,0.056345575
RSI_14,0.05462751
20_day_ma,0.05456635
High,0.054126993
volatility_10,0.053814396
MACD_signal,0.052345075
BB_lower,0.043960795
