Feature,Importance
10_day_ma,0.09967105
BB_upper,0.08405329
Close,0.06672673
20_day_ma,0.0659372
BB_lower,0.065092094
MACD,0.06088306
volatility_10,0.05871313
Low,0.056793246
MACD_signal,0.056114573
5_day_ma,0.054004397
volume_change,0.053793687
High,0.050754674
daily_return,0.048964296
Volume,0.047972944
20_day_std,0.04551451
RSI_14,0.043235313
Open,0.041775826
