Feature,Importance
High,0.074669205
volatility_10,0.07435847
Open,0.06661965
MACD,0.06532447
Close,0.06258262
Volume,0.06254264
BB_upper,0.06129842
MACD_signal,0.058276143
20_day_ma,0.05808794
BB_lower,0.056076013
5_day_ma,0.05567624
daily_return,0.054316934
volume_change,0.054067004
Low,0.051373105
20_day_std,0.050184757
10_day_ma,0.04866413
RSI_14,0.045882218
