Feature,Importance
BB_upper,0.08320531
Close,0.06910984
RSI_14,0.067195505
MACD_signal,0.062864035
20_day_ma,0.05960382
daily_return,0.05848658
Low,0.057897776
5_day_ma,0.057316292
MACD,0.056979083
10_day_ma,0.056880023
volume_change,0.056821283
20_day_std,0.055475757
volatility_10,0.055376768
BB_lower,0.0531948
Open,0.053159874
High,0.05065578
Volume,0.045777485
