Feature,Importance
10_day_ma,0.07569217
Low,0.06897916
5_day_ma,0.06366847
Close,0.06347128
BB_lower,0.06286704
RSI_14,0.06132362
BB_upper,0.06018519
20_day_std,0.057343174
Volume,0.057098344
daily_return,0.0567325
volatility_10,0.05611457
Open,0.05526403
High,0.05428402
MACD_signal,0.052671205
MACD,0.052388594
20_day_ma,0.051923588
volume_change,0.049993083
