Feature,Importance
Open,0.07147013
10_day_ma,0.06922435
5_day_ma,0.06833664
volatility_10,0.06601292
BB_lower,0.064759895
MACD,0.06243202
Close,0.06211924
Low,0.06084977
daily_return,0.058621272
20_day_ma,0.057630643
MACD_signal,0.056567866
20_day_std,0.054490697
High,0.052668385
Volume,0.052659452
RSI_14,0.05099058
volume_change,0.050444745
BB_upper,0.040721323
