Feature,Importance
10_day_ma,0.06928113
MACD_signal,0.06549756
volatility_10,0.06529107
High,0.06516813
Low,0.065049
BB_lower,0.06360773
5_day_ma,0.06352458
20_day_std,0.0627853
BB_upper,0.06227232
Open,0.057863247
Close,0.056674734
Volume,0.053860184
MACD,0.053214464
daily_return,0.050614517
RSI_14,0.049921066
volume_change,0.04847149
20_day_ma,0.046903428
