Feature,Importance
volatility_10,0.066522665
MACD,0.06355847
Open,0.062383555
volume_change,0.061923422
RSI_14,0.061664924
Volume,0.06147004
5_day_ma,0.059982393
MACD_signal,0.059855692
20_day_ma,0.058983777
BB_lower,0.05881836
20_day_std,0.058354888
BB_upper,0.05585889
Low,0.05579595
daily_return,0.05427318
Close,0.054181024
10_day_ma,0.05368218
High,0.052690662
