Feature,Importance
Open,0.07947434
10_day_ma,0.0694955
20_day_ma,0.065711565
Volume,0.06324077
High,0.06079465
5_day_ma,0.06001498
volatility_10,0.05917909
BB_upper,0.05704393
Low,0.05686293
MACD,0.05681578
BB_lower,0.056194484
RSI_14,0.055928893
volume_change,0.054084606
MACD_signal,0.053456336
daily_return,0.051637184
20_day_std,0.05070497
Close,0.049360014
