Feature,Importance
Open,0.0755564
10_day_ma,0.067122325
Low,0.063386664
5_day_ma,0.06336336
Volume,0.061131354
20_day_ma,0.060870677
BB_upper,0.060447052
volatility_10,0.06035318
High,0.059424896
MACD,0.058461275
Close,0.0570854
RSI_14,0.056536417
MACD_signal,0.055311803
volume_change,0.054059558
BB_lower,0.053015776
daily_return,0.049483556
20_day_std,0.044390302
