Feature,Importance
Open,0.09534543
BB_upper,0.07696482
Low,0.07023349
20_day_std,0.06490066
10_day_ma,0.062018663
daily_return,0.06100283
Volume,0.05907512
MACD_signal,0.05876793
20_day_ma,0.05654037
RSI_14,0.054765042
MACD,0.054620244
High,0.054240726
Close,0.052883018
volume_change,0.051989224
BB_lower,0.050692543
volatility_10,0.03960164
5_day_ma,0.036358252
