Feature,Importance
Low,0.092572026
High,0.08968752
10_day_ma,0.07809602
20_day_ma,0.07337363
volume_change,0.059548553
MACD_signal,0.05867838
RSI_14,0.05852495
Close,0.05584573
daily_return,0.052878607
20_day_std,0.05202404
MACD,0.051238693
BB_lower,0.051209707
BB_upper,0.048493713
volatility_10,0.048453335
Volume,0.04836063
Open,0.043283317
5_day_ma,0.037731167
