Feature,Importance
Close,0.08893618
BB_upper,0.087121464
5_day_ma,0.076223135
20_day_ma,0.07205568
RSI_14,0.062386043
High,0.06137069
volatility_10,0.059644878
10_day_ma,0.057406142
BB_lower,0.057396784
20_day_std,0.056342177
MACD_signal,0.053629946
volume_change,0.048105747
MACD,0.04621215
daily_return,0.043890826
Low,0.043733526
Volume,0.04359493
Open,0.041949756
