Feature,Importance
Open,0.06750598
BB_upper,0.064849354
High,0.06484409
Low,0.0646458
5_day_ma,0.06284286
10_day_ma,0.061952095
daily_return,0.061783504
Volume,0.05938079
20_day_ma,0.059062533
20_day_std,0.057260625
BB_lower,0.057160836
MACD,0.05511644
Close,0.054446887
RSI_14,0.054266773
volatility_10,0.05347172
volume_change,0.051809363
MACD_signal,0.049600367
