Feature,Importance
Low,0.06364271
Volume,0.063098304
5_day_ma,0.0627395
volume_change,0.061080094
20_day_std,0.06104901
MACD,0.060893383
daily_return,0.05995809
10_day_ma,0.059635792
High,0.05908958
BB_lower,0.05895132
20_day_ma,0.057910446
RSI_14,0.057707362
volatility_10,0.05758092
Open,0.057096995
Close,0.053542435
MACD_signal,0.053419575
BB_upper,0.0526044
