Feature,Importance
5_day_ma,0.07139889
MACD_signal,0.070782416
BB_lower,0.06623975
Open,0.06474307
BB_upper,0.060942676
daily_return,0.059643958
volatility_10,0.059506528
Low,0.059140936
10_day_ma,0.058357403
20_day_std,0.058302086
volume_change,0.05743185
Close,0.054212924
Volume,0.0540779
High,0.05280674
20_day_ma,0.05226038
RSI_14,0.05013418
MACD,0.050018277
