Feature,Importance
5_day_ma,0.084438175
Close,0.07345548
Low,0.069933936
RSI_14,0.06582526
BB_upper,0.06568015
MACD_signal,0.06427372
volume_change,0.061940074
MACD,0.060130537
High,0.05852198
volatility_10,0.055740893
Open,0.055552658
BB_lower,0.053959522
10_day_ma,0.05388587
daily_return,0.046919554
20_day_ma,0.04369997
Volume,0.04329286
20_day_std,0.042749275
