Feature,Importance
BB_lower,0.075679645
High,0.07350839
BB_upper,0.068977095
volume_change,0.06499835
daily_return,0.06427107
20_day_std,0.062945224
RSI_14,0.061107907
Low,0.05908756
MACD,0.0582627
Open,0.05759998
5_day_ma,0.053026427
10_day_ma,0.051837265
volatility_10,0.05129256
20_day_ma,0.050823074
MACD_signal,0.049257893
Close,0.049001347
Volume,0.048323486
