Feature,Importance
20_day_ma,0.07207883
MACD,0.0691359
BB_lower,0.06736858
10_day_ma,0.06575723
Volume,0.06302955
Close,0.06229373
BB_upper,0.062247593
Open,0.061720025
5_day_ma,0.05980136
daily_return,0.057719164
volatility_10,0.055716142
Low,0.054858245
volume_change,0.051806886
High,0.051733587
RSI_14,0.04996214
20_day_std,0.048295956
MACD_signal,0.046475124
