Feature,Importance
Low,0.08603273
10_day_ma,0.07421865
BB_upper,0.07115313
High,0.06329892
daily_return,0.060371023
20_day_std,0.059874352
Close,0.059575662
RSI_14,0.05673678
Volume,0.056503277
MACD,0.056444
BB_lower,0.05599111
MACD_signal,0.055936657
volume_change,0.053023074
5_day_ma,0.05217222
Open,0.05014225
volatility_10,0.04979707
20_day_ma,0.03872914
