Feature,Importance
BB_upper,0.08003681
RSI_14,0.06711784
5_day_ma,0.06309209
Open,0.059946686
Volume,0.05895413
20_day_ma,0.05832231
20_day_std,0.058240753
BB_lower,0.058200188
10_day_ma,0.05747642
MACD,0.056713745
daily_return,0.056651585
High,0.056470763
Low,0.05553809
volatility_10,0.05475866
volume_change,0.054574907
Close,0.05456927
MACD_signal,0.04933575
