Feature,Importance
20_day_std,0.07262344
Low,0.06933288
volume_change,0.06818492
Close,0.06677179
MACD,0.062019676
10_day_ma,0.06154844
High,0.059805285
BB_lower,0.05913839
Volume,0.057908878
BB_upper,0.057352573
daily_return,0.05571901
volatility_10,0.05546592
5_day_ma,0.05480013
20_day_ma,0.05447465
MACD_signal,0.052644745
RSI_14,0.050906517
Open,0.041302726
