Feature,Importance
Low,0.082889624
Open,0.0759488
BB_lower,0.0748519
20_day_ma,0.070163876
High,0.06771228
MACD,0.064637475
10_day_ma,0.06332369
volume_change,0.059281066
Volume,0.057968564
MACD_signal,0.054114863
5_day_ma,0.052738015
volatility_10,0.052439123
Close,0.049011935
BB_upper,0.047839046
daily_return,0.044888385
20_day_std,0.04390995
RSI_14,0.03828141
