Feature,Importance
20_day_ma,0.069787174
BB_lower,0.06860377
volume_change,0.064771734
daily_return,0.06326535
20_day_std,0.06264119
BB_upper,0.06174951
Low,0.0603789
MACD_signal,0.05714489
10_day_ma,0.05673405
Open,0.056421515
RSI_14,0.056110017
High,0.055656575
MACD,0.055588946
5_day_ma,0.054817148
Close,0.054643113
volatility_10,0.05253927
Volume,0.04914684
