Feature,Importance
MACD,0.08898705
Low,0.07769705
5_day_ma,0.07585666
High,0.071926735
20_day_ma,0.06915525
MACD_signal,0.061612368
Close,0.061356198
volume_change,0.060314145
Open,0.057369146
20_day_std,0.05706479
Volume,0.053730182
BB_lower,0.053377125
RSI_14,0.048178468
volatility_10,0.04697947
10_day_ma,0.042077173
BB_upper,0.039693784
daily_return,0.03462437
