Feature,Importance
BB_upper,0.07588238
Close,0.07408561
MACD_signal,0.07239287
MACD,0.06690191
Volume,0.06341388
Low,0.060397036
20_day_ma,0.060294695
RSI_14,0.059875194
Open,0.057785504
volatility_10,0.05415754
5_day_ma,0.0516523
10_day_ma,0.051350646
BB_lower,0.051313456
daily_return,0.050942264
20_day_std,0.05033031
High,0.04968803
volume_change,0.049536422
