Feature,Importance
10_day_ma,0.07753777
MACD,0.070187174
RSI_14,0.06932033
20_day_ma,0.06760318
Low,0.06475816
Close,0.06374592
5_day_ma,0.06132345
volatility_10,0.05932975
Volume,0.056701683
volume_change,0.056317702
daily_return,0.05578853
BB_upper,0.053992372
20_day_std,0.052358817
BB_lower,0.04954043
MACD_signal,0.049328186
Open,0.046207055
High,0.04595949
