Feature,Importance
High,0.07209762
Open,0.06517283
BB_lower,0.06474335
volatility_10,0.06405169
20_day_ma,0.06210625
10_day_ma,0.061771993
RSI_14,0.060631312
daily_return,0.060233597
MACD,0.059821755
5_day_ma,0.05859749
Low,0.057059705
BB_upper,0.055713654
Close,0.05322735
MACD_signal,0.052879862
20_day_std,0.052044153
Volume,0.05072085
volume_change,0.049126457
