Feature,Importance
Low,0.07138554
BB_upper,0.067201644
RSI_14,0.06599613
MACD,0.064871185
BB_lower,0.059457645
20_day_std,0.059177145
daily_return,0.058248255
High,0.057659365
5_day_ma,0.057329357
MACD_signal,0.057019196
20_day_ma,0.056046303
volatility_10,0.055459064
Open,0.05507794
Volume,0.0545505
10_day_ma,0.05426821
volume_change,0.053338617
Close,0.052913886
