Feature,Importance
Low,0.07775289
20_day_std,0.072759084
BB_lower,0.07161976
High,0.0713132
BB_upper,0.06579786
RSI_14,0.064659625
volume_change,0.06102199
10_day_ma,0.05695291
Close,0.05685476
5_day_ma,0.05639817
20_day_ma,0.05572889
volatility_10,0.05126574
MACD_signal,0.049987845
MACD,0.049020905
Open,0.049020454
daily_return,0.048778083
Volume,0.041067842
