Feature,Importance
Low,0.10639585
MACD_signal,0.07397404
RSI_14,0.0691142
BB_upper,0.06435349
5_day_ma,0.062174454
volume_change,0.061224908
Close,0.060380407
daily_return,0.060323812
MACD,0.059424944
Open,0.056759086
20_day_ma,0.050873015
High,0.049007837
BB_lower,0.04843761
Volume,0.046481263
10_day_ma,0.04520866
volatility_10,0.044565912
20_day_std,0.041300554
