Feature,Importance
20_day_ma,0.06981487
Open,0.066247866
Low,0.065897495
20_day_std,0.06571174
5_day_ma,0.06345176
High,0.062213212
MACD_signal,0.058835894
BB_upper,0.058628686
BB_lower,0.0586103
volume_change,0.057967052
Volume,0.057576675
Close,0.056714177
10_day_ma,0.054939702
RSI_14,0.054890126
volatility_10,0.0511095
MACD,0.050283585
daily_return,0.047107317
