Feature,Importance
BB_lower,0.07307699
volatility_10,0.06888187
BB_upper,0.06442284
20_day_ma,0.06318345
10_day_ma,0.06164808
Close,0.05959221
RSI_14,0.059530806
Volume,0.058219243
volume_change,0.05788373
MACD,0.05759664
daily_return,0.057169065
Low,0.056486275
MACD_signal,0.055675738
Open,0.054290336
High,0.053565208
5_day_ma,0.050223224
20_day_std,0.04855429
