Feature,Importance
High,0.068037465
BB_lower,0.066870876
10_day_ma,0.06681548
MACD,0.06500462
Open,0.064101145
MACD_signal,0.06084108
Close,0.06023044
5_day_ma,0.058541875
Volume,0.057885833
Low,0.056057874
20_day_std,0.05547479
20_day_ma,0.0554442
BB_upper,0.054353163
RSI_14,0.05427606
daily_return,0.053545054
volume_change,0.053030938
volatility_10,0.049489096
