Feature,Importance
20_day_std,0.068173245
5_day_ma,0.0630533
volatility_10,0.06293406
MACD,0.062499262
Low,0.061854556
volume_change,0.060605794
Close,0.059854057
High,0.0596141
BB_upper,0.059458297
MACD_signal,0.05922253
Volume,0.058956083
10_day_ma,0.05597885
Open,0.055793125
BB_lower,0.054727413
RSI_14,0.05292908
daily_return,0.052188948
20_day_ma,0.05215735
