Feature,Importance
20_day_ma,0.08005603
Open,0.07002844
BB_lower,0.06984626
5_day_ma,0.0683703
High,0.06692232
RSI_14,0.060457442
20_day_std,0.060035553
Low,0.055543326
Volume,0.055449147
Close,0.055032473
volume_change,0.05495716
10_day_ma,0.054026604
volatility_10,0.05393396
MACD,0.051510878
daily_return,0.048856642
BB_upper,0.048526205
MACD_signal,0.046447366
