Feature,Importance
10_day_ma,0.07281562
20_day_std,0.06639119
5_day_ma,0.06518298
BB_upper,0.06283441
BB_lower,0.061903022
MACD_signal,0.061878715
Open,0.061072536
daily_return,0.060129564
High,0.059085026
Volume,0.0590427
Low,0.05804123
Close,0.056526423
volume_change,0.053412694
RSI_14,0.0531826
volatility_10,0.051102996
MACD,0.050412152
20_day_ma,0.046986192
