Feature,Importance
20_day_ma,0.09071414
volatility_10,0.07140304
5_day_ma,0.07002188
MACD,0.068943
MACD_signal,0.06366512
Open,0.06274898
Close,0.059157617
daily_return,0.05662614
Low,0.056460366
volume_change,0.055295654
BB_lower,0.05505462
Volume,0.05321547
BB_upper,0.04956283
RSI_14,0.04868385
20_day_std,0.046748005
High,0.04670066
10_day_ma,0.044998594
