Feature,Importance
BB_upper,0.078593716
BB_lower,0.077804096
Low,0.07145161
10_day_ma,0.06607091
daily_return,0.06557654
RSI_14,0.06407382
volume_change,0.06276461
5_day_ma,0.058642745
20_day_std,0.05817753
Open,0.05365642
MACD_signal,0.053465243
Volume,0.052754585
Close,0.050698582
20_day_ma,0.049780384
volatility_10,0.047452964
MACD,0.044792574
High,0.044243634
