Feature,Importance
BB_upper,0.07214079
MACD,0.06723857
20_day_ma,0.06666679
Low,0.060422424
volatility_10,0.059324242
MACD_signal,0.058456756
20_day_std,0.058264878
5_day_ma,0.057558447
volume_change,0.05694758
Volume,0.056198742
BB_lower,0.055978317
Close,0.055873897
Open,0.055705912
RSI_14,0.05537074
10_day_ma,0.055321317
High,0.054488793
daily_return,0.054041814
