Feature,Importance
MACD,0.07092118
20_day_ma,0.06355898
volatility_10,0.062572144
daily_return,0.06221399
BB_lower,0.061453566
Open,0.061228495
Volume,0.059813537
BB_upper,0.059514835
RSI_14,0.0590304
10_day_ma,0.05869329
volume_change,0.05838954
20_day_std,0.05760771
Close,0.056422625
MACD_signal,0.05574329
Low,0.0535173
High,0.050038196
5_day_ma,0.0492809
