Feature,Importance
High,0.07894901
BB_upper,0.07338334
20_day_ma,0.06735803
Open,0.066119
BB_lower,0.06364823
5_day_ma,0.061700292
Low,0.06124995
MACD_signal,0.059052456
Volume,0.058172178
20_day_std,0.055739224
volatility_10,0.05532171
MACD,0.052865494
volume_change,0.051730506
daily_return,0.05061822
RSI_14,0.050024576
Close,0.0472605
10_day_ma,0.04680729
