Feature,Importance
10_day_ma,0.07864361
High,0.06777672
BB_upper,0.067273535
RSI_14,0.06708391
Low,0.06505996
MACD,0.06408471
BB_lower,0.060934585
MACD_signal,0.06049962
Volume,0.05714521
20_day_ma,0.055080164
daily_return,0.05503365
20_day_std,0.054308422
volume_change,0.05428495
Open,0.051073816
Close,0.051050473
5_day_ma,0.04546595
volatility_10,0.045200724
