Feature,Importance
20_day_ma,0.08094976
10_day_ma,0.076669455
BB_lower,0.071467526
MACD,0.06493434
Close,0.06492764
Volume,0.06437973
Low,0.061895728
volume_change,0.058337912
5_day_ma,0.05792984
20_day_std,0.056301203
RSI_14,0.055936232
volatility_10,0.0556536
BB_upper,0.054848127
daily_return,0.051096726
MACD_signal,0.047602948
Open,0.04562017
High,0.03144905
