Feature,Importance
Low,0.08536582
BB_upper,0.07761388
volatility_10,0.07087999
20_day_ma,0.063552715
10_day_ma,0.063188404
High,0.06141883
volume_change,0.06125436
Volume,0.06116867
BB_lower,0.06012426
MACD,0.057813883
Open,0.056246903
Close,0.054538984
daily_return,0.053699892
5_day_ma,0.049840547
RSI_14,0.044399023
MACD_signal,0.04433376
20_day_std,0.034560006
