Feature,Importance
BB_upper,0.07984055
volatility_10,0.06900658
5_day_ma,0.06804879
daily_return,0.06598986
Low,0.0655728
Open,0.06206453
20_day_std,0.060605284
High,0.0588357
20_day_ma,0.057348054
RSI_14,0.056539554
BB_lower,0.05470569
10_day_ma,0.054390512
volume_change,0.05375056
Volume,0.051908106
MACD_signal,0.049027797
MACD,0.048201054
Close,0.04416447
