Feature,Importance
Low,0.081145816
BB_upper,0.077135675
volume_change,0.06858447
RSI_14,0.06664463
10_day_ma,0.06088565
Close,0.06019325
20_day_ma,0.059199464
MACD_signal,0.059066523
MACD,0.058804207
5_day_ma,0.05629895
volatility_10,0.05620093
Open,0.055763006
20_day_std,0.053679977
High,0.051914476
daily_return,0.04830911
Volume,0.043798067
BB_lower,0.04237582
