Feature,Importance
20_day_std,0.073601514
BB_lower,0.0701218
MACD_signal,0.0657537
BB_upper,0.06278076
5_day_ma,0.06268177
Close,0.0614278
daily_return,0.061249692
volatility_10,0.060820166
MACD,0.059144013
20_day_ma,0.0587225
volume_change,0.05561745
10_day_ma,0.052815214
RSI_14,0.052743338
Low,0.052204233
High,0.0508241
Volume,0.05014086
Open,0.049351055
