Feature,Importance
10_day_ma,0.07430835
20_day_std,0.07429558
BB_lower,0.06414197
MACD,0.063608326
BB_upper,0.063299626
RSI_14,0.06277133
High,0.06145042
Low,0.060550537
volume_change,0.05949468
volatility_10,0.05779193
Close,0.057458974
daily_return,0.057238255
5_day_ma,0.05627189
Open,0.054713886
Volume,0.05269175
20_day_ma,0.0433727
MACD_signal,0.03653979
