Feature,Importance
MACD_signal,0.06990981
20_day_ma,0.0663209
Low,0.06503518
BB_upper,0.064850524
BB_lower,0.064038165
20_day_std,0.063013814
10_day_ma,0.061137356
volatility_10,0.060022473
Open,0.058024373
MACD,0.057783898
5_day_ma,0.05559422
Volume,0.05554195
Close,0.055285603
volume_change,0.052035537
daily_return,0.05178305
RSI_14,0.050959677
High,0.048663475
