Feature,Importance
RSI_14,0.07717061
Low,0.06747853
5_day_ma,0.06733178
BB_lower,0.06687975
Close,0.06551646
20_day_ma,0.060677852
daily_return,0.05898085
volume_change,0.05836537
MACD_signal,0.0578462
High,0.056986086
Open,0.056290537
20_day_std,0.055093993
MACD,0.054161757
BB_upper,0.050744105
volatility_10,0.05047852
10_day_ma,0.048179872
Volume,0.047817707
