Feature,Importance
Low,0.07688165
High,0.07499059
BB_lower,0.06891333
RSI_14,0.06745019
20_day_std,0.06439929
20_day_ma,0.061970007
volume_change,0.05854804
MACD_signal,0.05844982
daily_return,0.05674412
volatility_10,0.056084257
MACD,0.054986894
Open,0.054157127
BB_upper,0.05400554
Volume,0.052862164
5_day_ma,0.0525408
Close,0.051916577
10_day_ma,0.035099626
