Feature,Importance
BB_upper,0.095498756
Low,0.09085364
10_day_ma,0.07448686
Close,0.06722259
BB_lower,0.06648524
High,0.06459971
20_day_ma,0.060456153
Volume,0.05738814
volatility_10,0.05647759
RSI_14,0.05470397
daily_return,0.052132845
volume_change,0.051643737
MACD,0.05002635
5_day_ma,0.0451574
MACD_signal,0.041574642
20_day_std,0.040592037
Open,0.030700335
