Feature,Importance
MACD_signal,0.0660811
RSI_14,0.06450989
Low,0.064470954
BB_upper,0.064130105
Open,0.063192375
20_day_ma,0.06292179
5_day_ma,0.06211368
10_day_ma,0.061133973
MACD,0.057652347
Volume,0.05654204
Close,0.056413405
20_day_std,0.055474002
daily_return,0.054973196
BB_lower,0.054696996
volatility_10,0.0528113
volume_change,0.052537147
High,0.05034566
