Feature,Importance
Low,0.080180764
volatility_10,0.06870488
Close,0.061232768
volume_change,0.0610306
daily_return,0.06083158
BB_lower,0.060747176
20_day_ma,0.06039614
5_day_ma,0.060346838
20_day_std,0.059998706
High,0.059923757
10_day_ma,0.059486672
BB_upper,0.05803537
Open,0.05471903
MACD_signal,0.050369706
MACD,0.050230425
RSI_14,0.04719041
Volume,0.046575192
