Feature,Importance
Open,0.074091636
5_day_ma,0.07140086
10_day_ma,0.066350125
Low,0.06440154
MACD_signal,0.06395467
High,0.06201893
BB_upper,0.061992276
Volume,0.059048455
RSI_14,0.058454487
MACD,0.05602347
Close,0.054419134
daily_return,0.053679
20_day_ma,0.053239908
volatility_10,0.052587647
20_day_std,0.050365597
volume_change,0.049729034
BB_lower,0.0482432
