Feature,Importance
10_day_ma,0.070190534
volatility_10,0.06899418
20_day_ma,0.066406004
BB_upper,0.066053726
Open,0.06227849
MACD_signal,0.060710225
volume_change,0.060505554
daily_return,0.059945915
Volume,0.059352167
MACD,0.05785311
High,0.05576453
BB_lower,0.05456879
20_day_std,0.05440177
RSI_14,0.05405647
Close,0.051277865
5_day_ma,0.049459536
Low,0.04818116
