Feature,Importance
Low,0.07172322
Open,0.07064802
BB_lower,0.067223646
20_day_ma,0.06345201
MACD_signal,0.061584678
20_day_std,0.059992086
High,0.05982109
MACD,0.05796773
10_day_ma,0.056479085
volatility_10,0.056388658
5_day_ma,0.05508044
daily_return,0.055056322
BB_upper,0.054889493
volume_change,0.054640032
Close,0.052514266
Volume,0.05186306
RSI_14,0.05067614
