Feature,Importance
High,0.0782919
Low,0.07447825
20_day_ma,0.07387937
BB_lower,0.0693819
BB_upper,0.06737667
MACD_signal,0.05989209
10_day_ma,0.059231196
Close,0.058047894
Open,0.053454634
volume_change,0.053335
5_day_ma,0.05332154
volatility_10,0.052758794
Volume,0.052496053
MACD,0.051515155
daily_return,0.05120342
20_day_std,0.047729477
RSI_14,0.04360669
