Feature,Importance
20_day_ma,0.07845695
10_day_ma,0.076098464
Low,0.06904869
High,0.0675175
Open,0.06410925
5_day_ma,0.06273263
volume_change,0.060314313
Volume,0.06011523
BB_lower,0.057694793
BB_upper,0.055421766
volatility_10,0.054907814
20_day_std,0.05467115
daily_return,0.053533137
Close,0.051760755
MACD,0.046024036
MACD_signal,0.045471054
RSI_14,0.04212248
