Feature,Importance
20_day_std,0.06763233
MACD,0.06473439
volatility_10,0.0637452
Open,0.0629666
20_day_ma,0.06279001
MACD_signal,0.06233319
High,0.062078856
BB_upper,0.06041161
Close,0.06009888
Volume,0.058729388
10_day_ma,0.057387542
volume_change,0.0571223
BB_lower,0.055442918
5_day_ma,0.053964313
daily_return,0.051006414
Low,0.05079044
RSI_14,0.048765663
