Feature,Importance
BB_lower,0.0700126
Low,0.06786975
Open,0.06622886
volume_change,0.06357857
BB_upper,0.06079006
20_day_std,0.060094923
MACD,0.059514273
Volume,0.05910733
5_day_ma,0.058740355
MACD_signal,0.05734895
daily_return,0.057144698
20_day_ma,0.05553324
RSI_14,0.055516582
High,0.05503839
Close,0.051626693
10_day_ma,0.051593855
volatility_10,0.050260827
