Feature,Importance
Low,0.07711074
BB_upper,0.07405569
daily_return,0.06140435
Volume,0.060966335
volatility_10,0.060696546
Open,0.06066941
20_day_ma,0.06047998
MACD,0.059104536
10_day_ma,0.059065968
volume_change,0.05751542
High,0.057177052
Close,0.056655277
20_day_std,0.054442152
RSI_14,0.051868964
5_day_ma,0.05086505
BB_lower,0.050371386
MACD_signal,0.04755121
