Feature,Importance
volatility_10,0.0689879
volume_change,0.0671025
RSI_14,0.06441259
MACD_signal,0.063469864
MACD,0.062814765
10_day_ma,0.060522243
20_day_std,0.05942892
Open,0.05807955
20_day_ma,0.057569522
BB_lower,0.057488278
5_day_ma,0.056506768
daily_return,0.056030653
Volume,0.05569206
BB_upper,0.055042386
Low,0.053496953
Close,0.05278167
High,0.050573394
