Feature,Importance
Low,0.076457396
volatility_10,0.07633429
5_day_ma,0.076247945
BB_upper,0.059305254
20_day_std,0.059231598
20_day_ma,0.05911729
MACD_signal,0.058819544
RSI_14,0.05857294
BB_lower,0.058396082
Close,0.056815658
10_day_ma,0.055304836
High,0.05523301
Volume,0.052726347
daily_return,0.051888756
Open,0.04995009
MACD,0.047954734
volume_change,0.047644224
