Feature,Importance
Low,0.06875904
5_day_ma,0.06369706
Open,0.06319579
20_day_std,0.061744515
BB_upper,0.06032087
MACD_signal,0.060307555
daily_return,0.059609376
RSI_14,0.05902378
High,0.058996335
MACD,0.05818795
Volume,0.05777659
10_day_ma,0.056694694
BB_lower,0.056209892
volume_change,0.055806793
20_day_ma,0.055298384
volatility_10,0.055132784
Close,0.049238566
