Feature,Importance
10_day_ma,0.096145846
20_day_ma,0.095738456
Open,0.07594506
Low,0.07500318
daily_return,0.06086138
Close,0.060396582
MACD,0.059356626
5_day_ma,0.057221256
High,0.053931113
MACD_signal,0.05066731
volatility_10,0.050247338
20_day_std,0.049851507
volume_change,0.044047825
RSI_14,0.04386364
BB_lower,0.0437789
Volume,0.04359022
BB_upper,0.039353885
