Feature,Importance
BB_upper,0.07706624
volatility_10,0.07018
5_day_ma,0.068288915
Open,0.067372255
20_day_ma,0.06299609
daily_return,0.062628694
Low,0.062284768
RSI_14,0.060397178
20_day_std,0.059957817
volume_change,0.05379339
High,0.05304801
MACD,0.052785866
Volume,0.052037254
10_day_ma,0.051854823
MACD_signal,0.051817607
BB_lower,0.04964233
Close,0.043848716
