Feature,Importance
volume_change,0.072004244
Low,0.07039517
Close,0.069508456
High,0.0666166
20_day_ma,0.06440772
20_day_std,0.06283838
MACD,0.0627387
MACD_signal,0.062038988
10_day_ma,0.06193633
BB_upper,0.060935695
BB_lower,0.05801529
volatility_10,0.055879556
5_day_ma,0.053206045
Volume,0.05170724
daily_return,0.04884873
RSI_14,0.039701823
Open,0.039221082
