Feature,Importance
High,0.09411221
Low,0.08198952
BB_upper,0.06214212
5_day_ma,0.06213128
20_day_std,0.061548203
daily_return,0.058716238
Open,0.058662307
volume_change,0.05731601
Volume,0.056390677
volatility_10,0.054342248
BB_lower,0.053397838
Close,0.053138692
MACD,0.052316457
RSI_14,0.05044472
10_day_ma,0.049557514
MACD_signal,0.04711232
20_day_ma,0.046681665
