Feature,Importance
5_day_ma,0.074480034
BB_lower,0.07251052
High,0.07101674
volatility_10,0.069366224
Volume,0.068926424
Close,0.062733255
BB_upper,0.061650556
20_day_ma,0.06158318
20_day_std,0.058520608
Open,0.05733707
RSI_14,0.053163163
daily_return,0.05274312
volume_change,0.052313235
MACD,0.049754415
10_day_ma,0.04615093
MACD_signal,0.04441739
Low,0.043333095
