Feature,Importance
10_day_ma,0.07397558
daily_return,0.068299554
BB_upper,0.06543226
20_day_ma,0.064359285
5_day_ma,0.06374129
Low,0.060932077
High,0.060309187
Open,0.05934595
BB_lower,0.056529064
MACD,0.055257704
20_day_std,0.055008747
Close,0.054925825
RSI_14,0.054372896
volume_change,0.05403239
MACD_signal,0.053955838
Volume,0.05209607
volatility_10,0.047426313
