Feature,Importance
MACD,0.06734097
5_day_ma,0.06676555
Close,0.066605106
High,0.064137414
MACD_signal,0.06323556
BB_lower,0.062136993
20_day_std,0.060661815
Low,0.060275573
volume_change,0.05855414
daily_return,0.05751702
RSI_14,0.057281327
volatility_10,0.056159567
Open,0.05604523
BB_upper,0.054448973
10_day_ma,0.053980444
Volume,0.04868038
20_day_ma,0.04617395
