Feature,Importance
volatility_10,0.07243521
BB_lower,0.07173841
Low,0.07074408
BB_upper,0.07054781
10_day_ma,0.0702218
Volume,0.06689466
20_day_ma,0.06509044
Close,0.059398055
daily_return,0.055578783
MACD,0.054342564
MACD_signal,0.052898373
High,0.0514711
Open,0.05113428
20_day_std,0.05106652
volume_change,0.04923577
5_day_ma,0.04563672
RSI_14,0.041565433
