Feature,Importance
Open,0.06646728
RSI_14,0.065569624
20_day_std,0.06547948
BB_lower,0.06366764
Close,0.06356197
MACD_signal,0.06144596
BB_upper,0.06121832
volume_change,0.058861524
10_day_ma,0.058706027
High,0.057472307
Low,0.05645084
5_day_ma,0.056229394
volatility_10,0.05484831
20_day_ma,0.054127257
MACD,0.05368369
daily_return,0.053136673
Volume,0.049073685
