Feature,Importance
5_day_ma,0.066478305
Low,0.06597394
Close,0.06527332
MACD,0.06480735
20_day_ma,0.064095005
Open,0.06172804
Volume,0.060716815
20_day_std,0.058180552
BB_lower,0.05748259
High,0.05739357
10_day_ma,0.05728676
MACD_signal,0.056435425
RSI_14,0.055385437
daily_return,0.054839473
BB_upper,0.053073805
volume_change,0.05179499
volatility_10,0.049054597
