Feature,Importance
Low,0.078057826
20_day_ma,0.068250746
5_day_ma,0.067182764
MACD,0.06623916
MACD_signal,0.06397197
Close,0.06059138
10_day_ma,0.060096845
High,0.058256
BB_upper,0.057521705
volume_change,0.056813497
BB_lower,0.056242988
volatility_10,0.05590888
RSI_14,0.055585396
Open,0.053144656
daily_return,0.050588574
Volume,0.046301574
20_day_std,0.04524603
