Feature,Importance
High,0.07933848
MACD_signal,0.06774945
5_day_ma,0.06737517
Close,0.06674549
volatility_10,0.06293339
MACD,0.061901286
10_day_ma,0.05958374
Open,0.058886956
BB_upper,0.05744233
daily_return,0.056752622
20_day_ma,0.054794453
volume_change,0.054618105
20_day_std,0.052534565
Low,0.051911905
Volume,0.04944442
BB_lower,0.049348578
RSI_14,0.04863913
