Feature,Importance
10_day_ma,0.075045735
BB_lower,0.07068375
5_day_ma,0.06513554
Low,0.06445818
BB_upper,0.06382091
Open,0.063150294
20_day_ma,0.06100712
RSI_14,0.060697623
MACD_signal,0.06023853
MACD,0.05662948
volatility_10,0.056372583
Close,0.055349555
Volume,0.05486492
High,0.052118596
volume_change,0.04947883
20_day_std,0.045595944
daily_return,0.04535242
