Feature,Importance
Open,0.09191042
volatility_10,0.07281576
20_day_ma,0.07109386
Close,0.06968409
BB_upper,0.06712845
5_day_ma,0.06543557
MACD_signal,0.0617284
daily_return,0.060632683
High,0.058063343
MACD,0.056239434
volume_change,0.051915225
Low,0.050008103
RSI_14,0.047935337
Volume,0.04790697
BB_lower,0.046975505
20_day_std,0.04556024
10_day_ma,0.03496662
