Feature,Importance
Low,0.07126908
BB_upper,0.069609754
Open,0.06451529
MACD_signal,0.061900895
10_day_ma,0.06055492
Close,0.059782885
20_day_ma,0.05954619
BB_lower,0.05911126
RSI_14,0.059093706
High,0.058375806
volume_change,0.05826224
5_day_ma,0.057363108
daily_return,0.056349747
MACD,0.05381239
Volume,0.053526122
volatility_10,0.04848958
20_day_std,0.048437048
