Feature,Importance
Close,0.09233271
MACD_signal,0.07020906
10_day_ma,0.07007281
High,0.06624623
BB_lower,0.06549413
volatility_10,0.060598876
MACD,0.058786925
BB_upper,0.05633606
volume_change,0.05582579
5_day_ma,0.055669386
daily_return,0.055178978
Volume,0.054824956
Low,0.05093852
Open,0.050926294
20_day_std,0.05047738
20_day_ma,0.043657783
RSI_14,0.0424241
