Feature,Importance
BB_lower,0.07443811
20_day_ma,0.07092833
Close,0.07090233
MACD_signal,0.06476335
Open,0.06458026
daily_return,0.058980923
20_day_std,0.057962913
BB_upper,0.05724828
volume_change,0.05671781
Low,0.05640148
volatility_10,0.055826653
High,0.05507651
5_day_ma,0.054760966
MACD,0.054685116
10_day_ma,0.054569453
Volume,0.04863668
RSI_14,0.043520845
