Feature,Importance
MACD,0.077503406
Low,0.06875432
Open,0.067999564
BB_upper,0.066120386
Close,0.06395182
20_day_std,0.06356958
Volume,0.061998922
volatility_10,0.06047774
5_day_ma,0.060278147
10_day_ma,0.05788825
MACD_signal,0.057474114
volume_change,0.054991025
BB_lower,0.05196434
High,0.051935453
daily_return,0.0511958
RSI_14,0.051104195
20_day_ma,0.032792855
