Feature,Importance
20_day_ma,0.072852634
20_day_std,0.06569987
volume_change,0.06415377
BB_lower,0.06409932
10_day_ma,0.06296087
BB_upper,0.06295112
5_day_ma,0.062035654
RSI_14,0.05918456
MACD,0.058166303
Low,0.058101237
MACD_signal,0.057657756
daily_return,0.056853116
Volume,0.052528463
Close,0.052230917
volatility_10,0.051569264
Open,0.049623556
High,0.0493316
