Feature,Importance
BB_upper,0.06763864
10_day_ma,0.067346275
MACD_signal,0.06645994
High,0.06498501
Low,0.062194966
BB_lower,0.061533425
20_day_std,0.06056904
daily_return,0.05967206
MACD,0.059612427
Volume,0.058857623
20_day_ma,0.056187414
5_day_ma,0.054167867
RSI_14,0.053988088
volatility_10,0.0533995
Close,0.053012837
Open,0.051098768
volume_change,0.04927616
