Feature,Importance
MACD,0.07863749
Low,0.07734722
BB_upper,0.0626255
volume_change,0.06161569
High,0.060638137
MACD_signal,0.06021282
20_day_std,0.058983404
20_day_ma,0.058357965
Volume,0.05767606
5_day_ma,0.057559486
RSI_14,0.056434706
volatility_10,0.055897154
BB_lower,0.054217707
10_day_ma,0.051581115
Open,0.051040377
daily_return,0.050849285
Close,0.046325903
