Feature,Importance
20_day_std,0.070903495
MACD_signal,0.06843567
10_day_ma,0.066916294
BB_lower,0.06481985
MACD,0.06430384
BB_upper,0.06273044
volatility_10,0.06105893
Close,0.060288705
5_day_ma,0.060042728
High,0.057267062
20_day_ma,0.056328513
Volume,0.055741835
Low,0.05094018
daily_return,0.05088631
RSI_14,0.049973268
Open,0.049748342
volume_change,0.049614586
