Feature,Importance
10_day_ma,0.07169134
Close,0.07133995
Low,0.068483256
volatility_10,0.06646394
MACD_signal,0.06390243
5_day_ma,0.062170967
MACD,0.062051475
High,0.061034672
BB_lower,0.0607341
BB_upper,0.058907367
20_day_ma,0.058833636
Open,0.056792792
volume_change,0.055868115
20_day_std,0.052501462
daily_return,0.051820897
Volume,0.042098176
RSI_14,0.035305426
