Feature,Importance
High,0.08453195
BB_lower,0.06846635
RSI_14,0.060846116
daily_return,0.058689017
Volume,0.05854864
BB_upper,0.05740561
Low,0.05719538
MACD,0.057051774
Open,0.056886345
Close,0.056434415
volume_change,0.056341045
MACD_signal,0.05625131
5_day_ma,0.05516291
10_day_ma,0.054731198
20_day_std,0.05463091
volatility_10,0.05436415
20_day_ma,0.05246287
