Feature,Importance
Close,0.077922404
BB_upper,0.07607156
BB_lower,0.06948917
10_day_ma,0.06456097
5_day_ma,0.063463084
20_day_ma,0.06319202
daily_return,0.060668025
volume_change,0.060543146
20_day_std,0.059635695
RSI_14,0.058426917
High,0.0576273
MACD,0.05234596
MACD_signal,0.051894993
volatility_10,0.051227767
Open,0.045166954
Volume,0.04508413
Low,0.042679805
