Feature,Importance
BB_upper,0.06797375
MACD,0.06696534
Low,0.06464514
BB_lower,0.062469076
Open,0.061623298
5_day_ma,0.059575066
volume_change,0.05862757
High,0.058621515
10_day_ma,0.05820244
20_day_ma,0.057304524
20_day_std,0.057241768
MACD_signal,0.056137923
Volume,0.0560279
RSI_14,0.054039452
volatility_10,0.053863194
Close,0.053649798
daily_return,0.053032234
