Feature,Importance
RSI_14,0.069561355
volatility_10,0.068099864
daily_return,0.067626745
MACD,0.06736113
10_day_ma,0.06615495
MACD_signal,0.06604036
Low,0.06455762
volume_change,0.06407013
High,0.06328494
20_day_std,0.061772227
Open,0.059665427
BB_upper,0.059069064
BB_lower,0.057003003
Volume,0.054481342
Close,0.048838053
5_day_ma,0.032582022
20_day_ma,0.029831821
