Feature,Importance
MACD,0.07609442
High,0.07522581
RSI_14,0.06901087
BB_upper,0.06849721
Low,0.068496756
Close,0.068288505
Open,0.06670907
MACD_signal,0.0644654
5_day_ma,0.062552854
20_day_std,0.05556954
volume_change,0.05392465
volatility_10,0.05027879
10_day_ma,0.048039425
BB_lower,0.047084946
daily_return,0.044791188
Volume,0.044012897
20_day_ma,0.03695768
