Feature,Importance
High,0.08646172
BB_lower,0.080755405
volume_change,0.07105939
10_day_ma,0.067666486
Open,0.063697115
5_day_ma,0.06327973
daily_return,0.059065282
Low,0.058282174
20_day_std,0.05806746
RSI_14,0.055741936
Close,0.054557953
MACD,0.052973874
Volume,0.051857036
volatility_10,0.048390582
BB_upper,0.047001857
20_day_ma,0.041942246
MACD_signal,0.03919978
