Feature,Importance
RSI_14,0.0676575
10_day_ma,0.06681617
MACD,0.064961985
Low,0.06284481
Open,0.06186798
BB_upper,0.06101106
BB_lower,0.05831264
20_day_ma,0.05828928
20_day_std,0.057281137
volatility_10,0.057188846
High,0.056729548
daily_return,0.055609316
5_day_ma,0.05554689
Volume,0.05449133
MACD_signal,0.05417174
Close,0.05411385
volume_change,0.053105943
