Feature,Importance
Low,0.10161771
High,0.09156616
5_day_ma,0.061648764
MACD,0.0602797
20_day_std,0.058672726
RSI_14,0.05811726
daily_return,0.057376068
volatility_10,0.056542903
Close,0.056006942
10_day_ma,0.05373282
BB_upper,0.053467326
20_day_ma,0.053219736
MACD_signal,0.051503956
Open,0.051322766
volume_change,0.05019258
BB_lower,0.04642518
Volume,0.03830744
