Feature,Importance
MACD_signal,0.06538814
10_day_ma,0.06490605
Open,0.06476609
BB_upper,0.062174924
volatility_10,0.0614359
Volume,0.06127623
20_day_ma,0.06096384
BB_lower,0.058602713
Close,0.05831554
Low,0.057028286
RSI_14,0.05688558
MACD,0.056126535
daily_return,0.056035485
High,0.05581955
5_day_ma,0.05394492
volume_change,0.053177647
20_day_std,0.05315259
