Feature,Importance
BB_lower,0.07167308
volume_change,0.06814007
20_day_ma,0.06763366
volatility_10,0.06392714
BB_upper,0.062427353
MACD,0.06191771
High,0.05993387
Low,0.05918363
daily_return,0.058264825
Volume,0.057174586
10_day_ma,0.056995228
MACD_signal,0.05615499
5_day_ma,0.055748582
Close,0.052193683
Open,0.051318914
RSI_14,0.048936944
20_day_std,0.04837579
