Feature,Importance
BB_upper,0.08855951
RSI_14,0.06954985
volatility_10,0.06769696
daily_return,0.065097
10_day_ma,0.06420023
20_day_std,0.06294846
MACD,0.057099797
High,0.05637047
20_day_ma,0.05536327
volume_change,0.054585963
MACD_signal,0.054500557
BB_lower,0.05419099
Open,0.05317325
Volume,0.051749807
Low,0.049977925
Close,0.04806862
5_day_ma,0.046867296
