Feature,Importance
MACD_signal,0.09231975
Open,0.08427099
High,0.07232053
MACD,0.071565196
10_day_ma,0.069428876
BB_upper,0.060671948
BB_lower,0.057493426
daily_return,0.056581173
20_day_std,0.05396812
RSI_14,0.05321701
Low,0.052655324
20_day_ma,0.049675245
Close,0.04897078
volume_change,0.04622764
volatility_10,0.045471624
5_day_ma,0.04383368
Volume,0.041328672
