Feature,Importance
Low,0.06988159
BB_upper,0.069823
20_day_std,0.06734451
daily_return,0.06608696
10_day_ma,0.065760694
5_day_ma,0.06471889
MACD,0.06251321
MACD_signal,0.060348786
20_day_ma,0.0585706
RSI_14,0.05603656
Close,0.05545188
BB_lower,0.055114653
High,0.05207943
volume_change,0.051822048
volatility_10,0.05005594
Open,0.047491573
Volume,0.046899665
