Feature,Importance
Low,0.10352339
20_day_ma,0.08453649
Close,0.080241345
BB_upper,0.062846676
MACD_signal,0.062054224
volume_change,0.058730155
RSI_14,0.055827778
10_day_ma,0.055635575
Volume,0.053738367
daily_return,0.053294037
20_day_std,0.053230044
MACD,0.051231097
volatility_10,0.049341507
Open,0.04824373
BB_lower,0.04458872
5_day_ma,0.04380369
High,0.03913318
