Feature,Importance
BB_lower,0.0710958
BB_upper,0.070982516
Low,0.06814926
Close,0.06633068
Open,0.06625165
High,0.060330875
10_day_ma,0.05857408
20_day_std,0.05766082
MACD_signal,0.057567034
5_day_ma,0.05695059
volume_change,0.056734942
MACD,0.056107037
daily_return,0.05447162
Volume,0.052238435
RSI_14,0.051973313
20_day_ma,0.049451936
volatility_10,0.045129366
