Feature,Importance
volume_change,0.06887075
10_day_ma,0.066153154
Open,0.065811984
5_day_ma,0.06444804
Low,0.063767545
BB_upper,0.06370731
RSI_14,0.061595343
High,0.058667097
MACD,0.057982832
Volume,0.057859696
MACD_signal,0.057757746
20_day_ma,0.05578979
Close,0.053958796
BB_lower,0.052286007
20_day_std,0.05193283
volatility_10,0.050085038
daily_return,0.04932598
