Feature,Importance
BB_upper,0.10852117
High,0.07453462
Low,0.06283955
daily_return,0.06203533
20_day_ma,0.06112142
10_day_ma,0.05928799
RSI_14,0.05864188
Open,0.055821475
5_day_ma,0.055625156
volume_change,0.05553424
volatility_10,0.052341178
20_day_std,0.052126523
MACD,0.051134124
BB_lower,0.05036005
Close,0.049868613
Volume,0.04643923
MACD_signal,0.043767493
