Feature,Importance
Low,0.074893534
BB_upper,0.074533276
daily_return,0.06540012
MACD_signal,0.06485528
RSI_14,0.061959423
20_day_std,0.060663052
High,0.06034109
5_day_ma,0.05773908
MACD,0.057159334
volatility_10,0.057058048
Close,0.055169
20_day_ma,0.054057803
10_day_ma,0.053196523
Volume,0.05203749
Open,0.052026108
BB_lower,0.050040953
volume_change,0.04886994
