Feature,Importance
volatility_10,0.073775575
MACD,0.0732063
RSI_14,0.07146718
20_day_std,0.06385151
Close,0.06245195
20_day_ma,0.060915235
MACD_signal,0.059567653
Volume,0.058817577
High,0.058787234
BB_lower,0.057235524
volume_change,0.05617252
daily_return,0.05580335
Open,0.054925192
BB_upper,0.0544065
5_day_ma,0.048577175
10_day_ma,0.047108687
Low,0.042930834
