Feature,Importance
Open,0.08286557
Low,0.069972746
BB_lower,0.06660023
10_day_ma,0.06613179
BB_upper,0.06524878
Close,0.06376156
High,0.05894554
daily_return,0.05806741
MACD_signal,0.055977423
20_day_std,0.05518518
volume_change,0.05411557
20_day_ma,0.052966557
volatility_10,0.051715072
MACD,0.051672876
RSI_14,0.049875274
Volume,0.049123745
5_day_ma,0.047774643
