Feature,Importance
Open,0.07572118
High,0.06689712
volume_change,0.06368272
MACD_signal,0.06360927
Low,0.06146995
RSI_14,0.060935874
BB_upper,0.060895044
MACD,0.05947947
5_day_ma,0.059267353
Volume,0.058063854
20_day_std,0.056396678
Close,0.054711014
20_day_ma,0.053900212
BB_lower,0.052691013
10_day_ma,0.05189011
daily_return,0.050549246
volatility_10,0.049839903
