Feature,Importance
BB_upper,0.09785016
Open,0.07803769
Low,0.06558314
RSI_14,0.064475775
20_day_std,0.06238026
daily_return,0.061649956
20_day_ma,0.06085063
High,0.058884177
Volume,0.054776493
Close,0.05398897
MACD_signal,0.053708818
10_day_ma,0.0528217
BB_lower,0.051775437
MACD,0.050604377
volatility_10,0.044804636
volume_change,0.044658724
5_day_ma,0.04314907
