Feature,Importance
Low,0.07514643
High,0.066987514
20_day_ma,0.06388761
BB_lower,0.061674487
10_day_ma,0.05865999
MACD,0.05855418
20_day_std,0.05791497
Open,0.05773986
5_day_ma,0.057596326
RSI_14,0.05640166
volume_change,0.05629409
BB_upper,0.056182593
Close,0.056093693
daily_return,0.05513674
volatility_10,0.05433968
Volume,0.054193743
MACD_signal,0.053196464
