Feature,Importance
BB_upper,0.08327825
Low,0.075583
Close,0.06971345
10_day_ma,0.062333032
volume_change,0.06226547
MACD_signal,0.060515348
20_day_std,0.058526583
BB_lower,0.05738852
volatility_10,0.057061903
RSI_14,0.056196965
Volume,0.055928774
daily_return,0.05306083
High,0.052567337
Open,0.0522649
5_day_ma,0.050181318
20_day_ma,0.046982966
MACD,0.046151266
