Feature,Importance
Low,0.0685453
BB_lower,0.064804554
20_day_std,0.06336581
10_day_ma,0.0630111
MACD,0.06275901
Close,0.061335415
BB_upper,0.0597719
MACD_signal,0.059636053
5_day_ma,0.059287984
20_day_ma,0.05868085
High,0.057041667
Open,0.0568332
volume_change,0.05540502
RSI_14,0.054420985
volatility_10,0.054010857
Volume,0.052454665
daily_return,0.048635624
