Feature,Importance
20_day_std,0.07149515
volume_change,0.06854533
Volume,0.06461011
BB_upper,0.06456481
volatility_10,0.06319064
Open,0.061487343
BB_lower,0.060908444
daily_return,0.06059616
MACD_signal,0.05775476
Low,0.057496782
20_day_ma,0.056655455
High,0.055763725
5_day_ma,0.05444363
10_day_ma,0.052701548
MACD,0.052513324
RSI_14,0.04943266
Close,0.04784017
