Feature,Importance
High,0.06809751
RSI_14,0.06540946
Low,0.06468389
BB_lower,0.06445938
20_day_ma,0.06371396
10_day_ma,0.062855944
Open,0.06079826
5_day_ma,0.057158165
Volume,0.056865577
volatility_10,0.056514785
MACD_signal,0.05609793
daily_return,0.055190615
BB_upper,0.055024732
20_day_std,0.05485335
volume_change,0.054184616
MACD,0.052375916
Close,0.05171592
