Feature,Importance
Low,0.076688744
RSI_14,0.06469643
Close,0.0637883
High,0.06331139
MACD_signal,0.062629454
BB_upper,0.061428342
daily_return,0.058865495
Open,0.05878612
Volume,0.058439005
MACD,0.05635387
BB_lower,0.056193553
volume_change,0.054175064
10_day_ma,0.053944208
volatility_10,0.05391874
20_day_std,0.05391338
20_day_ma,0.05302085
5_day_ma,0.049847007
