Feature,Importance
daily_return,0.068646915
Open,0.06417342
BB_upper,0.06369982
High,0.062429063
20_day_std,0.062406447
volume_change,0.06115631
Close,0.06100699
Low,0.060508687
20_day_ma,0.06036125
volatility_10,0.058988787
5_day_ma,0.05696281
BB_lower,0.055788282
MACD,0.054654937
RSI_14,0.053025212
MACD_signal,0.052743718
Volume,0.05188798
10_day_ma,0.05155935
