Feature,Importance
Open,0.08720544
10_day_ma,0.081489235
Low,0.07267809
volatility_10,0.071302205
5_day_ma,0.0688694
20_day_std,0.06649011
MACD_signal,0.06256962
Close,0.054958954
High,0.05485555
20_day_ma,0.053873952
daily_return,0.050836924
Volume,0.05043618
RSI_14,0.04935226
MACD,0.04917946
volume_change,0.045072947
BB_lower,0.04107217
BB_upper,0.039757535
