Feature,Importance
MACD,0.06940838
MACD_signal,0.067095
volume_change,0.06391249
BB_upper,0.061385553
5_day_ma,0.06127053
20_day_std,0.061260477
Volume,0.061203357
High,0.06016802
Low,0.05958738
BB_lower,0.057921123
20_day_ma,0.055638436
RSI_14,0.0549344
10_day_ma,0.054777853
daily_return,0.054538146
Open,0.05394368
volatility_10,0.053739373
Close,0.04921575
