Feature,Importance
MACD_signal,0.06587014
Low,0.06538807
20_day_ma,0.06537336
BB_lower,0.06392695
High,0.063076906
MACD,0.06298061
BB_upper,0.058743294
volatility_10,0.058492284
Close,0.058068953
20_day_std,0.05748955
5_day_ma,0.05743951
Open,0.05675223
Volume,0.055593863
RSI_14,0.054822378
daily_return,0.05244379
volume_change,0.05193187
10_day_ma,0.05160617
