Feature,Importance
10_day_ma,0.06798314
daily_return,0.0665689
MACD_signal,0.065297365
20_day_std,0.06479191
volatility_10,0.06306569
Volume,0.06299024
volume_change,0.06212519
BB_lower,0.061538003
High,0.058654968
20_day_ma,0.057794984
5_day_ma,0.056539148
RSI_14,0.055717077
BB_upper,0.055242643
MACD,0.0541444
Close,0.05292499
Open,0.05221403
Low,0.042407274
