Feature,Importance
MACD_signal,0.06661531
5_day_ma,0.06636398
volatility_10,0.0648554
MACD,0.06436281
Close,0.063828886
BB_lower,0.06331759
BB_upper,0.06206821
20_day_ma,0.05892695
volume_change,0.058160346
High,0.056532476
Low,0.056169596
10_day_ma,0.055748954
Volume,0.055675454
daily_return,0.054770403
RSI_14,0.053010687
Open,0.051369704
20_day_std,0.0482232
