Feature,Importance
BB_upper,0.07437272
Open,0.07307809
MACD,0.06823111
BB_lower,0.06589071
10_day_ma,0.062043156
Close,0.06055878
20_day_std,0.05989173
MACD_signal,0.057204988
Volume,0.05633578
volume_change,0.0561352
5_day_ma,0.05596533
High,0.05436137
20_day_ma,0.05363707
volatility_10,0.053628325
daily_return,0.052755874
RSI_14,0.0504274
Low,0.045482367
