Feature,Importance
Open,0.06924538
10_day_ma,0.068588436
Low,0.06504724
Volume,0.06432201
5_day_ma,0.06320113
20_day_ma,0.062027313
daily_return,0.060339686
BB_upper,0.059619978
Close,0.057437778
MACD_signal,0.056060754
MACD,0.05591123
High,0.05541744
volatility_10,0.05486539
RSI_14,0.054428987
20_day_std,0.054110777
BB_lower,0.050666835
volume_change,0.0487096
