Feature,Importance
BB_upper,0.07280024
daily_return,0.06857539
20_day_ma,0.06506509
High,0.06318494
Volume,0.06310816
Low,0.06174713
Open,0.060907092
MACD,0.059471417
20_day_std,0.059075747
5_day_ma,0.058732484
BB_lower,0.056040313
Close,0.055975385
volume_change,0.055573735
10_day_ma,0.054021567
volatility_10,0.051982675
RSI_14,0.050687235
MACD_signal,0.04305139
