Feature,Importance
Low,0.0968609
20_day_ma,0.095092
RSI_14,0.06529086
5_day_ma,0.06336386
daily_return,0.062341638
10_day_ma,0.060335457
BB_upper,0.05893684
Close,0.05750827
volume_change,0.057421274
BB_lower,0.057101462
High,0.053591028
MACD,0.05327831
volatility_10,0.05162648
20_day_std,0.050887685
MACD_signal,0.048499722
Open,0.036943592
Volume,0.030920647
