Feature,Importance
High,0.082505986
Low,0.076583184
Close,0.07072013
Open,0.06159557
daily_return,0.06050027
20_day_std,0.059355523
Volume,0.056853347
10_day_ma,0.055799093
5_day_ma,0.055510826
MACD,0.055357277
volatility_10,0.054753914
RSI_14,0.054296304
MACD_signal,0.05343578
BB_upper,0.05276543
BB_lower,0.05218281
20_day_ma,0.04929609
volume_change,0.04848842
