Feature,Importance
BB_upper,0.07310153
MACD_signal,0.07013059
volatility_10,0.06455994
20_day_std,0.0630897
MACD,0.062268656
BB_lower,0.060841564
High,0.05952781
20_day_ma,0.058521077
Low,0.057501327
RSI_14,0.057397895
daily_return,0.055266477
5_day_ma,0.054678842
Close,0.053645775
Volume,0.053020284
Open,0.052648295
volume_change,0.052349664
10_day_ma,0.051450618
