Feature,Importance
volatility_10,0.07216216
MACD_signal,0.07023086
MACD,0.069242924
5_day_ma,0.06621172
Low,0.061491054
10_day_ma,0.059909344
Close,0.05926763
daily_return,0.058919273
BB_lower,0.058292132
BB_upper,0.057779968
volume_change,0.05613697
High,0.056006394
20_day_std,0.055152383
RSI_14,0.05231358
Open,0.051045008
Volume,0.051002268
20_day_ma,0.044836335
