Feature,Importance
MACD,0.07029216
5_day_ma,0.07018776
volatility_10,0.06522865
Low,0.06298732
MACD_signal,0.06202739
daily_return,0.061372653
Open,0.061353415
BB_upper,0.060607966
Close,0.0577996
BB_lower,0.05674783
volume_change,0.05650327
High,0.05457202
20_day_ma,0.053849697
20_day_std,0.052002806
RSI_14,0.05182197
Volume,0.051721454
10_day_ma,0.05092407
