Feature,Importance
Low,0.07912344
Open,0.07177639
BB_lower,0.06674422
Volume,0.06537764
MACD,0.063972
10_day_ma,0.062741265
RSI_14,0.06155974
volume_change,0.060981818
daily_return,0.060836367
20_day_std,0.05960202
5_day_ma,0.056065027
volatility_10,0.05420955
Close,0.054116644
BB_upper,0.05324867
MACD_signal,0.046333086
High,0.043275658
20_day_ma,0.0400365
