Feature,Importance
Close,0.068371825
High,0.06412749
MACD,0.062243912
RSI_14,0.06221161
BB_lower,0.060729295
20_day_std,0.060378414
volatility_10,0.060044482
5_day_ma,0.058934923
BB_upper,0.058059324
20_day_ma,0.058037538
Low,0.057748623
daily_return,0.05644863
volume_change,0.05578126
Open,0.055386353
Volume,0.054260753
MACD_signal,0.05410446
10_day_ma,0.05313107
