Feature,Importance
20_day_ma,0.07121973
High,0.06989488
BB_lower,0.069400586
5_day_ma,0.06752138
Volume,0.067094736
Low,0.065247856
MACD_signal,0.062933534
Open,0.06065225
BB_upper,0.056543555
volume_change,0.055443786
volatility_10,0.055315673
MACD,0.053884476
RSI_14,0.051920712
10_day_ma,0.050241534
20_day_std,0.04834294
Close,0.04800401
daily_return,0.046338312
