Feature,Importance
volatility_10,0.07560959
MACD_signal,0.06797186
5_day_ma,0.067908965
Low,0.064116776
MACD,0.06052706
daily_return,0.060191914
volume_change,0.059987735
Open,0.05859379
Volume,0.05831047
Close,0.05721607
High,0.056966655
BB_lower,0.0566719
20_day_std,0.05452902
BB_upper,0.054369647
RSI_14,0.05205566
10_day_ma,0.048094813
20_day_ma,0.04687805
