Feature,Importance
Low,0.085361816
10_day_ma,0.071842834
MACD,0.068791784
20_day_ma,0.06669947
Close,0.06660846
Open,0.06617037
5_day_ma,0.06384087
Volume,0.057126835
BB_upper,0.05695593
RSI_14,0.056440145
daily_return,0.053007763
BB_lower,0.052435752
20_day_std,0.051315308
volume_change,0.049806595
High,0.046870455
MACD_signal,0.04430992
volatility_10,0.042415727
