Feature,Importance
BB_lower,0.07359837
Open,0.067507446
daily_return,0.06384645
5_day_ma,0.061233692
20_day_std,0.06107745
20_day_ma,0.059147157
BB_upper,0.059103213
volatility_10,0.058853395
RSI_14,0.058636922
High,0.05833504
volume_change,0.057436056
MACD,0.057054922
Low,0.056531258
MACD_signal,0.05558535
10_day_ma,0.05110819
Close,0.051013425
Volume,0.049931664
