Feature,Importance
High,0.06934564
10_day_ma,0.06877693
volume_change,0.066612765
BB_upper,0.06521318
Low,0.062201615
Close,0.061508257
Open,0.05940434
MACD_signal,0.059373025
volatility_10,0.05895874
5_day_ma,0.058581844
BB_lower,0.058331553
daily_return,0.056916278
Volume,0.054222472
MACD,0.053644486
RSI_14,0.05221314
20_day_std,0.04842489
20_day_ma,0.046270825
