Feature,Importance
Low,0.078262076
5_day_ma,0.077409245
20_day_ma,0.06577646
MACD_signal,0.063562214
Volume,0.061211716
daily_return,0.059955977
MACD,0.059433192
20_day_std,0.057188146
BB_upper,0.057185914
RSI_14,0.055796593
High,0.055410545
10_day_ma,0.05530839
Open,0.05358772
volume_change,0.052350976
Close,0.0505959
BB_lower,0.048922345
volatility_10,0.048042566
