Feature,Importance
BB_upper,0.07594826
Low,0.07362014
High,0.069607094
Close,0.06268505
20_day_std,0.061453946
RSI_14,0.06067724
MACD_signal,0.05896865
MACD,0.057490945
5_day_ma,0.057301268
daily_return,0.057036545
BB_lower,0.056352902
volume_change,0.056313988
10_day_ma,0.05298303
20_day_ma,0.051271643
Volume,0.050846476
volatility_10,0.050357036
Open,0.047085803
