Feature,Importance
Low,0.08517059
5_day_ma,0.06913557
MACD_signal,0.06527826
20_day_std,0.063367434
Close,0.06125807
MACD,0.06120696
volatility_10,0.059629828
BB_upper,0.05864738
High,0.05835069
RSI_14,0.057316862
volume_change,0.057313602
daily_return,0.055608258
Open,0.05316426
BB_lower,0.050456714
20_day_ma,0.04988201
Volume,0.04804757
10_day_ma,0.046165988
