Feature,Importance
MACD,0.06568278
volume_change,0.06513396
Low,0.064750314
RSI_14,0.06358891
20_day_ma,0.06351699
BB_lower,0.06261171
Open,0.062169094
10_day_ma,0.06091175
MACD_signal,0.06027863
High,0.059620567
BB_upper,0.056209877
20_day_std,0.055948775
volatility_10,0.054742653
5_day_ma,0.054390784
daily_return,0.052486613
Volume,0.051835954
Close,0.046120614
