Feature,Importance
Close,0.07087601
10_day_ma,0.0692308
volatility_10,0.068817675
20_day_ma,0.06859885
volume_change,0.0640836
5_day_ma,0.061480805
RSI_14,0.06140213
daily_return,0.061191548
20_day_std,0.058862835
BB_upper,0.057379015
Volume,0.054544307
BB_lower,0.05417417
High,0.05175373
MACD,0.05011361
Open,0.04974768
MACD_signal,0.049050845
Low,0.04869232
