Feature,Importance
High,0.07060982
volume_change,0.069840156
10_day_ma,0.06699643
Open,0.06630919
BB_upper,0.06354624
Volume,0.06101328
BB_lower,0.057746273
volatility_10,0.057569545
MACD_signal,0.057242468
5_day_ma,0.05647301
Low,0.056076452
daily_return,0.055065382
MACD,0.054643143
Close,0.05437163
RSI_14,0.05235603
20_day_std,0.0518172
20_day_ma,0.048323642
