Feature,Importance
BB_upper,0.07758003
volatility_10,0.06987009
Volume,0.06469988
MACD,0.06245848
volume_change,0.06156495
MACD_signal,0.059534647
Open,0.05923005
daily_return,0.05765561
20_day_std,0.05763733
20_day_ma,0.057494063
High,0.057482548
RSI_14,0.053636417
Close,0.053438973
5_day_ma,0.05214432
Low,0.05207133
BB_lower,0.051922485
10_day_ma,0.0515788
