Feature,Importance
Low,0.10062218
High,0.091054775
Close,0.06781957
5_day_ma,0.06609538
MACD,0.06294072
10_day_ma,0.05870938
Open,0.056993343
volatility_10,0.05365458
MACD_signal,0.05351031
BB_lower,0.053260542
RSI_14,0.051502515
BB_upper,0.050736427
Volume,0.050283045
20_day_std,0.049489412
daily_return,0.045909703
volume_change,0.045453485
20_day_ma,0.041964587
