Feature,Importance
10_day_ma,0.08691236
MACD,0.0715175
20_day_std,0.070805594
RSI_14,0.06514557
BB_lower,0.0643671
volume_change,0.06314398
20_day_ma,0.058449782
5_day_ma,0.057893045
Volume,0.05673156
Close,0.05413976
High,0.053275317
Open,0.05288971
daily_return,0.052209824
BB_upper,0.050689243
Low,0.04949092
volatility_10,0.04703605
MACD_signal,0.045302685
