Feature,Importance
MACD,0.0755942
20_day_ma,0.06919476
volume_change,0.06517937
BB_lower,0.064346634
Close,0.063470185
MACD_signal,0.061891086
Low,0.059872355
Open,0.05963211
BB_upper,0.057999782
Volume,0.057144616
daily_return,0.056335352
5_day_ma,0.055684045
20_day_std,0.053290814
RSI_14,0.051050857
High,0.050027635
10_day_ma,0.049909685
volatility_10,0.049376525
