Feature,Importance
BB_lower,0.06745478
10_day_ma,0.06339461
20_day_std,0.06329225
MACD_signal,0.06256202
BB_upper,0.061553273
volume_change,0.061080348
Open,0.060674667
5_day_ma,0.059962768
20_day_ma,0.059860554
Low,0.059550915
RSI_14,0.059389398
daily_return,0.056626532
MACD,0.056166388
volatility_10,0.05321403
High,0.052328635
Close,0.05171011
Volume,0.05117868
