Feature,Importance
High,0.06980697
BB_upper,0.069206566
10_day_ma,0.06747634
MACD,0.0662171
MACD_signal,0.06404109
Open,0.062121682
Low,0.06145664
BB_lower,0.05927963
Volume,0.05814675
daily_return,0.0572142
volatility_10,0.055079997
volume_change,0.053517014
20_day_ma,0.05328675
20_day_std,0.051749893
RSI_14,0.051555432
5_day_ma,0.050531402
Close,0.04931253
