Feature,Importance
RSI_14,0.073255934
Volume,0.06497579
BB_lower,0.06335235
Open,0.06247661
volatility_10,0.0600909
20_day_std,0.05974632
volume_change,0.059353482
10_day_ma,0.058216367
Low,0.05810893
20_day_ma,0.05807502
High,0.057760525
daily_return,0.056852564
MACD_signal,0.05627646
MACD,0.054904047
5_day_ma,0.054479595
BB_upper,0.052604962
Close,0.049470156
