Feature,Importance
20_day_std,0.07185764
10_day_ma,0.07095167
RSI_14,0.068679
MACD_signal,0.06620518
5_day_ma,0.06303893
BB_upper,0.06278559
Volume,0.059187464
volatility_10,0.059093405
Low,0.058816392
MACD,0.05662787
daily_return,0.055721372
BB_lower,0.05528121
Open,0.054052684
20_day_ma,0.053585984
volume_change,0.053470735
Close,0.04558487
High,0.04506
