Feature,Importance
5_day_ma,0.07556582
20_day_ma,0.07555995
Open,0.07333218
BB_lower,0.06927822
Low,0.06727458
High,0.06479703
Volume,0.06281889
volume_change,0.05546584
MACD,0.054471258
20_day_std,0.052432116
Close,0.052238576
BB_upper,0.05213781
RSI_14,0.051505014
MACD_signal,0.05120126
volatility_10,0.050173372
daily_return,0.049247812
10_day_ma,0.042500302
