Feature,Importance
10_day_ma,0.07061238
Volume,0.06976556
BB_lower,0.06794925
volatility_10,0.067699164
20_day_std,0.06652205
MACD_signal,0.06284083
5_day_ma,0.062226914
MACD,0.061396547
BB_upper,0.06034467
volume_change,0.055169355
RSI_14,0.055123806
20_day_ma,0.0542717
daily_return,0.052932665
Open,0.051594853
Close,0.05091796
High,0.048261594
Low,0.042370718
