Feature,Importance
10_day_ma,0.078046896
BB_lower,0.0756024
MACD,0.07152827
5_day_ma,0.07042437
Volume,0.067379765
RSI_14,0.0620014
volume_change,0.061050553
20_day_std,0.05991993
20_day_ma,0.05978132
BB_upper,0.05614992
daily_return,0.05594326
MACD_signal,0.053036008
Open,0.049967602
Close,0.049922522
Low,0.04897386
volatility_10,0.04317984
High,0.037092064
