Feature,Importance
RSI_14,0.06673148
20_day_ma,0.06550606
Low,0.06549719
volume_change,0.06487098
BB_lower,0.06314052
MACD,0.06136534
High,0.061326884
Open,0.059499394
20_day_std,0.056841668
daily_return,0.05680082
10_day_ma,0.056298085
5_day_ma,0.05491218
Volume,0.054883923
BB_upper,0.054358598
volatility_10,0.053806067
MACD_signal,0.052493006
Close,0.051667757
