Feature,Importance
Open,0.07057199
Low,0.06854578
Close,0.06631012
MACD,0.064844504
20_day_ma,0.06433033
High,0.0629095
BB_upper,0.06191988
Volume,0.06158753
5_day_ma,0.059109863
20_day_std,0.056788426
BB_lower,0.053455684
RSI_14,0.053200465
MACD_signal,0.053124793
volume_change,0.052158095
daily_return,0.05199532
10_day_ma,0.05028972
volatility_10,0.048858024
