Feature,Importance
5_day_ma,0.07918101
daily_return,0.06622801
20_day_std,0.066023506
Open,0.065959625
MACD,0.062495552
Low,0.05961099
20_day_ma,0.05895404
BB_upper,0.058893632
BB_lower,0.057962414
volatility_10,0.05793436
High,0.057901826
RSI_14,0.05711295
MACD_signal,0.057051368
Volume,0.055044197
volume_change,0.05353309
Close,0.04560414
10_day_ma,0.04050927
