Feature,Importance
Low,0.08971942
Open,0.07254198
MACD,0.07061509
High,0.068751745
Volume,0.05994141
Close,0.059484955
RSI_14,0.05738495
BB_upper,0.056137398
20_day_std,0.055959977
volume_change,0.05536594
5_day_ma,0.052430697
20_day_ma,0.052249584
MACD_signal,0.051905528
10_day_ma,0.051859554
daily_return,0.05012212
volatility_10,0.048869394
BB_lower,0.046660278
