Feature,Importance
Low,0.08094278
5_day_ma,0.07890977
Volume,0.07136016
20_day_ma,0.068906575
BB_lower,0.06443998
MACD,0.06303513
Open,0.062814504
RSI_14,0.061349273
volume_change,0.059397407
MACD_signal,0.056723345
daily_return,0.055879325
Close,0.05272269
10_day_ma,0.04735124
20_day_std,0.046750773
High,0.045886114
BB_upper,0.041927088
volatility_10,0.041603804
