Feature,Importance
BB_lower,0.067712374
Open,0.0672356
20_day_std,0.0660262
Low,0.06411121
daily_return,0.061561827
5_day_ma,0.061370563
20_day_ma,0.06128348
RSI_14,0.060449414
volume_change,0.05945634
Close,0.05720234
BB_upper,0.056334235
MACD_signal,0.056014057
High,0.055273116
10_day_ma,0.05461332
Volume,0.051329114
MACD,0.05044396
volatility_10,0.049582914
