Feature,Importance
BB_upper,0.070521064
BB_lower,0.06772681
MACD_signal,0.066805616
10_day_ma,0.064776845
Low,0.06291067
20_day_ma,0.05928962
Close,0.058772262
20_day_std,0.05845992
MACD,0.05843664
High,0.05810511
RSI_14,0.057652265
daily_return,0.056925166
Open,0.055957578
volume_change,0.055664077
volatility_10,0.053035546
Volume,0.049509343
5_day_ma,0.045451414
