Feature,Importance
10_day_ma,0.08350644
High,0.067637965
BB_lower,0.06409605
RSI_14,0.061607037
Open,0.060662545
MACD,0.06060569
Close,0.05838251
volatility_10,0.05748718
20_day_std,0.056184415
MACD_signal,0.05535665
Low,0.055222064
volume_change,0.05461234
Volume,0.054535065
daily_return,0.05448777
20_day_ma,0.053657103
BB_upper,0.052566536
5_day_ma,0.049392585
