Feature,Importance
BB_upper,0.067488156
MACD_signal,0.06718362
20_day_ma,0.06609081
Low,0.06552705
MACD,0.06181081
High,0.061315063
20_day_std,0.060423438
BB_lower,0.05944178
daily_return,0.05842792
5_day_ma,0.057240315
Close,0.05691464
volatility_10,0.05688336
Open,0.05607506
RSI_14,0.054020602
Volume,0.054010022
volume_change,0.05286073
10_day_ma,0.044286698
