Feature,Importance
MACD_signal,0.073168494
MACD,0.06828114
BB_upper,0.06362023
10_day_ma,0.063382216
daily_return,0.05954307
Open,0.059532385
volume_change,0.059387807
BB_lower,0.059343852
20_day_ma,0.05928264
Low,0.058503844
20_day_std,0.057263616
volatility_10,0.05626574
High,0.05625831
5_day_ma,0.05589423
Close,0.050764255
RSI_14,0.050178565
Volume,0.04932965
