Feature,Importance
Low,0.07041085
volatility_10,0.0683594
daily_return,0.06618248
10_day_ma,0.063173346
MACD,0.06258004
BB_upper,0.06173238
MACD_signal,0.061681233
20_day_std,0.05841956
High,0.058044396
Volume,0.05777147
Open,0.056889243
volume_change,0.056425624
5_day_ma,0.054989617
Close,0.05390125
20_day_ma,0.051726148
BB_lower,0.051481694
RSI_14,0.046231337
