Feature,Importance
Low,0.06781943
Close,0.0676489
20_day_std,0.06600833
BB_lower,0.063004054
volume_change,0.06293665
volatility_10,0.06227537
20_day_ma,0.05903166
10_day_ma,0.05761588
MACD,0.057493523
Open,0.056910373
High,0.056200385
5_day_ma,0.05595814
MACD_signal,0.055859923
BB_upper,0.055593383
RSI_14,0.052802354
Volume,0.052162994
daily_return,0.050678644
