Feature,Importance
20_day_std,0.06852071
volume_change,0.068125814
Close,0.06477654
Low,0.062955655
20_day_ma,0.0627647
MACD_signal,0.06106822
BB_lower,0.061005503
10_day_ma,0.05975856
MACD,0.05867509
Open,0.058418136
BB_upper,0.05766415
Volume,0.056975372
daily_return,0.055995833
High,0.055350572
volatility_10,0.053773668
RSI_14,0.04767029
5_day_ma,0.04650122
