Feature,Importance
MACD,0.07699236
5_day_ma,0.06640461
volatility_10,0.06622849
20_day_std,0.06462369
Low,0.06330204
volume_change,0.06268548
BB_upper,0.060203597
Open,0.060118243
MACD_signal,0.05806046
High,0.057537373
Volume,0.057448857
Close,0.056978628
RSI_14,0.05483962
daily_return,0.054215886
BB_lower,0.050289586
10_day_ma,0.049055777
20_day_ma,0.041015316
