Feature,Importance
BB_upper,0.069598965
volatility_10,0.06804095
Volume,0.06681632
volume_change,0.06594165
20_day_ma,0.063362494
daily_return,0.062721424
MACD_signal,0.06206018
10_day_ma,0.061812162
Open,0.059516408
5_day_ma,0.05753836
Low,0.057437096
20_day_std,0.05403259
BB_lower,0.052814137
Close,0.051294383
RSI_14,0.05027689
High,0.049484782
MACD,0.0472512
