Feature,Importance
Low,0.06983386
Close,0.06435022
MACD,0.06355424
20_day_ma,0.060891308
BB_lower,0.060748942
High,0.060267773
Volume,0.059799854
RSI_14,0.05928076
BB_upper,0.059256382
10_day_ma,0.05843735
volatility_10,0.056458402
Open,0.05615794
volume_change,0.056021
daily_return,0.055447232
5_day_ma,0.054945067
MACD_signal,0.054909296
20_day_std,0.04964035
