Feature,Importance
BB_upper,0.07118297
volatility_10,0.066615455
Open,0.065400995
20_day_std,0.06495953
volume_change,0.06284536
BB_lower,0.061454993
High,0.06131232
RSI_14,0.059586085
daily_return,0.059133377
MACD,0.058717385
20_day_ma,0.057662092
10_day_ma,0.055726193
Low,0.054383956
Volume,0.05411917
5_day_ma,0.053166054
MACD_signal,0.048062183
Close,0.04567178
