Feature,Importance
BB_lower,0.06945958
MACD,0.068870634
Open,0.06455416
5_day_ma,0.060980532
BB_upper,0.060920533
Close,0.060557723
daily_return,0.058824994
Low,0.058044814
10_day_ma,0.057730764
Volume,0.057394803
High,0.056858983
volatility_10,0.056828104
volume_change,0.056645337
20_day_ma,0.056283753
MACD_signal,0.054893028
RSI_14,0.05432767
20_day_std,0.04682458
