Feature,Importance
MACD,0.06947083
MACD_signal,0.068771414
volatility_10,0.06692478
BB_lower,0.062771656
RSI_14,0.06235641
Open,0.061543435
20_day_ma,0.059519995
20_day_std,0.0582062
Volume,0.057395846
BB_upper,0.057086054
10_day_ma,0.056522474
daily_return,0.05649246
volume_change,0.055295084
Close,0.05452802
High,0.05386574
Low,0.049669754
5_day_ma,0.04957987
