Feature,Importance
5_day_ma,0.07463317
20_day_ma,0.06656285
volatility_10,0.066352926
MACD_signal,0.06520522
Low,0.064771146
MACD,0.06367497
RSI_14,0.062310945
Close,0.06196751
Open,0.05934483
20_day_std,0.056226615
BB_lower,0.055823017
volume_change,0.05417338
daily_return,0.052729134
High,0.051102966
BB_upper,0.050296072
10_day_ma,0.0495884
Volume,0.045236856
