Feature,Importance
Low,0.071842045
10_day_ma,0.06717011
5_day_ma,0.066866934
BB_lower,0.06575449
MACD_signal,0.06549838
BB_upper,0.06258121
daily_return,0.061949454
20_day_ma,0.061497863
MACD,0.058995973
High,0.058073454
Close,0.05741414
volume_change,0.054871857
Volume,0.05183196
RSI_14,0.04992749
volatility_10,0.04879444
20_day_std,0.04878648
Open,0.048143674
