Feature,Importance
MACD_signal,0.070950046
Low,0.06564526
20_day_ma,0.06430473
volatility_10,0.06348877
20_day_std,0.062851995
BB_lower,0.061911557
MACD,0.06127687
10_day_ma,0.060571987
5_day_ma,0.06027099
Volume,0.060102496
High,0.05963887
volume_change,0.05670014
BB_upper,0.054985054
daily_return,0.053042628
Open,0.05187812
RSI_14,0.047471106
Close,0.04490938
