Feature,Importance
Close,0.069392905
10_day_ma,0.06753351
High,0.0663395
5_day_ma,0.06490789
RSI_14,0.063546054
volume_change,0.06348381
BB_upper,0.06304926
20_day_ma,0.062206924
Low,0.06155765
Volume,0.060365837
volatility_10,0.054992944
BB_lower,0.054753266
MACD,0.054316554
20_day_std,0.05260262
daily_return,0.05197144
MACD_signal,0.04876015
Open,0.04021971
