Feature,Importance
BB_upper,0.07596123
Low,0.068060726
Close,0.06706152
20_day_std,0.067046344
Open,0.06444812
BB_lower,0.06013772
5_day_ma,0.059959456
High,0.059249174
Volume,0.059090726
daily_return,0.055449866
RSI_14,0.05434491
volume_change,0.05314202
20_day_ma,0.052337408
volatility_10,0.051519472
MACD_signal,0.051459104
10_day_ma,0.050517067
MACD,0.050215088
