Feature,Importance
20_day_ma,0.06723112
BB_lower,0.06518
10_day_ma,0.06439445
20_day_std,0.0626083
MACD,0.06068842
BB_upper,0.05970322
High,0.059233118
Open,0.05882265
daily_return,0.058660902
RSI_14,0.058301985
Volume,0.05800464
5_day_ma,0.056491308
volatility_10,0.0558462
Close,0.055773634
Low,0.054779395
MACD_signal,0.054206967
volume_change,0.05007371
