Feature,Importance
20_day_ma,0.06995581
MACD,0.06957896
High,0.06850757
Close,0.0659702
volatility_10,0.06520424
10_day_ma,0.064197555
Open,0.064117156
daily_return,0.062266093
Low,0.06197589
volume_change,0.056761835
BB_lower,0.054388765
20_day_std,0.054189544
MACD_signal,0.05366239
Volume,0.053075414
BB_upper,0.051084887
5_day_ma,0.0474481
RSI_14,0.037615556
