Feature,Importance
Low,0.072642624
RSI_14,0.07217418
MACD,0.069687866
volume_change,0.061957248
volatility_10,0.06174396
daily_return,0.061570454
5_day_ma,0.059524562
MACD_signal,0.059286386
20_day_ma,0.058272615
BB_upper,0.056798376
Volume,0.0566771
20_day_std,0.05584232
Open,0.053617768
High,0.051925633
Close,0.049919777
BB_lower,0.04941002
10_day_ma,0.04894907
