Feature,Importance
Low,0.08505351
MACD_signal,0.065397635
volume_change,0.063653275
MACD,0.06079742
Close,0.060745142
volatility_10,0.0602089
RSI_14,0.058853697
Open,0.058321495
High,0.05806608
BB_upper,0.057823125
20_day_std,0.056902163
Volume,0.05483553
5_day_ma,0.05471583
daily_return,0.053666003
BB_lower,0.052190803
10_day_ma,0.05218159
20_day_ma,0.04658785
