Feature,Importance
Open,0.08113932
5_day_ma,0.075020425
20_day_ma,0.074564956
MACD,0.06721582
BB_lower,0.062128905
volatility_10,0.062078148
MACD_signal,0.059245437
volume_change,0.05889601
Close,0.058473628
Volume,0.057515707
daily_return,0.055957425
BB_upper,0.05390292
RSI_14,0.053197477
20_day_std,0.049727526
10_day_ma,0.044213254
Low,0.043645952
High,0.04307708
