Feature,Importance
Low,0.08459789
High,0.08280485
Open,0.07463186
BB_upper,0.07006587
volume_change,0.059211418
5_day_ma,0.05836563
MACD,0.056010526
volatility_10,0.05528005
10_day_ma,0.054213185
BB_lower,0.05404297
daily_return,0.053056274
MACD_signal,0.051691495
Close,0.05128316
20_day_ma,0.049689237
Volume,0.049590558
RSI_14,0.048480827
20_day_std,0.046984226
