Feature,Importance
Low,0.06824325
5_day_ma,0.068236284
20_day_std,0.06307753
Open,0.06295472
BB_upper,0.062222693
Volume,0.061699294
RSI_14,0.06049626
MACD_signal,0.06019331
daily_return,0.059560724
BB_lower,0.05908818
MACD,0.05621408
High,0.05618603
volume_change,0.05464668
20_day_ma,0.0546115
Close,0.051519826
volatility_10,0.05092878
10_day_ma,0.050120927
