Feature,Importance
RSI_14,0.07338824
20_day_std,0.07010614
BB_lower,0.0685904
volume_change,0.060987826
10_day_ma,0.06050173
Close,0.060274605
Low,0.057964433
20_day_ma,0.057335988
volatility_10,0.057036355
Volume,0.05625999
5_day_ma,0.055848513
MACD,0.055100333
daily_return,0.054862533
High,0.054660313
MACD_signal,0.05421283
Open,0.05184232
BB_upper,0.051027495
