Feature,Importance
10_day_ma,0.07074807
daily_return,0.06630532
BB_lower,0.063902155
MACD_signal,0.06345256
BB_upper,0.06313274
volume_change,0.060236726
Low,0.05937794
20_day_std,0.05918515
volatility_10,0.058099292
Volume,0.056752075
Close,0.056447946
High,0.05609997
Open,0.05512964
RSI_14,0.05491402
MACD,0.054753937
20_day_ma,0.05271165
5_day_ma,0.048750814
