Feature,Importance
MACD_signal,0.070029676
MACD,0.069858484
volatility_10,0.067451596
BB_lower,0.06424446
High,0.06393654
volume_change,0.06312856
5_day_ma,0.058215614
Open,0.056356035
Low,0.05617767
BB_upper,0.056144163
20_day_ma,0.055597182
Close,0.055448506
20_day_std,0.05379349
daily_return,0.053308968
RSI_14,0.05272229
Volume,0.05233907
10_day_ma,0.05124772
