Feature,Importance
BB_upper,0.06533127
Low,0.06521393
5_day_ma,0.06498064
RSI_14,0.06177084
MACD,0.061220903
BB_lower,0.059933644
MACD_signal,0.059322413
Close,0.058871806
20_day_std,0.058571834
20_day_ma,0.058400866
Volume,0.056735557
10_day_ma,0.056517474
volatility_10,0.0562093
volume_change,0.055972796
daily_return,0.05518121
Open,0.05505986
High,0.05070565
