Feature,Importance
RSI_14,0.07357995
Low,0.069257386
volume_change,0.06541246
BB_lower,0.064265035
10_day_ma,0.063180424
20_day_std,0.06232378
daily_return,0.06215773
Volume,0.060359918
20_day_ma,0.06009839
volatility_10,0.05969766
MACD_signal,0.05647557
High,0.056149635
MACD,0.05185664
Close,0.05087767
BB_upper,0.05082725
Open,0.04811408
5_day_ma,0.045366384
