Feature,Importance
High,0.07725448
Close,0.07452638
Low,0.074101545
BB_upper,0.07371659
Open,0.06614915
RSI_14,0.061745394
Volume,0.061475743
10_day_ma,0.059988305
BB_lower,0.057592526
20_day_ma,0.05485368
MACD,0.054194544
volume_change,0.05127333
5_day_ma,0.05054891
MACD_signal,0.05044299
daily_return,0.049227208
volatility_10,0.043056652
20_day_std,0.039852556
