Feature,Importance
Close,0.10550865
Low,0.10286662
5_day_ma,0.08474731
MACD_signal,0.07675343
BB_upper,0.06734199
High,0.063196965
MACD,0.06312699
volatility_10,0.06076613
volume_change,0.055518538
RSI_14,0.04440395
Open,0.04362975
BB_lower,0.042558648
daily_return,0.041732416
20_day_std,0.04137433
20_day_ma,0.03718302
Volume,0.035382684
10_day_ma,0.033908676
