Feature,Importance
20_day_ma,0.07112334
daily_return,0.068354815
BB_upper,0.0681856
volatility_10,0.065234914
BB_lower,0.06405106
volume_change,0.061110605
Volume,0.060844533
Open,0.06057072
High,0.06016811
MACD,0.059321582
5_day_ma,0.054648362
Low,0.054542106
Close,0.05389488
RSI_14,0.053072456
20_day_std,0.050864123
MACD_signal,0.048340935
10_day_ma,0.04567188
