Feature,Importance
10_day_ma,0.066973194
BB_upper,0.0666092
20_day_std,0.06459735
Volume,0.064280696
volatility_10,0.063692376
MACD_signal,0.06333229
BB_lower,0.06317592
MACD,0.061666325
20_day_ma,0.057465937
5_day_ma,0.0571167
Open,0.05644404
Low,0.055558123
daily_return,0.052943077
RSI_14,0.05291335
volume_change,0.05222207
High,0.051621668
Close,0.049387664
