Feature,Importance
Low,0.075363845
BB_lower,0.06957304
5_day_ma,0.0665062
10_day_ma,0.06584594
BB_upper,0.06369238
RSI_14,0.06279429
20_day_std,0.058727402
Open,0.056893308
High,0.056447305
MACD,0.056282822
MACD_signal,0.055999245
volume_change,0.055124275
Volume,0.054770462
daily_return,0.053730316
20_day_ma,0.050897736
volatility_10,0.05068345
Close,0.046667904
