Feature,Importance
MACD,0.065985136
5_day_ma,0.06289449
High,0.06273234
MACD_signal,0.062063575
20_day_std,0.062063057
Low,0.0611948
BB_upper,0.060520332
Open,0.059147973
20_day_ma,0.05833563
volume_change,0.05815951
10_day_ma,0.056840032
daily_return,0.05651889
volatility_10,0.056291007
BB_lower,0.055460636
RSI_14,0.05427694
Close,0.05398587
Volume,0.053529765
