Feature,Importance
20_day_ma,0.07950761
Open,0.0715313
MACD_signal,0.068694726
Close,0.065329514
MACD,0.0638909
Low,0.061583154
5_day_ma,0.060887847
High,0.059972845
20_day_std,0.058606252
Volume,0.05836289
volume_change,0.056060042
BB_lower,0.05525495
daily_return,0.053709608
RSI_14,0.052563034
10_day_ma,0.04630311
BB_upper,0.04510013
volatility_10,0.04264207
