Feature,Importance
MACD_signal,0.065866046
BB_upper,0.065357685
High,0.063282095
MACD,0.06320616
10_day_ma,0.06278078
Volume,0.061677616
Low,0.059218142
5_day_ma,0.058957458
BB_lower,0.058429737
20_day_std,0.057707656
daily_return,0.056776408
Open,0.056037147
Close,0.05505604
RSI_14,0.054504108
volatility_10,0.054067
20_day_ma,0.054045226
volume_change,0.053030748
