Feature,Importance
Low,0.06882998
High,0.066853985
Close,0.06368858
Open,0.06120721
MACD,0.06119418
BB_upper,0.06089781
20_day_ma,0.060213186
BB_lower,0.059710216
5_day_ma,0.05938395
MACD_signal,0.05910821
20_day_std,0.057971947
RSI_14,0.05766842
10_day_ma,0.056213323
Volume,0.055390887
daily_return,0.0515989
volatility_10,0.050195687
volume_change,0.04987361
