Feature,Importance
daily_return,0.0670638
5_day_ma,0.06647505
Volume,0.06576997
Open,0.06292117
20_day_std,0.062092155
MACD,0.059349876
High,0.059220556
20_day_ma,0.058882106
Low,0.058200367
MACD_signal,0.057755876
RSI_14,0.05770393
BB_upper,0.057572555
10_day_ma,0.056900695
volatility_10,0.054013796
volume_change,0.05342735
BB_lower,0.051836617
Close,0.050814174
