Feature,Importance
High,0.06944389
Low,0.06445508
20_day_std,0.06367136
MACD,0.06334072
Open,0.06312996
10_day_ma,0.06201305
5_day_ma,0.060938828
MACD_signal,0.059337325
RSI_14,0.05910021
Volume,0.058117468
BB_upper,0.057798825
volatility_10,0.055022348
daily_return,0.054896545
BB_lower,0.054526392
Close,0.052323114
20_day_ma,0.05116205
volume_change,0.050722845
