Feature,Importance
5_day_ma,0.0641273
Open,0.063726634
Low,0.06308849
High,0.06260819
volume_change,0.06179103
10_day_ma,0.061232336
BB_upper,0.06069629
RSI_14,0.06042097
BB_lower,0.059670836
MACD_signal,0.0595509
20_day_std,0.058441788
MACD,0.057738468
volatility_10,0.056850027
Volume,0.05440928
daily_return,0.054152265
Close,0.05310619
20_day_ma,0.048389036
