Feature,Importance
Open,0.073147684
5_day_ma,0.06964547
volatility_10,0.06541522
20_day_ma,0.064556435
MACD,0.061871845
volume_change,0.060268518
daily_return,0.059089527
MACD_signal,0.059000865
Volume,0.05665083
Close,0.056614302
BB_upper,0.056094512
10_day_ma,0.055906504
20_day_std,0.05464963
BB_lower,0.053593345
Low,0.053583518
High,0.053568028
RSI_14,0.046343815
