Feature,Importance
20_day_ma,0.09288061
Close,0.067793615
Low,0.066107646
BB_lower,0.06505133
MACD_signal,0.06084391
BB_upper,0.05994272
volatility_10,0.059677165
daily_return,0.057313275
High,0.055477418
20_day_std,0.05464565
MACD,0.053888988
5_day_ma,0.053822305
RSI_14,0.052910693
Volume,0.05252844
volume_change,0.051150575
Open,0.05054935
10_day_ma,0.04541638
