Feature,Importance
Open,0.07664998
volatility_10,0.06848439
BB_lower,0.06827637
MACD_signal,0.064119205
volume_change,0.062188864
Low,0.061119948
Close,0.05908734
MACD,0.058433253
daily_return,0.058035787
20_day_ma,0.05593309
5_day_ma,0.05579936
20_day_std,0.055796105
High,0.05466345
BB_upper,0.052517436
10_day_ma,0.05031605
Volume,0.05012112
RSI_14,0.048458233
