Feature,Importance
Open,0.06544723
5_day_ma,0.06486712
MACD_signal,0.064588904
MACD,0.06350551
Low,0.06345362
20_day_ma,0.060335692
RSI_14,0.059896413
volume_change,0.059648298
BB_lower,0.05886809
volatility_10,0.057625216
20_day_std,0.057022184
High,0.055739764
Volume,0.055580746
Close,0.054392397
BB_upper,0.05423102
daily_return,0.054132484
10_day_ma,0.050665323
