Feature,Importance
Low,0.065946564
BB_upper,0.06586884
MACD,0.06502814
RSI_14,0.063423835
MACD_signal,0.06205534
20_day_std,0.061032634
volume_change,0.058462057
Volume,0.058274847
5_day_ma,0.05821055
High,0.058083247
10_day_ma,0.05802431
Close,0.057869956
daily_return,0.057193775
volatility_10,0.05463213
BB_lower,0.05453341
Open,0.05194014
20_day_ma,0.049420204
