Feature,Importance
BB_upper,0.08170861
Low,0.07507413
MACD_signal,0.06569288
Close,0.06367936
RSI_14,0.063237265
20_day_ma,0.06083817
5_day_ma,0.059679404
volume_change,0.058729716
BB_lower,0.0580073
Volume,0.057021353
10_day_ma,0.05501251
volatility_10,0.05329179
20_day_std,0.052965518
MACD,0.05250072
daily_return,0.050734043
High,0.048117977
Open,0.043709304
