Feature,Importance
Low,0.07507792
BB_upper,0.07265731
Open,0.070128255
BB_lower,0.06910614
High,0.06554036
5_day_ma,0.05982706
daily_return,0.05889724
10_day_ma,0.056566417
volume_change,0.05648943
Volume,0.0560929
20_day_ma,0.055753265
Close,0.05487821
20_day_std,0.053902514
volatility_10,0.053536605
MACD_signal,0.049900327
RSI_14,0.047133345
MACD,0.04451272
