Feature,Importance
MACD,0.06798447
5_day_ma,0.06787797
Open,0.06578258
MACD_signal,0.06431131
Low,0.06387805
BB_lower,0.06307709
RSI_14,0.059735067
20_day_std,0.058633685
volume_change,0.057089508
volatility_10,0.05657796
Close,0.05538858
daily_return,0.055118218
High,0.05437788
10_day_ma,0.053016692
BB_upper,0.05301203
20_day_ma,0.052974585
Volume,0.051164377
