Feature,Importance
5_day_ma,0.06967076
BB_upper,0.067582786
20_day_std,0.06705589
RSI_14,0.06637477
Volume,0.062299304
volume_change,0.060379762
High,0.058805507
Low,0.058628
volatility_10,0.057541978
MACD_signal,0.057033915
Close,0.056768727
10_day_ma,0.055713493
MACD,0.05517233
daily_return,0.054295808
20_day_ma,0.05194302
BB_lower,0.05174812
Open,0.04898583
