Feature,Importance
volatility_10,0.089354
MACD,0.07910488
RSI_14,0.07871536
MACD_signal,0.069498405
20_day_std,0.06917938
Close,0.06081928
daily_return,0.059231278
BB_upper,0.05773448
volume_change,0.05739237
Volume,0.055483665
Open,0.05403233
BB_lower,0.050452005
5_day_ma,0.04892101
Low,0.04607382
10_day_ma,0.04346292
High,0.043030854
20_day_ma,0.037513886
