Feature,Importance
volume_change,0.07057743
10_day_ma,0.06891832
Low,0.06771735
BB_lower,0.066933066
20_day_std,0.06294037
Close,0.06216865
MACD,0.060020655
5_day_ma,0.059573464
20_day_ma,0.05831947
volatility_10,0.057598185
High,0.056063592
BB_upper,0.055245247
Open,0.054580916
MACD_signal,0.054464232
Volume,0.053982787
daily_return,0.04727928
RSI_14,0.043616943
