Feature,Importance
Low,0.0682748
5_day_ma,0.06631155
BB_upper,0.065096974
Open,0.06290606
High,0.061459187
20_day_std,0.061336026
Close,0.060569134
MACD,0.060124654
10_day_ma,0.059158638
MACD_signal,0.05890826
Volume,0.058387883
volume_change,0.056593634
BB_lower,0.056221433
20_day_ma,0.05264584
daily_return,0.051556204
RSI_14,0.05070171
volatility_10,0.049748026
