Feature,Importance
20_day_ma,0.08216047
High,0.081992835
MACD_signal,0.06940933
Open,0.06881449
20_day_std,0.06257037
RSI_14,0.06014524
volume_change,0.05729568
daily_return,0.056067582
MACD,0.054871354
BB_lower,0.053604145
Volume,0.053419977
volatility_10,0.053405453
10_day_ma,0.051520232
Low,0.051446937
5_day_ma,0.05077164
BB_upper,0.049813546
Close,0.042690665
