Feature,Importance
MACD,0.06984111
volume_change,0.06858066
High,0.0670482
5_day_ma,0.06382454
BB_lower,0.062233325
Low,0.061041772
MACD_signal,0.06053836
20_day_std,0.059998453
volatility_10,0.05990327
Volume,0.058763895
BB_upper,0.05695656
daily_return,0.05444196
10_day_ma,0.05282265
20_day_ma,0.051648438
RSI_14,0.050991207
Close,0.050856713
Open,0.050508935
