Feature,Importance
20_day_ma,0.07583498
Close,0.07282987
RSI_14,0.06466349
High,0.06419816
BB_lower,0.06256465
20_day_std,0.060947824
MACD_signal,0.05973091
Open,0.059127312
volatility_10,0.05848306
BB_upper,0.05700222
Low,0.056609333
MACD,0.05637083
10_day_ma,0.053738028
Volume,0.05353178
daily_return,0.053071756
volume_change,0.045939174
5_day_ma,0.04535658
