Feature,Importance
Volume,0.081317805
BB_lower,0.08057305
20_day_ma,0.077019505
Open,0.07458035
Low,0.07259254
5_day_ma,0.068074815
High,0.059994344
20_day_std,0.0587059
MACD,0.056706686
volatility_10,0.054413773
BB_upper,0.054076504
volume_change,0.04764346
Close,0.046669595
MACD_signal,0.046542574
RSI_14,0.046366967
daily_return,0.040319502
10_day_ma,0.034402687
