Feature,Importance
Low,0.070923135
10_day_ma,0.06760823
20_day_std,0.06718088
BB_lower,0.06335594
5_day_ma,0.062055375
volume_change,0.06127684
High,0.059989072
Close,0.059200667
volatility_10,0.057804752
MACD,0.057585657
20_day_ma,0.057402346
MACD_signal,0.054588165
BB_upper,0.05396671
RSI_14,0.053172573
daily_return,0.051935863
Volume,0.0510127
Open,0.050941184
