Feature,Importance
5_day_ma,0.06880714
BB_upper,0.068336435
20_day_std,0.067786604
10_day_ma,0.065145716
volatility_10,0.0632878
Low,0.061539255
20_day_ma,0.0613092
BB_lower,0.061218023
Close,0.060497656
volume_change,0.059313405
RSI_14,0.058930464
MACD,0.05448345
MACD_signal,0.05369465
High,0.05175985
Volume,0.05011045
daily_return,0.048270475
Open,0.04550942
