Feature,Importance
Low,0.0796047
RSI_14,0.069612294
5_day_ma,0.06632251
BB_lower,0.06443173
BB_upper,0.0631746
High,0.061549738
10_day_ma,0.060401063
20_day_std,0.05860225
MACD,0.055565223
Volume,0.05465795
volume_change,0.05432956
volatility_10,0.053731814
MACD_signal,0.053418227
daily_return,0.053171933
20_day_ma,0.05186847
Close,0.051229388
Open,0.04832865
