Feature,Importance
Close,0.07228347
Low,0.072200015
BB_lower,0.06923629
MACD,0.068786524
BB_upper,0.06244808
20_day_std,0.06065641
volume_change,0.060512915
10_day_ma,0.058293577
Volume,0.057176974
RSI_14,0.05648058
High,0.05521135
volatility_10,0.055154644
Open,0.054747462
daily_return,0.05357539
20_day_ma,0.04896013
MACD_signal,0.047775507
5_day_ma,0.046500653
