Feature,Importance
20_day_std,0.08748626
10_day_ma,0.068837345
BB_lower,0.065340705
RSI_14,0.06382721
BB_upper,0.06307492
MACD_signal,0.062181413
Open,0.06189068
daily_return,0.060677525
Volume,0.058364272
Close,0.057645526
volatility_10,0.05593013
volume_change,0.053985037
MACD,0.05392606
High,0.05187079
5_day_ma,0.049821135
Low,0.04723746
20_day_ma,0.03790354
