Feature,Importance
volume_change,0.07201843
10_day_ma,0.070696965
BB_upper,0.06729367
20_day_ma,0.06535674
MACD_signal,0.06384871
BB_lower,0.06254619
Volume,0.061862003
MACD,0.059694067
RSI_14,0.058618482
5_day_ma,0.058455437
Close,0.057101004
volatility_10,0.054743543
Low,0.05338601
Open,0.051678777
daily_return,0.049432702
20_day_std,0.049200237
High,0.044067055
