Feature,Importance
Close,0.06742979
MACD,0.06592284
MACD_signal,0.06356936
Low,0.06317587
20_day_ma,0.06223805
Open,0.060763635
10_day_ma,0.05906824
High,0.05882275
volatility_10,0.05749571
Volume,0.05730685
volume_change,0.057304762
5_day_ma,0.057205684
RSI_14,0.057011236
BB_upper,0.055121068
daily_return,0.05348104
20_day_std,0.052364726
BB_lower,0.05171837
