Feature,Importance
5_day_ma,0.070822775
MACD_signal,0.066859595
volume_change,0.063381605
BB_upper,0.06301983
MACD,0.06289422
Open,0.06172884
BB_lower,0.061010033
volatility_10,0.059370946
Close,0.057640236
20_day_std,0.056796975
daily_return,0.056716576
10_day_ma,0.055706173
High,0.055503562
RSI_14,0.05490854
Low,0.053299285
Volume,0.05087462
20_day_ma,0.04946623
