Feature,Importance
MACD_signal,0.06751156
BB_upper,0.06701823
20_day_std,0.062064588
5_day_ma,0.061160874
RSI_14,0.060633697
10_day_ma,0.060529485
20_day_ma,0.06034464
Low,0.05993731
daily_return,0.058707457
Volume,0.05746829
MACD,0.05680754
volume_change,0.05580622
Open,0.05576347
Close,0.055684563
High,0.05542552
volatility_10,0.05498727
BB_lower,0.050149255
