Feature,Importance
BB_upper,0.07309083
Low,0.066572756
20_day_std,0.066198185
RSI_14,0.063689925
daily_return,0.062598854
MACD_signal,0.06181778
BB_lower,0.060943596
volume_change,0.05798079
20_day_ma,0.05770054
MACD,0.056016065
volatility_10,0.055479005
Volume,0.055107873
10_day_ma,0.054235924
5_day_ma,0.053679343
High,0.053247128
Close,0.052644648
Open,0.04899683
