Feature,Importance
Low,0.0980206
Close,0.08260053
MACD_signal,0.0779978
High,0.06191356
5_day_ma,0.061204344
volume_change,0.06103654
BB_upper,0.060812507
20_day_ma,0.059439622
10_day_ma,0.05748753
Volume,0.0537754
Open,0.05249775
MACD,0.05063966
daily_return,0.046387404
BB_lower,0.0453369
volatility_10,0.045235775
RSI_14,0.044758976
20_day_std,0.040855195
