Feature,Importance
Low,0.07007567
10_day_ma,0.064693175
BB_lower,0.06361738
5_day_ma,0.06184998
MACD,0.061413683
20_day_ma,0.06037322
RSI_14,0.059841808
MACD_signal,0.057975657
High,0.057662733
Volume,0.057424657
20_day_std,0.05739303
BB_upper,0.057302352
daily_return,0.056267984
Open,0.05556269
volume_change,0.054978363
Close,0.05368832
volatility_10,0.049879234
