Feature,Importance
10_day_ma,0.07375741
Open,0.068914205
High,0.06884168
Low,0.06381221
volume_change,0.063560136
5_day_ma,0.061310783
volatility_10,0.061183374
20_day_std,0.05854488
20_day_ma,0.058042645
Close,0.057724357
daily_return,0.057095222
BB_upper,0.056861743
MACD,0.05542673
Volume,0.051510036
MACD_signal,0.05130542
RSI_14,0.049001243
BB_lower,0.043107983
