Feature,Importance
20_day_std,0.0747799
MACD,0.073877834
MACD_signal,0.07031704
High,0.069158934
5_day_ma,0.06656364
Volume,0.06114738
10_day_ma,0.060978405
volume_change,0.06093821
daily_return,0.058520924
Open,0.05454822
volatility_10,0.054020144
Low,0.050617132
RSI_14,0.050179847
Close,0.049638692
BB_upper,0.04936857
BB_lower,0.048830472
20_day_ma,0.046514645
