Feature,Importance
BB_lower,0.06955702
10_day_ma,0.06429787
Open,0.06312483
BB_upper,0.06269114
20_day_std,0.061568342
Low,0.061542556
MACD,0.060312055
daily_return,0.060192425
volume_change,0.06005004
20_day_ma,0.059028056
5_day_ma,0.058157474
RSI_14,0.057898775
MACD_signal,0.05693981
High,0.053727448
Volume,0.051613316
volatility_10,0.05020753
Close,0.04909128
