Feature,Importance
BB_lower,0.06630381
MACD_signal,0.065807655
20_day_std,0.065331616
Low,0.060974255
RSI_14,0.060513917
Volume,0.06038592
BB_upper,0.060237788
High,0.05989022
daily_return,0.0593854
5_day_ma,0.058680627
Open,0.057130013
20_day_ma,0.05680061
MACD,0.05598444
volume_change,0.055838615
volatility_10,0.05325425
Close,0.053098872
10_day_ma,0.050381992
