Feature,Importance
Low,0.07940825
MACD_signal,0.07201151
BB_upper,0.06713897
MACD,0.06275202
RSI_14,0.06202691
volatility_10,0.060858767
10_day_ma,0.0606257
volume_change,0.06008514
5_day_ma,0.059205566
20_day_ma,0.05822326
High,0.056827217
Close,0.054709185
Open,0.05288864
Volume,0.050558418
daily_return,0.048573684
20_day_std,0.04730583
BB_lower,0.046800904
