Feature,Importance
BB_upper,0.06988564
RSI_14,0.06891226
MACD,0.06633791
10_day_ma,0.063190244
MACD_signal,0.06117892
daily_return,0.06106438
5_day_ma,0.06010817
High,0.059862945
volume_change,0.058800716
Close,0.057564665
volatility_10,0.056718834
Volume,0.055980932
20_day_std,0.05598012
Low,0.05458057
Open,0.052701544
BB_lower,0.051163018
20_day_ma,0.045969173
