Feature,Importance
BB_lower,0.07991866
Low,0.07780496
20_day_std,0.06761491
High,0.06522405
BB_upper,0.06510111
20_day_ma,0.06348975
volume_change,0.06216603
RSI_14,0.06210286
MACD,0.056733802
10_day_ma,0.055810437
Close,0.053105604
MACD_signal,0.051191665
volatility_10,0.050387077
daily_return,0.04926256
Volume,0.0483515
Open,0.046958532
5_day_ma,0.04477655
