Feature,Importance
10_day_ma,0.06852977
5_day_ma,0.06784782
BB_lower,0.06567166
Close,0.061687287
High,0.060938857
Open,0.060792595
BB_upper,0.060267627
Low,0.058784645
MACD_signal,0.058546457
RSI_14,0.057072185
volume_change,0.056343615
MACD,0.054672617
20_day_ma,0.054418687
daily_return,0.054240935
Volume,0.05402262
20_day_std,0.05323113
volatility_10,0.05293153
