Feature,Importance
Open,0.07347424
BB_upper,0.066982
5_day_ma,0.06345607
volume_change,0.06294852
20_day_ma,0.06256032
10_day_ma,0.06091876
High,0.05909423
Low,0.05761675
Close,0.057304975
MACD_signal,0.056794424
BB_lower,0.056653734
RSI_14,0.055194523
volatility_10,0.05480894
daily_return,0.05378157
MACD,0.053071696
Volume,0.052978788
20_day_std,0.05236044
