Feature,Importance
20_day_std,0.073494524
20_day_ma,0.06722458
daily_return,0.064452715
volume_change,0.06431315
RSI_14,0.062540464
Close,0.060739618
10_day_ma,0.06072718
5_day_ma,0.059704464
BB_upper,0.05847024
BB_lower,0.05833522
MACD,0.055922195
Low,0.05541631
MACD_signal,0.05417885
Volume,0.053480294
volatility_10,0.051585797
High,0.049738903
Open,0.049675513
