Feature,Importance
BB_upper,0.07432155
MACD,0.07245781
10_day_ma,0.06799319
MACD_signal,0.06614329
Open,0.06495036
BB_lower,0.06395983
High,0.05959113
daily_return,0.05958944
Close,0.05632187
Volume,0.05498407
5_day_ma,0.054952346
20_day_ma,0.054239903
20_day_std,0.053880546
volatility_10,0.053679593
volume_change,0.052905615
RSI_14,0.04588719
Low,0.044142235
