Feature,Importance
Low,0.070285
BB_lower,0.065793045
Open,0.06416187
RSI_14,0.062489647
BB_upper,0.061282806
20_day_ma,0.06053254
volume_change,0.059078004
5_day_ma,0.05870157
10_day_ma,0.058306254
daily_return,0.057561476
MACD_signal,0.056959625
High,0.056333143
20_day_std,0.055244897
MACD,0.054220267
Volume,0.0538398
Close,0.053633984
volatility_10,0.05157604
