Feature,Importance
BB_upper,0.072729
MACD_signal,0.06621155
20_day_std,0.06593914
High,0.06545745
MACD,0.06139682
BB_lower,0.061315678
20_day_ma,0.060895916
RSI_14,0.0607918
daily_return,0.060069807
Low,0.059665147
volatility_10,0.0560243
Close,0.05552538
Open,0.053393926
volume_change,0.053056806
10_day_ma,0.05205396
Volume,0.048464134
5_day_ma,0.04700922
