Feature,Importance
BB_lower,0.0710795
20_day_ma,0.06687438
MACD_signal,0.06638143
10_day_ma,0.066320874
BB_upper,0.06564407
20_day_std,0.065337665
volatility_10,0.06507527
Volume,0.06473656
MACD,0.06430937
Open,0.057791166
High,0.05702938
daily_return,0.056085203
5_day_ma,0.055211257
volume_change,0.053549275
Low,0.045847517
RSI_14,0.04163185
Close,0.037095178
