Feature,Importance
High,0.07721941
20_day_ma,0.07319613
BB_lower,0.065184146
Open,0.06481713
5_day_ma,0.064296454
Volume,0.0642329
Low,0.06410103
BB_upper,0.058833785
Close,0.05861331
MACD_signal,0.054783184
volatility_10,0.054774363
MACD,0.05263071
10_day_ma,0.050840307
RSI_14,0.05027956
volume_change,0.04952879
daily_return,0.04887339
20_day_std,0.04779545
