Feature,Importance
Close,0.066806614
BB_lower,0.06605026
20_day_std,0.06536287
volume_change,0.06454677
volatility_10,0.06434629
20_day_ma,0.063321345
Low,0.06292345
BB_upper,0.060605053
High,0.059269473
10_day_ma,0.057271615
Open,0.05685427
5_day_ma,0.054874342
MACD,0.054864623
Volume,0.053009212
RSI_14,0.05126614
daily_return,0.049460836
MACD_signal,0.049166817
