Feature,Importance
MACD,0.06649996
daily_return,0.065761685
Low,0.062347393
BB_upper,0.06201686
Open,0.061496004
RSI_14,0.060400855
10_day_ma,0.05996464
High,0.059623383
Close,0.059587833
20_day_ma,0.059551954
MACD_signal,0.059377756
5_day_ma,0.057091765
20_day_std,0.055736702
BB_lower,0.055100076
Volume,0.054654367
volume_change,0.050785616
volatility_10,0.050003137
