Feature,Importance
Low,0.06940734
5_day_ma,0.06757255
Open,0.06737153
10_day_ma,0.06586498
BB_upper,0.06540371
20_day_ma,0.063979454
High,0.06207468
MACD_signal,0.058107316
RSI_14,0.057297584
daily_return,0.055945423
MACD,0.055836577
Volume,0.0555669
BB_lower,0.055535357
volatility_10,0.053913508
20_day_std,0.05011708
volume_change,0.049411707
Close,0.046594247
