Feature,Importance
10_day_ma,0.07234437
High,0.06678604
MACD_signal,0.06661023
Open,0.066185534
MACD,0.06526431
5_day_ma,0.062982395
volatility_10,0.06172797
BB_upper,0.059658565
Low,0.059085354
volume_change,0.058843497
BB_lower,0.058791053
RSI_14,0.056494493
Close,0.05628183
20_day_std,0.05366402
Volume,0.046359733
daily_return,0.044739753
20_day_ma,0.04418081
