Feature,Importance
5_day_ma,0.079192825
20_day_ma,0.07837387
Open,0.075408876
MACD,0.06855028
volatility_10,0.065324806
BB_upper,0.057816364
Volume,0.05757714
BB_lower,0.057482246
daily_return,0.056020144
High,0.05550066
MACD_signal,0.053634956
volume_change,0.052089512
Close,0.050373923
20_day_std,0.050120767
RSI_14,0.050031617
Low,0.047324203
10_day_ma,0.045177795
