Feature,Importance
Open,0.06990696
Low,0.068430156
High,0.06597333
volume_change,0.06234691
BB_lower,0.060988456
20_day_ma,0.059823457
10_day_ma,0.05958576
5_day_ma,0.05895107
MACD,0.058014814
volatility_10,0.05758848
Volume,0.05595982
RSI_14,0.055566136
MACD_signal,0.055356227
20_day_std,0.054657605
BB_upper,0.053876027
daily_return,0.051579013
Close,0.051395718
