Feature,Importance
10_day_ma,0.07656831
5_day_ma,0.06969436
Close,0.068329856
BB_lower,0.06327058
MACD_signal,0.06295779
daily_return,0.05986841
20_day_ma,0.05878068
Open,0.05876139
Low,0.058328845
Volume,0.057557866
RSI_14,0.05586975
High,0.054979153
BB_upper,0.053539917
MACD,0.052202493
volatility_10,0.050943427
volume_change,0.0499511
20_day_std,0.048396066
