Feature,Importance
20_day_ma,0.07319845
Volume,0.06793435
Low,0.06766694
High,0.06650498
BB_lower,0.065787785
Open,0.061698433
5_day_ma,0.061696533
volatility_10,0.057790633
BB_upper,0.05662629
20_day_std,0.055826783
MACD,0.05522269
volume_change,0.055080492
MACD_signal,0.053020757
RSI_14,0.051433764
Close,0.050968587
daily_return,0.050580677
10_day_ma,0.04896185
