Feature,Importance
BB_lower,0.07220777
BB_upper,0.06359634
20_day_std,0.06198421
MACD,0.060540047
volume_change,0.05968325
Open,0.059373684
MACD_signal,0.05897624
Low,0.058945954
20_day_ma,0.05886476
daily_return,0.0587554
10_day_ma,0.05791688
5_day_ma,0.057410445
RSI_14,0.05710225
volatility_10,0.05695079
Close,0.056391705
Volume,0.052584413
High,0.0487158
