Feature,Importance
Close,0.07217659
Low,0.06540174
volume_change,0.064128876
10_day_ma,0.06373761
20_day_std,0.06361874
20_day_ma,0.06280001
MACD,0.062086467
BB_lower,0.060157247
5_day_ma,0.06012768
volatility_10,0.057377487
daily_return,0.056810275
MACD_signal,0.05458329
High,0.05283934
BB_upper,0.052510142
Volume,0.052379724
RSI_14,0.050807163
Open,0.04845761
