Feature,Importance
10_day_ma,0.07422953
High,0.06554906
Open,0.06512734
MACD_signal,0.063455895
RSI_14,0.062881194
MACD,0.06257443
Close,0.06084412
volatility_10,0.059333883
daily_return,0.05746373
5_day_ma,0.056819625
volume_change,0.05561911
Low,0.0555672
20_day_std,0.05491909
BB_lower,0.05380346
BB_upper,0.05309417
20_day_ma,0.050589584
Volume,0.04812863
