Feature,Importance
10_day_ma,0.07610975
MACD,0.07400335
MACD_signal,0.07350968
BB_upper,0.06580366
Low,0.060685735
20_day_ma,0.06052636
20_day_std,0.059334718
BB_lower,0.058737423
volume_change,0.057895586
daily_return,0.057254028
5_day_ma,0.056298494
Open,0.055033155
volatility_10,0.05136131
Volume,0.050677426
High,0.04913596
Close,0.048138622
RSI_14,0.04549477
