Feature,Importance
High,0.07888842
MACD_signal,0.065735385
volume_change,0.06557508
Volume,0.06390478
Close,0.06254184
volatility_10,0.061922166
20_day_ma,0.05897964
MACD,0.05845832
daily_return,0.057484478
RSI_14,0.057153754
Open,0.0569823
20_day_std,0.05541994
BB_upper,0.054663442
5_day_ma,0.05371009
Low,0.053375937
BB_lower,0.051205795
10_day_ma,0.04399864
