Feature,Importance
BB_upper,0.07143202
daily_return,0.06335498
10_day_ma,0.063297674
volatility_10,0.06251458
20_day_std,0.06065066
BB_lower,0.06041377
Low,0.059465405
Volume,0.057944834
5_day_ma,0.057804573
Open,0.057537403
High,0.05721763
20_day_ma,0.05707298
RSI_14,0.056548957
MACD_signal,0.05427234
volume_change,0.054110594
MACD,0.05367346
Close,0.05268816
