Feature,Importance
volatility_10,0.08098919
5_day_ma,0.06765958
MACD,0.06690924
MACD_signal,0.06448279
Low,0.0600163
daily_return,0.059992395
Close,0.05940423
BB_lower,0.058483217
20_day_std,0.056884896
Volume,0.056053173
High,0.055373948
10_day_ma,0.05469139
volume_change,0.0533706
BB_upper,0.053335436
Open,0.051705237
20_day_ma,0.050748117
RSI_14,0.04990023
