Feature,Importance
Close,0.07223577
volume_change,0.070408754
5_day_ma,0.06825688
RSI_14,0.0677358
BB_lower,0.063978426
Volume,0.061296202
daily_return,0.059707765
High,0.0590782
Low,0.058637064
BB_upper,0.058187336
10_day_ma,0.05546506
20_day_ma,0.054799307
Open,0.05418358
MACD,0.052261673
20_day_std,0.050992917
volatility_10,0.047860976
MACD_signal,0.04491432
