Feature,Importance
BB_upper,0.083346024
20_day_ma,0.07487885
volatility_10,0.072186634
daily_return,0.068142585
BB_lower,0.06369869
MACD_signal,0.06280329
volume_change,0.05948301
20_day_std,0.0572608
Low,0.05606502
Volume,0.05466221
Close,0.05436446
RSI_14,0.052961368
5_day_ma,0.05000941
Open,0.0493287
10_day_ma,0.04876133
High,0.046142746
MACD,0.045904815
