Feature,Importance
MACD_signal,0.06711142
10_day_ma,0.06526708
BB_upper,0.06467563
20_day_ma,0.06308946
daily_return,0.06280904
20_day_std,0.0622172
MACD,0.0620751
volatility_10,0.0585686
volume_change,0.0581552
BB_lower,0.057584606
RSI_14,0.057584032
Volume,0.057282604
Open,0.05472986
Low,0.05374693
Close,0.052910715
High,0.051895242
5_day_ma,0.050297335
