Feature,Importance
Close,0.07496101
Low,0.06852648
MACD_signal,0.06813735
High,0.067316286
BB_upper,0.06330425
BB_lower,0.063057855
MACD,0.060115986
Open,0.058348734
RSI_14,0.058311045
volume_change,0.057301756
20_day_std,0.05663636
volatility_10,0.054831587
daily_return,0.053873453
Volume,0.05333757
10_day_ma,0.050884146
20_day_ma,0.046556644
5_day_ma,0.044499565
