Feature,Importance
Open,0.06932935
Low,0.064517304
10_day_ma,0.06448731
Volume,0.06429699
20_day_ma,0.06241774
BB_lower,0.06212499
volume_change,0.058742158
volatility_10,0.057860233
5_day_ma,0.05766162
RSI_14,0.056545824
daily_return,0.05636318
20_day_std,0.055925526
BB_upper,0.055871572
MACD,0.05572632
MACD_signal,0.05566817
High,0.053185526
Close,0.04927618
