Feature,Importance
10_day_ma,0.07697091
20_day_ma,0.07317707
Low,0.067081675
5_day_ma,0.06595819
Open,0.06481645
Volume,0.062109444
High,0.061500072
volatility_10,0.05975609
volume_change,0.05836829
MACD_signal,0.057620753
BB_lower,0.05495341
RSI_14,0.053685892
daily_return,0.05201242
MACD,0.05138204
BB_upper,0.048351903
20_day_std,0.047572847
Close,0.044682533
