Feature,Importance
20_day_std,0.068098225
MACD,0.06676405
5_day_ma,0.06650649
Close,0.065713525
Low,0.06546325
BB_upper,0.06292449
volatility_10,0.061322156
volume_change,0.060128417
MACD_signal,0.05991361
RSI_14,0.05976889
Open,0.058548544
BB_lower,0.058326874
daily_return,0.056285046
Volume,0.055053055
High,0.05151873
20_day_ma,0.049543787
10_day_ma,0.034120977
