Feature,Importance
MACD_signal,0.07294848
BB_upper,0.06886333
High,0.064471655
5_day_ma,0.06060969
volume_change,0.060019445
Volume,0.05997671
RSI_14,0.059761483
MACD,0.059410833
10_day_ma,0.059362072
Low,0.05903483
Close,0.058126573
20_day_std,0.057876762
daily_return,0.05512296
volatility_10,0.05412379
20_day_ma,0.053247996
BB_lower,0.052442905
Open,0.044600505
