Feature,Importance
Volume,0.068297245
BB_upper,0.0662753
daily_return,0.06607247
5_day_ma,0.06394508
10_day_ma,0.063415006
Open,0.062016778
MACD,0.061470214
BB_lower,0.060871683
20_day_std,0.06005795
volatility_10,0.058909386
Low,0.057256564
volume_change,0.056146134
RSI_14,0.056011364
High,0.054987293
20_day_ma,0.049410004
Close,0.04841501
MACD_signal,0.04644254
