Feature,Importance
Low,0.080932006
BB_upper,0.068852775
MACD_signal,0.06823187
Close,0.06804478
High,0.06681134
RSI_14,0.064649984
MACD,0.06342429
volume_change,0.059582822
Open,0.05951225
20_day_std,0.05872392
5_day_ma,0.052927483
Volume,0.052160025
10_day_ma,0.05069569
daily_return,0.049149733
volatility_10,0.04764748
BB_lower,0.047270436
20_day_ma,0.041383084
