Feature,Importance
10_day_ma,0.08657933
20_day_ma,0.08186588
BB_upper,0.07279114
5_day_ma,0.06670001
Close,0.06636274
volume_change,0.059717067
Volume,0.059401006
BB_lower,0.055523314
Open,0.05462536
volatility_10,0.0542547
RSI_14,0.05316839
MACD_signal,0.051261578
Low,0.050675534
20_day_std,0.04965856
High,0.04795831
daily_return,0.04702425
MACD,0.042432908
