Feature,Importance
Low,0.070785604
High,0.066377
10_day_ma,0.06423295
20_day_std,0.06379908
BB_lower,0.06334467
Open,0.063253246
20_day_ma,0.061236154
BB_upper,0.059942193
Close,0.05736162
MACD_signal,0.056014054
Volume,0.055949528
5_day_ma,0.055653363
MACD,0.05514334
daily_return,0.05438625
RSI_14,0.052205525
volume_change,0.051454905
volatility_10,0.048860546
