Feature,Importance
daily_return,0.075964764
BB_upper,0.075456075
Open,0.06511662
Low,0.064959034
20_day_std,0.06454117
volatility_10,0.06347793
volume_change,0.058769494
BB_lower,0.05687452
Volume,0.056789264
High,0.056126017
RSI_14,0.055801876
Close,0.05459169
MACD,0.05111358
MACD_signal,0.051103838
10_day_ma,0.05019828
5_day_ma,0.05009038
20_day_ma,0.049025547
