Feature,Importance
10_day_ma,0.08203651
BB_upper,0.076636426
5_day_ma,0.06858144
High,0.06600479
MACD,0.062463574
MACD_signal,0.062160935
RSI_14,0.061138988
daily_return,0.05731795
Low,0.05546853
Close,0.05539524
Volume,0.055360854
volume_change,0.05439734
20_day_std,0.053288795
BB_lower,0.052295398
Open,0.050365485
volatility_10,0.046498183
20_day_ma,0.04058955
