Feature,Importance
BB_upper,0.072021194
5_day_ma,0.07026686
20_day_ma,0.06966187
High,0.06928296
Open,0.066570885
Low,0.06377849
BB_lower,0.06212717
Volume,0.056454916
volume_change,0.053971335
Close,0.053693607
20_day_std,0.05348021
10_day_ma,0.0531417
MACD,0.052287824
volatility_10,0.052201014
daily_return,0.05198941
RSI_14,0.050069798
MACD_signal,0.049000684
