Feature,Importance
10_day_ma,0.07339947
20_day_std,0.07065809
BB_upper,0.06494834
MACD_signal,0.06311595
MACD,0.060565297
daily_return,0.06035162
RSI_14,0.060094904
volatility_10,0.058595367
BB_lower,0.058353294
Low,0.05773642
20_day_ma,0.056707185
5_day_ma,0.056203634
Volume,0.0542739
Open,0.053900734
volume_change,0.05303201
High,0.051193114
Close,0.04687071
