Feature,Importance
Open,0.06558055
MACD,0.06499771
20_day_std,0.06437326
Low,0.064249195
BB_upper,0.062439732
BB_lower,0.06210732
10_day_ma,0.061666045
RSI_14,0.06080281
5_day_ma,0.057593096
Close,0.057148002
volume_change,0.05662095
daily_return,0.056002136
Volume,0.055468567
20_day_ma,0.0554459
volatility_10,0.05264229
High,0.052594017
MACD_signal,0.05026839
