Feature,Importance
Open,0.07333617
10_day_ma,0.066848226
Volume,0.066556625
volatility_10,0.06494386
BB_upper,0.060272988
5_day_ma,0.06021072
High,0.059952043
20_day_ma,0.058217324
Low,0.05774725
20_day_std,0.057630207
MACD_signal,0.05746344
volume_change,0.056680672
BB_lower,0.054159418
RSI_14,0.053941317
daily_return,0.052284885
MACD,0.04991868
Close,0.049836185
