Feature,Importance
MACD_signal,0.06992812
Low,0.069588006
MACD,0.06818799
BB_lower,0.06484303
20_day_ma,0.06455825
Volume,0.06443915
10_day_ma,0.063568965
Open,0.060776763
Close,0.059990026
RSI_14,0.057608392
BB_upper,0.056878418
volume_change,0.05544641
daily_return,0.05265117
High,0.050782207
20_day_std,0.04957813
volatility_10,0.045698486
5_day_ma,0.045476492
