Feature,Importance
5_day_ma,0.071809605
MACD,0.06985301
BB_lower,0.06843052
20_day_std,0.06552617
BB_upper,0.06426305
Low,0.06323078
Open,0.06104938
Close,0.058828436
RSI_14,0.058539845
High,0.05686939
daily_return,0.05663066
volatility_10,0.055194315
Volume,0.05402184
volume_change,0.05167842
MACD_signal,0.05051332
20_day_ma,0.04905522
10_day_ma,0.044506013
