Feature,Importance
High,0.068955004
20_day_std,0.06676478
BB_lower,0.06639987
5_day_ma,0.06427388
Low,0.06407119
Open,0.06305974
MACD_signal,0.060696047
daily_return,0.060068924
20_day_ma,0.059394196
BB_upper,0.059270345
Close,0.05872137
Volume,0.05518544
10_day_ma,0.05415465
MACD,0.05361786
RSI_14,0.0506471
volatility_10,0.04816222
volume_change,0.046557367
