Feature,Importance
MACD,0.07183849
BB_lower,0.06667519
Close,0.066626996
5_day_ma,0.06318924
BB_upper,0.06224235
RSI_14,0.06135811
MACD_signal,0.060754795
High,0.06044083
Low,0.058659762
10_day_ma,0.058426034
Open,0.057796158
volume_change,0.056658216
daily_return,0.055190664
Volume,0.052659776
20_day_std,0.051958326
20_day_ma,0.049066998
volatility_10,0.046458066
