Feature,Importance
5_day_ma,0.07241489
High,0.066918015
10_day_ma,0.06691477
BB_lower,0.06522206
volume_change,0.06166274
Low,0.060657654
BB_upper,0.05912729
RSI_14,0.058653053
Open,0.057866305
MACD,0.05692383
volatility_10,0.05640553
daily_return,0.05461842
Volume,0.054340564
20_day_std,0.054133054
20_day_ma,0.053506285
Close,0.052528627
MACD_signal,0.04810688
