Feature,Importance
BB_upper,0.073589884
10_day_ma,0.07277946
MACD_signal,0.06821427
BB_lower,0.06551484
daily_return,0.06394454
High,0.060932983
Low,0.06070578
20_day_std,0.06001816
RSI_14,0.05941024
5_day_ma,0.056197397
volatility_10,0.05597929
volume_change,0.055634797
Open,0.052991975
20_day_ma,0.05174274
Volume,0.05160882
Close,0.045981497
MACD,0.044753373
