Feature,Importance
MACD,0.07135164
High,0.06666021
10_day_ma,0.06527492
BB_lower,0.0647119
20_day_std,0.061222095
BB_upper,0.060804293
Low,0.059739586
20_day_ma,0.059103288
MACD_signal,0.058518402
volume_change,0.058017347
Volume,0.056373127
Open,0.05595679
daily_return,0.055017784
Close,0.054969214
RSI_14,0.05377878
volatility_10,0.049307726
5_day_ma,0.049192913
