Feature,Importance
High,0.07493893
volume_change,0.06959728
Open,0.06929255
Close,0.06506909
BB_lower,0.064520545
BB_upper,0.06360384
MACD_signal,0.06221237
10_day_ma,0.060633086
5_day_ma,0.059499014
Low,0.058853965
volatility_10,0.05720715
daily_return,0.054509148
Volume,0.053617124
RSI_14,0.048765626
20_day_std,0.04869926
20_day_ma,0.046952274
MACD,0.042028736
