Feature,Importance
5_day_ma,0.07154992
Low,0.066904716
Open,0.06677115
High,0.06651875
20_day_ma,0.06552373
BB_lower,0.06291929
BB_upper,0.060509305
Volume,0.057073385
volume_change,0.056483235
volatility_10,0.054932196
Close,0.054427337
10_day_ma,0.053995684
MACD_signal,0.053725794
RSI_14,0.0529861
daily_return,0.052925218
20_day_std,0.051912893
MACD,0.05084128
