Feature,Importance
BB_upper,0.06837311
20_day_std,0.06737103
High,0.06625944
volatility_10,0.06292678
MACD_signal,0.061897654
Open,0.06178638
5_day_ma,0.060513295
RSI_14,0.05997122
MACD,0.0591615
20_day_ma,0.0584814
daily_return,0.058217783
volume_change,0.05723979
Low,0.054543916
Volume,0.05396845
Close,0.051133186
10_day_ma,0.049213637
BB_lower,0.048941396
