Feature,Importance
MACD,0.07750211
volume_change,0.07514962
Volume,0.07081684
20_day_std,0.06263604
BB_upper,0.06148895
MACD_signal,0.060889956
10_day_ma,0.059884354
5_day_ma,0.059269175
20_day_ma,0.059165087
Close,0.05804419
Low,0.058037665
High,0.055685163
BB_lower,0.05183519
volatility_10,0.051438183
RSI_14,0.05019891
daily_return,0.04708369
Open,0.040874846
