Feature,Importance
5_day_ma,0.07888884
Low,0.070596494
BB_upper,0.06841077
daily_return,0.06384667
MACD,0.061635286
MACD_signal,0.06121521
High,0.05895683
BB_lower,0.055763196
20_day_std,0.055578418
volume_change,0.05544293
volatility_10,0.05497896
Volume,0.05372466
20_day_ma,0.053466592
RSI_14,0.053082682
10_day_ma,0.053038646
Close,0.051447198
Open,0.0499266
