Feature,Importance
MACD_signal,0.078083776
MACD,0.07387085
daily_return,0.06499401
20_day_ma,0.06280953
BB_lower,0.0616682
20_day_std,0.05916075
volatility_10,0.05835229
10_day_ma,0.058197815
Low,0.057570767
volume_change,0.057504036
BB_upper,0.05671846
5_day_ma,0.054287594
High,0.05341675
Open,0.053350307
Close,0.05269331
RSI_14,0.051906005
Volume,0.04541553
