Feature,Importance
RSI_14,0.06597168
volume_change,0.06492145
BB_lower,0.06364511
20_day_std,0.0623688
5_day_ma,0.061850034
daily_return,0.06181088
volatility_10,0.059005152
MACD,0.05898981
10_day_ma,0.058907896
MACD_signal,0.05784528
20_day_ma,0.057393257
High,0.05663414
BB_upper,0.054811038
Close,0.054671966
Low,0.054667924
Volume,0.054352272
Open,0.052153267
