Feature,Importance
Low,0.07797699
5_day_ma,0.07160549
MACD_signal,0.068452306
volatility_10,0.06709474
Close,0.06258343
MACD,0.05990656
10_day_ma,0.059645057
20_day_std,0.057808172
daily_return,0.057079215
volume_change,0.056175888
Volume,0.05416531
High,0.053406563
RSI_14,0.052962426
Open,0.05172278
BB_lower,0.05142319
20_day_ma,0.05003553
BB_upper,0.04795632
