Feature,Importance
20_day_ma,0.07278031
10_day_ma,0.07171576
Close,0.06977954
volume_change,0.06880182
RSI_14,0.06645474
5_day_ma,0.0630157
Open,0.06284534
Volume,0.05963856
MACD,0.05833491
BB_lower,0.056031667
Low,0.054002196
BB_upper,0.05213306
daily_return,0.051711433
20_day_std,0.051603023
High,0.04886356
volatility_10,0.047758244
MACD_signal,0.04453019
