Feature,Importance
Open,0.0766647
10_day_ma,0.07007179
BB_upper,0.06311035
5_day_ma,0.062095247
MACD_signal,0.06126412
Volume,0.060277585
MACD,0.059859186
Close,0.058644693
volatility_10,0.057838775
daily_return,0.057772037
Low,0.056390725
RSI_14,0.055669785
20_day_ma,0.05412534
High,0.05396675
volume_change,0.053506467
20_day_std,0.05342658
BB_lower,0.045315865
