Feature,Importance
BB_lower,0.079956025
daily_return,0.06535167
Open,0.06504613
5_day_ma,0.0648143
Low,0.06408735
BB_upper,0.0625127
20_day_ma,0.062005553
MACD,0.060451847
volume_change,0.060158
RSI_14,0.058881033
20_day_std,0.05830324
10_day_ma,0.055757053
volatility_10,0.0526154
MACD_signal,0.051576633
Close,0.050783098
Volume,0.044922102
High,0.04277778
