Feature,Importance
volume_change,0.078567594
daily_return,0.06912945
5_day_ma,0.0634663
BB_upper,0.060866956
Open,0.06074989
volatility_10,0.060339443
Close,0.060274716
Low,0.060123913
MACD,0.058933992
20_day_std,0.058863457
RSI_14,0.057332475
High,0.054948937
BB_lower,0.051581517
20_day_ma,0.051491104
Volume,0.051370993
10_day_ma,0.051278036
MACD_signal,0.050681237
