Feature,Importance
volatility_10,0.06831772
RSI_14,0.066761926
MACD,0.06600034
MACD_signal,0.06316032
Close,0.061656326
High,0.060607858
20_day_ma,0.059880465
BB_upper,0.059298303
Low,0.05779534
volume_change,0.05771765
Open,0.057061907
BB_lower,0.05639645
20_day_std,0.05617837
Volume,0.054228254
daily_return,0.053795632
10_day_ma,0.05164019
5_day_ma,0.049502913
