Feature,Importance
20_day_ma,0.065879025
10_day_ma,0.06507524
Low,0.06502585
Open,0.06276521
volatility_10,0.061310705
RSI_14,0.060897578
volume_change,0.06043415
Volume,0.059848472
MACD,0.059134487
20_day_std,0.058727615
BB_upper,0.057369456
BB_lower,0.055858403
5_day_ma,0.055591322
High,0.055246055
daily_return,0.055121783
MACD_signal,0.051535126
Close,0.05017955
