Feature,Importance
High,0.07164995
10_day_ma,0.0658029
BB_upper,0.06542869
Volume,0.06471807
volatility_10,0.06312396
MACD_signal,0.062913075
20_day_ma,0.061854456
Open,0.060992453
Close,0.05881265
daily_return,0.057289995
BB_lower,0.05674364
Low,0.05630262
20_day_std,0.054813657
volume_change,0.05444573
MACD,0.049732085
RSI_14,0.04832783
5_day_ma,0.047048323
