Feature,Importance
Low,0.073013656
RSI_14,0.07087645
BB_upper,0.06796067
5_day_ma,0.06559176
volatility_10,0.06142795
MACD,0.059348673
Volume,0.058562804
Open,0.056630693
10_day_ma,0.056516826
High,0.056348957
20_day_std,0.056075264
BB_lower,0.05503174
MACD_signal,0.054369405
volume_change,0.054115765
Close,0.051776506
daily_return,0.051748518
20_day_ma,0.050604355
