Feature,Importance
Open,0.10079603
10_day_ma,0.073814794
Low,0.07027942
Volume,0.06440025
volatility_10,0.0637783
BB_upper,0.06343183
5_day_ma,0.062329732
20_day_ma,0.06198218
volume_change,0.05695375
daily_return,0.05666037
Close,0.052992478
MACD_signal,0.05213417
High,0.0486105
RSI_14,0.046800356
MACD,0.044630535
20_day_std,0.043412164
BB_lower,0.036993135
