Feature,Importance
BB_upper,0.0687616
20_day_ma,0.066000246
Low,0.06487318
RSI_14,0.06373347
10_day_ma,0.06353392
volume_change,0.06154945
MACD,0.06154043
daily_return,0.059502836
BB_lower,0.058079474
20_day_std,0.05800236
Close,0.05680989
High,0.056763913
Open,0.056570932
volatility_10,0.055895064
Volume,0.052432444
5_day_ma,0.05230565
MACD_signal,0.04364516
