Feature,Importance
Low,0.0679363
20_day_ma,0.067343764
MACD,0.06395441
10_day_ma,0.06250393
5_day_ma,0.06143926
High,0.061052833
MACD_signal,0.06093961
BB_lower,0.06084448
BB_upper,0.058998223
Open,0.058839843
20_day_std,0.05701122
volume_change,0.05583084
daily_return,0.055781484
Volume,0.05425981
RSI_14,0.051732045
volatility_10,0.051050045
Close,0.05048191
