Feature,Importance
volatility_10,0.07588389
5_day_ma,0.07484844
20_day_ma,0.07390227
MACD,0.07330528
Close,0.07183699
BB_upper,0.07157573
MACD_signal,0.068514876
RSI_14,0.061851297
20_day_std,0.059867546
Volume,0.058067728
volume_change,0.05273545
daily_return,0.049382348
Low,0.04825325
BB_lower,0.0447664
Open,0.042378005
High,0.040420473
10_day_ma,0.03241001
