Feature,Importance
Open,0.07253207
5_day_ma,0.069566235
Close,0.0672627
BB_upper,0.06718261
BB_lower,0.06604773
volatility_10,0.065980256
MACD,0.063751526
High,0.06293935
MACD_signal,0.061354008
volume_change,0.055063494
20_day_ma,0.054599103
10_day_ma,0.051421702
20_day_std,0.051104806
Volume,0.05051331
daily_return,0.04906771
RSI_14,0.046188883
Low,0.045424543
