Feature,Importance
10_day_ma,0.08324179
Low,0.07526952
BB_upper,0.067647174
RSI_14,0.06697268
volume_change,0.06420944
BB_lower,0.061887976
MACD,0.058915745
daily_return,0.056307036
volatility_10,0.055972267
20_day_std,0.05545871
Open,0.054868136
Close,0.054147072
Volume,0.053943567
20_day_ma,0.053541314
High,0.04922069
5_day_ma,0.044756748
MACD_signal,0.043640207
