Feature,Importance
BB_upper,0.07118658
BB_lower,0.07044029
Low,0.06727337
5_day_ma,0.063354984
20_day_ma,0.06268953
20_day_std,0.0609557
MACD_signal,0.06055141
Open,0.059973657
Volume,0.057320986
volatility_10,0.05712985
daily_return,0.055749897
High,0.055715457
MACD,0.05369838
volume_change,0.053450815
RSI_14,0.051779628
Close,0.050831575
10_day_ma,0.047897875
