Feature,Importance
10_day_ma,0.083355375
BB_upper,0.079867825
MACD,0.069643654
High,0.066903375
volume_change,0.06336565
MACD_signal,0.0633552
Volume,0.063064955
daily_return,0.061037406
BB_lower,0.05990095
volatility_10,0.056288738
5_day_ma,0.055993207
Close,0.05348802
Open,0.04738156
20_day_std,0.04647625
RSI_14,0.046154354
20_day_ma,0.043793887
Low,0.039929584
