Feature,Importance
Low,0.092714526
BB_upper,0.07346418
Open,0.072111554
Close,0.071392275
BB_lower,0.064051904
20_day_ma,0.06276226
daily_return,0.059110902
10_day_ma,0.05589528
High,0.055596948
volatility_10,0.05540217
5_day_ma,0.054280624
MACD,0.054135557
Volume,0.052161902
MACD_signal,0.051401794
20_day_std,0.049028054
volume_change,0.042590596
RSI_14,0.0338995
