Feature,Importance
Close,0.075223476
RSI_14,0.06670167
Low,0.06283985
10_day_ma,0.06280021
20_day_ma,0.062464744
daily_return,0.060365718
Volume,0.05855081
MACD,0.05849546
20_day_std,0.057792913
volume_change,0.05754256
High,0.057401773
MACD_signal,0.056103535
BB_upper,0.053655546
BB_lower,0.053588882
volatility_10,0.053146545
5_day_ma,0.052046414
Open,0.051279895
