Feature,Importance
daily_return,0.07472172
5_day_ma,0.068762295
Volume,0.06622387
Open,0.065039456
BB_upper,0.06503459
20_day_std,0.06433565
MACD,0.059298962
volatility_10,0.05832295
volume_change,0.057376675
RSI_14,0.05631757
Low,0.05596634
High,0.05509138
Close,0.053975724
10_day_ma,0.053366855
BB_lower,0.051656976
MACD_signal,0.049052946
20_day_ma,0.045456022
