Feature,Importance
MACD_signal,0.067426726
20_day_ma,0.06629112
Low,0.06628419
BB_lower,0.062357113
10_day_ma,0.06224273
MACD,0.06144669
20_day_std,0.060422473
volatility_10,0.05990031
Volume,0.0596218
volume_change,0.058163736
5_day_ma,0.057398204
High,0.05724934
Open,0.05599311
BB_upper,0.053318318
Close,0.051780995
daily_return,0.05034625
RSI_14,0.049756985
