Feature,Importance
10_day_ma,0.078264855
Low,0.06987283
BB_upper,0.06612285
volume_change,0.06462848
5_day_ma,0.06302947
BB_lower,0.061450105
Close,0.061096646
RSI_14,0.058624376
20_day_std,0.05710373
Open,0.056678526
20_day_ma,0.056569554
volatility_10,0.055578593
daily_return,0.05471599
Volume,0.0518875
MACD_signal,0.05128552
MACD,0.050785348
High,0.042305578
