Feature,Importance
MACD,0.07138961
volatility_10,0.06770598
Low,0.066094786
10_day_ma,0.065260194
RSI_14,0.06490413
20_day_ma,0.06348913
BB_upper,0.062451206
5_day_ma,0.060270257
Close,0.05618157
MACD_signal,0.055624045
BB_lower,0.05495727
High,0.05452224
daily_return,0.053600155
Volume,0.05162572
Open,0.05102575
volume_change,0.05055025
20_day_std,0.050347745
