Feature,Importance
volatility_10,0.08229051
Volume,0.07479781
Low,0.07044964
Close,0.068309896
20_day_std,0.06408814
20_day_ma,0.061841033
volume_change,0.061045337
daily_return,0.05831841
MACD_signal,0.057799563
Open,0.056601495
BB_lower,0.05611153
5_day_ma,0.054976672
MACD,0.052865896
BB_upper,0.050861143
RSI_14,0.04595956
High,0.042873465
10_day_ma,0.0408099
