Feature,Importance
20_day_ma,0.08791286
20_day_std,0.07009664
MACD,0.06760352
MACD_signal,0.06383579
Low,0.063738644
volatility_10,0.061596863
daily_return,0.06141993
Volume,0.060289487
5_day_ma,0.05924228
volume_change,0.057000656
RSI_14,0.056844495
BB_upper,0.053832393
High,0.049299113
Close,0.049136788
BB_lower,0.049043115
10_day_ma,0.04857311
Open,0.040534284
