Feature,Importance
High,0.07488896
volume_change,0.069058865
10_day_ma,0.067832746
Open,0.067559816
Close,0.06410145
Volume,0.062066786
MACD_signal,0.061342575
5_day_ma,0.061245833
Low,0.061048917
BB_lower,0.05872854
volatility_10,0.05672001
BB_upper,0.054048117
RSI_14,0.051973518
20_day_ma,0.04863925
MACD,0.047284428
daily_return,0.047061585
20_day_std,0.04639865
