Feature,Importance
BB_upper,0.07204595
Open,0.066651925
volatility_10,0.06399829
Low,0.0631152
MACD_signal,0.06120975
daily_return,0.061157893
MACD,0.059789516
5_day_ma,0.05922346
RSI_14,0.059009284
20_day_ma,0.058760982
10_day_ma,0.05700241
High,0.056035355
Volume,0.055936374
20_day_std,0.05580081
BB_lower,0.052440483
volume_change,0.050684635
Close,0.047137707
