Feature,Importance
Low,0.07844569
BB_upper,0.06893087
Open,0.06849277
Close,0.06711686
High,0.066194415
20_day_std,0.06319442
MACD_signal,0.059500225
5_day_ma,0.059480794
BB_lower,0.057416968
20_day_ma,0.0560622
volatility_10,0.05255957
RSI_14,0.052115317
volume_change,0.051669493
10_day_ma,0.050572526
Volume,0.05019904
daily_return,0.04942391
MACD,0.04862495
