Feature,Importance
BB_lower,0.07096326
20_day_ma,0.06943463
High,0.06588908
RSI_14,0.0646345
BB_upper,0.062690854
Open,0.06259855
20_day_std,0.058444574
Low,0.05842531
5_day_ma,0.056912184
10_day_ma,0.056457933
volatility_10,0.056181315
daily_return,0.055925116
volume_change,0.055624146
MACD_signal,0.053616118
Volume,0.052027248
Close,0.05087428
MACD,0.049300913
