Feature,Importance
BB_upper,0.090657115
MACD_signal,0.083520025
MACD,0.07978969
Open,0.06285423
volatility_10,0.06256914
daily_return,0.06221433
BB_lower,0.058540806
5_day_ma,0.057090387
volume_change,0.055918753
High,0.055731013
Close,0.052360598
10_day_ma,0.051554646
20_day_ma,0.051040307
RSI_14,0.048404243
20_day_std,0.047812812
Low,0.039972536
Volume,0.0399693
