Feature,Importance
MACD_signal,0.07012728
MACD,0.068761155
BB_lower,0.06425093
10_day_ma,0.06300732
volatility_10,0.06173846
daily_return,0.060642757
High,0.059811927
Open,0.058653012
20_day_ma,0.057865616
20_day_std,0.05762544
BB_upper,0.057398807
Low,0.056585036
Close,0.05610341
RSI_14,0.054026198
5_day_ma,0.053193532
volume_change,0.05167855
Volume,0.048530612
