Feature,Importance
20_day_ma,0.071359426
BB_upper,0.067069076
MACD,0.06655062
BB_lower,0.06450219
20_day_std,0.06329577
volume_change,0.061119184
volatility_10,0.06102841
Volume,0.06078839
Close,0.057976138
High,0.057818897
Low,0.05688223
RSI_14,0.05579335
5_day_ma,0.054645367
daily_return,0.05424211
10_day_ma,0.053434495
MACD_signal,0.051576197
Open,0.04191817
