Feature,Importance
Low,0.07754655
volume_change,0.06847165
MACD,0.065211535
20_day_std,0.062252287
High,0.061926275
Close,0.061520126
BB_lower,0.059776098
volatility_10,0.057793885
MACD_signal,0.057278275
20_day_ma,0.057234228
Volume,0.056876514
10_day_ma,0.055268925
BB_upper,0.05449327
daily_return,0.05138756
Open,0.051177375
RSI_14,0.05107632
5_day_ma,0.050709084
