Feature,Importance
20_day_ma,0.07102176
10_day_ma,0.064542316
BB_upper,0.06246438
daily_return,0.062034164
Low,0.061509524
BB_lower,0.061197735
Close,0.060405046
Volume,0.05950653
Open,0.058122445
MACD,0.057379153
RSI_14,0.057169043
20_day_std,0.057043523
volatility_10,0.05562685
High,0.053310126
MACD_signal,0.05325349
5_day_ma,0.052854426
volume_change,0.052559488
