Feature,Importance
BB_lower,0.08099387
20_day_ma,0.070250295
BB_upper,0.06947047
volume_change,0.06476332
daily_return,0.06394964
10_day_ma,0.06315765
RSI_14,0.060638975
5_day_ma,0.059519593
Low,0.058950238
20_day_std,0.05766054
Open,0.05668363
Close,0.05655387
MACD,0.055839576
MACD_signal,0.051713575
volatility_10,0.046503346
Volume,0.04594469
High,0.03740675
