Feature,Importance
5_day_ma,0.08480656
volatility_10,0.06897967
Close,0.06412946
Low,0.06336167
Volume,0.06333421
Open,0.06214231
BB_upper,0.061285526
High,0.060766317
daily_return,0.06043086
10_day_ma,0.056069557
BB_lower,0.05517271
20_day_std,0.054752063
volume_change,0.053491525
MACD,0.04921088
RSI_14,0.04794045
20_day_ma,0.047864426
MACD_signal,0.046261817
