Feature,Importance
20_day_ma,0.073797
BB_lower,0.065605685
10_day_ma,0.065543436
Low,0.063620396
High,0.06300977
BB_upper,0.06007323
daily_return,0.05878184
Close,0.058267947
20_day_std,0.057908174
volume_change,0.056308016
Volume,0.056287717
5_day_ma,0.055884987
RSI_14,0.05437697
MACD,0.054237753
MACD_signal,0.053764027
volatility_10,0.05296696
Open,0.04956612
