Feature,Importance
BB_upper,0.07617263
Close,0.07303559
MACD,0.0705589
Low,0.06824598
Open,0.067964636
BB_lower,0.062355157
MACD_signal,0.060120884
20_day_std,0.05777717
10_day_ma,0.056521162
High,0.055735234
5_day_ma,0.055516098
volume_change,0.05548736
20_day_ma,0.050922904
volatility_10,0.049239818
RSI_14,0.04918425
Volume,0.046402957
daily_return,0.044759218
