Feature,Importance
MACD_signal,0.07019292
High,0.06927197
volume_change,0.06660355
20_day_std,0.06555272
5_day_ma,0.06549706
Low,0.062405262
volatility_10,0.06068904
RSI_14,0.0606703
20_day_ma,0.060084302
Open,0.058445055
MACD,0.05786546
BB_lower,0.057279993
daily_return,0.05465891
Volume,0.05103397
10_day_ma,0.05073719
Close,0.045857396
BB_upper,0.043154914
