Feature,Importance
MACD,0.07466013
High,0.07087048
BB_upper,0.06483477
Close,0.063513905
Low,0.06315488
20_day_ma,0.061267868
MACD_signal,0.060834803
RSI_14,0.06027025
20_day_std,0.058535337
volatility_10,0.056488182
10_day_ma,0.05507477
volume_change,0.05483234
5_day_ma,0.054670032
BB_lower,0.05203147
Volume,0.050443802
Open,0.049752
daily_return,0.048765004
