Feature,Importance
10_day_ma,0.08594006
Open,0.07224782
5_day_ma,0.07007961
Close,0.069400124
20_day_ma,0.06465101
Low,0.06294662
High,0.06192663
BB_upper,0.05765304
MACD,0.054332353
MACD_signal,0.05410789
Volume,0.054047134
daily_return,0.05321654
RSI_14,0.051989805
volume_change,0.049166
20_day_std,0.048990168
volatility_10,0.04830151
BB_lower,0.04100363
