Feature,Importance
10_day_ma,0.07495312
MACD_signal,0.070069864
20_day_ma,0.06727636
volatility_10,0.06307634
Open,0.061182577
daily_return,0.06032797
MACD,0.059431393
Volume,0.058922164
Low,0.05766009
20_day_std,0.05731846
5_day_ma,0.05725795
Close,0.055546615
High,0.05517368
BB_lower,0.05450398
RSI_14,0.05201332
volume_change,0.049442366
BB_upper,0.045843724
