Feature,Importance
BB_lower,0.0694236
10_day_ma,0.06736813
MACD_signal,0.06647386
volatility_10,0.0646971
Open,0.06331332
Volume,0.0609591
20_day_std,0.060109522
MACD,0.059498332
Low,0.058663074
20_day_ma,0.058535557
BB_upper,0.057737056
Close,0.056635834
volume_change,0.055535126
RSI_14,0.053191625
5_day_ma,0.052080054
daily_return,0.050711934
High,0.045066785
