Feature,Importance
MACD,0.07983376
BB_upper,0.078780524
10_day_ma,0.07649053
volatility_10,0.0704683
Low,0.06917546
20_day_std,0.064865895
daily_return,0.06005763
MACD_signal,0.05797039
Volume,0.05706302
BB_lower,0.05393453
volume_change,0.05383997
Open,0.052438114
High,0.049360726
RSI_14,0.047594212
5_day_ma,0.047343343
Close,0.045475133
20_day_ma,0.035308473
