Feature,Importance
20_day_std,0.08744918
10_day_ma,0.0858086
Low,0.06782116
Open,0.06645114
MACD,0.06267356
RSI_14,0.05945772
volume_change,0.05857884
BB_lower,0.05843606
Close,0.056782052
MACD_signal,0.05586248
volatility_10,0.05450049
daily_return,0.054045245
Volume,0.050348792
High,0.04918994
BB_upper,0.0463234
5_day_ma,0.044206865
20_day_ma,0.04206446
