Feature,Importance
Low,0.072458625
MACD_signal,0.07129421
20_day_std,0.06894676
10_day_ma,0.066373825
5_day_ma,0.0642342
Open,0.06362161
High,0.062046472
BB_upper,0.058550928
Close,0.057363022
BB_lower,0.055381015
Volume,0.05493618
RSI_14,0.053691216
MACD,0.05362454
20_day_ma,0.049951352
volume_change,0.049563065
daily_return,0.049161162
volatility_10,0.04880186
