Feature,Importance
MACD_signal,0.073521905
BB_lower,0.07165264
20_day_ma,0.06822904
Volume,0.064887404
20_day_std,0.06208331
Close,0.06142329
MACD,0.060756184
5_day_ma,0.06056839
BB_upper,0.05961291
daily_return,0.05527853
volume_change,0.05513742
Open,0.054999776
Low,0.051825535
RSI_14,0.051500622
High,0.051139195
volatility_10,0.049170017
10_day_ma,0.048213817
