Feature,Importance
Close,0.07827763
BB_upper,0.07770161
volatility_10,0.06435887
Volume,0.063217245
daily_return,0.062246468
MACD_signal,0.062144887
RSI_14,0.060471866
MACD,0.05924543
Low,0.059235387
High,0.058352698
10_day_ma,0.056949895
volume_change,0.05421714
BB_lower,0.05309634
5_day_ma,0.050015748
20_day_ma,0.049445346
Open,0.046462536
20_day_std,0.044560924
