Feature,Importance
MACD,0.07138112
MACD_signal,0.069020756
20_day_ma,0.06833876
Open,0.06560902
Volume,0.06456053
High,0.06303921
BB_lower,0.061942432
volume_change,0.057302527
BB_upper,0.05725138
20_day_std,0.056285303
RSI_14,0.056209147
Close,0.054926593
Low,0.054698676
daily_return,0.052936513
volatility_10,0.05103287
10_day_ma,0.05059655
5_day_ma,0.044868603
