Feature,Importance
Low,0.07499722
MACD,0.06912775
Close,0.06799314
5_day_ma,0.063006714
20_day_std,0.061528504
Volume,0.061341103
BB_upper,0.061087612
BB_lower,0.059010826
RSI_14,0.05873959
Open,0.05801947
volatility_10,0.056766
daily_return,0.0562167
High,0.056002676
MACD_signal,0.055062994
volume_change,0.053186566
20_day_ma,0.05078261
10_day_ma,0.037130464
