Feature,Importance
20_day_ma,0.06808153
Low,0.066612676
MACD_signal,0.06649472
MACD,0.06613499
5_day_ma,0.06371615
High,0.060901936
RSI_14,0.059999093
volume_change,0.058101363
BB_lower,0.05807986
Open,0.057135954
BB_upper,0.05643663
10_day_ma,0.054657213
20_day_std,0.054579258
daily_return,0.053808916
Close,0.053161364
Volume,0.051451445
volatility_10,0.050646927
