Feature,Importance
Close,0.07596375
Open,0.07344644
High,0.06751912
BB_upper,0.06653791
Low,0.064657204
MACD_signal,0.06463686
volatility_10,0.05979619
MACD,0.05959427
5_day_ma,0.056972854
RSI_14,0.055857453
20_day_ma,0.055166136
10_day_ma,0.05419947
BB_lower,0.05325489
daily_return,0.051445317
volume_change,0.051372368
Volume,0.047420505
20_day_std,0.042159263
