Feature,Importance
BB_lower,0.0749116
MACD_signal,0.06961329
10_day_ma,0.067691706
Volume,0.06726832
MACD,0.065757245
volume_change,0.06385866
20_day_ma,0.06298095
RSI_14,0.06200522
20_day_std,0.06108424
Close,0.058894668
BB_upper,0.05784655
Low,0.051398687
5_day_ma,0.051094633
daily_return,0.049961083
High,0.04753608
volatility_10,0.04585013
Open,0.042247005
