Feature,Importance
MACD,0.06900523
Open,0.06842989
BB_lower,0.06740616
BB_upper,0.06490394
volatility_10,0.063036785
5_day_ma,0.060677852
20_day_ma,0.060356595
RSI_14,0.058640007
daily_return,0.05789866
Volume,0.057628732
volume_change,0.056865286
MACD_signal,0.056249987
20_day_std,0.054068204
10_day_ma,0.052365996
Close,0.051800054
Low,0.05169836
High,0.048968285
