Feature,Importance
Low,0.08538621
Open,0.07221284
Volume,0.06499967
10_day_ma,0.06331801
volatility_10,0.06276187
MACD,0.06095318
Close,0.06068143
High,0.058979534
BB_lower,0.056614727
BB_upper,0.056158215
MACD_signal,0.05512167
20_day_ma,0.054505367
5_day_ma,0.05374238
RSI_14,0.052386872
volume_change,0.047933534
20_day_std,0.047397207
daily_return,0.046847332
