Feature,Importance
volatility_10,0.09233561
5_day_ma,0.08601082
High,0.06770692
Close,0.06619932
Open,0.06547703
volume_change,0.06482776
MACD,0.06418452
daily_return,0.059631705
RSI_14,0.056526374
Volume,0.055412456
20_day_ma,0.055079192
20_day_std,0.05249178
BB_upper,0.05098564
10_day_ma,0.0480623
MACD_signal,0.043252133
BB_lower,0.038010504
Low,0.033806004
