Feature,Importance
Volume,0.06803035
volatility_10,0.06556621
volume_change,0.063222505
MACD_signal,0.06223355
Low,0.061162554
Open,0.060568444
daily_return,0.060226806
20_day_ma,0.059943575
Close,0.05900466
10_day_ma,0.058940224
5_day_ma,0.056682773
20_day_std,0.055907797
BB_lower,0.055782843
BB_upper,0.055216733
High,0.05372385
RSI_14,0.052269094
MACD,0.051518057
