Feature,Importance
5_day_ma,0.06800511
MACD,0.0654759
Low,0.065333754
MACD_signal,0.064042486
BB_lower,0.06288447
High,0.06266319
Close,0.05941763
10_day_ma,0.05859505
Open,0.057858966
volatility_10,0.056868587
volume_change,0.05613902
20_day_std,0.05580068
RSI_14,0.05578542
20_day_ma,0.055185795
daily_return,0.053738095
BB_upper,0.053270124
Volume,0.048935633
