Feature,Importance
MACD_signal,0.07068231
Low,0.06375433
MACD,0.06316363
High,0.061318
BB_lower,0.061121706
daily_return,0.0610883
volatility_10,0.060155597
RSI_14,0.05986848
Volume,0.05899583
5_day_ma,0.058239467
BB_upper,0.058114875
20_day_std,0.057237644
Open,0.055244356
10_day_ma,0.054369196
volume_change,0.054175414
20_day_ma,0.05163489
Close,0.05083596
