Feature,Importance
20_day_ma,0.069518656
MACD_signal,0.06659427
BB_upper,0.06618033
volatility_10,0.062522426
RSI_14,0.062006894
MACD,0.061294243
5_day_ma,0.06100985
Open,0.059418436
Close,0.059280604
10_day_ma,0.058895368
daily_return,0.058393497
High,0.055787366
20_day_std,0.055458095
Volume,0.055103425
BB_lower,0.051879123
Low,0.049705546
volume_change,0.046951916
