Feature,Importance
10_day_ma,0.06596925
Low,0.064835705
5_day_ma,0.0638459
volatility_10,0.06314716
20_day_ma,0.06284421
volume_change,0.062093478
BB_lower,0.059905622
MACD,0.059265073
Open,0.05922265
High,0.058375727
daily_return,0.057550486
20_day_std,0.05713707
RSI_14,0.057133187
BB_upper,0.05652445
Volume,0.05603031
MACD_signal,0.05062178
Close,0.04549796
