Feature,Importance
Low,0.069389336
RSI_14,0.06591419
5_day_ma,0.06574388
BB_upper,0.06452403
10_day_ma,0.061219607
volume_change,0.06120326
daily_return,0.060318477
20_day_std,0.060135018
BB_lower,0.059888903
Volume,0.05891682
MACD_signal,0.057088885
MACD,0.056111664
volatility_10,0.054543447
Open,0.054321036
20_day_ma,0.05395235
Close,0.048816495
High,0.047912642
