Feature,Importance
Volume,0.06926307
10_day_ma,0.06773826
5_day_ma,0.06704518
volatility_10,0.06341285
volume_change,0.0626827
High,0.062424175
BB_lower,0.059007514
RSI_14,0.058435567
BB_upper,0.057975363
Open,0.05786421
daily_return,0.057689194
20_day_ma,0.055635557
Close,0.05346972
Low,0.052948836
MACD_signal,0.05208299
20_day_std,0.05124981
MACD,0.05107499
