Feature,Importance
MACD_signal,0.065020606
10_day_ma,0.06385271
Close,0.063740864
BB_lower,0.063326925
20_day_ma,0.061475474
Open,0.061304264
MACD,0.06118648
20_day_std,0.059382923
Low,0.059120573
volume_change,0.05883087
daily_return,0.058454894
5_day_ma,0.056331817
volatility_10,0.055719934
BB_upper,0.054656927
RSI_14,0.053691562
High,0.051955424
Volume,0.0519477
