Feature,Importance
Low,0.08779142
5_day_ma,0.071253635
MACD_signal,0.065139025
Volume,0.06402987
BB_lower,0.0626925
20_day_ma,0.05970609
Close,0.05726674
daily_return,0.05628766
volatility_10,0.05623591
10_day_ma,0.056071263
Open,0.05510789
volume_change,0.05491639
High,0.05453904
MACD,0.051989622
RSI_14,0.050984878
20_day_std,0.049537256
BB_upper,0.046450786
