Feature,Importance
Low,0.10328153
MACD_signal,0.068951316
volatility_10,0.06875947
Open,0.06768953
5_day_ma,0.065810084
Close,0.06357908
High,0.06345018
RSI_14,0.058196127
BB_upper,0.057144545
volume_change,0.057063963
MACD,0.05188446
20_day_std,0.05020213
daily_return,0.049820513
Volume,0.047496136
20_day_ma,0.04291753
BB_lower,0.042538393
10_day_ma,0.041215077
