Feature,Importance
High,0.066836774
daily_return,0.06413041
20_day_ma,0.062290512
Open,0.061549943
BB_upper,0.061464395
5_day_ma,0.0614429
20_day_std,0.060967926
10_day_ma,0.06066336
BB_lower,0.06034952
Volume,0.06013396
RSI_14,0.059735756
MACD_signal,0.058906928
volatility_10,0.05845016
Close,0.056907803
volume_change,0.05638594
MACD,0.049128402
Low,0.040655263
