Feature,Importance
volume_change,0.07596452
Volume,0.0671414
volatility_10,0.064852834
Low,0.06336713
daily_return,0.06079355
High,0.06002026
BB_upper,0.059375383
BB_lower,0.058724396
Close,0.05867247
RSI_14,0.05846438
Open,0.058146387
20_day_ma,0.05756077
MACD,0.05525618
10_day_ma,0.05300522
MACD_signal,0.05249667
5_day_ma,0.0496073
20_day_std,0.046551157
