Feature,Importance
High,0.07501518
20_day_ma,0.07247576
Open,0.0711704
MACD,0.06872224
volatility_10,0.06317005
Low,0.06310426
Close,0.06171229
BB_lower,0.06160149
10_day_ma,0.0598414
volume_change,0.056822203
RSI_14,0.056248162
20_day_std,0.054691713
daily_return,0.05410514
BB_upper,0.053582337
MACD_signal,0.048042756
Volume,0.039937496
5_day_ma,0.03975714
