Feature,Importance
BB_upper,0.076977484
10_day_ma,0.07508203
5_day_ma,0.074102625
Close,0.073725715
20_day_std,0.072499394
volume_change,0.06583601
volatility_10,0.06330136
High,0.05973508
MACD,0.059567206
Volume,0.05947931
20_day_ma,0.05750462
daily_return,0.055713456
Low,0.053912837
BB_lower,0.052676618
RSI_14,0.045364004
MACD_signal,0.03120177
Open,0.023320472
