Feature,Importance
10_day_ma,0.078649975
BB_upper,0.07443555
High,0.07343258
MACD_signal,0.069777906
MACD,0.06618401
Low,0.06448774
Open,0.06025176
20_day_std,0.05799461
Volume,0.05661123
volatility_10,0.05629671
BB_lower,0.055797715
daily_return,0.05177302
volume_change,0.051398993
RSI_14,0.049660135
20_day_ma,0.047859
Close,0.044623952
5_day_ma,0.040765107
