Feature,Importance
10_day_ma,0.080731854
Volume,0.072322905
BB_lower,0.06857786
Open,0.06857035
20_day_ma,0.06801925
Low,0.061820623
20_day_std,0.06173095
BB_upper,0.061580554
volume_change,0.05917935
RSI_14,0.05704941
MACD_signal,0.05690789
Close,0.05574496
daily_return,0.053435493
5_day_ma,0.05196634
MACD,0.0486276
volatility_10,0.040900555
High,0.0328341
