Feature,Importance
BB_upper,0.08298839
volatility_10,0.06870315
Low,0.067750074
MACD,0.066236936
Close,0.065381065
daily_return,0.065025024
High,0.062879354
5_day_ma,0.062064726
20_day_ma,0.057433862
RSI_14,0.05627973
20_day_std,0.05595717
10_day_ma,0.053254094
volume_change,0.05174785
Open,0.050917316
BB_lower,0.047545034
Volume,0.04711978
MACD_signal,0.0387164
