Feature,Importance
Close,0.070073105
20_day_ma,0.06836532
BB_lower,0.066888
MACD_signal,0.06390371
High,0.06292038
RSI_14,0.06201949
BB_upper,0.060008343
daily_return,0.059789952
20_day_std,0.058862492
MACD,0.057263736
volume_change,0.05686442
volatility_10,0.056340616
Low,0.055632137
5_day_ma,0.052977435
Volume,0.052342813
Open,0.048568666
10_day_ma,0.04717935
