Feature,Importance
Low,0.07181378
Open,0.06678102
20_day_std,0.06632269
BB_upper,0.065693095
Close,0.06539593
5_day_ma,0.061886605
BB_lower,0.060898952
High,0.058364302
10_day_ma,0.05704008
RSI_14,0.05686334
MACD_signal,0.055563502
daily_return,0.054552756
MACD,0.053793423
volume_change,0.05330076
volatility_10,0.05119715
Volume,0.05107677
20_day_ma,0.04945573
