Feature,Importance
Low,0.066636845
5_day_ma,0.06651778
RSI_14,0.06385545
Open,0.0638254
BB_lower,0.061181277
10_day_ma,0.0600936
volume_change,0.059985455
20_day_std,0.05998528
volatility_10,0.05963141
Volume,0.05936647
daily_return,0.058858313
20_day_ma,0.058071464
MACD,0.057431445
BB_upper,0.05676481
Close,0.050485257
High,0.049564246
MACD_signal,0.047745544
