Feature,Importance
Open,0.0730154
10_day_ma,0.066119194
5_day_ma,0.06585063
Volume,0.062435817
20_day_ma,0.062184
High,0.06182087
volatility_10,0.060181316
Low,0.058243796
volume_change,0.057618603
BB_upper,0.05651085
Close,0.056334104
RSI_14,0.05581873
MACD,0.05449691
BB_lower,0.054089237
MACD_signal,0.053932663
20_day_std,0.051469374
daily_return,0.049878564
