Feature,Importance
5_day_ma,0.07328195
Open,0.07127767
volume_change,0.06488739
MACD,0.061540764
BB_lower,0.061142948
RSI_14,0.060486637
10_day_ma,0.060420398
BB_upper,0.060154457
High,0.059850365
20_day_std,0.059554413
Close,0.05724091
daily_return,0.05548446
Volume,0.054133665
20_day_ma,0.052903336
Low,0.052506763
volatility_10,0.05185726
MACD_signal,0.043276567
