Feature,Importance
20_day_ma,0.06728511
Close,0.06619363
Open,0.06338472
Volume,0.06243489
RSI_14,0.061327245
20_day_std,0.060460564
daily_return,0.060277916
High,0.06025532
volume_change,0.059663314
BB_lower,0.058811847
MACD,0.05769513
MACD_signal,0.057193965
Low,0.055744257
volatility_10,0.05541523
5_day_ma,0.05436065
BB_upper,0.05173373
10_day_ma,0.047762502
