Feature,Importance
High,0.10605889
Open,0.081018
5_day_ma,0.06754455
20_day_ma,0.062388483
BB_lower,0.060974356
Volume,0.060616955
Close,0.05849935
volatility_10,0.058355115
volume_change,0.057328265
MACD,0.05533804
daily_return,0.051537193
Low,0.049870275
10_day_ma,0.049506992
BB_upper,0.04820382
20_day_std,0.04794794
RSI_14,0.04567212
MACD_signal,0.039139718
