Feature,Importance
20_day_ma,0.07494201
High,0.07132737
MACD,0.066528276
5_day_ma,0.0654265
RSI_14,0.063654184
Close,0.06226239
MACD_signal,0.060883507
BB_upper,0.059989832
volatility_10,0.05918557
daily_return,0.057993058
Low,0.057857186
volume_change,0.057062007
BB_lower,0.05614622
10_day_ma,0.053295944
Volume,0.049390055
Open,0.04512786
20_day_std,0.038928036
