Feature,Importance
10_day_ma,0.07005998
MACD_signal,0.069652475
daily_return,0.06906009
20_day_std,0.064112544
volatility_10,0.06343027
Volume,0.06177006
volume_change,0.061329678
RSI_14,0.061153986
MACD,0.060801566
High,0.059048213
Open,0.056016695
5_day_ma,0.05241094
20_day_ma,0.051894993
BB_lower,0.05169906
Close,0.05142927
BB_upper,0.049023647
Low,0.047106594
