Feature,Importance
BB_upper,0.06987413
daily_return,0.06621773
Volume,0.065210104
5_day_ma,0.06267116
High,0.060185347
Low,0.06018292
Close,0.05942915
10_day_ma,0.059393607
MACD,0.05889287
20_day_std,0.0578544
BB_lower,0.05767495
MACD_signal,0.055955056
Open,0.05591911
volatility_10,0.055437993
RSI_14,0.052492876
volume_change,0.05218937
20_day_ma,0.050419267
