Feature,Importance
Low,0.07969174
High,0.07697659
Open,0.07181266
BB_upper,0.061209563
MACD,0.05945641
20_day_ma,0.05730618
Volume,0.056178953
BB_lower,0.05605273
MACD_signal,0.05551568
10_day_ma,0.055392493
daily_return,0.05533806
5_day_ma,0.054448847
20_day_std,0.053972155
Close,0.053500473
RSI_14,0.053468186
volatility_10,0.051446013
volume_change,0.048233237
