Feature,Importance
20_day_std,0.06477474
5_day_ma,0.06370055
Open,0.0631391
daily_return,0.06287074
volume_change,0.062411446
Low,0.061650254
20_day_ma,0.061569262
BB_lower,0.06075714
10_day_ma,0.060497828
BB_upper,0.05674337
MACD_signal,0.055685703
High,0.055584814
Volume,0.05527155
MACD,0.05489946
volatility_10,0.053994074
RSI_14,0.053811524
Close,0.05263849
