Feature,Importance
Low,0.08743088
High,0.06881729
Close,0.06734459
BB_lower,0.066938646
RSI_14,0.06640478
Open,0.06560018
MACD,0.06485982
volume_change,0.05624554
BB_upper,0.05500523
20_day_std,0.053346835
daily_return,0.05318619
20_day_ma,0.05178331
Volume,0.050837744
volatility_10,0.049980957
5_day_ma,0.048662074
MACD_signal,0.04733282
10_day_ma,0.046223145
