Feature,Importance
Low,0.06757712
High,0.064316235
volume_change,0.06213695
Volume,0.06203928
volatility_10,0.062013812
10_day_ma,0.06199645
MACD_signal,0.061569624
MACD,0.06110172
BB_lower,0.059862703
BB_upper,0.05952936
RSI_14,0.058756284
daily_return,0.05790266
20_day_ma,0.05428684
20_day_std,0.053565588
Open,0.052945204
Close,0.05201268
5_day_ma,0.04838746
