Feature,Importance
20_day_ma,0.07153557
High,0.06800833
Open,0.06515649
BB_lower,0.061860785
BB_upper,0.061799623
20_day_std,0.061566114
RSI_14,0.05926412
10_day_ma,0.059000693
Low,0.05766434
5_day_ma,0.057429776
volume_change,0.056901097
volatility_10,0.056317274
MACD_signal,0.054729223
Close,0.053763382
Volume,0.0533709
MACD,0.05115971
daily_return,0.050472617
