Feature,Importance
High,0.07506797
Low,0.074000895
BB_lower,0.068710744
10_day_ma,0.06735936
MACD,0.062400147
BB_upper,0.061360337
20_day_ma,0.061198402
MACD_signal,0.06023984
5_day_ma,0.05819387
Open,0.057235517
daily_return,0.055052273
RSI_14,0.05484403
20_day_std,0.053062525
volume_change,0.05119264
Close,0.049507577
volatility_10,0.048038226
Volume,0.04253561
