Feature,Importance
MACD,0.07108693
20_day_std,0.062912315
RSI_14,0.060562234
20_day_ma,0.060215782
MACD_signal,0.059918806
Volume,0.05983254
volatility_10,0.05970038
5_day_ma,0.058821484
Close,0.058437455
volume_change,0.05796104
BB_upper,0.057505265
Open,0.057128668
BB_lower,0.056984913
Low,0.056287088
High,0.05574003
daily_return,0.055639066
10_day_ma,0.051266
