Feature,Importance
20_day_ma,0.069307044
BB_upper,0.06569446
Open,0.064388625
MACD,0.06397304
volatility_10,0.0630005
20_day_std,0.061161496
daily_return,0.061040707
BB_lower,0.06073866
RSI_14,0.058650926
volume_change,0.058360845
Low,0.057523992
Volume,0.056984957
MACD_signal,0.05521586
10_day_ma,0.05515017
High,0.05198601
5_day_ma,0.051012315
Close,0.045810454
