Feature,Importance
Open,0.08395785
10_day_ma,0.0672607
RSI_14,0.06599111
Low,0.065072194
5_day_ma,0.06342086
BB_lower,0.06283255
High,0.06189416
Close,0.059708226
BB_upper,0.055689853
20_day_std,0.05540982
Volume,0.054611463
volume_change,0.054083638
daily_return,0.05323895
volatility_10,0.051541872
MACD_signal,0.05081258
20_day_ma,0.049384497
MACD,0.045089662
