Feature,Importance
MACD_signal,0.069153816
5_day_ma,0.06689287
MACD,0.06625502
volume_change,0.063553445
BB_lower,0.061300706
High,0.06039949
volatility_10,0.05906618
20_day_std,0.05876607
RSI_14,0.057637002
daily_return,0.05735608
Low,0.05721476
Close,0.05703252
Open,0.055369403
BB_upper,0.053555183
20_day_ma,0.053299475
10_day_ma,0.05264429
Volume,0.0505037
