Feature,Importance
20_day_ma,0.092018366
MACD,0.0905083
Low,0.08668999
BB_upper,0.06267042
20_day_std,0.062416047
High,0.060686406
5_day_ma,0.060125135
volatility_10,0.05656132
volume_change,0.056113932
RSI_14,0.052147668
Close,0.051782113
MACD_signal,0.049922206
Volume,0.04903052
BB_lower,0.047328018
daily_return,0.04389844
10_day_ma,0.042338554
Open,0.035762537
