Feature,Importance
10_day_ma,0.07800748
Open,0.06978441
5_day_ma,0.06971735
MACD_signal,0.06869887
MACD,0.0634203
BB_lower,0.059066545
Low,0.058213804
daily_return,0.056686383
RSI_14,0.05638925
Close,0.055652525
20_day_ma,0.0555595
Volume,0.055189002
20_day_std,0.055054028
High,0.054381683
volatility_10,0.051144578
volume_change,0.04805892
BB_upper,0.044975296
