Feature,Importance
MACD_signal,0.06833703
BB_upper,0.06779189
Open,0.065059155
Low,0.06136594
BB_lower,0.060884733
20_day_std,0.0605045
20_day_ma,0.05854783
High,0.05822301
10_day_ma,0.05754663
volatility_10,0.05733564
Volume,0.056763858
RSI_14,0.056316834
5_day_ma,0.05532307
daily_return,0.054754876
MACD,0.054186035
Close,0.053814773
volume_change,0.053244136
