Feature,Importance
Low,0.09111171
High,0.08208048
5_day_ma,0.064863786
volatility_10,0.061504543
10_day_ma,0.058121517
Volume,0.057493735
20_day_ma,0.055598024
MACD,0.05526185
BB_lower,0.055162754
volume_change,0.05505767
daily_return,0.05451246
20_day_std,0.054158203
Close,0.05292349
BB_upper,0.051718332
MACD_signal,0.051014896
Open,0.05056503
RSI_14,0.048851583
