Feature,Importance
BB_upper,0.07036296
MACD,0.068814665
10_day_ma,0.06707374
20_day_std,0.064775385
MACD_signal,0.064444155
5_day_ma,0.06290363
Low,0.06271688
daily_return,0.06257919
RSI_14,0.060498152
Open,0.05758672
volatility_10,0.055414822
High,0.054959685
Close,0.054641515
Volume,0.052747536
volume_change,0.049604747
BB_lower,0.049324803
20_day_ma,0.041551393
