Feature,Importance
volatility_10,0.074141495
RSI_14,0.06740288
volume_change,0.063721016
MACD_signal,0.06320368
MACD,0.062220514
BB_upper,0.059963524
Open,0.05971515
5_day_ma,0.059049852
20_day_ma,0.05859444
Volume,0.058204383
20_day_std,0.058172535
BB_lower,0.057393346
daily_return,0.056403063
High,0.05502907
Close,0.05459116
10_day_ma,0.049515855
Low,0.042678013
