Feature,Importance
MACD_signal,0.08072954
BB_upper,0.077013955
Low,0.07216095
Open,0.07128198
Close,0.071130626
volume_change,0.06853449
High,0.06516083
RSI_14,0.058833424
volatility_10,0.053916533
MACD,0.052665092
BB_lower,0.051764883
5_day_ma,0.0513165
Volume,0.050749138
daily_return,0.045960955
10_day_ma,0.04569409
20_day_ma,0.04361926
20_day_std,0.039467767
