Feature,Importance
MACD_signal,0.068015635
10_day_ma,0.06650184
MACD,0.066418424
BB_lower,0.06638568
20_day_ma,0.063086554
5_day_ma,0.061653454
daily_return,0.061604712
BB_upper,0.060351253
RSI_14,0.059686918
20_day_std,0.058450013
Close,0.05718888
High,0.055815928
volatility_10,0.055601906
Volume,0.0530939
volume_change,0.052696984
Low,0.052089322
Open,0.041358523
