Feature,Importance
BB_upper,0.06976826
MACD,0.06716333
MACD_signal,0.06446999
Low,0.063582085
5_day_ma,0.06174678
20_day_std,0.060043763
RSI_14,0.05988664
BB_lower,0.05877371
10_day_ma,0.057985026
volume_change,0.057866134
Close,0.057751153
volatility_10,0.05616156
Open,0.05610174
daily_return,0.054817047
Volume,0.054002855
High,0.05139956
20_day_ma,0.048480358
