Feature,Importance
volume_change,0.07483447
daily_return,0.073045656
BB_upper,0.06948201
5_day_ma,0.065843984
20_day_std,0.06041427
volatility_10,0.060247976
Low,0.059177544
MACD,0.058389876
10_day_ma,0.057973187
High,0.057448663
Close,0.056793265
RSI_14,0.056300495
BB_lower,0.054402642
Volume,0.05383741
20_day_ma,0.0480814
Open,0.04796296
MACD_signal,0.045764223
