Feature,Importance
Low,0.06897434
MACD,0.06602803
BB_upper,0.06402242
High,0.061219536
MACD_signal,0.06085459
20_day_ma,0.060765672
BB_lower,0.060343187
Close,0.05990867
5_day_ma,0.059591316
20_day_std,0.058390696
10_day_ma,0.057669353
volume_change,0.056904033
RSI_14,0.05671614
volatility_10,0.05340947
daily_return,0.05319594
Open,0.051998354
Volume,0.05000824
