Feature,Importance
Low,0.07768977
RSI_14,0.06919797
10_day_ma,0.06872722
BB_upper,0.06564838
High,0.06167436
volatility_10,0.060682867
Close,0.06059832
5_day_ma,0.058521174
BB_lower,0.05786995
Open,0.057040863
volume_change,0.05577701
20_day_ma,0.053392895
MACD,0.05284504
20_day_std,0.052278098
Volume,0.051649004
daily_return,0.05146358
MACD_signal,0.044943485
