Feature,Importance
High,0.076233864
Close,0.069409795
20_day_std,0.06632426
Low,0.06285795
Volume,0.06185124
MACD,0.061827585
MACD_signal,0.061353404
Open,0.061234184
10_day_ma,0.057607424
BB_lower,0.057212118
5_day_ma,0.057078302
volume_change,0.05608672
RSI_14,0.053191464
20_day_ma,0.05280158
BB_upper,0.050840933
daily_return,0.04754602
volatility_10,0.046543144
