Feature,Importance
BB_lower,0.08374617
Open,0.07505382
volume_change,0.07070242
MACD,0.06943808
volatility_10,0.06720434
BB_upper,0.06623656
20_day_std,0.064735346
Volume,0.060610868
5_day_ma,0.059856668
MACD_signal,0.056505416
RSI_14,0.054678373
10_day_ma,0.05197563
Close,0.049152933
High,0.04783262
20_day_ma,0.044644672
daily_return,0.04375677
Low,0.033869382
