Feature,Importance
20_day_ma,0.07207053
MACD,0.06822798
Low,0.066914625
BB_lower,0.06650636
MACD_signal,0.062275805
Volume,0.06051939
Open,0.060273398
volume_change,0.059976026
RSI_14,0.057409246
daily_return,0.05708936
Close,0.057052396
BB_upper,0.056608863
10_day_ma,0.05415737
High,0.053882305
20_day_std,0.050630145
volatility_10,0.049648408
5_day_ma,0.046757717
