Feature,Importance
BB_upper,0.07202101
BB_lower,0.07120671
Low,0.06939972
Close,0.06629509
Open,0.06486654
High,0.06268927
20_day_std,0.060902026
MACD,0.0605071
10_day_ma,0.056604452
volume_change,0.056107104
MACD_signal,0.0534944
Volume,0.05335405
20_day_ma,0.052287586
5_day_ma,0.051901173
RSI_14,0.05015517
daily_return,0.04975912
volatility_10,0.048449405
