Feature,Importance
volume_change,0.06930229
5_day_ma,0.06365348
Low,0.06302125
High,0.062546775
daily_return,0.062446427
20_day_ma,0.062419727
Open,0.059695885
BB_upper,0.059487633
RSI_14,0.05896281
20_day_std,0.058227938
Volume,0.057423614
MACD,0.0565046
volatility_10,0.055509076
10_day_ma,0.054560024
Close,0.053429928
MACD_signal,0.05226236
BB_lower,0.050546184
