Feature,Importance
Low,0.06897312
MACD,0.06845472
High,0.06390286
Open,0.06310635
5_day_ma,0.06310135
20_day_std,0.061644584
10_day_ma,0.061060417
RSI_14,0.05893544
BB_lower,0.058450047
Close,0.056811232
MACD_signal,0.056317557
20_day_ma,0.05611685
BB_upper,0.055484958
Volume,0.05358345
daily_return,0.05183312
volatility_10,0.051472794
volume_change,0.0507512
