Feature,Importance
volatility_10,0.06927518
MACD,0.06802686
Low,0.06390488
Close,0.0626713
MACD_signal,0.061206672
20_day_ma,0.060858935
BB_lower,0.060843844
High,0.05851656
volume_change,0.058418628
BB_upper,0.058103796
5_day_ma,0.058027964
20_day_std,0.055332124
daily_return,0.054603588
10_day_ma,0.05437095
Open,0.053270787
Volume,0.05153019
RSI_14,0.05103778
