Feature,Importance
Close,0.07467874
5_day_ma,0.070201494
10_day_ma,0.06720974
Open,0.06717044
MACD_signal,0.06531096
BB_upper,0.06456649
BB_lower,0.06283241
Low,0.06197254
20_day_ma,0.05988571
MACD,0.056133904
volatility_10,0.054279912
20_day_std,0.053596586
Volume,0.05182107
volume_change,0.050098933
daily_return,0.049716294
High,0.049554132
RSI_14,0.04097053
