Feature,Importance
Low,0.07092009
BB_lower,0.06781865
MACD,0.06625697
Open,0.06442606
20_day_ma,0.063220456
volume_change,0.06320156
20_day_std,0.06094203
Volume,0.06018058
daily_return,0.057652235
BB_upper,0.057528637
volatility_10,0.05709451
MACD_signal,0.056434788
10_day_ma,0.055768352
5_day_ma,0.05241359
High,0.051819693
RSI_14,0.048785914
Close,0.045535948
