Feature,Importance
10_day_ma,0.08438515
volume_change,0.07645327
MACD,0.070647225
Close,0.06938688
Volume,0.0630684
MACD_signal,0.060769133
BB_upper,0.060354516
5_day_ma,0.056665435
High,0.05579754
volatility_10,0.055653013
BB_lower,0.055172037
Low,0.055029444
Open,0.053372696
daily_return,0.049871173
RSI_14,0.04872909
20_day_ma,0.047038157
20_day_std,0.037606828
