Feature,Importance
High,0.074885406
20_day_ma,0.06766982
daily_return,0.06583828
volatility_10,0.0650218
20_day_std,0.06289266
Close,0.06205675
BB_lower,0.06008241
volume_change,0.059484433
Open,0.058852926
Volume,0.05804736
Low,0.05419998
MACD,0.053988867
5_day_ma,0.05395336
10_day_ma,0.053586915
RSI_14,0.051914137
BB_upper,0.05086462
MACD_signal,0.04666026
