Feature,Importance
Open,0.06799303
BB_lower,0.06590591
BB_upper,0.06475822
MACD,0.06384603
volume_change,0.06347835
Low,0.06297926
20_day_std,0.06099744
RSI_14,0.059215005
MACD_signal,0.05795498
Volume,0.057255905
volatility_10,0.05721467
High,0.056275543
10_day_ma,0.054793075
5_day_ma,0.052792486
Close,0.05216329
20_day_ma,0.051314294
daily_return,0.051062547
