Feature,Importance
10_day_ma,0.08219572
RSI_14,0.07616508
5_day_ma,0.066273056
Low,0.06407522
volatility_10,0.062133696
20_day_ma,0.061825838
daily_return,0.06106454
Open,0.059285995
MACD,0.05832666
High,0.056521058
MACD_signal,0.056174897
Close,0.055308986
volume_change,0.055176802
20_day_std,0.050043195
BB_upper,0.04918524
Volume,0.043939184
BB_lower,0.042304855
