Feature,Importance
BB_upper,0.07046809
MACD,0.06625687
BB_lower,0.065780066
daily_return,0.063781574
MACD_signal,0.06350879
10_day_ma,0.06108347
volatility_10,0.060013104
20_day_std,0.059058532
High,0.05803704
20_day_ma,0.057499584
Open,0.055461366
volume_change,0.054694418
Volume,0.054623663
Low,0.054207794
RSI_14,0.052887466
5_day_ma,0.052040827
Close,0.050597318
