Feature,Importance
Open,0.06850271
Low,0.067958355
MACD,0.065905824
10_day_ma,0.06406693
20_day_std,0.06282674
BB_lower,0.06131977
BB_upper,0.061298598
20_day_ma,0.060993586
High,0.060134817
RSI_14,0.059627175
volume_change,0.058835402
daily_return,0.056993093
5_day_ma,0.054853983
MACD_signal,0.054508243
Close,0.04829083
volatility_10,0.047689017
Volume,0.046194945
