Feature,Importance
Open,0.0761792
Close,0.06785625
10_day_ma,0.06510649
MACD,0.06461781
BB_lower,0.063591585
20_day_ma,0.063048065
High,0.062809564
daily_return,0.061611924
BB_upper,0.06107902
5_day_ma,0.060766805
Low,0.0570745
Volume,0.05618146
MACD_signal,0.05195813
volatility_10,0.05106894
20_day_std,0.049416676
volume_change,0.045045298
RSI_14,0.04258828
