Feature,Importance
Low,0.08738325
BB_upper,0.07395865
daily_return,0.073094085
MACD_signal,0.07013606
volume_change,0.068544395
10_day_ma,0.06638935
20_day_std,0.066070214
volatility_10,0.06136815
MACD,0.05946529
Close,0.056424286
BB_lower,0.055911254
20_day_ma,0.051268
Open,0.05022261
RSI_14,0.045878574
Volume,0.045442417
5_day_ma,0.03955843
High,0.028884953
