Feature,Importance
5_day_ma,0.07303537
RSI_14,0.06985937
MACD,0.06884854
volume_change,0.06798488
Close,0.06760178
20_day_std,0.0648748
Low,0.063029364
Open,0.06231702
daily_return,0.061433107
BB_lower,0.0570798
20_day_ma,0.056947634
10_day_ma,0.05318995
High,0.050992478
MACD_signal,0.04878985
BB_upper,0.04622392
Volume,0.045679647
volatility_10,0.042112485
