Feature,Importance
BB_upper,0.06800359
20_day_ma,0.06433651
Low,0.063896246
RSI_14,0.06389471
volume_change,0.0632362
High,0.062395446
5_day_ma,0.060896635
Open,0.060701303
10_day_ma,0.057565656
BB_lower,0.05706062
MACD,0.056730907
MACD_signal,0.055853065
daily_return,0.05502193
volatility_10,0.05482407
Volume,0.053049956
20_day_std,0.051591057
Close,0.050942164
