Feature,Importance
High,0.08475234
volume_change,0.074929334
BB_upper,0.07135696
BB_lower,0.06835902
10_day_ma,0.0625837
Volume,0.062125936
Low,0.05900515
20_day_std,0.05666558
daily_return,0.05613346
MACD_signal,0.05611528
volatility_10,0.052381508
MACD,0.052362096
20_day_ma,0.052353874
Open,0.051190976
Close,0.05066573
RSI_14,0.046664286
5_day_ma,0.04235481
