Feature,Importance
20_day_ma,0.09857578
10_day_ma,0.07279678
BB_upper,0.07001599
5_day_ma,0.06686667
volume_change,0.06472707
Close,0.06169815
Low,0.059838824
RSI_14,0.058837168
MACD,0.058473427
Open,0.056896396
Volume,0.055828013
BB_lower,0.050875593
20_day_std,0.050045125
High,0.046238583
volatility_10,0.046114597
daily_return,0.04253295
MACD_signal,0.039638918
