Feature,Importance
Open,0.069762595
volatility_10,0.06521597
Low,0.06457972
High,0.063049965
20_day_std,0.060799647
MACD,0.060784236
20_day_ma,0.059596367
daily_return,0.059019666
BB_upper,0.05900665
Volume,0.057260565
MACD_signal,0.056345236
10_day_ma,0.05615996
volume_change,0.05503341
Close,0.054572646
RSI_14,0.054500923
BB_lower,0.053850614
5_day_ma,0.050461866
