Feature,Importance
Low,0.066620976
10_day_ma,0.06634818
volume_change,0.065665565
BB_lower,0.06474423
High,0.06249752
20_day_std,0.062005106
Open,0.061728124
20_day_ma,0.061067738
MACD_signal,0.06101083
BB_upper,0.060396887
5_day_ma,0.05926716
volatility_10,0.058209706
Close,0.05679189
daily_return,0.05234304
RSI_14,0.04849844
Volume,0.047860105
MACD,0.04494452
