Feature,Importance
BB_upper,0.077126294
MACD,0.07370543
10_day_ma,0.0728778
20_day_ma,0.06934535
MACD_signal,0.06400544
Open,0.0613781
Volume,0.060141496
BB_lower,0.05677785
High,0.055804443
daily_return,0.055685513
RSI_14,0.054769013
Close,0.054611795
volume_change,0.053066213
volatility_10,0.05182951
20_day_std,0.05005024
5_day_ma,0.04780849
Low,0.04101701
