Feature,Importance
10_day_ma,0.07943265
5_day_ma,0.069506645
BB_lower,0.0677433
Open,0.06716833
volume_change,0.064754054
20_day_ma,0.06314909
MACD_signal,0.06222764
BB_upper,0.062214635
RSI_14,0.06039696
Volume,0.05918799
High,0.05257455
Low,0.05256425
Close,0.049319033
daily_return,0.04887045
volatility_10,0.048658133
20_day_std,0.047136
MACD,0.045096356
