Feature,Importance
volume_change,0.06402178
MACD,0.06398857
BB_lower,0.063784726
20_day_ma,0.06359458
volatility_10,0.062002897
RSI_14,0.060853634
20_day_std,0.059392262
MACD_signal,0.058139756
10_day_ma,0.057901345
BB_upper,0.057653666
daily_return,0.05759759
Open,0.05672104
Low,0.056661308
Close,0.05663221
Volume,0.056350388
High,0.052977454
5_day_ma,0.051726762
