Feature,Importance
High,0.063980564
Close,0.06373731
Open,0.06317765
volume_change,0.06310642
daily_return,0.062484458
BB_lower,0.061502017
20_day_std,0.06133433
5_day_ma,0.060267445
20_day_ma,0.058600076
MACD_signal,0.05828619
Volume,0.05688336
volatility_10,0.056664933
RSI_14,0.056402322
MACD,0.05630277
Low,0.05550855
BB_upper,0.051117625
10_day_ma,0.050644077
