Feature,Importance
Close,0.074086286
Open,0.067443945
10_day_ma,0.0648961
High,0.06454572
MACD_signal,0.06161953
daily_return,0.061397318
20_day_ma,0.059723023
Volume,0.05792722
RSI_14,0.05686521
MACD,0.056590315
volatility_10,0.05646318
Low,0.056305353
BB_lower,0.055819213
20_day_std,0.054162845
volume_change,0.052766375
BB_upper,0.051551577
5_day_ma,0.047836814
