Feature,Importance
Close,0.07344823
Open,0.07045735
volatility_10,0.06961168
MACD,0.065534785
BB_upper,0.061829902
10_day_ma,0.06041757
MACD_signal,0.059860792
Volume,0.059826016
volume_change,0.057264104
RSI_14,0.056395818
20_day_std,0.05622811
20_day_ma,0.055267025
daily_return,0.054655336
High,0.053926647
BB_lower,0.050493043
5_day_ma,0.047484946
Low,0.04729862
