Feature,Importance
Low,0.07425176
5_day_ma,0.0667245
BB_lower,0.063772045
BB_upper,0.06363608
MACD,0.06215463
Open,0.06135481
10_day_ma,0.061336335
MACD_signal,0.057381973
20_day_ma,0.0565051
Close,0.056275617
daily_return,0.05479536
20_day_std,0.054647997
RSI_14,0.053972233
volume_change,0.053862993
Volume,0.053636562
volatility_10,0.05291518
High,0.0527769
