Feature,Importance
5_day_ma,0.0725018
volatility_10,0.06837334
High,0.06578657
BB_lower,0.06528294
Close,0.06329534
10_day_ma,0.061586387
Volume,0.059908736
20_day_std,0.059726123
daily_return,0.058360606
Open,0.057634287
volume_change,0.056419898
Low,0.054489844
MACD,0.054439344
RSI_14,0.051857002
20_day_ma,0.051663168
MACD_signal,0.05160741
BB_upper,0.047067117
