Feature,Importance
20_day_std,0.06678054
Low,0.06636762
High,0.06430897
5_day_ma,0.062880516
BB_upper,0.060535595
Close,0.060506955
MACD_signal,0.060399584
Open,0.058379363
10_day_ma,0.05816761
MACD,0.057720304
20_day_ma,0.057564303
RSI_14,0.056762543
daily_return,0.05555923
Volume,0.054426577
volume_change,0.053741608
BB_lower,0.0534868
volatility_10,0.052411873
