Feature,Importance
High,0.07069984
BB_lower,0.070522465
volatility_10,0.06252681
Low,0.06190113
Close,0.06145512
MACD,0.06078987
daily_return,0.06045392
RSI_14,0.060424544
5_day_ma,0.059701864
10_day_ma,0.0586585
20_day_std,0.05631455
Volume,0.05589807
BB_upper,0.054414026
MACD_signal,0.053101808
Open,0.05199529
20_day_ma,0.051030427
volume_change,0.050111774
