Feature,Importance
BB_lower,0.0693639
BB_upper,0.067190826
Open,0.06687479
daily_return,0.06335702
20_day_std,0.061272036
MACD_signal,0.060956273
MACD,0.060131267
High,0.057428177
20_day_ma,0.05684916
10_day_ma,0.0564483
Volume,0.05630902
volume_change,0.055569094
RSI_14,0.055050742
Close,0.05494783
5_day_ma,0.054320008
Low,0.053283416
volatility_10,0.05064819
