Feature,Importance
Open,0.08234865
Low,0.06889058
10_day_ma,0.0643492
5_day_ma,0.06365299
BB_upper,0.06284555
MACD_signal,0.061908618
20_day_ma,0.059593514
RSI_14,0.05934755
daily_return,0.058885515
Volume,0.055640537
High,0.054916766
volatility_10,0.054056667
20_day_std,0.052860662
BB_lower,0.052207172
Close,0.05154933
MACD,0.04898808
volume_change,0.047958564
