Feature,Importance
10_day_ma,0.08004782
BB_upper,0.074085444
Open,0.067740835
MACD,0.06451118
MACD_signal,0.061413124
Low,0.058617122
5_day_ma,0.058319118
High,0.058236126
daily_return,0.056893088
20_day_std,0.056687366
volatility_10,0.055760976
BB_lower,0.055382248
RSI_14,0.054511804
Volume,0.052490935
volume_change,0.05185973
20_day_ma,0.04817652
Close,0.0452666
