Feature,Importance
Low,0.08527685
Open,0.06898769
MACD_signal,0.067041494
BB_lower,0.06630541
volume_change,0.06579767
High,0.062361617
10_day_ma,0.060440976
BB_upper,0.057968277
daily_return,0.05742946
5_day_ma,0.056076642
20_day_std,0.05291586
volatility_10,0.052218284
RSI_14,0.051943876
20_day_ma,0.051081475
Volume,0.049770895
Close,0.04729734
MACD,0.047086198
