Feature,Importance
20_day_std,0.077796414
BB_lower,0.073083624
High,0.07125431
MACD_signal,0.069825314
Open,0.06552554
volatility_10,0.063311405
10_day_ma,0.058640398
daily_return,0.057092607
BB_upper,0.056860812
RSI_14,0.056075662
5_day_ma,0.055778585
volume_change,0.054010846
Low,0.053270184
Close,0.05076406
20_day_ma,0.04785329
Volume,0.04559978
MACD,0.043257166
