Feature,Importance
Open,0.086321056
5_day_ma,0.07296214
MACD_signal,0.06253603
High,0.062339038
BB_upper,0.058515225
20_day_ma,0.058050793
volatility_10,0.057748817
MACD,0.057626188
BB_lower,0.055556513
20_day_std,0.055554777
volume_change,0.055443335
daily_return,0.055124417
Volume,0.054941416
Close,0.05349213
Low,0.052814253
10_day_ma,0.05092599
RSI_14,0.050047863
