Feature,Importance
10_day_ma,0.09230557
Open,0.07707665
Close,0.07115911
20_day_ma,0.07021909
5_day_ma,0.06845555
MACD,0.056645647
Low,0.056002654
BB_upper,0.054518152
volatility_10,0.05329415
High,0.053012535
BB_lower,0.051355496
MACD_signal,0.050911095
RSI_14,0.05067962
Volume,0.050504766
20_day_std,0.049169507
volume_change,0.048777305
daily_return,0.045913134
