Feature,Importance
MACD,0.07517068
10_day_ma,0.071953416
5_day_ma,0.06458702
20_day_ma,0.06399101
volume_change,0.062544785
RSI_14,0.06047885
volatility_10,0.058616746
daily_return,0.058065534
Low,0.057732217
Open,0.056920998
Volume,0.05571888
High,0.054747697
BB_lower,0.054391354
MACD_signal,0.05371525
20_day_std,0.052894812
Close,0.049284637
BB_upper,0.049186125
