Feature,Importance
10_day_ma,0.0679179
volume_change,0.066399045
BB_upper,0.06467295
Low,0.06450209
BB_lower,0.06275448
MACD_signal,0.061811414
Open,0.061683763
5_day_ma,0.061141968
High,0.058519118
MACD,0.057189405
RSI_14,0.057036977
Close,0.056096476
daily_return,0.055286918
20_day_ma,0.053838767
Volume,0.052603893
volatility_10,0.049772445
20_day_std,0.048772395
