Feature,Importance
High,0.07642915
Low,0.07197754
5_day_ma,0.07118508
MACD_signal,0.06754141
BB_upper,0.06533078
20_day_ma,0.06427246
volatility_10,0.06398436
20_day_std,0.060034204
RSI_14,0.057950772
BB_lower,0.057314772
MACD,0.056359846
Volume,0.055504773
volume_change,0.055165377
Close,0.053159997
daily_return,0.050090443
Open,0.042514026
10_day_ma,0.031185014
