Feature,Importance
MACD,0.07524942
BB_lower,0.069025286
20_day_std,0.06542676
volume_change,0.06357629
Open,0.06353454
10_day_ma,0.06179779
Low,0.061062675
daily_return,0.057392348
20_day_ma,0.05667254
Close,0.05623573
Volume,0.055042785
5_day_ma,0.05439542
RSI_14,0.053442374
BB_upper,0.052468184
MACD_signal,0.05234221
High,0.051491704
volatility_10,0.050843928
