Feature,Importance
MACD,0.06847583
20_day_std,0.06821708
20_day_ma,0.06517986
BB_upper,0.0651275
Close,0.061846025
High,0.061038945
5_day_ma,0.060359064
BB_lower,0.058366083
Volume,0.05796873
RSI_14,0.056990724
daily_return,0.05615567
Low,0.056125984
Open,0.0542936
volatility_10,0.0540849
10_day_ma,0.053088915
volume_change,0.052601248
MACD_signal,0.050079923
