Feature,Importance
5_day_ma,0.079952836
Open,0.077182055
MACD,0.07045939
20_day_ma,0.06619015
volatility_10,0.060305852
BB_lower,0.057538684
MACD_signal,0.057316557
BB_upper,0.057113975
Low,0.056339573
Volume,0.055653393
volume_change,0.05502266
daily_return,0.054078963
RSI_14,0.053819705
10_day_ma,0.05363454
Close,0.05212962
20_day_std,0.04823057
High,0.045031387
