Feature,Importance
Low,0.07446257
20_day_std,0.07124638
BB_lower,0.07006884
BB_upper,0.066211194
volume_change,0.06241936
Close,0.061056547
MACD_signal,0.060658704
MACD,0.06059745
RSI_14,0.060507033
20_day_ma,0.05954675
5_day_ma,0.059440926
Volume,0.0557489
High,0.052307986
10_day_ma,0.051597614
daily_return,0.048691146
volatility_10,0.04358747
Open,0.04185119
