Feature,Importance
RSI_14,0.07191832
BB_lower,0.06829338
Volume,0.06557414
10_day_ma,0.061545428
daily_return,0.06115162
volume_change,0.059193604
20_day_std,0.05879198
20_day_ma,0.058784932
Low,0.058679648
5_day_ma,0.058523994
MACD_signal,0.058330115
BB_upper,0.055199757
volatility_10,0.055048585
Open,0.05414674
High,0.05350252
MACD,0.052603804
Close,0.048711512
