Feature,Importance
Low,0.06976021
MACD,0.065915145
Close,0.06562036
10_day_ma,0.06450074
Volume,0.06162578
BB_lower,0.061106656
20_day_ma,0.060283925
High,0.05881626
BB_upper,0.05870412
daily_return,0.05737543
MACD_signal,0.056372084
volume_change,0.055981763
20_day_std,0.055609602
Open,0.053661726
RSI_14,0.05302366
5_day_ma,0.05179488
volatility_10,0.049847618
