Feature,Importance
Low,0.077225946
BB_lower,0.066567294
daily_return,0.06643704
BB_upper,0.065834634
MACD,0.063455924
MACD_signal,0.06237914
High,0.06141529
RSI_14,0.06062116
10_day_ma,0.06042783
5_day_ma,0.059101306
Open,0.05832398
volume_change,0.053515103
Close,0.05296705
Volume,0.04957705
volatility_10,0.04888381
20_day_ma,0.048314866
20_day_std,0.044952612
