Feature,Importance
Low,0.09056906
10_day_ma,0.08656859
5_day_ma,0.07399275
MACD,0.06847929
Volume,0.066892
BB_upper,0.06439585
RSI_14,0.060300607
MACD_signal,0.060098685
Close,0.05985657
Open,0.058207337
20_day_ma,0.05330339
daily_return,0.051400147
20_day_std,0.04488491
High,0.04313799
BB_lower,0.041396
volume_change,0.03983739
volatility_10,0.036679376
