Feature,Importance
5_day_ma,0.068560034
volume_change,0.06583705
BB_lower,0.065382384
10_day_ma,0.060601726
volatility_10,0.060229287
Open,0.05985027
Low,0.059779525
daily_return,0.058835465
MACD,0.058824074
20_day_std,0.058377855
BB_upper,0.057494227
Volume,0.056017727
High,0.055459127
20_day_ma,0.055443563
Close,0.053774677
MACD_signal,0.053234056
RSI_14,0.05229891
