Feature,Importance
BB_upper,0.07879414
20_day_std,0.077866614
Low,0.07187249
BB_lower,0.06692648
RSI_14,0.06621625
volume_change,0.06331095
High,0.059678745
Close,0.058779813
MACD_signal,0.058731493
volatility_10,0.054987323
20_day_ma,0.05389995
daily_return,0.05252479
5_day_ma,0.051294968
MACD,0.048501506
10_day_ma,0.047614235
Volume,0.046809528
Open,0.042190704
