Feature,Importance
BB_upper,0.07575399
5_day_ma,0.0749074
volume_change,0.06889918
RSI_14,0.0657699
20_day_std,0.06399084
MACD,0.06267198
BB_lower,0.060159452
10_day_ma,0.05904767
Low,0.058060624
Open,0.057441577
High,0.053988654
daily_return,0.052960455
20_day_ma,0.050815355
MACD_signal,0.05017889
Close,0.049287435
Volume,0.048143983
volatility_10,0.0479226
