Feature,Importance
MACD_signal,0.06905043
10_day_ma,0.064121224
BB_upper,0.062921114
20_day_std,0.0616036
RSI_14,0.061313543
MACD,0.059331045
Open,0.05896087
BB_lower,0.058759317
Low,0.05852597
daily_return,0.05840708
5_day_ma,0.05810274
20_day_ma,0.057643317
Volume,0.057557464
volume_change,0.057549693
volatility_10,0.054689713
High,0.052790232
Close,0.048672646
