Feature,Importance
20_day_ma,0.083644204
Low,0.08221303
RSI_14,0.07037183
High,0.06956248
daily_return,0.06808393
volume_change,0.06256537
volatility_10,0.062438924
5_day_ma,0.057941053
BB_upper,0.05615296
20_day_std,0.053068418
MACD,0.05164255
BB_lower,0.050475113
Close,0.04907412
10_day_ma,0.04717187
MACD_signal,0.047054097
Open,0.045148093
Volume,0.043392014
