Feature,Importance
Close,0.07017682
20_day_std,0.068103455
5_day_ma,0.064391084
Low,0.06351256
BB_lower,0.06220656
High,0.06197246
MACD_signal,0.061919615
RSI_14,0.061030615
Volume,0.056247484
volume_change,0.056062438
Open,0.055983968
daily_return,0.055266168
BB_upper,0.05374395
20_day_ma,0.05325989
MACD,0.053168364
10_day_ma,0.051760048
volatility_10,0.051194504
