Feature,Importance
MACD_signal,0.06833529
BB_upper,0.067792796
daily_return,0.06755319
Open,0.06450881
volatility_10,0.062636755
High,0.061838407
MACD,0.061553493
volume_change,0.059236895
Volume,0.05852196
20_day_ma,0.058239717
Low,0.0567128
10_day_ma,0.056361873
20_day_std,0.055871043
RSI_14,0.05501924
Close,0.049181618
5_day_ma,0.04869906
BB_lower,0.04793695
