Feature,Importance
10_day_ma,0.07749672
5_day_ma,0.076503724
High,0.073781915
BB_upper,0.07132509
BB_lower,0.06964445
RSI_14,0.06709929
volume_change,0.066810474
daily_return,0.06320517
20_day_ma,0.054762676
20_day_std,0.052979216
Low,0.051758885
volatility_10,0.050874423
Volume,0.048428673
MACD,0.047003046
MACD_signal,0.045998856
Close,0.042375688
Open,0.039951656
