Feature,Importance
Open,0.07687789
BB_lower,0.06900756
Low,0.06700032
BB_upper,0.0666124
MACD_signal,0.06636499
Close,0.063635536
High,0.060475767
Volume,0.059311565
20_day_std,0.058630977
MACD,0.055671584
5_day_ma,0.054037657
RSI_14,0.053762916
daily_return,0.05346722
volume_change,0.052835044
10_day_ma,0.052368637
volatility_10,0.049761005
20_day_ma,0.04017891
