Feature,Importance
10_day_ma,0.07048683
5_day_ma,0.06999099
volatility_10,0.065080024
20_day_ma,0.062440053
Open,0.061622508
MACD,0.060122974
High,0.060078375
BB_upper,0.0597619
Close,0.05939867
Low,0.058773715
RSI_14,0.05673297
BB_lower,0.055696163
MACD_signal,0.05481544
Volume,0.05326664
volume_change,0.05115189
20_day_std,0.05053409
daily_return,0.05004666
