Feature,Importance
Open,0.06987874
5_day_ma,0.065624624
Low,0.064263
10_day_ma,0.06357268
MACD_signal,0.061964013
BB_upper,0.061689578
volatility_10,0.061408777
MACD,0.06059105
High,0.057686303
20_day_ma,0.05705573
daily_return,0.056421626
RSI_14,0.055476613
Volume,0.05381978
20_day_std,0.053423915
Close,0.05336625
volume_change,0.053230025
BB_lower,0.050527282
