Feature,Importance
MACD,0.07405601
Low,0.06811197
5_day_ma,0.06717007
BB_lower,0.065237924
Close,0.06493864
High,0.060582995
20_day_std,0.06038962
MACD_signal,0.05979002
volume_change,0.057810277
RSI_14,0.057423238
10_day_ma,0.05537763
Open,0.05389449
volatility_10,0.05379066
daily_return,0.053787284
BB_upper,0.050391752
Volume,0.049456894
20_day_ma,0.0477905
