Feature,Importance
Open,0.06824581
volatility_10,0.06679274
MACD,0.06488121
MACD_signal,0.06348898
Close,0.062781066
Low,0.06262918
20_day_std,0.059414074
High,0.058257274
BB_lower,0.057756577
volume_change,0.05643616
10_day_ma,0.055587906
daily_return,0.055559345
20_day_ma,0.05411881
RSI_14,0.053978648
5_day_ma,0.053655695
Volume,0.05328811
BB_upper,0.053128432
