Feature,Importance
BB_upper,0.070697844
MACD,0.07053939
RSI_14,0.06777991
MACD_signal,0.06485472
daily_return,0.06273004
volume_change,0.062042747
Volume,0.060853668
High,0.058676008
Low,0.058334913
20_day_std,0.05803554
10_day_ma,0.0575291
5_day_ma,0.057257805
20_day_ma,0.053447302
Open,0.0503171
BB_lower,0.04946467
volatility_10,0.048728608
Close,0.048710562
