Feature,Importance
Low,0.07445553
Close,0.072864644
5_day_ma,0.071635075
RSI_14,0.06450926
10_day_ma,0.06392506
MACD,0.06384548
volatility_10,0.06343288
Volume,0.06322616
20_day_ma,0.059452187
BB_lower,0.058367252
BB_upper,0.058149282
volume_change,0.057006832
MACD_signal,0.053149097
Open,0.048804555
20_day_std,0.048391033
daily_return,0.046612516
High,0.032173257
