Feature,Importance
Low,0.07450473
10_day_ma,0.071175635
BB_lower,0.06799952
High,0.06395708
Close,0.063185826
MACD_signal,0.063102156
BB_upper,0.062221766
Volume,0.05919709
volatility_10,0.058709767
daily_return,0.057272505
volume_change,0.05519384
RSI_14,0.053906977
20_day_std,0.053392366
Open,0.05309098
20_day_ma,0.05163516
MACD,0.045923438
5_day_ma,0.0455311
