Feature,Importance
High,0.07391066
10_day_ma,0.07008538
Open,0.069252975
volume_change,0.06313245
5_day_ma,0.061096553
BB_lower,0.060698263
20_day_std,0.0576825
Close,0.057099786
Low,0.056577187
MACD_signal,0.056222457
BB_upper,0.056183923
volatility_10,0.055280674
Volume,0.05489768
MACD,0.054174982
RSI_14,0.054006238
daily_return,0.052068572
20_day_ma,0.0476297
