Feature,Importance
Open,0.07477435
Low,0.069222346
volatility_10,0.068316214
daily_return,0.06590458
BB_lower,0.06389246
MACD,0.05972002
Volume,0.059231672
volume_change,0.057395898
Close,0.057374988
20_day_std,0.05620485
MACD_signal,0.055548266
BB_upper,0.05554375
5_day_ma,0.05473417
High,0.052603494
10_day_ma,0.05110535
RSI_14,0.049598854
20_day_ma,0.0488288
