Feature,Importance
5_day_ma,0.07089751
Low,0.06501204
20_day_ma,0.06237982
volume_change,0.062170506
MACD_signal,0.061109878
Open,0.0601645
RSI_14,0.06014262
MACD,0.0598178
20_day_std,0.059051547
Close,0.057253785
High,0.056598946
volatility_10,0.056570534
BB_lower,0.056277122
BB_upper,0.054492146
10_day_ma,0.05287137
daily_return,0.05264949
Volume,0.052540436
