Feature,Importance
BB_lower,0.072876796
High,0.067706145
10_day_ma,0.06614087
BB_upper,0.0657975
20_day_std,0.06501825
Close,0.06418751
Low,0.06324705
volume_change,0.05756663
20_day_ma,0.057024516
MACD_signal,0.057023466
RSI_14,0.05501159
MACD,0.053508636
volatility_10,0.052374475
Volume,0.052339647
Open,0.05187285
5_day_ma,0.050376162
daily_return,0.047927856
