Feature,Importance
BB_lower,0.08449632
daily_return,0.06576105
BB_upper,0.06562292
volume_change,0.061755504
20_day_std,0.0616522
Low,0.06115675
10_day_ma,0.05752326
20_day_ma,0.057390776
5_day_ma,0.056926962
RSI_14,0.056760695
MACD,0.055699337
Volume,0.05468202
volatility_10,0.054123044
Close,0.053323973
High,0.05211358
Open,0.05131152
MACD_signal,0.049700096
