Feature,Importance
10_day_ma,0.07292598
daily_return,0.06714536
20_day_std,0.063994646
MACD_signal,0.06280751
20_day_ma,0.06121353
Close,0.0591509
volatility_10,0.058958776
MACD,0.05872305
RSI_14,0.058203872
BB_lower,0.05791749
BB_upper,0.05791325
High,0.056758337
Open,0.056653984
Volume,0.055551473
5_day_ma,0.054598417
volume_change,0.051602833
Low,0.045880493
