Feature,Importance
BB_lower,0.069526315
Low,0.06881332
Volume,0.06601281
20_day_ma,0.06493159
10_day_ma,0.063903145
Close,0.06289949
BB_upper,0.062462855
daily_return,0.06038243
volume_change,0.060035314
volatility_10,0.059417915
5_day_ma,0.058504
MACD_signal,0.057017807
Open,0.053714585
MACD,0.053546738
High,0.048434477
RSI_14,0.046211667
20_day_std,0.044185523
