Feature,Importance
20_day_ma,0.09975294
High,0.08275078
RSI_14,0.069400996
10_day_ma,0.06691198
volatility_10,0.0634778
Low,0.06341892
volume_change,0.057923634
Close,0.056422696
5_day_ma,0.056007747
MACD,0.054559655
20_day_std,0.05282962
Volume,0.052769087
BB_upper,0.05120759
BB_lower,0.0472662
Open,0.042619202
MACD_signal,0.04221442
daily_return,0.040466737
