Feature,Importance
High,0.07476251
BB_upper,0.07422247
BB_lower,0.07227145
Open,0.06977566
20_day_ma,0.06886772
RSI_14,0.058196593
20_day_std,0.057988133
Low,0.0562386
10_day_ma,0.05453362
Volume,0.054407753
5_day_ma,0.05286766
volatility_10,0.05286377
daily_return,0.052860133
volume_change,0.051807806
MACD_signal,0.05150312
MACD,0.04912294
Close,0.04771005
