Feature,Importance
High,0.07229984
20_day_ma,0.06860238
5_day_ma,0.06723386
Open,0.067111515
BB_lower,0.06499607
Low,0.06452933
Volume,0.063897155
BB_upper,0.06200432
MACD,0.05635537
MACD_signal,0.05531109
20_day_std,0.054182354
volatility_10,0.053714387
Close,0.051976584
10_day_ma,0.05124927
volume_change,0.050943486
daily_return,0.04782278
RSI_14,0.04777012
