Feature,Importance
Open,0.08401871
BB_upper,0.0773345
Low,0.07008037
Close,0.06704508
20_day_ma,0.06371398
RSI_14,0.06068291
BB_lower,0.059270002
MACD,0.05860191
daily_return,0.057914846
Volume,0.05758159
volume_change,0.055799432
High,0.052354265
5_day_ma,0.04768525
MACD_signal,0.047592938
10_day_ma,0.04723136
20_day_std,0.04709366
volatility_10,0.045999277
