Feature,Importance
High,0.06621039
20_day_ma,0.06605154
BB_lower,0.06518539
volume_change,0.0651424
BB_upper,0.06415878
5_day_ma,0.063943654
volatility_10,0.06258174
Open,0.058014333
Volume,0.057718407
Low,0.05686013
daily_return,0.05639426
MACD,0.056236066
10_day_ma,0.056226734
MACD_signal,0.054938857
Close,0.052246004
20_day_std,0.04933685
RSI_14,0.048754454
