Feature,Importance
5_day_ma,0.08397011
Open,0.077743016
Close,0.07505315
10_day_ma,0.07003917
20_day_std,0.06758124
RSI_14,0.06452743
High,0.06419898
volume_change,0.05770151
20_day_ma,0.056326352
Volume,0.056304153
Low,0.055539574
BB_upper,0.05395284
MACD,0.04878673
volatility_10,0.048098132
BB_lower,0.042435728
MACD_signal,0.039760403
daily_return,0.037981547
