Feature,Importance
RSI_14,0.07006413
volatility_10,0.0676073
Low,0.06525584
High,0.06449919
5_day_ma,0.06351065
Close,0.0617864
BB_upper,0.06094084
volume_change,0.059379373
daily_return,0.05903379
MACD_signal,0.058401324
BB_lower,0.05809119
MACD,0.056396395
20_day_std,0.056046534
10_day_ma,0.054720737
Volume,0.052699238
20_day_ma,0.05195839
Open,0.03960862
