Feature,Importance
Open,0.07868697
10_day_ma,0.07465297
5_day_ma,0.064141475
MACD,0.060998045
Low,0.06078216
Volume,0.06075276
volatility_10,0.06068757
BB_lower,0.05996236
MACD_signal,0.058646183
BB_upper,0.055786002
RSI_14,0.05536215
High,0.054448485
Close,0.053069368
20_day_ma,0.052592207
20_day_std,0.051191956
volume_change,0.04968133
daily_return,0.04855802
