Feature,Importance
MACD,0.07436614
Low,0.07235182
daily_return,0.0701179
10_day_ma,0.06815473
5_day_ma,0.06740757
High,0.06677921
volume_change,0.06287031
Close,0.06205441
BB_lower,0.06049736
20_day_std,0.059759997
volatility_10,0.056074873
BB_upper,0.050540935
MACD_signal,0.050298087
Volume,0.04601065
20_day_ma,0.044779282
RSI_14,0.044345688
Open,0.043591034
