Feature,Importance
5_day_ma,0.07175588
BB_upper,0.06688765
20_day_ma,0.065408446
MACD,0.06478647
10_day_ma,0.06435757
volume_change,0.06243888
RSI_14,0.06113574
Volume,0.059945744
High,0.05893725
20_day_std,0.058168624
daily_return,0.057740394
MACD_signal,0.05713459
Low,0.05710487
BB_lower,0.05056137
Open,0.049721144
Close,0.04825001
volatility_10,0.04566534
