Feature,Importance
Low,0.06531338
MACD,0.06480316
RSI_14,0.06456575
BB_lower,0.06407824
Open,0.0637669
High,0.0611325
Close,0.060194146
daily_return,0.05892886
20_day_std,0.05752203
MACD_signal,0.056884177
20_day_ma,0.056852747
5_day_ma,0.05619553
volatility_10,0.0559302
BB_upper,0.055834405
volume_change,0.055516683
Volume,0.053680293
10_day_ma,0.048801016
