Feature,Importance
Open,0.081539996
BB_upper,0.07383706
volatility_10,0.069812134
Close,0.06319189
High,0.06310731
Low,0.06066996
Volume,0.059377253
MACD_signal,0.059346423
daily_return,0.058693282
volume_change,0.055834256
MACD,0.053337447
RSI_14,0.05330959
10_day_ma,0.053048067
5_day_ma,0.05257962
20_day_std,0.048215475
BB_lower,0.04808728
20_day_ma,0.046012983
