Feature,Importance
BB_lower,0.078531384
volatility_10,0.06778825
Open,0.06715555
volume_change,0.06368236
20_day_ma,0.06301751
BB_upper,0.06253312
MACD,0.0618757
5_day_ma,0.05960161
20_day_std,0.05771115
Volume,0.056332584
High,0.05626191
Low,0.054671213
MACD_signal,0.053193513
RSI_14,0.05231759
daily_return,0.051661503
10_day_ma,0.047209255
Close,0.046455752
