Feature,Importance
Low,0.07259863
BB_upper,0.06723042
Open,0.06547155
5_day_ma,0.06296321
20_day_std,0.06256259
RSI_14,0.061563488
BB_lower,0.059851184
daily_return,0.059710108
MACD,0.0593367
20_day_ma,0.058944557
Volume,0.057853624
volume_change,0.05535891
volatility_10,0.05514923
MACD_signal,0.053704873
High,0.050949212
10_day_ma,0.049302768
Close,0.047448955
