Feature,Importance
10_day_ma,0.07262947
Close,0.06915782
20_day_ma,0.06647036
Volume,0.06495228
volume_change,0.06464856
RSI_14,0.06319681
volatility_10,0.061431516
daily_return,0.058289215
BB_lower,0.056573246
BB_upper,0.056262754
Open,0.055954304
5_day_ma,0.05583836
Low,0.054622974
20_day_std,0.053523317
High,0.053039834
MACD,0.05040506
MACD_signal,0.04300417
