Feature,Importance
RSI_14,0.07323896
Low,0.070559256
MACD_signal,0.070233546
BB_upper,0.06883141
volatility_10,0.06467433
High,0.062440246
MACD,0.06175692
Open,0.061351735
volume_change,0.059678517
5_day_ma,0.059145436
20_day_ma,0.05801431
20_day_std,0.054697134
daily_return,0.05217231
10_day_ma,0.049693473
Close,0.048052218
Volume,0.046059795
BB_lower,0.03940033
