Feature,Importance
Low,0.07294523
BB_lower,0.06471187
20_day_std,0.06301662
BB_upper,0.06229409
5_day_ma,0.061233416
20_day_ma,0.06087758
volume_change,0.06066462
MACD,0.059172194
Volume,0.05903735
daily_return,0.058493264
10_day_ma,0.058198057
MACD_signal,0.058098283
RSI_14,0.05645335
Open,0.053751435
volatility_10,0.053230755
High,0.04972461
Close,0.04809729
