Feature,Importance
BB_upper,0.09666461
20_day_ma,0.07785302
Open,0.07500764
10_day_ma,0.07398556
MACD,0.06540946
20_day_std,0.06435929
MACD_signal,0.062384974
High,0.057678882
Close,0.057657696
volatility_10,0.055795763
volume_change,0.052347604
5_day_ma,0.05167165
daily_return,0.047432356
RSI_14,0.044792365
Volume,0.04275377
BB_lower,0.040585604
Low,0.03361975
