Feature,Importance
Open,0.06806997
Low,0.06619141
10_day_ma,0.063373715
volume_change,0.0628761
BB_lower,0.062218644
BB_upper,0.061948128
High,0.060628865
MACD_signal,0.059761133
RSI_14,0.058345415
volatility_10,0.05690532
daily_return,0.05658008
5_day_ma,0.055636797
MACD,0.055473432
20_day_std,0.05463197
20_day_ma,0.053519927
Close,0.052868925
Volume,0.050970122
