Feature,Importance
volatility_10,0.07272732
BB_upper,0.06604968
Volume,0.06356766
daily_return,0.06324717
volume_change,0.062635794
5_day_ma,0.061177902
RSI_14,0.061016873
20_day_ma,0.061003797
Open,0.059783
20_day_std,0.05878713
MACD_signal,0.058304545
MACD,0.05720768
BB_lower,0.05300623
10_day_ma,0.052222013
Low,0.0517601
High,0.051584043
Close,0.045919053
