Feature,Importance
Low,0.07739844
BB_lower,0.06599412
Open,0.065003306
5_day_ma,0.06459197
MACD,0.06422884
RSI_14,0.062096365
Close,0.060906455
20_day_ma,0.05887606
BB_upper,0.05804369
MACD_signal,0.05615981
20_day_std,0.054584354
volume_change,0.054252528
10_day_ma,0.054054122
Volume,0.05367866
volatility_10,0.053545043
daily_return,0.05340586
High,0.043180365
