Feature,Importance
Low,0.08152051
10_day_ma,0.07698193
20_day_ma,0.07046892
BB_lower,0.06824853
volume_change,0.06817773
BB_upper,0.06762922
Open,0.06477213
5_day_ma,0.06323901
MACD_signal,0.05480451
volatility_10,0.053118348
RSI_14,0.05233345
20_day_std,0.050503653
Volume,0.04999129
MACD,0.047046725
daily_return,0.046082146
Close,0.043266613
High,0.041815255
