Feature,Importance
Open,0.07687993
volatility_10,0.06919894
BB_upper,0.0681869
5_day_ma,0.06419236
Low,0.06291165
Volume,0.06259156
MACD_signal,0.062377527
10_day_ma,0.06221745
High,0.05601208
20_day_std,0.054250106
daily_return,0.05394628
MACD,0.053333707
RSI_14,0.052062564
BB_lower,0.051789798
volume_change,0.051082898
Close,0.051013205
20_day_ma,0.047953013
