Feature,Importance
BB_lower,0.071690865
20_day_std,0.068688706
MACD_signal,0.066192195
Low,0.06283414
BB_upper,0.06283389
High,0.061987113
5_day_ma,0.06082668
RSI_14,0.05979227
Volume,0.05978798
Open,0.0573543
daily_return,0.055916272
20_day_ma,0.054467876
volatility_10,0.053861264
Close,0.053653747
volume_change,0.051638756
MACD,0.050267298
10_day_ma,0.04820664
