Feature,Importance
BB_lower,0.07325065
RSI_14,0.07248515
High,0.06527591
10_day_ma,0.063676156
volatility_10,0.061158746
20_day_std,0.06114969
Volume,0.060659207
volume_change,0.060514435
Low,0.058737673
daily_return,0.05863847
20_day_ma,0.056797706
MACD,0.055772122
MACD_signal,0.055057142
BB_upper,0.052061144
Open,0.051680632
5_day_ma,0.047185425
Close,0.045899734
