Feature,Importance
RSI_14,0.077708885
BB_upper,0.075374134
10_day_ma,0.06817952
5_day_ma,0.06723033
20_day_ma,0.06720767
BB_lower,0.06020409
High,0.059884734
Open,0.057895895
volume_change,0.054529753
Low,0.054447707
volatility_10,0.053596657
daily_return,0.053484708
MACD,0.052630514
Close,0.052444946
MACD_signal,0.04985408
20_day_std,0.04931223
Volume,0.04601409
