Feature,Importance
20_day_ma,0.074839145
Open,0.06955082
5_day_ma,0.06920291
High,0.06278159
10_day_ma,0.062180758
Low,0.061724003
MACD,0.058386806
Volume,0.057453223
BB_lower,0.056701355
RSI_14,0.055537883
daily_return,0.055371
MACD_signal,0.0543877
20_day_std,0.054038297
BB_upper,0.052849825
volatility_10,0.05224529
Close,0.05197058
volume_change,0.050778814
