Feature,Importance
5_day_ma,0.08093656
Low,0.06857769
volume_change,0.06621714
volatility_10,0.06479959
daily_return,0.06334992
BB_lower,0.06331626
Open,0.06246478
20_day_ma,0.061911818
RSI_14,0.060423177
High,0.060075305
20_day_std,0.05817961
10_day_ma,0.05812834
MACD_signal,0.057585344
MACD,0.05500124
Volume,0.053575806
BB_upper,0.040116984
Close,0.025340402
