Feature,Importance
High,0.08616391
Low,0.080437146
Open,0.07373096
5_day_ma,0.06553086
Close,0.06481386
BB_upper,0.060812905
volatility_10,0.057583787
Volume,0.05596257
daily_return,0.05394509
20_day_ma,0.053512927
20_day_std,0.05269156
RSI_14,0.05194164
BB_lower,0.051916145
MACD,0.049823727
10_day_ma,0.04901748
volume_change,0.0471084
MACD_signal,0.045007005
