Feature,Importance
Close,0.08595796
20_day_std,0.07662262
Open,0.068373315
BB_upper,0.06786273
BB_lower,0.06660982
MACD_signal,0.06476476
Low,0.063065164
volume_change,0.059376735
High,0.05933947
20_day_ma,0.0591279
Volume,0.0545279
MACD,0.051320806
RSI_14,0.047911286
volatility_10,0.0467488
daily_return,0.04524422
10_day_ma,0.04442004
5_day_ma,0.038726497
