Feature,Importance
5_day_ma,0.07509355
MACD,0.074310236
20_day_ma,0.073317125
Open,0.06956926
Close,0.06940447
RSI_14,0.06455799
Low,0.06426316
volume_change,0.057820097
10_day_ma,0.05691543
BB_lower,0.056769773
High,0.055530664
20_day_std,0.052047234
Volume,0.05025879
volatility_10,0.048652314
BB_upper,0.04809562
daily_return,0.04592368
MACD_signal,0.0374706
