Feature,Importance
20_day_ma,0.067386165
MACD,0.06664393
Low,0.06261013
MACD_signal,0.062205587
10_day_ma,0.062131293
Open,0.062081266
Close,0.061643455
Volume,0.060918834
High,0.05947339
volume_change,0.058885776
BB_lower,0.055568542
daily_return,0.055295
RSI_14,0.054762833
BB_upper,0.054588255
20_day_std,0.054207273
5_day_ma,0.051550303
volatility_10,0.05004797
