Feature,Importance
Close,0.07879521
Low,0.07825991
10_day_ma,0.07278618
MACD,0.06979545
RSI_14,0.0689404
volume_change,0.06739942
BB_upper,0.06544884
High,0.06487144
volatility_10,0.06179778
20_day_ma,0.050973013
daily_return,0.05094054
20_day_std,0.050178543
5_day_ma,0.04960816
Volume,0.048363063
MACD_signal,0.043317847
BB_lower,0.041149367
Open,0.037374847
