Feature,Importance
20_day_ma,0.07182558
MACD_signal,0.06508023
BB_upper,0.064225286
Low,0.0637794
RSI_14,0.06329907
20_day_std,0.06275055
Close,0.059567247
daily_return,0.059302904
Volume,0.05888694
BB_lower,0.0586689
10_day_ma,0.05688398
MACD,0.054856516
volume_change,0.053503875
High,0.05333148
volatility_10,0.052490257
5_day_ma,0.05089665
Open,0.05065115
