Feature,Importance
Low,0.0737469
20_day_std,0.069851704
High,0.06814208
MACD,0.06745823
BB_lower,0.06530705
RSI_14,0.065237485
5_day_ma,0.061977666
Open,0.059120044
MACD_signal,0.056931797
Volume,0.05569941
volatility_10,0.055364747
daily_return,0.054273054
BB_upper,0.053767037
Close,0.053423025
20_day_ma,0.049144465
10_day_ma,0.045543756
volume_change,0.04501157
