Feature,Importance
daily_return,0.07049704
Low,0.06660504
BB_upper,0.06517872
10_day_ma,0.06397015
Volume,0.063218825
5_day_ma,0.061957255
Open,0.061485566
20_day_std,0.06119072
volume_change,0.056843564
MACD,0.056826513
20_day_ma,0.054908883
High,0.054754414
RSI_14,0.053664714
MACD_signal,0.053603683
volatility_10,0.05295707
BB_lower,0.052031968
Close,0.05030586
