Feature,Importance
Low,0.0769712
BB_lower,0.065553665
Open,0.06509867
10_day_ma,0.064363234
MACD,0.06404053
Close,0.0624584
20_day_std,0.062276866
RSI_14,0.061213106
BB_upper,0.058226995
volume_change,0.05817137
daily_return,0.056458775
Volume,0.05582732
volatility_10,0.05397699
20_day_ma,0.05198824
5_day_ma,0.05089132
High,0.046568528
MACD_signal,0.045914847
