Feature,Importance
High,0.067858644
BB_lower,0.066790596
20_day_ma,0.06653312
MACD,0.06513032
BB_upper,0.062243644
Open,0.061338786
5_day_ma,0.060832493
10_day_ma,0.058932185
Low,0.05773292
Volume,0.05725055
RSI_14,0.05660929
20_day_std,0.056464188
volume_change,0.05505574
daily_return,0.0540015
MACD_signal,0.053529497
Close,0.05236176
volatility_10,0.04733477
