Feature,Importance
Open,0.07178628
Low,0.07026182
Volume,0.0691941
Close,0.066295356
20_day_ma,0.06564062
MACD,0.065405436
High,0.059787024
BB_upper,0.058617543
5_day_ma,0.057135146
BB_lower,0.055234957
MACD_signal,0.05435935
daily_return,0.054007042
20_day_std,0.053065557
RSI_14,0.051454745
volume_change,0.0513718
volatility_10,0.04997362
10_day_ma,0.0464096
