Feature,Importance
MACD_signal,0.06886654
High,0.06873263
MACD,0.068024285
volatility_10,0.06800243
BB_lower,0.06747643
Close,0.06719119
BB_upper,0.066667005
volume_change,0.061244167
Volume,0.057812452
10_day_ma,0.056953877
20_day_std,0.055359818
RSI_14,0.05381999
daily_return,0.052477933
5_day_ma,0.05189106
Open,0.05050139
20_day_ma,0.04277697
Low,0.04220185
