Feature,Importance
5_day_ma,0.07201705
Low,0.06833377
MACD,0.06508874
High,0.06347634
RSI_14,0.06197097
MACD_signal,0.061154526
Open,0.06084903
daily_return,0.05971864
volatility_10,0.05958914
20_day_ma,0.059449535
volume_change,0.05714046
Volume,0.05512324
BB_lower,0.054271173
20_day_std,0.05416582
BB_upper,0.053390995
Close,0.04982541
10_day_ma,0.044435166
