Feature,Importance
5_day_ma,0.07511776
RSI_14,0.070459664
BB_lower,0.06937616
Open,0.06907613
20_day_ma,0.061641254
Close,0.061572425
20_day_std,0.061342373
Low,0.06092773
High,0.059728276
MACD_signal,0.059164427
MACD,0.05494136
volume_change,0.05423264
BB_upper,0.05340742
Volume,0.052360974
volatility_10,0.047720987
daily_return,0.04526921
10_day_ma,0.04366113
