Feature,Importance
Open,0.071942694
RSI_14,0.0716201
Close,0.068095624
volume_change,0.065800935
MACD,0.06431045
Low,0.05990622
BB_lower,0.059798
MACD_signal,0.058448512
20_day_std,0.058367826
High,0.057837803
20_day_ma,0.05743999
daily_return,0.056343537
5_day_ma,0.053029235
volatility_10,0.050709695
BB_upper,0.050481867
Volume,0.04967621
10_day_ma,0.04619131
