Feature,Importance
10_day_ma,0.06589642
Low,0.06502523
BB_upper,0.0644223
MACD,0.06357307
High,0.06312032
MACD_signal,0.06307384
5_day_ma,0.062162228
Open,0.060890634
Close,0.058001887
20_day_ma,0.057101384
Volume,0.05541194
20_day_std,0.054592527
BB_lower,0.054555424
volume_change,0.05403742
RSI_14,0.053955175
daily_return,0.053658664
volatility_10,0.050521523
