Feature,Importance
volatility_10,0.084594764
volume_change,0.072415106
daily_return,0.06862381
Volume,0.06811775
5_day_ma,0.06796682
Open,0.06609691
MACD,0.06322095
10_day_ma,0.058094982
High,0.057993837
RSI_14,0.057940673
Close,0.056839384
MACD_signal,0.054667763
20_day_std,0.052022252
Low,0.051758353
BB_upper,0.048994537
20_day_ma,0.046130706
BB_lower,0.024521312
