Feature,Importance
BB_upper,0.089806035
Close,0.07802634
Low,0.07224382
5_day_ma,0.06785486
BB_lower,0.06493993
Open,0.0644437
MACD,0.057072982
10_day_ma,0.056877162
volume_change,0.056450013
daily_return,0.05468918
20_day_std,0.05430921
High,0.05236539
volatility_10,0.051176317
MACD_signal,0.04928209
RSI_14,0.046891082
20_day_ma,0.044098865
Volume,0.03947306
