Feature,Importance
MACD,0.07753583
BB_upper,0.07395532
5_day_ma,0.068124376
Close,0.06789394
RSI_14,0.0632488
10_day_ma,0.062853254
MACD_signal,0.062436942
volume_change,0.061900146
volatility_10,0.0581877
Open,0.057370104
daily_return,0.05692336
Low,0.056724858
Volume,0.0566049
20_day_std,0.048240855
BB_lower,0.047703292
High,0.04664633
20_day_ma,0.03364994
