Feature,Importance
Low,0.09346261
5_day_ma,0.08068747
10_day_ma,0.07943904
Open,0.0641717
BB_upper,0.06252613
volatility_10,0.05906849
Close,0.05795065
daily_return,0.055942945
20_day_ma,0.055735406
Volume,0.055703703
MACD,0.05482464
MACD_signal,0.051472083
volume_change,0.048107382
High,0.04736171
BB_lower,0.04587725
20_day_std,0.04398873
RSI_14,0.043680098
