Feature,Importance
High,0.07328942
Volume,0.07254716
Open,0.07101003
volatility_10,0.06996987
daily_return,0.06717978
RSI_14,0.06257497
BB_lower,0.060885385
volume_change,0.060711723
20_day_std,0.060448714
10_day_ma,0.055922024
20_day_ma,0.055565413
Low,0.055061743
MACD_signal,0.05454334
5_day_ma,0.052595176
Close,0.04596608
MACD,0.045193363
BB_upper,0.036535807
