Feature,Importance
RSI_14,0.06721226
20_day_ma,0.06606332
volume_change,0.06395959
Close,0.06268246
Open,0.061541613
daily_return,0.061099287
MACD_signal,0.060456306
BB_upper,0.058287583
volatility_10,0.058176138
MACD,0.0575384
Low,0.05711999
Volume,0.056056466
BB_lower,0.056023635
20_day_std,0.05542353
10_day_ma,0.055174068
High,0.053852975
5_day_ma,0.049332365
