Feature,Importance
Low,0.07091762
5_day_ma,0.06664516
volume_change,0.061424147
Open,0.061324622
MACD,0.060467985
MACD_signal,0.06039844
BB_lower,0.06023669
volatility_10,0.059981145
10_day_ma,0.058944665
BB_upper,0.058813833
20_day_std,0.05733622
Close,0.05626647
High,0.055125028
Volume,0.053774208
RSI_14,0.053434327
daily_return,0.053022403
20_day_ma,0.05188702
