Feature,Importance
10_day_ma,0.08584511
Close,0.07597945
MACD,0.06983284
RSI_14,0.06385862
5_day_ma,0.06354496
volume_change,0.060236324
20_day_ma,0.059670363
MACD_signal,0.058746677
High,0.057543077
Low,0.056812514
daily_return,0.052788503
Volume,0.051602766
BB_upper,0.05122462
volatility_10,0.050020855
Open,0.049451746
BB_lower,0.047440667
20_day_std,0.045400836
