Feature,Importance
Volume,0.06830284
BB_lower,0.06777443
MACD,0.0662737
Open,0.06505003
20_day_ma,0.064943604
5_day_ma,0.06274715
RSI_14,0.061984807
volatility_10,0.061953057
20_day_std,0.059591606
MACD_signal,0.057305038
BB_upper,0.056877475
High,0.05662068
volume_change,0.054895185
10_day_ma,0.049800165
Close,0.049602285
daily_return,0.04814681
Low,0.048131138
