Feature,Importance
BB_lower,0.065161385
MACD,0.062798314
volatility_10,0.062658764
MACD_signal,0.06259359
Low,0.062530525
BB_upper,0.061960038
20_day_ma,0.05933272
5_day_ma,0.059125517
20_day_std,0.05876429
Open,0.0587377
RSI_14,0.058671582
High,0.058419704
daily_return,0.055958863
10_day_ma,0.055939745
volume_change,0.054841794
Close,0.051267073
Volume,0.051238447
