Feature,Importance
BB_upper,0.07373722
volume_change,0.0725434
10_day_ma,0.07051815
20_day_ma,0.07002363
BB_lower,0.062825926
5_day_ma,0.062590376
MACD_signal,0.059711266
RSI_14,0.059649833
volatility_10,0.057860833
Close,0.055933066
Volume,0.054527223
Open,0.054378588
Low,0.054276638
MACD,0.048899774
20_day_std,0.048668247
daily_return,0.048234653
High,0.045621116
