Feature,Importance
BB_upper,0.073277384
Low,0.06391122
BB_lower,0.06320036
RSI_14,0.062260244
MACD_signal,0.06171897
Open,0.06017954
5_day_ma,0.05982419
MACD,0.05771728
daily_return,0.057701766
volatility_10,0.057528388
volume_change,0.056603357
Volume,0.055587523
20_day_std,0.055321984
Close,0.055217262
10_day_ma,0.054305006
High,0.05353912
20_day_ma,0.05210639
