Feature,Importance
volatility_10,0.079571
Low,0.07741345
High,0.06613005
Open,0.06418857
volume_change,0.062787555
5_day_ma,0.06149259
BB_lower,0.061439898
daily_return,0.06044691
RSI_14,0.060258523
Close,0.056196332
20_day_ma,0.056195203
MACD_signal,0.055556767
Volume,0.05448695
BB_upper,0.047519717
MACD,0.047172878
20_day_std,0.045297895
10_day_ma,0.043845728
