Feature,Importance
Open,0.06812528
volatility_10,0.06490477
volume_change,0.061642203
20_day_std,0.060954858
BB_upper,0.06089979
10_day_ma,0.059862427
Volume,0.05973063
Low,0.059509594
daily_return,0.059474956
MACD_signal,0.05769739
BB_lower,0.057575975
High,0.05682567
Close,0.05591657
MACD,0.055876315
RSI_14,0.055389237
5_day_ma,0.05395211
20_day_ma,0.05166213
