Feature,Importance
5_day_ma,0.06774078
20_day_std,0.065005556
Low,0.063830346
BB_lower,0.06314783
MACD_signal,0.0624067
MACD,0.06145738
High,0.06054852
20_day_ma,0.06018223
volatility_10,0.0588188
volume_change,0.05834238
BB_upper,0.05809069
10_day_ma,0.05699687
RSI_14,0.055946305
Open,0.055580053
daily_return,0.05313616
Close,0.051274568
Volume,0.047494773
