Feature,Importance
BB_upper,0.08999235
High,0.08233591
MACD_signal,0.07102882
Close,0.06913465
daily_return,0.064383805
volume_change,0.06321676
RSI_14,0.062399123
volatility_10,0.06098381
BB_lower,0.060577687
20_day_std,0.05647692
Volume,0.05486979
MACD,0.051787976
Open,0.048385635
Low,0.04513242
5_day_ma,0.044431314
10_day_ma,0.038581967
20_day_ma,0.036281023
