Feature,Importance
Low,0.07802787
RSI_14,0.06828074
5_day_ma,0.06509533
BB_upper,0.06373952
20_day_std,0.061954375
Volume,0.06015753
MACD,0.05912584
High,0.058483012
volume_change,0.057060298
Open,0.05672608
10_day_ma,0.056582075
volatility_10,0.056053102
daily_return,0.055710886
BB_lower,0.055419385
MACD_signal,0.05117345
20_day_ma,0.049489476
Close,0.046921022
