Feature,Importance
MACD_signal,0.06846758
BB_lower,0.066272974
MACD,0.06609456
10_day_ma,0.06549102
20_day_ma,0.062062304
daily_return,0.061175104
volatility_10,0.059718437
20_day_std,0.05965044
volume_change,0.0584383
5_day_ma,0.05691754
BB_upper,0.056813218
Low,0.056568764
Open,0.054937363
Volume,0.053251967
Close,0.05248656
High,0.052142393
RSI_14,0.04951143
