Feature,Importance
20_day_ma,0.076129615
10_day_ma,0.07529336
Open,0.070610955
Volume,0.07005298
20_day_std,0.067753114
volatility_10,0.065750584
RSI_14,0.057693567
volume_change,0.056111712
MACD,0.055145457
5_day_ma,0.05501873
BB_upper,0.054715853
BB_lower,0.05376906
MACD_signal,0.053652562
daily_return,0.050238643
Close,0.048023053
Low,0.046660293
High,0.043380514
