Feature,Importance
Low,0.07521206
Close,0.0742225
20_day_std,0.07006787
BB_upper,0.06648122
Open,0.06461272
BB_lower,0.060443953
High,0.0602711
MACD_signal,0.058750976
RSI_14,0.056595776
MACD,0.05626733
daily_return,0.0550021
volume_change,0.054886017
10_day_ma,0.053068917
5_day_ma,0.049712796
volatility_10,0.049643554
Volume,0.049555656
20_day_ma,0.04520545
