Feature,Importance
volatility_10,0.075399466
BB_lower,0.06839442
RSI_14,0.06644681
20_day_ma,0.0625457
MACD,0.061671637
BB_upper,0.0610552
daily_return,0.06071616
20_day_std,0.060491096
5_day_ma,0.058087565
High,0.05798137
Low,0.055250544
Volume,0.055087402
volume_change,0.05455725
MACD_signal,0.053824082
Open,0.053628307
Close,0.04903534
10_day_ma,0.045827784
