Feature,Importance
MACD,0.06617075
Low,0.06585216
MACD_signal,0.06464687
BB_upper,0.06184047
5_day_ma,0.061585434
BB_lower,0.059419874
volume_change,0.05935363
Close,0.05919359
High,0.05913025
10_day_ma,0.058119893
20_day_std,0.057798915
volatility_10,0.05654559
Open,0.05640061
Volume,0.055992004
RSI_14,0.055672415
daily_return,0.055438448
20_day_ma,0.046839155
