Feature,Importance
BB_upper,0.06949971
10_day_ma,0.067982614
Open,0.06561874
Low,0.06554225
volume_change,0.065348275
MACD_signal,0.061500434
Close,0.059725463
MACD,0.059273813
20_day_std,0.058534313
BB_lower,0.057764955
RSI_14,0.05726873
High,0.056441534
20_day_ma,0.053839408
5_day_ma,0.05223974
Volume,0.050847605
volatility_10,0.050547536
daily_return,0.04802496
