Feature,Importance
daily_return,0.06424161
MACD_signal,0.06392134
BB_upper,0.06344983
Low,0.06324832
High,0.0630617
Open,0.06169142
10_day_ma,0.060863506
20_day_std,0.060787536
RSI_14,0.05994072
volume_change,0.05639389
20_day_ma,0.05631451
volatility_10,0.056109373
BB_lower,0.055749588
Volume,0.055727895
Close,0.054605808
MACD,0.05202885
5_day_ma,0.05186408
