Feature,Importance
5_day_ma,0.07013698
BB_upper,0.06639382
Low,0.06544736
High,0.06172406
MACD,0.06010861
RSI_14,0.059042256
10_day_ma,0.058036085
BB_lower,0.05778226
Close,0.057750907
Open,0.056917615
20_day_ma,0.056117922
volume_change,0.055987787
MACD_signal,0.05549558
daily_return,0.055461682
20_day_std,0.055345554
volatility_10,0.054620244
Volume,0.053631295
