Feature,Importance
Low,0.11572101
High,0.07601771
BB_upper,0.07357604
MACD_signal,0.071830526
5_day_ma,0.06360351
Open,0.06287119
volatility_10,0.06204966
MACD,0.060575373
Close,0.057472747
RSI_14,0.053841464
volume_change,0.053233217
10_day_ma,0.047706634
BB_lower,0.044379503
20_day_std,0.042440183
Volume,0.03866583
daily_return,0.038109273
20_day_ma,0.037906136
