Feature,Importance
10_day_ma,0.07288023
High,0.07033765
Volume,0.068413116
BB_upper,0.067520574
volatility_10,0.06726448
MACD,0.06512491
Close,0.064626805
volume_change,0.058507103
daily_return,0.058273453
MACD_signal,0.05597678
BB_lower,0.05475693
RSI_14,0.053859852
5_day_ma,0.05316671
20_day_std,0.049630664
20_day_ma,0.047296923
Low,0.046771772
Open,0.04559196
