Feature,Importance
High,0.070559785
5_day_ma,0.067384325
MACD_signal,0.063874595
MACD,0.06331516
volatility_10,0.063182734
BB_upper,0.060394682
daily_return,0.05887483
BB_lower,0.058281086
RSI_14,0.05813449
20_day_ma,0.057146855
Low,0.05581685
volume_change,0.05572515
Open,0.05466691
Close,0.054165598
Volume,0.05368472
10_day_ma,0.052688845
20_day_std,0.052103415
