Feature,Importance
5_day_ma,0.07350692
Open,0.07326768
daily_return,0.06599934
Low,0.06221534
BB_upper,0.06171928
High,0.060743887
BB_lower,0.06009922
Volume,0.059705578
20_day_std,0.05643762
RSI_14,0.055901363
10_day_ma,0.055210233
MACD_signal,0.05433881
20_day_ma,0.05431572
volume_change,0.054089196
MACD,0.05210674
volatility_10,0.051659457
Close,0.048683625
