Feature,Importance
5_day_ma,0.07171648
20_day_ma,0.071269736
Low,0.06755539
10_day_ma,0.06565321
High,0.064541444
RSI_14,0.061867543
volume_change,0.061302796
BB_lower,0.05853879
volatility_10,0.058485806
BB_upper,0.0580015
daily_return,0.056112256
MACD,0.05409069
Volume,0.05260154
Close,0.049992763
Open,0.049580086
20_day_std,0.04957692
MACD_signal,0.049113084
