Feature,Importance
High,0.07937867
20_day_ma,0.06901658
5_day_ma,0.06860915
Close,0.06711055
10_day_ma,0.063241586
BB_lower,0.062210888
Low,0.057914004
RSI_14,0.055708867
Open,0.05558322
BB_upper,0.05511671
volatility_10,0.053817224
Volume,0.05377396
daily_return,0.053516705
volume_change,0.053059015
20_day_std,0.05199938
MACD_signal,0.05105062
MACD,0.048892826
