Feature,Importance
20_day_ma,0.07203119
MACD,0.06621287
BB_lower,0.066010356
Open,0.06591121
BB_upper,0.065063216
10_day_ma,0.06353125
volume_change,0.061062865
High,0.060888916
MACD_signal,0.05931115
RSI_14,0.055441514
volatility_10,0.054831184
Low,0.054719713
5_day_ma,0.053317986
Close,0.052878987
Volume,0.05267801
daily_return,0.050002832
20_day_std,0.046106733
