Feature,Importance
Close,0.07337067
Low,0.06456827
BB_upper,0.06407703
MACD,0.06268448
volume_change,0.061107356
20_day_ma,0.059960455
BB_lower,0.05904792
10_day_ma,0.058625303
High,0.057777464
MACD_signal,0.05735122
20_day_std,0.056675658
RSI_14,0.056049503
5_day_ma,0.05547067
Open,0.055254087
daily_return,0.05511581
Volume,0.054201715
volatility_10,0.048662312
