Feature,Importance
10_day_ma,0.09805167
5_day_ma,0.07932065
Volume,0.07913786
MACD,0.07404848
20_day_ma,0.07287589
MACD_signal,0.071727864
volatility_10,0.07102842
Low,0.06485871
Close,0.058770936
volume_change,0.049729254
20_day_std,0.04908129
daily_return,0.046532407
High,0.046346374
RSI_14,0.03648612
BB_lower,0.035862055
Open,0.035579797
BB_upper,0.030562202
