Feature,Importance
Low,0.07395813
BB_upper,0.07394569
Open,0.06471438
20_day_std,0.063884966
High,0.063750364
MACD_signal,0.060532067
10_day_ma,0.06008486
Close,0.05811556
daily_return,0.05711006
20_day_ma,0.05692175
BB_lower,0.055798933
5_day_ma,0.05546473
RSI_14,0.05482667
volume_change,0.05154251
Volume,0.051359113
MACD,0.051279373
volatility_10,0.046710826
