Feature,Importance
20_day_ma,0.08004987
BB_upper,0.07607829
MACD_signal,0.07046485
Low,0.06966124
10_day_ma,0.06887742
Volume,0.059709825
5_day_ma,0.05969113
daily_return,0.058401212
volatility_10,0.05615678
volume_change,0.053847175
RSI_14,0.053751316
MACD,0.053439256
Open,0.050427407
Close,0.049486242
High,0.04818172
20_day_std,0.04757353
BB_lower,0.04420271
