Feature,Importance
Open,0.08083307
10_day_ma,0.0790582
volatility_10,0.07051637
BB_upper,0.070344806
5_day_ma,0.06800338
Close,0.06624709
MACD,0.0581542
MACD_signal,0.05780738
daily_return,0.05632511
Low,0.055211116
RSI_14,0.05509346
High,0.05110112
20_day_ma,0.050387833
Volume,0.046344627
20_day_std,0.045351323
volume_change,0.045240857
BB_lower,0.04398009
