Feature,Importance
BB_upper,0.067293644
BB_lower,0.06504881
20_day_ma,0.06417086
Low,0.06310171
MACD,0.060362548
RSI_14,0.059946958
MACD_signal,0.059482366
daily_return,0.058864765
20_day_std,0.058424808
10_day_ma,0.057875287
Close,0.05699889
volatility_10,0.056591954
High,0.05612348
5_day_ma,0.05516275
Open,0.055055484
volume_change,0.05324362
Volume,0.052252125
