Feature,Importance
5_day_ma,0.08725555
Open,0.07006068
Low,0.06652505
BB_upper,0.065664984
High,0.06370177
daily_return,0.062668465
RSI_14,0.059340283
MACD,0.058414977
Volume,0.056681015
volume_change,0.055819705
BB_lower,0.05381802
20_day_std,0.05320096
MACD_signal,0.053099606
10_day_ma,0.051911112
volatility_10,0.050461836
20_day_ma,0.0492388
Close,0.042137217
