Feature,Importance
High,0.07561573
BB_lower,0.067750335
RSI_14,0.06736796
Low,0.067221224
Close,0.06678518
5_day_ma,0.063785136
10_day_ma,0.060340453
Volume,0.058557983
MACD,0.055926338
MACD_signal,0.05521084
20_day_ma,0.05409089
volume_change,0.05336502
BB_upper,0.052741945
daily_return,0.052608274
volatility_10,0.05242961
Open,0.05062974
20_day_std,0.04557331
