Feature,Importance
BB_upper,0.07451083
volume_change,0.07276651
daily_return,0.065870486
BB_lower,0.06442351
10_day_ma,0.062044963
Volume,0.06160672
5_day_ma,0.06109596
20_day_std,0.0585461
volatility_10,0.058149308
Close,0.057955287
Low,0.05759442
MACD,0.056493882
RSI_14,0.056335274
20_day_ma,0.055452988
High,0.052195046
MACD_signal,0.042863883
Open,0.042094808
