Feature,Importance
BB_upper,0.076960295
daily_return,0.074088514
volatility_10,0.0655867
volume_change,0.062527016
20_day_std,0.062296905
10_day_ma,0.061725624
BB_lower,0.061400905
Close,0.060234632
Open,0.06006562
Low,0.055082362
Volume,0.05325637
High,0.052611522
20_day_ma,0.05260724
MACD_signal,0.05228143
5_day_ma,0.051266436
MACD,0.04926049
RSI_14,0.04874792
