Feature,Importance
10_day_ma,0.0657052
BB_lower,0.06552384
20_day_ma,0.06415079
Low,0.06316885
MACD_signal,0.0628432
MACD,0.06226253
High,0.061914634
BB_upper,0.061167564
daily_return,0.061155673
RSI_14,0.058375623
20_day_std,0.05775625
volatility_10,0.05648694
Volume,0.055436637
5_day_ma,0.054372717
volume_change,0.051023863
Open,0.04981015
Close,0.048845593
