Feature,Importance
Low,0.074795716
BB_upper,0.067165494
10_day_ma,0.06295016
BB_lower,0.062432263
High,0.06098815
20_day_std,0.060534578
volume_change,0.06047291
20_day_ma,0.0602596
Open,0.05910256
5_day_ma,0.05794514
volatility_10,0.057304025
Close,0.056433696
Volume,0.0547932
MACD_signal,0.05386842
MACD,0.053751722
daily_return,0.0491372
RSI_14,0.04806514
