Feature,Importance
MACD,0.07275706
volatility_10,0.06818318
Open,0.0640395
BB_upper,0.0638703
volume_change,0.06349453
Low,0.062206376
daily_return,0.059081294
20_day_ma,0.058732197
High,0.05846291
BB_lower,0.057391804
Volume,0.056650527
10_day_ma,0.05594072
RSI_14,0.055637944
MACD_signal,0.054131612
20_day_std,0.05126183
Close,0.04985921
5_day_ma,0.048298977
