Feature,Importance
BB_upper,0.073607095
RSI_14,0.07337644
20_day_ma,0.06968623
MACD,0.06963226
10_day_ma,0.068270594
20_day_std,0.06389639
BB_lower,0.061796527
volume_change,0.060684532
MACD_signal,0.05804627
5_day_ma,0.05658335
Volume,0.053477623
Close,0.053089157
Low,0.05237777
daily_return,0.051399995
Open,0.050749645
volatility_10,0.045775298
High,0.037550833
