Feature,Importance
Open,0.067061126
10_day_ma,0.065962605
volume_change,0.064974025
Low,0.06484861
BB_lower,0.06429607
20_day_ma,0.062356677
BB_upper,0.06070269
MACD_signal,0.059742272
20_day_std,0.05895475
Close,0.05747732
High,0.05624943
daily_return,0.055521067
volatility_10,0.054684654
Volume,0.05435295
5_day_ma,0.053912576
RSI_14,0.050323088
MACD,0.04858006
