Feature,Importance
20_day_ma,0.09993803
Low,0.095779166
RSI_14,0.07538994
BB_lower,0.06358659
BB_upper,0.061165098
5_day_ma,0.060025208
daily_return,0.059969034
volatility_10,0.058185913
volume_change,0.057831652
MACD_signal,0.05541667
Close,0.053130914
20_day_std,0.05173104
MACD,0.04625543
10_day_ma,0.044573795
Open,0.042533677
High,0.040770724
Volume,0.03371706
