Feature,Importance
10_day_ma,0.07533072
BB_upper,0.0711472
volume_change,0.069747515
20_day_ma,0.067158446
Close,0.06643123
Open,0.06163997
BB_lower,0.061398715
Volume,0.060917273
20_day_std,0.05979578
MACD_signal,0.057441387
MACD,0.055683684
volatility_10,0.055601362
5_day_ma,0.055385966
RSI_14,0.05457978
Low,0.049764574
daily_return,0.04295873
High,0.035017706
