Feature,Importance
Low,0.07599565
BB_upper,0.07205515
10_day_ma,0.071151674
volume_change,0.0627171
5_day_ma,0.060934946
RSI_14,0.06011284
High,0.0597858
20_day_ma,0.059490386
MACD_signal,0.0581997
BB_lower,0.05766341
Close,0.056604724
20_day_std,0.053263314
MACD,0.052412566
daily_return,0.0519682
Volume,0.050582338
volatility_10,0.04903175
Open,0.048030477
