Feature,Importance
Low,0.075167835
10_day_ma,0.06837851
High,0.06385562
5_day_ma,0.06374449
20_day_std,0.06356209
Close,0.06103951
MACD,0.060766354
MACD_signal,0.060473226
BB_lower,0.05917477
Open,0.05829411
Volume,0.056574125
volume_change,0.05343747
RSI_14,0.05289044
BB_upper,0.051946405
daily_return,0.051422007
volatility_10,0.050427504
20_day_ma,0.048845515
