Feature,Importance
volume_change,0.07548093
20_day_ma,0.07284331
BB_upper,0.0719295
Low,0.06682732
MACD_signal,0.062971525
10_day_ma,0.061506037
5_day_ma,0.06085931
MACD,0.05915559
Close,0.058506053
daily_return,0.05710486
RSI_14,0.05643051
20_day_std,0.055571023
High,0.054078776
Open,0.05065309
BB_lower,0.046320096
volatility_10,0.046169028
Volume,0.043593086
