Feature,Importance
Low,0.0713593
High,0.06657218
volume_change,0.065703
5_day_ma,0.06411047
Volume,0.06122345
BB_upper,0.05997335
20_day_std,0.058818582
BB_lower,0.05877112
Open,0.058338698
MACD_signal,0.05759206
daily_return,0.05635901
10_day_ma,0.055835783
volatility_10,0.055648617
RSI_14,0.05511942
Close,0.05428048
20_day_ma,0.0507339
MACD,0.049560558
