Feature,Importance
Open,0.075443104
High,0.06855704
volume_change,0.06559663
MACD,0.06420208
20_day_ma,0.06297112
10_day_ma,0.06160882
Close,0.061132886
20_day_std,0.061069686
volatility_10,0.060824655
MACD_signal,0.05951125
Volume,0.05904312
RSI_14,0.05740167
daily_return,0.054827705
Low,0.052135605
BB_lower,0.05067011
BB_upper,0.047069546
5_day_ma,0.03793503
