Feature,Importance
5_day_ma,0.075580925
Close,0.07045628
10_day_ma,0.06952897
MACD_signal,0.06433843
High,0.06206952
Low,0.061347876
20_day_std,0.05988604
MACD,0.059260543
BB_upper,0.05848662
BB_lower,0.056087688
volume_change,0.055227377
volatility_10,0.05508272
daily_return,0.054789264
Open,0.052996293
Volume,0.049976617
20_day_ma,0.048330683
RSI_14,0.04655417
