Feature,Importance
5_day_ma,0.07053885
daily_return,0.06782773
Volume,0.06507028
Close,0.06362435
Low,0.06345141
10_day_ma,0.061246354
20_day_ma,0.060091924
Open,0.059675857
BB_upper,0.058377862
volatility_10,0.05790146
MACD,0.05774395
RSI_14,0.055557493
20_day_std,0.05477895
volume_change,0.05269709
MACD_signal,0.05177814
High,0.050910715
BB_lower,0.04872759
