Feature,Importance
BB_upper,0.078719296
volatility_10,0.07191004
20_day_ma,0.0640888
5_day_ma,0.06291742
BB_lower,0.06278016
20_day_std,0.059223108
Low,0.058672264
RSI_14,0.058414564
daily_return,0.05817771
Open,0.05598414
Volume,0.055212263
10_day_ma,0.054475572
High,0.05325778
Close,0.052668832
volume_change,0.052007183
MACD,0.0514211
MACD_signal,0.050069734
