Feature,Importance
BB_lower,0.078558505
Close,0.07154996
MACD,0.07134524
High,0.062987976
RSI_14,0.062097695
BB_upper,0.0620922
Low,0.060971245
volatility_10,0.05836753
5_day_ma,0.057480376
daily_return,0.057029676
MACD_signal,0.056567054
volume_change,0.054918222
20_day_std,0.054804962
Volume,0.05248937
20_day_ma,0.049829315
10_day_ma,0.04770671
Open,0.04120401
