Feature,Importance
BB_lower,0.0735219
Open,0.07195034
10_day_ma,0.065277174
20_day_std,0.06336686
volume_change,0.06149834
Low,0.060134552
RSI_14,0.059267823
BB_upper,0.058783278
daily_return,0.05873667
5_day_ma,0.057183336
MACD_signal,0.05625496
volatility_10,0.055571098
20_day_ma,0.053650975
Volume,0.05358344
High,0.052786287
MACD,0.050610643
Close,0.04782225
