Feature,Importance
10_day_ma,0.08535986
MACD_signal,0.07096741
20_day_ma,0.06962387
MACD,0.06404536
RSI_14,0.06379938
Open,0.06008125
BB_lower,0.059200123
Low,0.05862185
daily_return,0.057705548
Close,0.05765942
20_day_std,0.05699621
5_day_ma,0.05518007
High,0.053098053
volatility_10,0.048704613
BB_upper,0.048087906
Volume,0.047546554
volume_change,0.043322492
