Feature,Importance
5_day_ma,0.07176636
20_day_std,0.062497012
20_day_ma,0.06152624
volatility_10,0.061146293
BB_lower,0.060681347
BB_upper,0.059968766
Low,0.05990467
daily_return,0.05857086
Open,0.057768628
RSI_14,0.057664633
High,0.057266153
Close,0.05674285
volume_change,0.056568146
MACD,0.05638363
Volume,0.054812804
MACD_signal,0.053843465
10_day_ma,0.052888114
