Feature,Importance
20_day_ma,0.0696991
10_day_ma,0.06851398
Close,0.06789242
High,0.066769965
RSI_14,0.061637875
BB_upper,0.06052833
5_day_ma,0.060207583
BB_lower,0.059488904
daily_return,0.05861518
MACD_signal,0.058550395
20_day_std,0.05794315
volume_change,0.057798542
MACD,0.052799143
Volume,0.05215315
volatility_10,0.052034102
Low,0.0512014
Open,0.04416674
