Feature,Importance
20_day_ma,0.09494689
Low,0.07899681
High,0.07101343
MACD_signal,0.062728435
10_day_ma,0.062110722
Close,0.06071488
Open,0.05956872
BB_lower,0.05691264
BB_upper,0.05473503
volume_change,0.05352669
daily_return,0.05219726
MACD,0.051529687
volatility_10,0.05006503
Volume,0.049890127
20_day_std,0.04887758
RSI_14,0.047308497
5_day_ma,0.04487757
