Feature,Importance
BB_lower,0.075180374
BB_upper,0.06548616
Low,0.06470498
10_day_ma,0.061477438
MACD,0.06116746
daily_return,0.05989179
Open,0.05969028
20_day_std,0.059683543
RSI_14,0.05860051
volume_change,0.058104187
MACD_signal,0.057563677
20_day_ma,0.057290345
5_day_ma,0.05706844
volatility_10,0.05262383
High,0.052156292
Close,0.05104065
Volume,0.04827
