Feature,Importance
20_day_ma,0.07208433
BB_upper,0.06761533
Low,0.066404246
daily_return,0.06427726
volatility_10,0.06308638
RSI_14,0.06275028
5_day_ma,0.061790567
20_day_std,0.05926866
MACD,0.058256626
Volume,0.05753008
volume_change,0.056214646
High,0.055614356
Open,0.055538226
BB_lower,0.05489098
Close,0.050718278
MACD_signal,0.047669243
10_day_ma,0.046290442
