Feature,Importance
RSI_14,0.07059776
BB_lower,0.068935536
BB_upper,0.06410276
20_day_ma,0.06368681
20_day_std,0.06337762
Low,0.06188738
MACD_signal,0.0610537
5_day_ma,0.06058063
volume_change,0.060500924
10_day_ma,0.060346276
MACD,0.05906415
volatility_10,0.05771785
Volume,0.056962892
daily_return,0.05072165
Open,0.048747864
High,0.047993198
Close,0.043722983
