Feature,Importance
BB_upper,0.07192029
20_day_ma,0.071652986
volume_change,0.06654183
Open,0.065999195
BB_lower,0.061412685
volatility_10,0.061029166
MACD,0.059215568
Volume,0.05918147
5_day_ma,0.05866154
RSI_14,0.057414304
High,0.05727799
Close,0.05609519
daily_return,0.055918
MACD_signal,0.054014266
20_day_std,0.052756432
10_day_ma,0.048313916
Low,0.04259514
