Feature,Importance
BB_lower,0.07178413
Open,0.06745512
20_day_std,0.066487655
Close,0.06382961
daily_return,0.06266664
RSI_14,0.061157525
Low,0.06007474
10_day_ma,0.060036317
MACD_signal,0.05995325
volatility_10,0.058677256
5_day_ma,0.057438053
MACD,0.057318203
volume_change,0.05607713
BB_upper,0.054408703
Volume,0.052525505
High,0.052416086
20_day_ma,0.0376941
