Feature,Importance
BB_upper,0.069608495
daily_return,0.06593538
10_day_ma,0.06362978
20_day_std,0.06296069
Low,0.06278058
20_day_ma,0.06178913
MACD_signal,0.061567545
MACD,0.061375808
Volume,0.05871634
Open,0.058406804
volume_change,0.056678448
volatility_10,0.05661234
RSI_14,0.056116447
BB_lower,0.055519007
High,0.050565798
Close,0.04998538
5_day_ma,0.047752075
