Feature,Importance
Low,0.08196666
BB_upper,0.07069934
volatility_10,0.0645483
BB_lower,0.06388482
daily_return,0.06344096
20_day_std,0.061362863
High,0.06036264
Open,0.060016677
volume_change,0.056664646
20_day_ma,0.054769564
MACD,0.053830113
Volume,0.053207476
RSI_14,0.0528454
5_day_ma,0.05262503
10_day_ma,0.050686203
Close,0.050624948
MACD_signal,0.04846434
