Feature,Importance
Open,0.07776178
MACD,0.07154485
20_day_ma,0.06709737
Close,0.0666882
MACD_signal,0.065563716
20_day_std,0.063287966
volume_change,0.06266579
RSI_14,0.05653608
10_day_ma,0.056061722
daily_return,0.05572846
High,0.055613454
volatility_10,0.055181973
BB_lower,0.054401647
Volume,0.054350566
5_day_ma,0.046225615
Low,0.045922603
BB_upper,0.04536817
