Feature,Importance
MACD,0.07350158
RSI_14,0.07229347
MACD_signal,0.06874209
volatility_10,0.066944085
20_day_std,0.06270801
BB_lower,0.06064722
BB_upper,0.059510663
volume_change,0.05928425
High,0.057998046
daily_return,0.05578907
Close,0.05557752
5_day_ma,0.05468713
Open,0.052118838
Volume,0.05140513
10_day_ma,0.05134074
20_day_ma,0.050599795
Low,0.04685238
