Feature,Importance
BB_upper,0.079202265
Low,0.07405581
20_day_std,0.06921668
daily_return,0.067796975
volatility_10,0.064792305
20_day_ma,0.063019074
Volume,0.058920134
RSI_14,0.05760895
High,0.056625232
volume_change,0.056416567
MACD,0.05572951
BB_lower,0.05543434
5_day_ma,0.05379773
Close,0.051447123
10_day_ma,0.04846522
MACD_signal,0.048187684
Open,0.039284404
