Feature,Importance
BB_upper,0.070799164
Close,0.067541994
Volume,0.0655565
MACD,0.06514598
10_day_ma,0.061975688
5_day_ma,0.060345232
RSI_14,0.059538502
volume_change,0.058688167
High,0.05817013
20_day_ma,0.05787696
BB_lower,0.056500047
20_day_std,0.056147527
daily_return,0.05530902
MACD_signal,0.054357618
Low,0.052361887
volatility_10,0.05086611
Open,0.048819527
