Feature,Importance
BB_lower,0.098833404
High,0.078946956
20_day_ma,0.07624261
Close,0.06902499
10_day_ma,0.06287024
MACD_signal,0.06237062
5_day_ma,0.057607368
volume_change,0.055501465
Volume,0.055460267
Low,0.054831732
Open,0.05283173
20_day_std,0.052575026
RSI_14,0.048227176
volatility_10,0.048098322
MACD,0.045452602
BB_upper,0.044421863
daily_return,0.036703616
