Feature,Importance
5_day_ma,0.067282684
BB_lower,0.06491102
daily_return,0.06369137
RSI_14,0.06318351
20_day_std,0.06307936
BB_upper,0.062506765
Open,0.05990303
Low,0.059624273
volume_change,0.059561063
volatility_10,0.05843672
Volume,0.057664257
20_day_ma,0.05761425
MACD_signal,0.055655215
MACD,0.05547986
10_day_ma,0.053322576
Close,0.049122896
High,0.04896112
