Feature,Importance
5_day_ma,0.07199619
Low,0.070201896
20_day_ma,0.06612091
High,0.06570186
MACD,0.065028735
Volume,0.064875744
20_day_std,0.06439783
MACD_signal,0.05914703
Open,0.05699486
10_day_ma,0.05693358
BB_lower,0.05644239
volatility_10,0.055628024
Close,0.055533923
daily_return,0.0527804
RSI_14,0.04688268
volume_change,0.04610518
BB_upper,0.045228682
