Feature,Importance
BB_upper,0.067637675
20_day_std,0.06672028
BB_lower,0.06423921
MACD_signal,0.06282266
Open,0.06260911
volume_change,0.06051392
Close,0.06026648
High,0.05961344
5_day_ma,0.0589799
MACD,0.058159407
10_day_ma,0.05719422
RSI_14,0.05713364
daily_return,0.054939717
Volume,0.054237474
20_day_ma,0.052910827
volatility_10,0.051213887
Low,0.05080806
