Feature,Importance
MACD,0.08106788
Low,0.071158126
RSI_14,0.06565525
volume_change,0.061564688
High,0.06088761
BB_upper,0.06006398
Open,0.059961233
10_day_ma,0.058980253
BB_lower,0.05746775
20_day_ma,0.05699377
5_day_ma,0.055924647
daily_return,0.054103393
volatility_10,0.053634908
20_day_std,0.053498674
Close,0.051831916
Volume,0.051500954
MACD_signal,0.045704965
