Feature,Importance
MACD,0.0656019
High,0.063317634
20_day_ma,0.06327637
BB_upper,0.061727855
Volume,0.060734764
20_day_std,0.060394786
Low,0.06034059
Open,0.059957504
BB_lower,0.059359923
10_day_ma,0.058501054
volume_change,0.05823647
RSI_14,0.05777167
5_day_ma,0.05597671
volatility_10,0.054986145
MACD_signal,0.054607887
daily_return,0.053831287
Close,0.051377382
