Feature,Importance
Close,0.077634126
volatility_10,0.075178884
MACD_signal,0.07143851
20_day_std,0.071030915
Low,0.06903859
20_day_ma,0.065739155
High,0.061483458
volume_change,0.06122007
MACD,0.060005248
BB_upper,0.056765135
RSI_14,0.055402264
daily_return,0.05309095
BB_lower,0.050856754
10_day_ma,0.04680376
Open,0.04661895
5_day_ma,0.04096279
Volume,0.036730427
