Feature,Importance
Open,0.07121934
MACD_signal,0.070552826
BB_lower,0.0690665
MACD,0.06769342
High,0.059033535
volatility_10,0.058584377
daily_return,0.05754579
20_day_ma,0.057313718
10_day_ma,0.055505965
volume_change,0.055437963
Volume,0.05532814
RSI_14,0.0550406
Low,0.05464351
20_day_std,0.054285515
BB_upper,0.053793903
5_day_ma,0.053654395
Close,0.05130051
