Feature,Importance
High,0.06851658
BB_lower,0.06735297
20_day_std,0.06362517
MACD,0.062495198
BB_upper,0.06132081
Low,0.06109551
daily_return,0.060657732
Volume,0.059911847
20_day_ma,0.059316598
volatility_10,0.058876164
RSI_14,0.05750847
volume_change,0.055760894
10_day_ma,0.055390365
Open,0.05489537
5_day_ma,0.051954035
Close,0.050775807
MACD_signal,0.05054652
