Feature,Importance
Low,0.07386964
20_day_ma,0.06622387
MACD_signal,0.06496705
5_day_ma,0.064165644
BB_upper,0.062351238
BB_lower,0.06116762
High,0.060582135
MACD,0.060193647
Close,0.059853125
Volume,0.05877143
RSI_14,0.055366505
volatility_10,0.055121623
volume_change,0.054615755
Open,0.05264101
daily_return,0.052280042
10_day_ma,0.049985826
20_day_std,0.04784386
