Feature,Importance
Low,0.06933897
BB_lower,0.06564572
10_day_ma,0.064876
BB_upper,0.062267542
MACD,0.06222424
High,0.06075171
20_day_std,0.060154356
Open,0.059640322
Close,0.058628198
20_day_ma,0.058508493
RSI_14,0.057672203
volume_change,0.056847874
daily_return,0.05606445
5_day_ma,0.0542844
Volume,0.051857047
MACD_signal,0.05080027
volatility_10,0.050438248
