Feature,Importance
Open,0.07554865
5_day_ma,0.06986619
20_day_ma,0.06583531
volatility_10,0.06487461
MACD,0.064008415
Close,0.06157889
10_day_ma,0.05740014
Low,0.05708948
volume_change,0.056164667
BB_upper,0.055788673
BB_lower,0.054727882
Volume,0.05422845
daily_return,0.054177042
MACD_signal,0.053459536
High,0.05265171
20_day_std,0.052565586
RSI_14,0.050034773
