Feature,Importance
20_day_ma,0.07131158
Open,0.06756579
Volume,0.06550014
RSI_14,0.0646113
daily_return,0.06374161
volume_change,0.062882476
Close,0.062085737
MACD,0.060424782
volatility_10,0.059474193
Low,0.058065556
10_day_ma,0.055684682
BB_upper,0.054405518
20_day_std,0.053727843
MACD_signal,0.051569495
5_day_ma,0.050928377
High,0.04920631
BB_lower,0.04881461
