Feature,Importance
Open,0.073045634
5_day_ma,0.06647067
20_day_ma,0.06463841
10_day_ma,0.064379
BB_lower,0.062144876
MACD,0.06159342
BB_upper,0.06094796
volume_change,0.058707163
Low,0.057900477
Volume,0.057824057
High,0.057552826
volatility_10,0.056874197
daily_return,0.054971725
MACD_signal,0.054598346
Close,0.05188676
RSI_14,0.048607104
20_day_std,0.047857355
