Feature,Importance
High,0.075885065
BB_upper,0.07086787
10_day_ma,0.0668161
5_day_ma,0.06634696
MACD,0.06541723
MACD_signal,0.064646006
BB_lower,0.062361173
20_day_ma,0.059982482
Low,0.059804652
RSI_14,0.054944336
Close,0.053887334
volume_change,0.053883564
20_day_std,0.05285499
volatility_10,0.050130755
Open,0.04864175
daily_return,0.048361074
Volume,0.045168724
