Feature,Importance
MACD_signal,0.08098395
High,0.075610526
MACD,0.07137345
RSI_14,0.06473342
5_day_ma,0.06213819
Close,0.061923824
BB_upper,0.057000957
volume_change,0.05686722
20_day_ma,0.05560106
10_day_ma,0.055452645
daily_return,0.055010643
20_day_std,0.053027514
Open,0.051739614
volatility_10,0.051712308
Low,0.051343486
Volume,0.050002966
BB_lower,0.04547822
