Feature,Importance
High,0.07286989
Volume,0.07118817
Open,0.07026288
20_day_ma,0.061656833
volatility_10,0.061406743
daily_return,0.0582992
BB_lower,0.058000877
BB_upper,0.05791654
MACD_signal,0.057156846
RSI_14,0.057118233
5_day_ma,0.05705696
Low,0.05637907
Close,0.05616864
volume_change,0.05440197
MACD,0.05250161
10_day_ma,0.050706513
20_day_std,0.04690899
