Feature,Importance
RSI_14,0.08044394
10_day_ma,0.06498085
daily_return,0.06340999
Volume,0.06331655
Open,0.063190356
High,0.06266839
Low,0.062443864
volume_change,0.061806884
BB_upper,0.05998318
BB_lower,0.05921512
20_day_ma,0.055935726
MACD_signal,0.05566805
volatility_10,0.05181746
MACD,0.05085439
20_day_std,0.05067402
5_day_ma,0.04822725
Close,0.045363963
