Feature,Importance
Open,0.0774118
20_day_std,0.06962593
5_day_ma,0.06360221
MACD,0.06359803
20_day_ma,0.06282005
daily_return,0.060937524
Close,0.060248073
Low,0.05898272
10_day_ma,0.058946934
MACD_signal,0.057670455
High,0.057222657
RSI_14,0.056369253
BB_upper,0.055110205
Volume,0.055034973
volume_change,0.052185595
volatility_10,0.045727357
BB_lower,0.04450624
