Feature,Importance
BB_lower,0.07034627
High,0.07001807
Close,0.065401204
20_day_ma,0.06512051
volume_change,0.06236195
daily_return,0.061262317
5_day_ma,0.06095886
MACD,0.05942887
BB_upper,0.059236955
Volume,0.058188297
volatility_10,0.056539074
MACD_signal,0.05616642
20_day_std,0.05325022
10_day_ma,0.052812543
Low,0.050516404
Open,0.04955733
RSI_14,0.048834626
