Feature,Importance
20_day_ma,0.07049483
BB_lower,0.06962584
Low,0.06864873
MACD_signal,0.0649458
High,0.06353875
5_day_ma,0.061728254
volatility_10,0.061639577
10_day_ma,0.058162253
20_day_std,0.05815627
RSI_14,0.055591557
BB_upper,0.055249088
daily_return,0.054711152
Volume,0.052944362
Open,0.051836558
volume_change,0.051099885
Close,0.05103851
MACD,0.050588664
