Feature,Importance
Open,0.06747552
volume_change,0.06674537
High,0.06604396
20_day_std,0.06538276
Close,0.06403075
MACD,0.06205128
BB_upper,0.06063146
5_day_ma,0.06061784
RSI_14,0.057912
MACD_signal,0.057371445
daily_return,0.056859143
20_day_ma,0.055740915
Volume,0.05510744
Low,0.054513596
BB_lower,0.052485194
volatility_10,0.051848076
10_day_ma,0.045183294
