Feature,Importance
Low,0.067703016
High,0.06738579
Close,0.06410569
BB_lower,0.062608644
Open,0.061355677
MACD_signal,0.06105041
20_day_std,0.059818666
MACD,0.058640815
Volume,0.058624744
10_day_ma,0.058385428
BB_upper,0.057659328
daily_return,0.055969518
RSI_14,0.055629365
20_day_ma,0.054663844
volatility_10,0.05297038
5_day_ma,0.05266795
volume_change,0.050760783
