Feature,Importance
High,0.07756562
Low,0.07330967
daily_return,0.068270914
BB_upper,0.06605822
10_day_ma,0.06496729
20_day_ma,0.063991606
Close,0.059953406
20_day_std,0.05913712
volume_change,0.059091922
5_day_ma,0.057143617
MACD_signal,0.0548718
Open,0.054376014
volatility_10,0.053575244
Volume,0.04988084
RSI_14,0.049334824
MACD,0.04932685
BB_lower,0.039145086
