Feature,Importance
BB_upper,0.071178645
Open,0.06957221
MACD_signal,0.066943176
Low,0.06554106
5_day_ma,0.06403961
volume_change,0.061309088
Close,0.058467172
High,0.058439493
BB_lower,0.057500876
20_day_std,0.057368174
RSI_14,0.056852993
MACD,0.055548906
10_day_ma,0.05391991
daily_return,0.052029174
20_day_ma,0.051602054
volatility_10,0.05030918
Volume,0.04937823
