Feature,Importance
20_day_std,0.06986387
Close,0.0677638
10_day_ma,0.06769779
BB_lower,0.0661082
volatility_10,0.06340605
Low,0.06252977
volume_change,0.06222276
MACD,0.059307683
MACD_signal,0.059098568
High,0.05865581
20_day_ma,0.056399215
5_day_ma,0.05483395
daily_return,0.054529544
BB_upper,0.051701713
RSI_14,0.050076634
Open,0.049632568
Volume,0.04617209
