Feature,Importance
MACD,0.0745796
volume_change,0.0713454
5_day_ma,0.06739935
volatility_10,0.06436621
MACD_signal,0.06301176
BB_upper,0.062896594
Low,0.061555095
20_day_std,0.061003245
Open,0.058516152
Volume,0.0581222
Close,0.05679047
20_day_ma,0.05541912
RSI_14,0.0532253
BB_lower,0.05065579
daily_return,0.050458178
High,0.047166854
10_day_ma,0.04348868
