Feature,Importance
MACD_signal,0.06972739
BB_upper,0.06736866
Volume,0.06601742
daily_return,0.0654085
BB_lower,0.06511065
10_day_ma,0.06479834
volatility_10,0.06462429
MACD,0.062215026
20_day_std,0.061897304
20_day_ma,0.05974647
Open,0.058457654
Close,0.054920662
Low,0.053074196
volume_change,0.05157751
High,0.048846893
RSI_14,0.04760681
5_day_ma,0.03860218
