Feature,Importance
10_day_ma,0.07220038
volume_change,0.07101571
5_day_ma,0.06933969
High,0.069069944
MACD,0.066468075
Open,0.06621061
volatility_10,0.063171126
MACD_signal,0.06180161
Low,0.056783512
RSI_14,0.05464788
Volume,0.05454523
BB_lower,0.054263927
BB_upper,0.052932106
Close,0.0510342
20_day_ma,0.050423793
daily_return,0.04599129
20_day_std,0.040100913
