Feature,Importance
Low,0.08308363
High,0.07736245
Close,0.07712388
MACD,0.07128413
BB_upper,0.068566635
20_day_std,0.06282572
volatility_10,0.057099435
volume_change,0.0554282
20_day_ma,0.054651693
MACD_signal,0.051782876
BB_lower,0.051008187
Volume,0.049685456
5_day_ma,0.048990164
RSI_14,0.048760053
Open,0.048006926
10_day_ma,0.047916457
daily_return,0.046424054
