Feature,Importance
20_day_ma,0.0805681
High,0.06986478
10_day_ma,0.06601247
20_day_std,0.06553094
Low,0.065119356
BB_lower,0.06366024
volatility_10,0.061139088
volume_change,0.060870938
MACD_signal,0.05543619
5_day_ma,0.05444764
daily_return,0.054322813
RSI_14,0.05349843
Volume,0.052288692
Open,0.05125682
BB_upper,0.050934333
MACD,0.050202604
Close,0.04484656
