Feature,Importance
BB_upper,0.084901385
daily_return,0.072232485
volatility_10,0.07015985
Open,0.060437214
10_day_ma,0.05945981
BB_lower,0.058583826
volume_change,0.058317892
20_day_std,0.05814436
RSI_14,0.057511933
Low,0.057449065
20_day_ma,0.057090618
MACD,0.05413121
Volume,0.052032486
5_day_ma,0.05191726
MACD_signal,0.05154483
High,0.049655832
Close,0.04642989
