Feature,Importance
10_day_ma,0.07857478
5_day_ma,0.06806139
BB_lower,0.064952694
MACD_signal,0.062864885
Volume,0.061279666
Low,0.0604629
Open,0.060136236
RSI_14,0.058453012
volatility_10,0.05840992
BB_upper,0.05733233
High,0.057253245
daily_return,0.057246502
MACD,0.057232488
20_day_ma,0.053471774
Close,0.050242268
20_day_std,0.04968189
volume_change,0.044344123
