Feature,Importance
5_day_ma,0.06770438
MACD,0.06754113
Low,0.06664675
BB_lower,0.06379052
Close,0.062010482
BB_upper,0.06132553
RSI_14,0.060590263
20_day_std,0.060284972
volume_change,0.058646925
High,0.05776606
10_day_ma,0.057644974
volatility_10,0.057539273
Volume,0.056560434
MACD_signal,0.055691294
daily_return,0.052881673
Open,0.05219675
20_day_ma,0.041178603
