Feature,Importance
BB_upper,0.087872
Low,0.07878032
MACD,0.07740095
daily_return,0.06493855
volume_change,0.061974484
MACD_signal,0.061744466
volatility_10,0.060771875
Volume,0.05913561
High,0.058990106
BB_lower,0.0577559
10_day_ma,0.055318564
Close,0.052168813
Open,0.04976599
RSI_14,0.04938802
20_day_std,0.045597747
5_day_ma,0.040811628
20_day_ma,0.03758485
