Feature,Importance
Open,0.07759397
High,0.07430612
MACD,0.06792309
20_day_std,0.066378
Low,0.065724604
Close,0.06462563
5_day_ma,0.062698565
BB_lower,0.06255856
volatility_10,0.06125689
MACD_signal,0.06122525
daily_return,0.059920758
volume_change,0.059856363
BB_upper,0.051867034
Volume,0.044061773
10_day_ma,0.042097237
RSI_14,0.03955142
20_day_ma,0.038354754
