Feature,Importance
Open,0.0753097
Close,0.06709412
10_day_ma,0.06594074
High,0.06590384
RSI_14,0.06299484
20_day_ma,0.060117427
MACD,0.06006507
MACD_signal,0.059826616
volume_change,0.05916029
20_day_std,0.05905885
daily_return,0.057315234
BB_upper,0.055953003
volatility_10,0.055052467
Volume,0.05284266
Low,0.05144751
BB_lower,0.047636017
5_day_ma,0.04428159
