Feature,Importance
BB_upper,0.07184709
MACD,0.07136874
10_day_ma,0.0693237
High,0.06445949
Low,0.06417726
MACD_signal,0.06234946
BB_lower,0.061423153
daily_return,0.05788109
20_day_std,0.0577363
Volume,0.057627603
Open,0.054612298
volatility_10,0.054054208
20_day_ma,0.054043353
volume_change,0.051609237
Close,0.05114821
RSI_14,0.049570855
5_day_ma,0.046767976
