Feature,Importance
High,0.07301604
BB_lower,0.068349436
Low,0.06808051
Open,0.06453771
20_day_ma,0.06319133
BB_upper,0.06252905
MACD_signal,0.06240108
volume_change,0.062144835
Close,0.059634116
daily_return,0.059384204
5_day_ma,0.056088522
10_day_ma,0.05606364
RSI_14,0.05052419
20_day_std,0.04999994
volatility_10,0.049498968
Volume,0.04914807
MACD,0.04540839
