Feature,Importance
Low,0.07050856
High,0.065756366
20_day_std,0.064317785
MACD,0.06414497
BB_lower,0.06280347
BB_upper,0.059348926
MACD_signal,0.058722142
Close,0.058062885
20_day_ma,0.05734761
Volume,0.057077497
volatility_10,0.05657411
RSI_14,0.056315523
Open,0.055963695
volume_change,0.055567812
5_day_ma,0.054717887
daily_return,0.052217092
10_day_ma,0.050553694
