Feature,Importance
10_day_ma,0.06654898
Open,0.06389252
BB_lower,0.06218158
MACD,0.061915673
High,0.06166221
BB_upper,0.060282208
20_day_std,0.060171142
Close,0.059500743
MACD_signal,0.05943663
volatility_10,0.05892167
Volume,0.058784068
5_day_ma,0.05670517
Low,0.056501143
volume_change,0.054608505
RSI_14,0.05363427
daily_return,0.053305157
20_day_ma,0.051948342
