Feature,Importance
Low,0.081088096
BB_upper,0.069200225
Open,0.06732858
BB_lower,0.06276786
Volume,0.0606585
5_day_ma,0.060236305
volume_change,0.059267666
20_day_ma,0.05834558
RSI_14,0.05801605
MACD,0.056599457
daily_return,0.056353115
20_day_std,0.054958384
volatility_10,0.05461024
MACD_signal,0.054086708
High,0.051969875
10_day_ma,0.049253393
Close,0.04525997
