Feature,Importance
High,0.08633279
5_day_ma,0.0821866
20_day_ma,0.071163915
volatility_10,0.06711194
BB_lower,0.06699597
MACD,0.06323591
Low,0.06293272
20_day_std,0.060969383
Close,0.06082472
volume_change,0.05906371
Open,0.054337498
daily_return,0.049781047
Volume,0.04815512
10_day_ma,0.047800265
BB_upper,0.04639278
RSI_14,0.045023352
MACD_signal,0.027692309
