Feature,Importance
Low,0.09422361
Open,0.077820204
High,0.06541997
MACD_signal,0.06217917
MACD,0.06051533
5_day_ma,0.057573278
20_day_ma,0.056416832
BB_upper,0.05522627
10_day_ma,0.05508917
20_day_std,0.054971047
RSI_14,0.053948727
daily_return,0.052378822
Close,0.052308094
BB_lower,0.051704504
volume_change,0.051605687
volatility_10,0.051254384
Volume,0.04736493
