Feature,Importance
10_day_ma,0.069017105
Volume,0.06548392
volatility_10,0.06531665
Open,0.0634834
volume_change,0.06339922
daily_return,0.063004
5_day_ma,0.062204015
BB_lower,0.06179892
High,0.060064342
RSI_14,0.05884675
MACD_signal,0.058109906
20_day_std,0.05610412
20_day_ma,0.054662693
MACD,0.051964473
BB_upper,0.050727967
Low,0.049433224
Close,0.046379276
