Feature,Importance
10_day_ma,0.07317769
Open,0.07190363
daily_return,0.07104655
20_day_ma,0.06654041
Low,0.0657842
Close,0.061859332
5_day_ma,0.061249055
MACD,0.059946947
High,0.058625493
volatility_10,0.058400646
Volume,0.056308277
MACD_signal,0.054852176
20_day_std,0.053317424
volume_change,0.05118848
RSI_14,0.0498994
BB_lower,0.042961627
BB_upper,0.042938653
