Feature,Importance
10_day_ma,0.06560667
BB_lower,0.06506778
20_day_ma,0.06402624
Low,0.06339364
Open,0.062496394
MACD,0.061703596
5_day_ma,0.059840262
High,0.059641898
volume_change,0.058637895
Close,0.0581333
MACD_signal,0.057751693
volatility_10,0.057726886
BB_upper,0.05697552
20_day_std,0.05417697
Volume,0.053728063
daily_return,0.052823063
RSI_14,0.048270173
