Feature,Importance
Open,0.06799546
BB_lower,0.066570655
volatility_10,0.06504687
5_day_ma,0.06482626
RSI_14,0.06119318
20_day_std,0.060704213
Volume,0.06062619
volume_change,0.058179624
Close,0.05745378
20_day_ma,0.056578837
MACD,0.05638543
MACD_signal,0.056343254
Low,0.05634078
10_day_ma,0.056246284
High,0.055228513
daily_return,0.054973684
BB_upper,0.04530693
