Feature,Importance
10_day_ma,0.07568994
Open,0.075550675
BB_upper,0.06625145
Low,0.06384327
5_day_ma,0.06214254
MACD_signal,0.059719853
RSI_14,0.058460705
Volume,0.057993423
daily_return,0.056832496
volatility_10,0.05577294
20_day_ma,0.05499234
High,0.05439047
MACD,0.05436218
Close,0.053894505
20_day_std,0.052721426
BB_lower,0.051443055
volume_change,0.04593868
