Feature,Importance
BB_upper,0.09335008
5_day_ma,0.067123115
volatility_10,0.06582786
Low,0.062637925
daily_return,0.06069934
RSI_14,0.058787514
Open,0.056449503
volume_change,0.05639641
Volume,0.055790454
MACD,0.055481
BB_lower,0.055116273
MACD_signal,0.0550597
20_day_ma,0.053311456
10_day_ma,0.05227789
High,0.05170493
20_day_std,0.05138558
Close,0.04860092
