Feature,Importance
20_day_ma,0.06711794
Close,0.06554702
Volume,0.06478713
High,0.06323244
BB_lower,0.0630241
10_day_ma,0.062830284
MACD_signal,0.062476974
volume_change,0.0597875
MACD,0.058604915
BB_upper,0.05775939
20_day_std,0.057694152
daily_return,0.057564676
5_day_ma,0.055352967
Open,0.051453542
volatility_10,0.05141589
RSI_14,0.05102676
Low,0.050324365
