Feature,Importance
MACD,0.06902086
High,0.0673914
MACD_signal,0.064501695
Low,0.06359758
daily_return,0.061751373
Close,0.06120153
RSI_14,0.06034833
20_day_std,0.06022511
BB_lower,0.058382925
10_day_ma,0.05703933
BB_upper,0.05653618
Open,0.05589512
20_day_ma,0.055612266
Volume,0.054787066
volatility_10,0.05291186
volume_change,0.052672815
5_day_ma,0.04812451
