Feature,Importance
Low,0.07994721
volatility_10,0.07208325
5_day_ma,0.06923315
volume_change,0.06785189
daily_return,0.066043474
Volume,0.062556006
20_day_ma,0.060274627
20_day_std,0.05869962
RSI_14,0.057481993
High,0.05716568
BB_upper,0.055545095
MACD_signal,0.05348017
Close,0.051423516
MACD,0.05107404
Open,0.049561914
BB_lower,0.044546016
10_day_ma,0.043032367
