Feature,Importance
5_day_ma,0.06829002
daily_return,0.067405395
20_day_std,0.062792376
High,0.061520297
10_day_ma,0.061007056
RSI_14,0.060416065
Low,0.05985285
BB_lower,0.05977269
MACD,0.059618603
Volume,0.057662576
BB_upper,0.05719693
volatility_10,0.056931373
volume_change,0.055829123
20_day_ma,0.053774044
Close,0.052847423
Open,0.052757375
MACD_signal,0.052325793
