Feature,Importance
BB_upper,0.07614458
MACD,0.067967646
10_day_ma,0.06773094
BB_lower,0.063847676
RSI_14,0.06360613
5_day_ma,0.06118009
MACD_signal,0.061149366
20_day_std,0.06048589
Low,0.058193278
Volume,0.05733874
daily_return,0.057300158
volatility_10,0.05646872
Open,0.055867124
volume_change,0.050143044
High,0.048747286
Close,0.048164453
20_day_ma,0.045664813
