Feature,Importance
BB_upper,0.066798545
20_day_std,0.0665179
RSI_14,0.066096805
volatility_10,0.06424469
daily_return,0.06392091
BB_lower,0.061639987
High,0.061310686
Open,0.05941312
Volume,0.058272783
MACD,0.057898004
10_day_ma,0.056026418
Close,0.05410733
Low,0.054102518
volume_change,0.052908227
5_day_ma,0.052889064
MACD_signal,0.052423254
20_day_ma,0.05142976
