Feature,Importance
Low,0.070984356
BB_upper,0.06799779
20_day_std,0.06544455
Volume,0.06203994
5_day_ma,0.061998896
RSI_14,0.060517725
BB_lower,0.059704285
volume_change,0.059463467
20_day_ma,0.05913243
Open,0.0586682
MACD_signal,0.05834306
daily_return,0.057379983
MACD,0.054403123
volatility_10,0.05352267
High,0.053011272
10_day_ma,0.04958805
Close,0.047800258
