Feature,Importance
volatility_10,0.07168825
20_day_std,0.064340055
20_day_ma,0.062526606
BB_upper,0.061365046
10_day_ma,0.060397636
MACD_signal,0.060281117
MACD,0.06019345
daily_return,0.05933769
Volume,0.05867424
volume_change,0.057009596
BB_lower,0.055870965
RSI_14,0.05566563
Close,0.05540087
Open,0.05508634
High,0.054746542
5_day_ma,0.054734837
Low,0.05268117
