Feature,Importance
10_day_ma,0.08442213
20_day_ma,0.07786238
High,0.07724577
BB_upper,0.071338795
MACD_signal,0.068255775
Open,0.06820643
volatility_10,0.0611414
20_day_std,0.058790013
daily_return,0.056857057
volume_change,0.05508852
Close,0.05179357
RSI_14,0.04998699
BB_lower,0.04931028
Low,0.04564934
5_day_ma,0.043877233
Volume,0.040131733
MACD,0.040042628
