Feature,Importance
Open,0.07137885
5_day_ma,0.068739735
volume_change,0.06374762
BB_lower,0.06368142
MACD,0.06347684
Low,0.06047895
RSI_14,0.05947755
10_day_ma,0.059460193
High,0.05806752
BB_upper,0.05741896
20_day_std,0.057077073
daily_return,0.055204455
MACD_signal,0.054900575
volatility_10,0.053371318
Volume,0.052127186
Close,0.051880207
20_day_ma,0.049511585
