Feature,Importance
BB_upper,0.085183
Close,0.07910286
High,0.06799116
20_day_std,0.06766237
BB_lower,0.06757772
Low,0.06415868
Open,0.06274401
MACD_signal,0.058581468
MACD,0.057871707
5_day_ma,0.05226149
volume_change,0.051979348
daily_return,0.050459914
volatility_10,0.049989954
10_day_ma,0.04998547
RSI_14,0.048878487
Volume,0.04807854
20_day_ma,0.0374938
