Feature,Importance
High,0.08579352
Low,0.08114118
5_day_ma,0.07473705
Open,0.06890167
MACD,0.064700946
10_day_ma,0.05941221
volume_change,0.059344433
20_day_ma,0.058313657
BB_lower,0.05627544
volatility_10,0.056148734
Volume,0.05490247
daily_return,0.05197831
20_day_std,0.04702994
BB_upper,0.045907523
Close,0.045662086
RSI_14,0.045299876
MACD_signal,0.044451017
