Feature,Importance
5_day_ma,0.0718662
10_day_ma,0.06604367
Open,0.063310914
Low,0.06312039
RSI_14,0.061181355
volume_change,0.061053522
20_day_std,0.059239842
High,0.058953572
Volume,0.05892425
BB_upper,0.0581792
20_day_ma,0.05756935
volatility_10,0.055955186
MACD_signal,0.05577533
daily_return,0.055080295
MACD,0.05357197
BB_lower,0.051805835
Close,0.048369095
