Feature,Importance
RSI_14,0.07297366
BB_upper,0.070352
Low,0.0693342
10_day_ma,0.06606923
5_day_ma,0.06520607
daily_return,0.06430658
20_day_ma,0.063994706
MACD_signal,0.06171846
Close,0.060051523
MACD,0.058693305
volume_change,0.05720928
Volume,0.051968854
20_day_std,0.051797774
High,0.04969251
volatility_10,0.04859512
Open,0.046694584
BB_lower,0.041342124
