Feature,Importance
Open,0.07643458
10_day_ma,0.06965381
Volume,0.06464508
20_day_ma,0.061798654
Low,0.06090465
volatility_10,0.05998766
MACD_signal,0.058053613
volume_change,0.05733403
BB_lower,0.056836475
5_day_ma,0.056478184
RSI_14,0.056139044
High,0.055841517
BB_upper,0.05567882
MACD,0.05551312
daily_return,0.05438656
Close,0.052470285
20_day_std,0.047843892
