Feature,Importance
20_day_ma,0.08440002
Low,0.08176428
5_day_ma,0.07155798
Open,0.06440179
High,0.06408607
BB_lower,0.062847406
Volume,0.059510086
MACD_signal,0.05699719
MACD,0.054724585
volatility_10,0.05431537
20_day_std,0.053140145
volume_change,0.051182885
BB_upper,0.05087882
RSI_14,0.049548868
Close,0.04886004
daily_return,0.04843747
10_day_ma,0.043347012
