Feature,Importance
5_day_ma,0.092062734
Open,0.08050013
20_day_ma,0.0642667
volatility_10,0.064221606
MACD,0.06056943
BB_lower,0.060011834
MACD_signal,0.0578368
volume_change,0.05783501
Volume,0.056466676
BB_upper,0.055317268
daily_return,0.055271998
20_day_std,0.05509983
10_day_ma,0.053099845
High,0.048628885
Close,0.047359906
RSI_14,0.046719432
Low,0.044731934
