Feature,Importance
MACD,0.06856407
20_day_std,0.06708017
Low,0.063794225
Open,0.06294828
Close,0.06280201
volatility_10,0.060954634
5_day_ma,0.06019389
BB_lower,0.06006199
20_day_ma,0.05984749
Volume,0.055803888
MACD_signal,0.055685945
daily_return,0.05551328
volume_change,0.054795787
High,0.054156937
BB_upper,0.05395572
10_day_ma,0.053820238
RSI_14,0.050021462
