Feature,Importance
Low,0.0851764
High,0.07203452
BB_lower,0.07004185
RSI_14,0.06633886
MACD,0.06411924
Open,0.062799685
BB_upper,0.059909035
10_day_ma,0.059472404
Close,0.057660118
volume_change,0.056843624
daily_return,0.052827146
20_day_std,0.0522284
Volume,0.050513454
5_day_ma,0.050152022
volatility_10,0.04738589
20_day_ma,0.046538286
MACD_signal,0.04595909
