Feature,Importance
Low,0.06666059
BB_lower,0.066496626
BB_upper,0.064618975
Open,0.06345416
10_day_ma,0.060545962
High,0.059591573
5_day_ma,0.05925235
daily_return,0.058829177
volume_change,0.05852707
MACD_signal,0.057498652
RSI_14,0.057317372
20_day_std,0.057267487
20_day_ma,0.056543753
volatility_10,0.054948483
Volume,0.053277336
Close,0.052640114
MACD,0.05253036
