Feature,Importance
volatility_10,0.07191185
High,0.068552434
Volume,0.06558657
MACD_signal,0.063366435
MACD,0.0632881
daily_return,0.06265468
BB_upper,0.0626259
5_day_ma,0.061627325
volume_change,0.059441715
Close,0.058405105
20_day_ma,0.056928333
10_day_ma,0.054229897
Low,0.054107077
20_day_std,0.054046128
Open,0.04921711
RSI_14,0.047904592
BB_lower,0.046106704
