Feature,Importance
MACD_signal,0.07002991
High,0.06754494
BB_upper,0.06700285
10_day_ma,0.06644753
MACD,0.065743156
Low,0.06496312
BB_lower,0.059603494
Open,0.0595215
Volume,0.05890347
daily_return,0.058220703
volatility_10,0.057847954
volume_change,0.054390788
RSI_14,0.053649846
5_day_ma,0.050863754
20_day_ma,0.04936898
20_day_std,0.048020296
Close,0.04787765
