Feature,Importance
Low,0.06632657
MACD,0.0656854
High,0.0629487
volatility_10,0.06205582
20_day_std,0.060514033
BB_upper,0.060343582
20_day_ma,0.05967927
Open,0.0594518
MACD_signal,0.059167124
volume_change,0.058811754
RSI_14,0.058625244
5_day_ma,0.057486292
Close,0.056887977
Volume,0.05582738
BB_lower,0.054357696
daily_return,0.05265477
10_day_ma,0.049176555
