Feature,Importance
High,0.062894575
MACD,0.062775426
Low,0.062429506
20_day_std,0.061583202
Open,0.061251193
volume_change,0.06026071
BB_upper,0.0595851
BB_lower,0.059474982
MACD_signal,0.05877366
daily_return,0.05841626
RSI_14,0.058120437
Volume,0.057848644
5_day_ma,0.057632633
20_day_ma,0.056432262
volatility_10,0.055994872
10_day_ma,0.054032143
Close,0.052494425
