Feature,Importance
Low,0.074345686
10_day_ma,0.068904445
20_day_std,0.06749378
BB_upper,0.06713875
RSI_14,0.064537965
High,0.06352525
Open,0.06348592
MACD_signal,0.061829492
MACD,0.059299953
volume_change,0.056901168
Close,0.052190013
5_day_ma,0.052175924
20_day_ma,0.05108929
Volume,0.05101746
volatility_10,0.05098866
daily_return,0.050080348
BB_lower,0.04499586
