Feature,Importance
Volume,0.077257656
10_day_ma,0.0761483
volatility_10,0.07047319
20_day_std,0.06930856
BB_lower,0.06408917
MACD,0.062407985
High,0.060495276
Close,0.05845036
MACD_signal,0.0569244
Low,0.05668502
5_day_ma,0.052270304
BB_upper,0.051848795
RSI_14,0.050603252
Open,0.05024146
daily_return,0.049362805
20_day_ma,0.048368625
volume_change,0.04506492
