Feature,Importance
MACD,0.06669647
volume_change,0.06632449
BB_lower,0.065295145
RSI_14,0.064515576
High,0.062762424
Open,0.062628634
Close,0.060946435
Low,0.059659977
20_day_std,0.058827564
20_day_ma,0.057700243
daily_return,0.056440733
volatility_10,0.05584669
MACD_signal,0.05478678
5_day_ma,0.053659268
Volume,0.05295965
10_day_ma,0.052146148
BB_upper,0.04880377
