Feature,Importance
BB_lower,0.0753755
Low,0.06801249
10_day_ma,0.06754568
20_day_std,0.06700087
volatility_10,0.06392341
BB_upper,0.0634884
volume_change,0.061908323
daily_return,0.061474293
Open,0.060684305
20_day_ma,0.056039035
Volume,0.055985276
5_day_ma,0.055277135
High,0.054926977
RSI_14,0.04947415
Close,0.048085876
MACD_signal,0.04755847
MACD,0.043239802
