Feature,Importance
Low,0.09840362
MACD_signal,0.074218966
BB_upper,0.06391347
Open,0.060487896
RSI_14,0.06032773
volume_change,0.059710804
MACD,0.057513718
5_day_ma,0.05725985
volatility_10,0.055249922
20_day_ma,0.055008993
10_day_ma,0.05482124
High,0.053090304
Close,0.05295483
daily_return,0.05257101
Volume,0.04938466
20_day_std,0.049305324
BB_lower,0.04577762
