Feature,Importance
10_day_ma,0.065382265
MACD,0.0646104
BB_lower,0.06330075
volatility_10,0.06306118
5_day_ma,0.06294025
20_day_ma,0.06180645
MACD_signal,0.06027171
BB_upper,0.060160603
20_day_std,0.0601168
Volume,0.059922248
Low,0.05652513
volume_change,0.056353927
High,0.054769665
daily_return,0.054563347
Open,0.054401994
RSI_14,0.05237761
Close,0.04943568
