Feature,Importance
Open,0.06935199
BB_lower,0.06858566
RSI_14,0.06739901
Low,0.065926984
20_day_std,0.06488695
volatility_10,0.06437116
volume_change,0.063830405
daily_return,0.06281291
10_day_ma,0.06251512
5_day_ma,0.060469825
BB_upper,0.055227112
MACD_signal,0.054215867
High,0.054043863
MACD,0.049010687
Volume,0.048789524
Close,0.046770077
20_day_ma,0.041792765
