Feature,Importance
Low,0.064667754
5_day_ma,0.06368477
Close,0.063176215
10_day_ma,0.062565506
MACD,0.06190239
BB_upper,0.061790664
High,0.061543375
Volume,0.061321348
volume_change,0.06091555
20_day_ma,0.059805978
Open,0.058758184
20_day_std,0.057789702
BB_lower,0.05568516
RSI_14,0.054501925
MACD_signal,0.051721312
daily_return,0.050766915
volatility_10,0.049403235
