Feature,Importance
volatility_10,0.07218734
High,0.0716081
MACD,0.071118556
MACD_signal,0.06957163
Close,0.06805967
RSI_14,0.06792897
20_day_std,0.06766239
20_day_ma,0.065320365
5_day_ma,0.05403192
Open,0.05392694
volume_change,0.052873842
daily_return,0.051998593
Volume,0.051248197
BB_upper,0.049385805
Low,0.049186967
10_day_ma,0.044243738
BB_lower,0.039647013
