Feature,Importance
High,0.078047045
BB_upper,0.07111651
volume_change,0.067049876
RSI_14,0.06698656
20_day_ma,0.06420636
20_day_std,0.06364168
BB_lower,0.06362993
Open,0.059921216
MACD_signal,0.05831767
Volume,0.056530498
daily_return,0.054038033
5_day_ma,0.054027658
10_day_ma,0.053410854
MACD,0.05328564
volatility_10,0.05125159
Close,0.044341914
Low,0.040197037
