Feature,Importance
Low,0.0749727
5_day_ma,0.074153
Volume,0.07368984
BB_lower,0.06876809
MACD_signal,0.06484739
daily_return,0.06460372
volatility_10,0.061063867
High,0.06039529
RSI_14,0.059580564
Open,0.05698002
MACD,0.054728575
20_day_std,0.05202053
Close,0.051830757
volume_change,0.051477384
10_day_ma,0.050238132
20_day_ma,0.0475995
BB_upper,0.03305063
