Feature,Importance
MACD_signal,0.07655908
Close,0.074574895
High,0.072266735
Volume,0.06817621
MACD,0.066953726
BB_upper,0.062296484
20_day_ma,0.061765637
daily_return,0.058995724
volatility_10,0.056892633
20_day_std,0.056390796
5_day_ma,0.054724988
RSI_14,0.05387408
10_day_ma,0.0527968
volume_change,0.05060268
Low,0.049682327
Open,0.04849042
BB_lower,0.034956824
