Feature,Importance
5_day_ma,0.077651486
Open,0.07488025
MACD_signal,0.06713103
20_day_ma,0.06608077
Close,0.06520924
Volume,0.058172025
Low,0.058167543
10_day_ma,0.056500837
High,0.05640958
BB_lower,0.05541207
20_day_std,0.055122796
volatility_10,0.054753605
daily_return,0.05264013
BB_upper,0.05169955
MACD,0.05165475
volume_change,0.050497234
RSI_14,0.048017092
