Feature,Importance
Low,0.073730126
10_day_ma,0.064990796
Close,0.063814536
5_day_ma,0.06315871
RSI_14,0.06258611
Open,0.061229695
BB_lower,0.060299672
daily_return,0.058613453
Volume,0.057836622
BB_upper,0.057250854
High,0.055705
MACD_signal,0.05553913
20_day_std,0.05512246
volatility_10,0.05500756
20_day_ma,0.054538593
volume_change,0.05226467
MACD,0.048312012
