Feature,Importance
Low,0.076382056
5_day_ma,0.070012964
BB_upper,0.067200944
20_day_std,0.06635113
Volume,0.0625435
High,0.061103825
RSI_14,0.061011996
BB_lower,0.060533155
MACD_signal,0.05949543
daily_return,0.058041546
Open,0.05757536
volume_change,0.056462985
MACD,0.054533485
10_day_ma,0.05403739
volatility_10,0.05116562
20_day_ma,0.04822953
Close,0.035319068
