Feature,Importance
MACD,0.06660198
5_day_ma,0.06292062
Open,0.06186524
BB_upper,0.06166049
BB_lower,0.06114386
volatility_10,0.060301837
MACD_signal,0.059734706
Low,0.059493475
10_day_ma,0.057807386
Close,0.057704307
20_day_ma,0.057556253
Volume,0.05721843
20_day_std,0.056779608
volume_change,0.056766905
daily_return,0.056074694
High,0.055290617
RSI_14,0.051079582
