Feature,Importance
Low,0.09501332
High,0.076028265
5_day_ma,0.07030339
20_day_std,0.06586293
Close,0.06331604
10_day_ma,0.062966995
RSI_14,0.06192631
Volume,0.059927795
BB_lower,0.05906388
volatility_10,0.055606388
volume_change,0.053308956
MACD,0.0520989
BB_upper,0.05081436
daily_return,0.047981378
20_day_ma,0.047360588
MACD_signal,0.044277456
Open,0.03414305
