Feature,Importance
20_day_ma,0.07909252
Volume,0.076624095
BB_lower,0.07295289
BB_upper,0.069022074
High,0.06602034
Low,0.06482731
volatility_10,0.0605822
5_day_ma,0.057684503
MACD,0.05729815
Open,0.054764576
volume_change,0.053330194
10_day_ma,0.05082503
MACD_signal,0.048935533
Close,0.048816964
20_day_std,0.0483992
daily_return,0.046220385
RSI_14,0.04460405
