Feature,Importance
5_day_ma,0.07067689
Volume,0.06972079
daily_return,0.068017825
BB_upper,0.06444049
High,0.063741185
20_day_std,0.06178576
MACD,0.0586486
Low,0.057534862
RSI_14,0.05678948
Open,0.056314632
20_day_ma,0.056253903
10_day_ma,0.05588494
volatility_10,0.05572519
Close,0.0548938
volume_change,0.05301483
BB_lower,0.052656595
MACD_signal,0.043900274
