Feature,Importance
High,0.069758885
MACD_signal,0.06481106
Low,0.06430718
MACD,0.0636248
Open,0.06328675
Close,0.063193284
5_day_ma,0.06251502
BB_upper,0.059347145
Volume,0.05797322
20_day_std,0.05740989
RSI_14,0.056788106
BB_lower,0.055532172
20_day_ma,0.05506986
volume_change,0.055046275
daily_return,0.054901123
10_day_ma,0.049494736
volatility_10,0.04694047
