Feature,Importance
20_day_ma,0.0754218
Close,0.06656874
5_day_ma,0.06557211
High,0.06445972
BB_upper,0.06431757
RSI_14,0.060347248
volume_change,0.059981085
Open,0.05932761
BB_lower,0.056894246
Low,0.05558843
MACD_signal,0.055481195
daily_return,0.055071425
volatility_10,0.055011366
20_day_std,0.05314585
Volume,0.05246041
10_day_ma,0.05215812
MACD,0.048193045
