Feature,Importance
Open,0.07402705
5_day_ma,0.070153005
MACD,0.065738715
BB_lower,0.06537764
20_day_ma,0.0630204
volatility_10,0.060417604
daily_return,0.05910754
BB_upper,0.058687605
volume_change,0.05840598
10_day_ma,0.05775473
Volume,0.05491055
High,0.054654546
Close,0.054390583
MACD_signal,0.052228056
RSI_14,0.050523795
20_day_std,0.050315864
Low,0.050286375
