Feature,Importance
Low,0.06926775
BB_upper,0.06846667
10_day_ma,0.06536517
Close,0.06293768
20_day_std,0.0606009
volatility_10,0.059572227
RSI_14,0.058960296
BB_lower,0.05855435
MACD_signal,0.057731625
High,0.05707595
daily_return,0.056326848
20_day_ma,0.055272583
5_day_ma,0.05494434
MACD,0.054928027
volume_change,0.05428008
Volume,0.05330794
Open,0.052407607
