Feature,Importance
BB_upper,0.06904274
High,0.06755236
Open,0.06746016
daily_return,0.06415653
Close,0.060852375
Low,0.06078215
20_day_std,0.059772033
MACD_signal,0.059448566
volume_change,0.057936665
volatility_10,0.057450633
20_day_ma,0.056067772
MACD,0.055901017
BB_lower,0.054696277
RSI_14,0.0545729
10_day_ma,0.051931333
5_day_ma,0.051238704
Volume,0.051137745
