Feature,Importance
High,0.07642674
MACD_signal,0.06969346
Low,0.0688439
10_day_ma,0.06868522
Close,0.06610906
20_day_std,0.061360043
Open,0.059982073
MACD,0.058006562
daily_return,0.05649366
5_day_ma,0.055883445
RSI_14,0.055352207
BB_upper,0.053253245
BB_lower,0.053067453
Volume,0.051859237
volume_change,0.049678072
volatility_10,0.048496064
20_day_ma,0.046809644
