Feature,Importance
Low,0.07881826
High,0.07848979
Open,0.07462703
BB_upper,0.064861655
Close,0.064297184
MACD,0.06143919
RSI_14,0.05762506
Volume,0.056090046
BB_lower,0.052569628
10_day_ma,0.052501384
daily_return,0.0519053
MACD_signal,0.051459488
5_day_ma,0.051406845
volatility_10,0.051293552
20_day_std,0.05113217
volume_change,0.051118158
20_day_ma,0.050365206
