Feature,Importance
Low,0.080774195
Open,0.072427
RSI_14,0.06881778
MACD,0.06627096
20_day_ma,0.065494604
20_day_std,0.06261159
volatility_10,0.062331557
High,0.061359685
Volume,0.060151808
Close,0.054830298
5_day_ma,0.05365057
BB_lower,0.052995805
volume_change,0.050642394
10_day_ma,0.049811263
daily_return,0.047417372
MACD_signal,0.04679188
BB_upper,0.04362121
