Feature,Importance
10_day_ma,0.06744223
BB_lower,0.06651722
BB_upper,0.06580585
20_day_std,0.064197436
MACD_signal,0.0616061
Open,0.060315017
Volume,0.05930022
Close,0.057929013
High,0.05727551
5_day_ma,0.056385502
volume_change,0.056368623
daily_return,0.05629241
20_day_ma,0.056290686
RSI_14,0.055865668
Low,0.053611618
MACD,0.052699808
volatility_10,0.052097086
