Feature,Importance
Low,0.06980282
10_day_ma,0.06971816
Open,0.06781401
volume_change,0.0637558
High,0.062331423
5_day_ma,0.0592083
BB_lower,0.058869187
MACD_signal,0.05880191
volatility_10,0.057717666
MACD,0.056208935
BB_upper,0.056066725
Volume,0.055324674
Close,0.054448158
20_day_ma,0.053634793
RSI_14,0.053291284
daily_return,0.05195323
20_day_std,0.051052906
