Feature,Importance
Low,0.066821806
MACD_signal,0.0665458
volatility_10,0.066443235
Close,0.06316701
BB_upper,0.060407374
5_day_ma,0.060229663
MACD,0.059911445
Open,0.059818238
20_day_std,0.059487347
daily_return,0.05774218
BB_lower,0.057550315
20_day_ma,0.056578364
volume_change,0.05593238
High,0.05482933
10_day_ma,0.052755862
RSI_14,0.051263534
Volume,0.050516084
