Feature,Importance
Low,0.07318696
volatility_10,0.07222933
Volume,0.07007986
BB_lower,0.06823559
High,0.0670141
10_day_ma,0.065111004
20_day_ma,0.05915638
volume_change,0.0589232
RSI_14,0.05748427
5_day_ma,0.056207303
Close,0.053476542
daily_return,0.052160263
MACD_signal,0.051450197
MACD,0.051416107
20_day_std,0.051358964
Open,0.0483373
BB_upper,0.04417259
