Feature,Importance
Low,0.085275866
Close,0.07410574
Open,0.06743776
MACD,0.0660333
volume_change,0.06444102
20_day_ma,0.062306646
BB_upper,0.057951663
daily_return,0.0569157
High,0.05661225
10_day_ma,0.05645726
BB_lower,0.05545814
RSI_14,0.05472534
volatility_10,0.04994538
MACD_signal,0.049050886
Volume,0.048903372
5_day_ma,0.047405135
20_day_std,0.0469745
