Feature,Importance
MACD_signal,0.068238854
Low,0.067507416
5_day_ma,0.065579824
Close,0.065465316
BB_upper,0.06532249
MACD,0.063253015
RSI_14,0.06181648
daily_return,0.059373863
High,0.059050206
20_day_ma,0.058431227
20_day_std,0.058425643
volume_change,0.057888508
volatility_10,0.055198267
Volume,0.051387858
10_day_ma,0.049977716
BB_lower,0.048884366
Open,0.044198994
