Feature,Importance
High,0.07317972
MACD,0.071476795
5_day_ma,0.06979146
RSI_14,0.06103591
BB_upper,0.060747977
Low,0.05893015
Volume,0.0588509
Close,0.057607397
20_day_std,0.05737306
daily_return,0.057298318
volume_change,0.055802997
MACD_signal,0.055574704
volatility_10,0.055383325
Open,0.054204576
BB_lower,0.051136162
10_day_ma,0.050875213
20_day_ma,0.050731294
