Feature,Importance
20_day_ma,0.076892965
Low,0.06769714
10_day_ma,0.06713518
Close,0.06559329
High,0.06555969
MACD_signal,0.0636793
5_day_ma,0.06173272
RSI_14,0.05761946
Open,0.05590974
Volume,0.055608463
20_day_std,0.055386554
volume_change,0.053756405
volatility_10,0.05271344
daily_return,0.051981535
BB_lower,0.050762184
MACD,0.04950035
BB_upper,0.048471656
