Feature,Importance
20_day_ma,0.07120914
High,0.07036805
BB_lower,0.06863196
10_day_ma,0.067663535
RSI_14,0.064297274
5_day_ma,0.061083257
Volume,0.058045838
daily_return,0.057424728
volume_change,0.057345856
BB_upper,0.057311594
20_day_std,0.056554027
MACD_signal,0.05408806
Low,0.0529493
Close,0.052259617
volatility_10,0.05195763
Open,0.05046854
MACD,0.048341565
