Feature,Importance
Low,0.07642497
BB_upper,0.073236644
MACD_signal,0.07036402
Open,0.06332617
volume_change,0.06300753
MACD,0.060278818
High,0.05973132
RSI_14,0.05815502
5_day_ma,0.056969404
20_day_ma,0.056122795
volatility_10,0.054876395
daily_return,0.05281364
Volume,0.05213409
Close,0.05163616
10_day_ma,0.05128964
BB_lower,0.049945705
20_day_std,0.049687646
