Feature,Importance
Open,0.07124232
MACD,0.06919771
Close,0.06802721
BB_upper,0.06691652
Low,0.06670244
5_day_ma,0.06248704
20_day_std,0.059295043
10_day_ma,0.05834184
MACD_signal,0.057540204
daily_return,0.056252804
High,0.05457978
Volume,0.05436897
BB_lower,0.054024704
RSI_14,0.052018628
20_day_ma,0.05033382
volume_change,0.050224293
volatility_10,0.048446674
