Feature,Importance
Low,0.07318826
MACD_signal,0.06832699
BB_upper,0.065850236
10_day_ma,0.06228547
daily_return,0.061162148
20_day_std,0.059009217
BB_lower,0.058160678
5_day_ma,0.057872783
Open,0.057761762
volume_change,0.056441523
MACD,0.056259595
Volume,0.055710886
High,0.055693686
Close,0.054341108
20_day_ma,0.054056283
volatility_10,0.053947482
RSI_14,0.049931888
