Feature,Importance
Low,0.08043276
Close,0.067643
volume_change,0.06513689
20_day_std,0.06498566
10_day_ma,0.0642283
BB_lower,0.06313909
5_day_ma,0.061480667
volatility_10,0.060968347
Open,0.056785014
daily_return,0.05636019
20_day_ma,0.055917516
MACD,0.05542594
MACD_signal,0.05480528
BB_upper,0.053779654
High,0.048691675
RSI_14,0.048151065
Volume,0.042068966
