Feature,Importance
5_day_ma,0.07272477
High,0.066884935
MACD,0.06573857
BB_upper,0.06561535
10_day_ma,0.0649313
BB_lower,0.06311693
volatility_10,0.061669942
Volume,0.06082149
RSI_14,0.057188157
volume_change,0.056970533
Open,0.056380123
Close,0.054167163
20_day_std,0.053511802
Low,0.053420883
20_day_ma,0.05231624
MACD_signal,0.050535135
daily_return,0.04400663
