Feature,Importance
5_day_ma,0.068991594
BB_lower,0.06564939
10_day_ma,0.06446199
Open,0.06394969
MACD,0.06124618
daily_return,0.06057031
RSI_14,0.060475584
20_day_std,0.06017964
Close,0.060067885
High,0.058318757
20_day_ma,0.057668004
Volume,0.056731407
BB_upper,0.055187862
Low,0.05503877
MACD_signal,0.053885218
volume_change,0.05085647
volatility_10,0.04672125
