Feature,Importance
Low,0.06515495
MACD,0.06433986
BB_lower,0.06270061
10_day_ma,0.06201466
20_day_std,0.060274437
Close,0.060232196
20_day_ma,0.059419923
MACD_signal,0.05920498
volume_change,0.05903009
Open,0.058803756
High,0.058655065
volatility_10,0.058517937
BB_upper,0.05823768
daily_return,0.056793645
5_day_ma,0.05345494
Volume,0.05194716
RSI_14,0.051218174
