Feature,Importance
5_day_ma,0.080432996
Low,0.06951617
BB_lower,0.06580002
20_day_ma,0.06563532
daily_return,0.063118815
High,0.061754823
MACD_signal,0.061076853
10_day_ma,0.06101655
Close,0.06055138
Open,0.05789743
MACD,0.057189196
volume_change,0.05542997
volatility_10,0.052909464
Volume,0.052686315
20_day_std,0.047399018
BB_upper,0.043800317
RSI_14,0.043785397
