Feature,Importance
Low,0.06823431
10_day_ma,0.06753188
MACD,0.064404346
Open,0.06310206
volume_change,0.062381834
BB_lower,0.062125307
20_day_std,0.06110221
BB_upper,0.059156097
Close,0.058269553
20_day_ma,0.05754193
daily_return,0.057367656
MACD_signal,0.054636326
5_day_ma,0.05373448
High,0.0535737
volatility_10,0.053257834
RSI_14,0.052648082
Volume,0.05093243
