Feature,Importance
Open,0.07481817
Low,0.07289865
20_day_std,0.06322699
10_day_ma,0.06319552
BB_lower,0.06287961
Close,0.062565595
5_day_ma,0.06190356
MACD,0.06151903
BB_upper,0.057608068
volatility_10,0.056881938
daily_return,0.055642985
20_day_ma,0.05463549
volume_change,0.054310292
RSI_14,0.05369285
High,0.05101076
MACD_signal,0.04717595
Volume,0.046034507
