Feature,Importance
Low,0.07967038
volume_change,0.0702699
BB_upper,0.07010616
Close,0.062323116
20_day_std,0.06195211
daily_return,0.061517302
5_day_ma,0.060109846
volatility_10,0.059100043
RSI_14,0.05794368
20_day_ma,0.05539596
10_day_ma,0.054661665
Open,0.054086946
MACD_signal,0.053500265
MACD,0.05347678
High,0.053181957
Volume,0.050568387
BB_lower,0.042135507
