Feature,Importance
Low,0.090270564
Close,0.07197557
BB_lower,0.068603694
High,0.0684161
MACD,0.06253109
volatility_10,0.061918795
Volume,0.059763305
daily_return,0.059727583
Open,0.059485346
MACD_signal,0.054852966
volume_change,0.05367715
BB_upper,0.051843565
10_day_ma,0.051038384
20_day_std,0.050928514
5_day_ma,0.04904224
RSI_14,0.043363206
20_day_ma,0.04256186
