Feature,Importance
Low,0.077672
MACD,0.07088212
Close,0.06776965
BB_upper,0.067736864
MACD_signal,0.06627319
High,0.063393414
5_day_ma,0.06157968
Volume,0.05815047
20_day_ma,0.057532985
volatility_10,0.054005615
20_day_std,0.052951112
BB_lower,0.05268553
RSI_14,0.052172
volume_change,0.05120034
daily_return,0.049924374
10_day_ma,0.049731918
Open,0.046338733
