Feature,Importance
volume_change,0.0691577
BB_upper,0.0677466
daily_return,0.06659543
Low,0.06535205
BB_lower,0.063628696
20_day_ma,0.063520916
Open,0.06344395
High,0.060539603
20_day_std,0.06003701
MACD_signal,0.058870777
volatility_10,0.05786788
MACD,0.057553448
Close,0.0553409
RSI_14,0.05207853
Volume,0.050878588
5_day_ma,0.04469085
10_day_ma,0.04269703
