Feature,Importance
20_day_ma,0.068349555
RSI_14,0.06556322
volume_change,0.065487824
MACD,0.06479733
BB_lower,0.06389789
volatility_10,0.060787655
daily_return,0.05980911
20_day_std,0.059436757
Open,0.059418898
5_day_ma,0.058760665
MACD_signal,0.0582448
BB_upper,0.05723171
High,0.056460172
Volume,0.055584434
10_day_ma,0.05205918
Close,0.048598297
Low,0.045512564
