Feature,Importance
High,0.06995902
MACD,0.06793689
20_day_std,0.066531576
5_day_ma,0.0659997
Volume,0.064152665
BB_lower,0.06081083
MACD_signal,0.06007865
Low,0.05972474
volume_change,0.05808287
Open,0.056786537
Close,0.0549858
BB_upper,0.05497149
10_day_ma,0.053771134
volatility_10,0.05250882
RSI_14,0.0520788
20_day_ma,0.051211093
daily_return,0.05040935
