Feature,Importance
MACD,0.07723302
Low,0.07333343
5_day_ma,0.06558292
MACD_signal,0.06287311
volume_change,0.061971232
Close,0.060821794
20_day_std,0.06020651
Volume,0.059173714
volatility_10,0.058999766
Open,0.058657914
RSI_14,0.056155443
High,0.05550802
BB_lower,0.05444113
daily_return,0.051869422
20_day_ma,0.050768822
10_day_ma,0.0506135
BB_upper,0.041790217
