Feature,Importance
BB_upper,0.07055683
MACD,0.068521045
MACD_signal,0.065507665
RSI_14,0.063746355
20_day_std,0.06371073
volatility_10,0.06181312
BB_lower,0.061501823
Close,0.059439696
5_day_ma,0.059248503
daily_return,0.058798738
Open,0.058769207
10_day_ma,0.058608923
Low,0.057931192
Volume,0.051923446
High,0.04829184
volume_change,0.04677798
20_day_ma,0.04485288
