Feature,Importance
Low,0.08094812
High,0.07800314
Open,0.0766329
MACD,0.076266974
20_day_ma,0.06939171
BB_upper,0.06805521
BB_lower,0.06445689
MACD_signal,0.058936972
Volume,0.057062227
Close,0.05028769
RSI_14,0.050167955
10_day_ma,0.049244888
volatility_10,0.048879616
volume_change,0.04559243
20_day_std,0.04477512
5_day_ma,0.041291732
daily_return,0.04000638
