Feature,Importance
20_day_std,0.07046576
High,0.069341995
BB_lower,0.06528109
Open,0.06410213
Low,0.062625825
MACD_signal,0.06213644
volatility_10,0.06202282
BB_upper,0.061264686
5_day_ma,0.060179096
RSI_14,0.059394557
Volume,0.05752763
Close,0.056663252
daily_return,0.055430163
MACD,0.05488904
volume_change,0.051316757
20_day_ma,0.047022697
10_day_ma,0.040336058
