Feature,Importance
BB_upper,0.085671425
10_day_ma,0.080896825
daily_return,0.063760065
5_day_ma,0.06132395
20_day_ma,0.061149992
Close,0.05717878
MACD,0.056997348
Volume,0.056951605
RSI_14,0.056571975
Open,0.056256343
High,0.054983307
MACD_signal,0.054825567
volume_change,0.054324258
volatility_10,0.053339258
20_day_std,0.050139967
BB_lower,0.048386537
Low,0.04724277
