Feature,Importance
High,0.067224674
Close,0.06393925
volume_change,0.06335876
MACD_signal,0.06330189
Low,0.06304392
Open,0.0626348
5_day_ma,0.062218066
MACD,0.060746703
BB_upper,0.059721306
20_day_ma,0.059566677
20_day_std,0.056475323
BB_lower,0.055355545
10_day_ma,0.055191405
volatility_10,0.053806495
Volume,0.05168945
RSI_14,0.050991666
daily_return,0.05073411
