Feature,Importance
5_day_ma,0.07274722
Open,0.0688511
MACD,0.06871335
volatility_10,0.063435696
20_day_ma,0.06342469
daily_return,0.058097217
BB_upper,0.057864785
Volume,0.05761506
High,0.05737406
10_day_ma,0.056236397
Close,0.05621
BB_lower,0.055866126
MACD_signal,0.054683805
RSI_14,0.054261938
volume_change,0.053505402
Low,0.051497664
20_day_std,0.049615495
