Feature,Importance
BB_lower,0.07239249
20_day_std,0.06599369
Open,0.065762
MACD,0.06550457
20_day_ma,0.06264694
High,0.060665555
RSI_14,0.06032809
Low,0.05988979
daily_return,0.056759
5_day_ma,0.05674311
10_day_ma,0.056058444
MACD_signal,0.05500683
volume_change,0.054034345
Close,0.052911818
BB_upper,0.052506622
volatility_10,0.052416917
Volume,0.05037972
