Feature,Importance
Low,0.07605187
volatility_10,0.0697546
5_day_ma,0.06753906
volume_change,0.0635911
10_day_ma,0.063564196
BB_lower,0.06312926
Volume,0.0629166
20_day_ma,0.06251037
MACD_signal,0.06019969
High,0.05746122
RSI_14,0.056200683
20_day_std,0.053971343
daily_return,0.05252717
BB_upper,0.051797695
Close,0.047459472
MACD,0.04662778
Open,0.04469791
