Feature,Importance
MACD_signal,0.066983394
BB_upper,0.06631879
10_day_ma,0.066274
volatility_10,0.06554975
BB_lower,0.062895805
Open,0.06161431
20_day_ma,0.060789187
MACD,0.060389053
Volume,0.059442893
20_day_std,0.05614179
5_day_ma,0.05597734
Low,0.055627305
daily_return,0.055517923
High,0.05491191
volume_change,0.052300464
RSI_14,0.04965978
Close,0.049606342
