Feature,Importance
High,0.069692366
BB_upper,0.065209344
Volume,0.06422126
Open,0.06358551
BB_lower,0.063321784
volatility_10,0.061432943
volume_change,0.06051464
RSI_14,0.058658574
20_day_ma,0.058617204
Low,0.058558144
MACD_signal,0.05780276
daily_return,0.055358525
10_day_ma,0.054704044
5_day_ma,0.05445404
20_day_std,0.0522607
Close,0.05086167
MACD,0.050746493
