Feature,Importance
Open,0.08060902
BB_upper,0.07767723
MACD,0.07739841
5_day_ma,0.070371
Close,0.06479546
20_day_std,0.06247975
MACD_signal,0.06182231
RSI_14,0.06033276
BB_lower,0.05950736
High,0.058459546
volatility_10,0.056766436
daily_return,0.05583344
10_day_ma,0.0486535
volume_change,0.046637982
Low,0.045763228
Volume,0.045373406
20_day_ma,0.027519198
