Feature,Importance
Low,0.08026707
MACD_signal,0.072267435
MACD,0.070230454
BB_upper,0.06886015
Volume,0.06863686
daily_return,0.066432424
20_day_std,0.061783247
volume_change,0.0610727
20_day_ma,0.059242215
BB_lower,0.059216443
volatility_10,0.057884727
Close,0.054796383
10_day_ma,0.052334268
5_day_ma,0.04982842
Open,0.043691244
RSI_14,0.041689057
High,0.031766858
