Feature,Importance
Low,0.09688173
High,0.07622065
BB_upper,0.06667758
20_day_std,0.059938464
Open,0.058018632
MACD,0.05735327
20_day_ma,0.056657717
BB_lower,0.05646345
daily_return,0.054901216
MACD_signal,0.053791534
volatility_10,0.053267956
Volume,0.052947223
Close,0.052786194
volume_change,0.05254331
5_day_ma,0.051473793
10_day_ma,0.050059203
RSI_14,0.050018113
