Feature,Importance
Open,0.069353364
MACD_signal,0.065096416
BB_upper,0.06475939
MACD,0.06387156
5_day_ma,0.062048122
volatility_10,0.061948363
Volume,0.06159577
10_day_ma,0.06105412
Low,0.06103596
BB_lower,0.058142956
RSI_14,0.057004806
volume_change,0.056463484
20_day_std,0.056306507
20_day_ma,0.05423738
daily_return,0.05374003
High,0.048390035
Close,0.044951774
