Feature,Importance
BB_upper,0.069393806
High,0.06896135
MACD,0.06749874
Low,0.06562776
10_day_ma,0.062772475
Volume,0.06258738
Open,0.061940625
MACD_signal,0.061270446
volatility_10,0.058813214
daily_return,0.05852555
20_day_ma,0.05685815
RSI_14,0.056601804
volume_change,0.055848215
Close,0.051796373
BB_lower,0.049810458
5_day_ma,0.04789595
20_day_std,0.043797705
