Feature,Importance
volatility_10,0.08095602
MACD,0.074982755
RSI_14,0.07406144
MACD_signal,0.06852212
20_day_std,0.06315443
Close,0.06186098
volume_change,0.061820716
BB_upper,0.0603913
20_day_ma,0.057439886
5_day_ma,0.057349414
daily_return,0.055391155
Open,0.054441903
Volume,0.054142322
High,0.05333327
BB_lower,0.045986213
Low,0.045228545
10_day_ma,0.03093747
