Feature,Importance
Low,0.07741554
20_day_ma,0.07059051
MACD,0.06989044
High,0.067396395
BB_lower,0.06712095
MACD_signal,0.061901063
5_day_ma,0.060288515
20_day_std,0.059660815
volatility_10,0.057705056
daily_return,0.0574991
Volume,0.054270536
Close,0.052876223
10_day_ma,0.051862806
BB_upper,0.05169711
RSI_14,0.050176702
volume_change,0.04769175
Open,0.041956548
