Feature,Importance
volatility_10,0.07088942
MACD,0.07075744
volume_change,0.06564797
BB_lower,0.06451934
20_day_ma,0.063972846
Open,0.06245327
Volume,0.060288955
BB_upper,0.060239643
5_day_ma,0.05945448
MACD_signal,0.05854234
Low,0.05709743
High,0.055386413
daily_return,0.053805783
20_day_std,0.05329202
RSI_14,0.050876573
Close,0.04937003
10_day_ma,0.04340608
