Feature,Importance
MACD,0.06670947
BB_upper,0.06329902
MACD_signal,0.06260736
Low,0.06258912
Close,0.06178034
RSI_14,0.061022017
volume_change,0.060472228
5_day_ma,0.060263995
20_day_ma,0.059519123
BB_lower,0.057958007
daily_return,0.05746078
volatility_10,0.0565283
Volume,0.055632737
Open,0.054393258
10_day_ma,0.054335617
20_day_std,0.053411603
High,0.052017033
