Feature,Importance
20_day_ma,0.0749643
MACD,0.06792888
BB_upper,0.06541554
BB_lower,0.063272245
10_day_ma,0.06300242
daily_return,0.06288043
Close,0.061984815
volatility_10,0.06130754
5_day_ma,0.061169937
Volume,0.060509685
High,0.059403032
Open,0.057476647
20_day_std,0.056176662
volume_change,0.053028427
MACD_signal,0.050016396
RSI_14,0.04529788
Low,0.03616517
