Feature,Importance
Open,0.07350218
daily_return,0.06775769
Volume,0.06573493
20_day_std,0.06493457
BB_upper,0.064199485
5_day_ma,0.062231097
MACD,0.06214636
10_day_ma,0.062065043
Low,0.060452044
volume_change,0.06043207
volatility_10,0.05894261
High,0.056767434
BB_lower,0.053576093
MACD_signal,0.051098086
RSI_14,0.051001754
Close,0.04514678
20_day_ma,0.040011816
