Feature,Importance
Low,0.094894096
Open,0.071550705
volume_change,0.06884198
5_day_ma,0.06632649
10_day_ma,0.06521647
20_day_ma,0.06193011
BB_lower,0.05955682
MACD_signal,0.058276787
High,0.05624726
20_day_std,0.055950895
daily_return,0.055871777
BB_upper,0.05444526
Volume,0.050794143
Close,0.04945858
volatility_10,0.045841157
RSI_14,0.044532422
MACD,0.040265147
