Feature,Importance
BB_upper,0.0690974
High,0.067948565
Low,0.06690125
MACD,0.066144444
BB_lower,0.064169995
20_day_ma,0.061394565
Close,0.0610072
5_day_ma,0.057987675
Open,0.056962997
volatility_10,0.056310855
volume_change,0.055357303
daily_return,0.054566324
10_day_ma,0.054407448
RSI_14,0.053364173
MACD_signal,0.05312013
Volume,0.050640594
20_day_std,0.050619118
