Feature,Importance
20_day_ma,0.07271863
MACD,0.07063831
5_day_ma,0.069504246
BB_lower,0.06810568
Open,0.06318039
Close,0.061964698
RSI_14,0.061497863
20_day_std,0.061039366
BB_upper,0.05612407
Volume,0.055304214
10_day_ma,0.05512515
daily_return,0.055000924
volume_change,0.053823005
volatility_10,0.052759618
MACD_signal,0.04935555
High,0.04810134
Low,0.045756895
