Feature,Importance
BB_upper,0.07907837
RSI_14,0.07121556
MACD_signal,0.06893195
Close,0.067876995
5_day_ma,0.0667215
Low,0.063059546
volatility_10,0.06166597
Open,0.05998629
10_day_ma,0.058458205
volume_change,0.058107026
BB_lower,0.052448835
daily_return,0.05098678
20_day_std,0.05014996
High,0.04861176
20_day_ma,0.047951084
MACD,0.0478053
Volume,0.04694492
