Feature,Importance
High,0.06941493
Low,0.065665424
5_day_ma,0.06479984
Close,0.06352461
Open,0.06317846
20_day_std,0.061669372
MACD,0.061217967
MACD_signal,0.06080475
10_day_ma,0.05824322
BB_upper,0.05731529
daily_return,0.0556932
BB_lower,0.05509307
RSI_14,0.053744137
Volume,0.053129703
volume_change,0.053019892
20_day_ma,0.052925896
volatility_10,0.050560314
