Feature,Importance
Low,0.07932916
MACD_signal,0.070045
BB_upper,0.066184945
MACD,0.061672807
BB_lower,0.060725097
Volume,0.060497813
10_day_ma,0.060307987
volume_change,0.06029338
Open,0.059021875
Close,0.05813159
5_day_ma,0.058130946
High,0.055755943
20_day_std,0.05567896
RSI_14,0.054897618
daily_return,0.051382776
volatility_10,0.047278736
20_day_ma,0.040665377
