Feature,Importance
Low,0.09022376
5_day_ma,0.08153487
High,0.07484722
volatility_10,0.06824528
MACD,0.066396005
Volume,0.0644972
BB_upper,0.05941974
20_day_std,0.058520023
daily_return,0.058039453
Open,0.053197265
BB_lower,0.05188415
volume_change,0.05128045
Close,0.0477959
20_day_ma,0.04641556
10_day_ma,0.045846745
MACD_signal,0.04352062
RSI_14,0.038335763
