Feature,Importance
20_day_ma,0.064575054
20_day_std,0.06402957
BB_upper,0.06266184
RSI_14,0.062201682
High,0.062177777
BB_lower,0.06128344
5_day_ma,0.060897086
MACD_signal,0.06067707
volume_change,0.05797125
volatility_10,0.057040617
10_day_ma,0.05687577
Volume,0.056692656
MACD,0.05547513
Low,0.055421747
daily_return,0.0546593
Close,0.05384089
Open,0.053519096
