Feature,Importance
10_day_ma,0.07164405
MACD,0.06794145
5_day_ma,0.06650928
Low,0.066107266
Open,0.06549151
RSI_14,0.061447617
volatility_10,0.05886359
20_day_ma,0.05865661
High,0.057531457
volume_change,0.0574298
Close,0.05648499
MACD_signal,0.05628563
daily_return,0.05500083
BB_lower,0.05368929
BB_upper,0.052873198
Volume,0.05060697
20_day_std,0.04343646
