Feature,Importance
BB_upper,0.07947816
MACD,0.07820958
20_day_std,0.066951714
volatility_10,0.06305254
10_day_ma,0.06221416
20_day_ma,0.06154071
High,0.060920227
Volume,0.057717286
volume_change,0.05670361
RSI_14,0.055763993
daily_return,0.055420294
MACD_signal,0.053007677
Open,0.051858243
Close,0.051726
BB_lower,0.04869077
5_day_ma,0.048379615
Low,0.048365407
