Feature,Importance
BB_upper,0.07015286
High,0.067513525
volume_change,0.063386105
Open,0.06278809
20_day_ma,0.060959287
MACD_signal,0.0601934
10_day_ma,0.060177345
Low,0.05977033
BB_lower,0.05905251
daily_return,0.058875453
RSI_14,0.05855737
volatility_10,0.05563764
20_day_std,0.05499508
5_day_ma,0.05412405
Close,0.05350836
Volume,0.05137832
MACD,0.048930332
