Feature,Importance
High,0.0958423
volatility_10,0.08342375
Low,0.078306705
RSI_14,0.07007421
5_day_ma,0.068954445
MACD,0.062399056
volume_change,0.061828155
Volume,0.05525137
BB_lower,0.053585447
daily_return,0.053517193
BB_upper,0.049173634
20_day_ma,0.046724558
Close,0.046485197
MACD_signal,0.045810994
10_day_ma,0.04546742
20_day_std,0.043814123
Open,0.039341465
