Feature,Importance
Low,0.072730646
10_day_ma,0.071560405
MACD_signal,0.06636882
High,0.06585613
Open,0.065549016
5_day_ma,0.062497605
BB_upper,0.06069392
Close,0.059792478
volatility_10,0.05674392
Volume,0.055554077
20_day_ma,0.055134956
RSI_14,0.054261215
MACD,0.05302314
BB_lower,0.05263029
daily_return,0.05215745
volume_change,0.04860059
20_day_std,0.046845358
