Feature,Importance
BB_upper,0.076114036
volume_change,0.07116682
daily_return,0.066608764
Open,0.065345794
10_day_ma,0.06260476
5_day_ma,0.06215728
RSI_14,0.061259463
20_day_ma,0.061100226
Low,0.0589857
BB_lower,0.056576896
MACD,0.05435067
Volume,0.054225303
Close,0.05163736
20_day_std,0.051306386
High,0.051058955
volatility_10,0.050713886
MACD_signal,0.04478766
