Feature,Importance
MACD,0.07178983
volatility_10,0.0680454
RSI_14,0.06475632
BB_upper,0.06341296
20_day_std,0.060673792
MACD_signal,0.060463816
20_day_ma,0.060386393
10_day_ma,0.057890967
Close,0.056772824
Low,0.056189187
volume_change,0.055820443
Open,0.05532821
High,0.05489091
BB_lower,0.05427131
daily_return,0.054212894
Volume,0.052948777
5_day_ma,0.05214586
