Feature,Importance
High,0.084042475
20_day_ma,0.07040512
Volume,0.067855336
10_day_ma,0.06369583
volatility_10,0.06349932
5_day_ma,0.062413003
Low,0.060191516
20_day_std,0.059538502
Open,0.05841565
Close,0.058164377
BB_lower,0.055148922
daily_return,0.05194528
volume_change,0.050976764
BB_upper,0.05023258
RSI_14,0.050177485
MACD,0.047677618
MACD_signal,0.045620263
