Feature,Importance
BB_lower,0.06721304
MACD,0.06535202
20_day_std,0.062872924
20_day_ma,0.061023924
BB_upper,0.060438264
5_day_ma,0.060335103
Open,0.05985041
volatility_10,0.059336703
High,0.059172682
daily_return,0.058519922
RSI_14,0.058404293
Volume,0.057292502
Close,0.055466376
10_day_ma,0.054215312
volume_change,0.053804323
Low,0.053734742
MACD_signal,0.052967403
