Feature,Importance
Close,0.0795488
High,0.07434187
20_day_ma,0.06829317
5_day_ma,0.065025024
MACD,0.06374867
Volume,0.062975176
BB_lower,0.060631435
Open,0.059320897
MACD_signal,0.05673904
volatility_10,0.05560069
daily_return,0.05498854
20_day_std,0.05477602
RSI_14,0.054269556
Low,0.05426921
BB_upper,0.049707636
10_day_ma,0.043422498
volume_change,0.042341832
