Feature,Importance
High,0.07527976
BB_lower,0.07094759
Low,0.068231374
5_day_ma,0.067920335
BB_upper,0.065466866
Volume,0.064844735
Close,0.06431211
MACD,0.06193927
Open,0.061897006
20_day_std,0.05696537
daily_return,0.054489426
volume_change,0.05246946
20_day_ma,0.050571673
MACD_signal,0.050248187
volatility_10,0.05010803
RSI_14,0.042682853
10_day_ma,0.04162605
