Feature,Importance
RSI_14,0.06977939
Low,0.06830623
BB_lower,0.06701325
20_day_ma,0.06271015
MACD,0.06256164
5_day_ma,0.0617615
High,0.060466446
volume_change,0.059856147
daily_return,0.05971989
20_day_std,0.059686802
BB_upper,0.05622736
Volume,0.054371905
Open,0.053897902
Close,0.053755313
volatility_10,0.05202421
10_day_ma,0.048955344
MACD_signal,0.04890655
