Feature,Importance
RSI_14,0.07469924
BB_lower,0.067752026
Volume,0.06533038
10_day_ma,0.06432815
20_day_std,0.06327804
volume_change,0.062933676
High,0.062195208
20_day_ma,0.059052195
daily_return,0.05815498
volatility_10,0.05657321
MACD_signal,0.0563121
5_day_ma,0.055674393
BB_upper,0.054601125
MACD,0.053806897
Low,0.05207912
Open,0.04771901
Close,0.045510236
