Feature,Importance
Low,0.08480764
volatility_10,0.070751384
daily_return,0.06919955
10_day_ma,0.06868814
High,0.0670329
volume_change,0.06581644
BB_upper,0.06500597
Open,0.06316022
5_day_ma,0.05630425
RSI_14,0.053831004
Close,0.052570816
20_day_std,0.050301578
BB_lower,0.050068747
Volume,0.049905267
MACD,0.048899118
MACD_signal,0.042891335
20_day_ma,0.04076564
