Feature,Importance
20_day_ma,0.079916686
BB_upper,0.07392718
daily_return,0.06755109
RSI_14,0.06587258
10_day_ma,0.06426228
MACD,0.06277164
5_day_ma,0.06175935
BB_lower,0.060413487
High,0.05945632
volume_change,0.05870436
20_day_std,0.057922065
volatility_10,0.05744445
MACD_signal,0.053019565
Volume,0.051589575
Low,0.043715037
Open,0.043382797
Close,0.03829158
