Feature,Importance
Volume,0.06975424
5_day_ma,0.06839177
BB_lower,0.065241076
volatility_10,0.06506167
High,0.06061421
RSI_14,0.060507245
20_day_std,0.05952046
MACD,0.059514195
Open,0.059213024
10_day_ma,0.05919658
Low,0.05835136
volume_change,0.057243288
20_day_ma,0.056639414
daily_return,0.055817645
MACD_signal,0.051499736
Close,0.048002537
BB_upper,0.045431606
