Feature,Importance
BB_upper,0.07446054
BB_lower,0.06997336
20_day_ma,0.06503255
Volume,0.06409863
Low,0.062283624
volatility_10,0.061417818
5_day_ma,0.05880915
Open,0.058765974
20_day_std,0.058278117
Close,0.057823267
High,0.05718254
MACD_signal,0.05675246
10_day_ma,0.055600263
daily_return,0.053534105
MACD,0.052526396
volume_change,0.049356252
RSI_14,0.044105012
