Feature,Importance
Low,0.066467285
High,0.0642456
MACD_signal,0.06327301
BB_lower,0.06270944
Open,0.062390294
20_day_std,0.06106213
BB_upper,0.06080201
Volume,0.06006898
Close,0.05955359
MACD,0.058094963
5_day_ma,0.058090426
volume_change,0.056369685
RSI_14,0.056212395
20_day_ma,0.054763854
10_day_ma,0.054055728
volatility_10,0.051353298
daily_return,0.050487343
