Feature,Importance
MACD_signal,0.06977134
5_day_ma,0.069659546
Close,0.06657197
High,0.06467029
MACD,0.062381938
Low,0.0607725
volatility_10,0.060035422
Volume,0.05996305
Open,0.0591461
10_day_ma,0.058008086
volume_change,0.05503912
BB_lower,0.05487063
daily_return,0.05477679
BB_upper,0.0547154
20_day_ma,0.051698707
20_day_std,0.049446654
RSI_14,0.048472486
