Feature,Importance
RSI_14,0.07627882
MACD,0.07121188
High,0.06893638
Open,0.0662141
10_day_ma,0.06569339
Low,0.0651116
Close,0.061240256
20_day_std,0.061084226
volatility_10,0.061073035
5_day_ma,0.056310672
daily_return,0.055737954
BB_upper,0.055500574
20_day_ma,0.055257604
BB_lower,0.054626454
volume_change,0.050449193
MACD_signal,0.039774545
Volume,0.035499346
