Feature,Importance
Open,0.077930465
20_day_ma,0.07658538
5_day_ma,0.074380964
High,0.06994077
Close,0.06629961
Volume,0.060225997
BB_lower,0.05903115
BB_upper,0.057993177
10_day_ma,0.057673033
Low,0.055397086
MACD,0.054892212
volatility_10,0.05401974
volume_change,0.049798183
daily_return,0.049726117
RSI_14,0.048056524
20_day_std,0.044578817
MACD_signal,0.043470755
