Feature,Importance
Open,0.07841512
Low,0.07579335
5_day_ma,0.07369763
10_day_ma,0.06761405
20_day_ma,0.06285779
BB_upper,0.060398906
Volume,0.0598372
MACD,0.056851193
daily_return,0.056057043
High,0.055731516
MACD_signal,0.055218883
BB_lower,0.054918554
RSI_14,0.052998777
volume_change,0.049351104
20_day_std,0.04864764
volatility_10,0.048501212
Close,0.04311011
