Feature,Importance
volume_change,0.07233858
20_day_ma,0.06970961
Open,0.06615181
volatility_10,0.065080196
MACD,0.06484334
BB_upper,0.06252202
BB_lower,0.06250092
Volume,0.061008953
5_day_ma,0.05935909
RSI_14,0.05728516
20_day_std,0.054697108
10_day_ma,0.053917866
daily_return,0.05124052
High,0.05031906
Low,0.050153065
MACD_signal,0.049572986
Close,0.049299687
