Feature,Importance
Low,0.0767632
BB_upper,0.070567146
5_day_ma,0.06726723
MACD,0.06461423
MACD_signal,0.0644708
volume_change,0.06082845
10_day_ma,0.060791574
volatility_10,0.05978494
Open,0.0585005
High,0.05789793
BB_lower,0.057446174
RSI_14,0.054472473
Close,0.053576887
20_day_std,0.05185639
Volume,0.0505149
daily_return,0.04905922
20_day_ma,0.04158791
