Feature,Importance
Low,0.06712499
5_day_ma,0.06683069
MACD_signal,0.065096945
High,0.063293375
20_day_ma,0.06251379
volatility_10,0.062408946
Volume,0.06227351
20_day_std,0.06083161
RSI_14,0.05924185
BB_lower,0.05878246
daily_return,0.058011893
MACD,0.056570638
Open,0.054556727
10_day_ma,0.053700294
volume_change,0.053302355
Close,0.048565593
BB_upper,0.04689431
