Feature,Importance
volatility_10,0.069392964
10_day_ma,0.0687168
BB_upper,0.068108805
Low,0.0667174
volume_change,0.061977018
20_day_ma,0.060523916
daily_return,0.05964167
MACD_signal,0.057567447
Close,0.057488997
20_day_std,0.057338733
Volume,0.05729895
BB_lower,0.057067916
5_day_ma,0.055228386
MACD,0.053436894
Open,0.0516334
High,0.051381715
RSI_14,0.046478927
