Feature,Importance
Low,0.07244022
MACD_signal,0.070580445
BB_upper,0.06720421
10_day_ma,0.066407986
5_day_ma,0.065318264
High,0.06332839
Volume,0.06159949
20_day_std,0.058461413
volatility_10,0.057140697
daily_return,0.054733913
MACD,0.053815823
BB_lower,0.053435124
Close,0.05328329
Open,0.053159602
RSI_14,0.05101785
volume_change,0.049514093
20_day_ma,0.048559174
