Feature,Importance
10_day_ma,0.084121
BB_upper,0.08082234
5_day_ma,0.07851339
Close,0.07381361
RSI_14,0.07246794
High,0.07223781
20_day_ma,0.06283136
volatility_10,0.061706726
BB_lower,0.06065975
volume_change,0.055417266
daily_return,0.04860543
20_day_std,0.04756711
MACD_signal,0.04714553
Low,0.04168777
Open,0.04071186
MACD,0.03990034
Volume,0.031790808
