Feature,Importance
Volume,0.07100917
RSI_14,0.07058858
volatility_10,0.07043908
BB_upper,0.06193497
MACD_signal,0.061060317
daily_return,0.060901906
MACD,0.06053245
Low,0.06018425
volume_change,0.060158122
High,0.059725124
20_day_std,0.057860386
Open,0.056959566
BB_lower,0.054641612
Close,0.05377358
10_day_ma,0.05307626
20_day_ma,0.044585176
5_day_ma,0.042569395
