Feature,Importance
Low,0.0907651
RSI_14,0.07335395
5_day_ma,0.07055095
MACD,0.06865942
10_day_ma,0.065564886
BB_upper,0.05881387
volume_change,0.05556889
volatility_10,0.055507097
20_day_ma,0.055473138
MACD_signal,0.054345734
20_day_std,0.0540776
daily_return,0.05399246
Open,0.05187604
Volume,0.051572043
Close,0.04976133
High,0.046238855
BB_lower,0.043878704
