Feature,Importance
Low,0.080936365
BB_lower,0.07166225
High,0.070703894
20_day_ma,0.06748191
RSI_14,0.06318317
20_day_std,0.06265033
MACD_signal,0.062495656
daily_return,0.0605283
volatility_10,0.058685888
MACD,0.05814824
volume_change,0.053616017
Volume,0.052708462
10_day_ma,0.05135544
5_day_ma,0.051281307
BB_upper,0.048296507
Close,0.046425547
Open,0.039840713
