Feature,Importance
10_day_ma,0.07812514
Low,0.07765388
Volume,0.06922585
volatility_10,0.06854314
High,0.06756623
BB_lower,0.06468756
MACD_signal,0.064031065
20_day_std,0.059081316
Open,0.055742566
Close,0.054580227
volume_change,0.05408366
5_day_ma,0.05400981
daily_return,0.051689826
MACD,0.050198443
RSI_14,0.04941171
20_day_ma,0.04870882
BB_upper,0.032660782
