Feature,Importance
Low,0.09199664
BB_upper,0.07070094
volatility_10,0.06621903
High,0.06262557
volume_change,0.06243515
Volume,0.05999814
BB_lower,0.05982233
MACD_signal,0.058564957
daily_return,0.057132933
MACD,0.056308687
5_day_ma,0.055681042
Close,0.05553461
20_day_ma,0.05238456
20_day_std,0.05144111
RSI_14,0.047930542
Open,0.047069162
10_day_ma,0.044154685
