Feature,Importance
Open,0.06772492
BB_upper,0.066372335
MACD,0.06597896
20_day_ma,0.0655935
10_day_ma,0.06289451
5_day_ma,0.06285142
Low,0.060204513
BB_lower,0.059586182
MACD_signal,0.057910442
20_day_std,0.057007812
High,0.05623732
Volume,0.054409627
volume_change,0.054386295
RSI_14,0.05437921
daily_return,0.053555097
volatility_10,0.051982008
Close,0.048925847
