Feature,Importance
BB_upper,0.07057063
5_day_ma,0.066115655
daily_return,0.06542631
High,0.06526715
20_day_std,0.0636185
MACD,0.06299793
BB_lower,0.060216922
Close,0.057827916
20_day_ma,0.0572488
Volume,0.056667898
Low,0.05508546
volume_change,0.0550169
Open,0.054757968
10_day_ma,0.05371969
RSI_14,0.05369651
volatility_10,0.052700095
MACD_signal,0.049065605
