Feature,Importance
MACD,0.077047706
MACD_signal,0.06589329
BB_upper,0.06574628
Close,0.06517231
volume_change,0.06306838
volatility_10,0.06295603
Volume,0.06278118
Low,0.062298242
5_day_ma,0.06140024
20_day_std,0.05994753
Open,0.05836534
RSI_14,0.056204535
10_day_ma,0.052017197
daily_return,0.05092416
BB_lower,0.04958853
High,0.04920865
20_day_ma,0.037380368
