Feature,Importance
Open,0.06587208
10_day_ma,0.06502594
volatility_10,0.06487685
MACD,0.06476526
5_day_ma,0.06443851
BB_upper,0.06375037
Low,0.06316683
High,0.062008515
20_day_ma,0.058478013
RSI_14,0.0582158
volume_change,0.055390164
Volume,0.05476622
daily_return,0.05393171
MACD_signal,0.053657405
Close,0.05211949
20_day_std,0.050812885
BB_lower,0.048723996
