Feature,Importance
10_day_ma,0.07185507
BB_lower,0.0636666
High,0.062087055
daily_return,0.061479088
volatility_10,0.06142565
BB_upper,0.06085346
RSI_14,0.060355686
MACD_signal,0.059811678
Close,0.059255376
Open,0.0585166
20_day_std,0.057519168
20_day_ma,0.057450008
MACD,0.055851024
Volume,0.054759018
volume_change,0.054552738
Low,0.05127971
5_day_ma,0.049282044
