Feature,Importance
RSI_14,0.06902912
BB_lower,0.06860971
20_day_ma,0.068054125
5_day_ma,0.06524769
BB_upper,0.06339312
Close,0.063274875
volume_change,0.059208356
High,0.058310565
daily_return,0.05769579
Volume,0.057249166
20_day_std,0.056825154
Open,0.056190096
Low,0.05529538
10_day_ma,0.053217243
MACD,0.049701594
MACD_signal,0.049444903
volatility_10,0.049253043
