Feature,Importance
Low,0.08227116
High,0.079830095
MACD,0.07458139
20_day_std,0.06346069
MACD_signal,0.061180875
Close,0.060828697
volatility_10,0.059848517
Open,0.059561484
BB_lower,0.056598444
RSI_14,0.055805296
daily_return,0.055139862
20_day_ma,0.053621598
5_day_ma,0.053363852
BB_upper,0.04974607
Volume,0.04969268
volume_change,0.049276803
10_day_ma,0.03519242
