Feature,Importance
BB_upper,0.073445745
20_day_std,0.06798058
Low,0.061936494
High,0.061548088
RSI_14,0.060662165
volatility_10,0.059700124
BB_lower,0.059698205
Close,0.05960075
Volume,0.059463274
MACD_signal,0.058853477
MACD,0.057371724
10_day_ma,0.057318546
5_day_ma,0.054713037
daily_return,0.054204468
volume_change,0.05407509
20_day_ma,0.05385003
Open,0.045578234
