Feature,Importance
BB_lower,0.079215415
20_day_std,0.06717039
20_day_ma,0.06660214
daily_return,0.06464395
volume_change,0.06457716
High,0.061767794
MACD,0.060121704
BB_upper,0.05914927
RSI_14,0.056595452
Volume,0.056184635
Open,0.055280987
5_day_ma,0.054530133
Close,0.05450703
Low,0.053853255
MACD_signal,0.05289938
volatility_10,0.04949379
10_day_ma,0.043407544
