Feature,Importance
Close,0.07701413
5_day_ma,0.06856535
Low,0.067957856
BB_lower,0.0653169
BB_upper,0.06444448
MACD_signal,0.06356618
Open,0.06274186
volatility_10,0.060993522
10_day_ma,0.05706092
daily_return,0.055467904
High,0.05534389
MACD,0.05367016
20_day_std,0.05296815
20_day_ma,0.05038985
volume_change,0.050078113
RSI_14,0.048118677
Volume,0.04630208
