Feature,Importance
Open,0.07513522
Low,0.07382505
MACD_signal,0.07169177
BB_upper,0.06879758
RSI_14,0.06782767
MACD,0.064569116
5_day_ma,0.06410022
volume_change,0.060740683
20_day_ma,0.05415691
volatility_10,0.05140156
daily_return,0.051086154
High,0.050546728
Volume,0.05036937
BB_lower,0.050267395
10_day_ma,0.04905957
Close,0.048620306
20_day_std,0.047804683
