Feature,Importance
Low,0.09559255
volatility_10,0.07908805
MACD,0.0739586
Close,0.07169138
10_day_ma,0.06891121
5_day_ma,0.068803005
BB_upper,0.066400826
Open,0.055366695
RSI_14,0.054586057
volume_change,0.054118067
Volume,0.05222242
daily_return,0.051743757
High,0.05038233
MACD_signal,0.047543712
20_day_std,0.04048389
20_day_ma,0.03734004
BB_lower,0.031767387
