Feature,Importance
BB_upper,0.070258334
10_day_ma,0.06959188
Low,0.06424922
daily_return,0.06356437
Open,0.062148385
Volume,0.062057838
20_day_std,0.061323438
5_day_ma,0.06078301
BB_lower,0.060210425
High,0.05713204
volatility_10,0.055782884
MACD,0.055321474
RSI_14,0.053211156
MACD_signal,0.052158833
volume_change,0.051609643
20_day_ma,0.050792087
Close,0.049804997
