Feature,Importance
20_day_ma,0.08806629
BB_upper,0.07528627
10_day_ma,0.06800908
MACD,0.06754501
Close,0.067018926
High,0.06200221
MACD_signal,0.060681537
BB_lower,0.059335455
daily_return,0.058138043
Open,0.053819425
volume_change,0.05365542
Volume,0.052056942
volatility_10,0.051906884
20_day_std,0.051737167
5_day_ma,0.044321463
RSI_14,0.043810323
Low,0.042609587
