Feature,Importance
MACD,0.07260772
Low,0.0716524
20_day_ma,0.0679749
Open,0.064421326
MACD_signal,0.06269302
BB_upper,0.061546143
Close,0.06046321
Volume,0.058956187
volume_change,0.057449203
5_day_ma,0.056901276
20_day_std,0.055730958
10_day_ma,0.055152282
RSI_14,0.05368108
daily_return,0.052317105
volatility_10,0.050444983
High,0.05038882
BB_lower,0.047619443
