Feature,Importance
BB_lower,0.07351464
BB_upper,0.068278
High,0.06681258
Open,0.06448158
5_day_ma,0.060694523
20_day_ma,0.060267583
Volume,0.05811154
20_day_std,0.057369206
Close,0.056465644
MACD,0.056422595
volume_change,0.056084737
volatility_10,0.055308744
RSI_14,0.055006087
Low,0.054382585
daily_return,0.05411133
10_day_ma,0.052955322
MACD_signal,0.04973331
