Feature,Importance
Low,0.07643545
Open,0.07497784
10_day_ma,0.07335715
5_day_ma,0.069089785
BB_upper,0.06261088
Volume,0.06054405
20_day_ma,0.059748583
MACD,0.059727237
MACD_signal,0.05762078
daily_return,0.057304457
volatility_10,0.055672433
20_day_std,0.05487411
High,0.052697506
RSI_14,0.048525784
Close,0.048444755
BB_lower,0.046066105
volume_change,0.042303104
