Feature,Importance
Low,0.07375926
High,0.06808997
BB_upper,0.06528165
20_day_ma,0.06398136
Open,0.062417354
5_day_ma,0.06240707
20_day_std,0.060900908
BB_lower,0.059436496
volatility_10,0.057737574
Volume,0.05769297
volume_change,0.05646987
MACD,0.05579625
daily_return,0.052541684
10_day_ma,0.05194206
Close,0.051528018
MACD_signal,0.050624356
RSI_14,0.049393155
