Feature,Importance
Open,0.08363699
5_day_ma,0.07626666
BB_upper,0.068896815
High,0.06588531
Low,0.06302755
BB_lower,0.060929134
Close,0.06069194
volatility_10,0.05952578
20_day_std,0.059025712
10_day_ma,0.05461386
MACD,0.05437016
volume_change,0.053671055
RSI_14,0.052793372
daily_return,0.052160222
Volume,0.05095708
20_day_ma,0.04302556
MACD_signal,0.040522885
