Feature,Importance
volatility_10,0.07348875
High,0.06794406
20_day_ma,0.06739346
Volume,0.06551764
Low,0.064550556
BB_upper,0.062364396
BB_lower,0.05954428
5_day_ma,0.05879317
volume_change,0.057288367
Close,0.057191316
10_day_ma,0.05650321
daily_return,0.05316411
RSI_14,0.05299333
MACD,0.051820584
20_day_std,0.051765878
Open,0.051201634
MACD_signal,0.048475232
