Feature,Importance
MACD,0.071820125
10_day_ma,0.0690199
High,0.068543844
5_day_ma,0.06683865
Low,0.066267565
MACD_signal,0.06406879
RSI_14,0.0637148
daily_return,0.059338372
Close,0.05922694
BB_upper,0.058313865
volatility_10,0.058201086
Volume,0.05788839
20_day_std,0.052410934
20_day_ma,0.04938479
Open,0.047735564
BB_lower,0.044457663
volume_change,0.042768754
