Feature,Importance
Open,0.07251207
MACD,0.066649556
Close,0.06494069
volume_change,0.06410281
High,0.062734805
BB_lower,0.06228561
RSI_14,0.060301837
20_day_std,0.060038514
20_day_ma,0.058280658
volatility_10,0.05670551
MACD_signal,0.056679446
daily_return,0.054340944
10_day_ma,0.05420651
Low,0.052105155
Volume,0.05206794
5_day_ma,0.051818557
BB_upper,0.050229404
