Feature,Importance
Volume,0.06290042
20_day_ma,0.06271773
Open,0.061660293
Low,0.06146121
High,0.061241772
RSI_14,0.060820937
MACD_signal,0.06070156
MACD,0.060178567
20_day_std,0.05933527
10_day_ma,0.0592031
5_day_ma,0.05897214
BB_upper,0.057299055
Close,0.056901146
volume_change,0.05667788
daily_return,0.05568615
BB_lower,0.052554462
volatility_10,0.051688273
