Feature,Importance
5_day_ma,0.11477047
10_day_ma,0.07737954
20_day_ma,0.06746564
Low,0.06507647
Open,0.061424654
MACD,0.060036443
Volume,0.05695107
MACD_signal,0.05694891
daily_return,0.05527312
BB_upper,0.05511519
RSI_14,0.05385759
volume_change,0.05163233
volatility_10,0.049230464
High,0.048765555
BB_lower,0.047045667
Close,0.045835882
20_day_std,0.03319103
