Feature,Importance
20_day_ma,0.073173255
High,0.07093726
5_day_ma,0.06679044
BB_lower,0.066236064
MACD,0.063289285
RSI_14,0.06211059
MACD_signal,0.06189316
BB_upper,0.061738707
volume_change,0.05951666
Low,0.058497235
10_day_ma,0.055934172
20_day_std,0.05537239
Open,0.052219093
daily_return,0.05133532
volatility_10,0.049427565
Close,0.046202704
Volume,0.04532609
