Feature,Importance
BB_upper,0.07519532
10_day_ma,0.06686847
20_day_std,0.06565389
Close,0.06470183
volatility_10,0.061411563
Open,0.06111929
volume_change,0.061033767
MACD_signal,0.060620666
RSI_14,0.05970908
daily_return,0.057773724
Low,0.05657831
BB_lower,0.054137826
20_day_ma,0.05217546
Volume,0.051699318
MACD,0.051507298
High,0.050835438
5_day_ma,0.04897873
