Feature,Importance
20_day_ma,0.0789306
volatility_10,0.069923624
High,0.069711365
Volume,0.069012545
BB_upper,0.06425821
BB_lower,0.06173618
Close,0.057655454
RSI_14,0.056979172
20_day_std,0.056903463
volume_change,0.056390923
10_day_ma,0.05537883
daily_return,0.053992484
Low,0.052761044
5_day_ma,0.051996663
MACD_signal,0.051654246
MACD,0.04844684
Open,0.044268273
