Feature,Importance
Low,0.09506957
BB_lower,0.07083075
High,0.06768105
20_day_std,0.06516861
Close,0.061091892
Open,0.060839128
MACD,0.057043817
volume_change,0.05692855
BB_upper,0.056185346
20_day_ma,0.054985773
volatility_10,0.053518463
10_day_ma,0.0514082
5_day_ma,0.051237177
Volume,0.050291795
daily_return,0.049850974
RSI_14,0.049798105
MACD_signal,0.048070777
