Feature,Importance
BB_lower,0.07046078
Close,0.068609245
High,0.067348495
RSI_14,0.06378421
MACD,0.06360969
Low,0.061572455
20_day_std,0.061229527
20_day_ma,0.057039294
Volume,0.05681889
10_day_ma,0.055544693
BB_upper,0.05546785
MACD_signal,0.054670542
daily_return,0.05353368
5_day_ma,0.053369783
volatility_10,0.05312818
Open,0.052957986
volume_change,0.050854713
