Feature,Importance
Low,0.073838025
5_day_ma,0.073467925
MACD,0.07335206
High,0.066470124
MACD_signal,0.0642583
RSI_14,0.057128496
Open,0.056974456
Close,0.05660147
20_day_std,0.0561873
volume_change,0.055717
Volume,0.055706743
volatility_10,0.055144526
20_day_ma,0.052807838
daily_return,0.05216796
10_day_ma,0.051673256
BB_upper,0.051033784
BB_lower,0.047470685
