Feature,Importance
Low,0.06870892
High,0.06478267
20_day_std,0.06437322
20_day_ma,0.062534176
volume_change,0.0617579
MACD,0.061756823
BB_lower,0.060386844
10_day_ma,0.059820343
MACD_signal,0.0597555
BB_upper,0.05855026
Close,0.057142157
Volume,0.05665444
5_day_ma,0.055522922
volatility_10,0.05539164
Open,0.053766787
daily_return,0.05231713
RSI_14,0.04677826
