Feature,Importance
20_day_ma,0.0746693
Open,0.07408812
5_day_ma,0.07114404
BB_upper,0.068756096
volatility_10,0.062928766
MACD,0.062912375
Close,0.060233105
BB_lower,0.059012942
10_day_ma,0.058771588
daily_return,0.05712894
Low,0.05700881
volume_change,0.054097794
Volume,0.050256547
MACD_signal,0.048439518
RSI_14,0.048235357
High,0.046683565
20_day_std,0.045633137
