Feature,Importance
20_day_ma,0.07990942
High,0.07444329
5_day_ma,0.06935901
Close,0.06698059
BB_lower,0.05937279
RSI_14,0.058574628
volatility_10,0.058421083
BB_upper,0.057778936
Low,0.057145536
Open,0.056886937
MACD_signal,0.056783345
volume_change,0.056462962
20_day_std,0.054478016
Volume,0.050433997
daily_return,0.050291367
MACD,0.048144944
10_day_ma,0.04453308
