Feature,Importance
Low,0.09418595
BB_upper,0.06722914
BB_lower,0.06497908
20_day_ma,0.064398855
5_day_ma,0.0634874
Open,0.06281705
Close,0.06207798
MACD_signal,0.0601063
volatility_10,0.059993986
High,0.059985563
volume_change,0.05812765
daily_return,0.055290356
10_day_ma,0.05444845
RSI_14,0.046690233
MACD,0.04551027
Volume,0.042018443
20_day_std,0.03865328
