Feature,Importance
10_day_ma,0.07323732
Close,0.07151761
BB_upper,0.067737214
RSI_14,0.0658724
Low,0.064209186
20_day_std,0.064032726
volume_change,0.05926204
MACD,0.058900733
MACD_signal,0.058878366
BB_lower,0.057953753
20_day_ma,0.05405337
Volume,0.05351012
daily_return,0.051828183
High,0.051332176
volatility_10,0.05091465
Open,0.04951948
5_day_ma,0.04724061
