Feature,Importance
5_day_ma,0.08611071
Close,0.07460283
BB_lower,0.068283096
Low,0.06469895
20_day_ma,0.063254684
MACD_signal,0.05865894
MACD,0.058034755
volatility_10,0.057645965
High,0.054815173
10_day_ma,0.054498225
Volume,0.053620502
daily_return,0.05347193
BB_upper,0.053339932
Open,0.052543174
volume_change,0.05218082
RSI_14,0.049448557
20_day_std,0.044791766
