Feature,Importance
20_day_ma,0.074846104
MACD,0.071551144
Close,0.06999138
5_day_ma,0.06755403
20_day_std,0.063017756
BB_upper,0.060131703
MACD_signal,0.059478395
volume_change,0.059156302
daily_return,0.057212036
Low,0.05592428
High,0.055518005
10_day_ma,0.054717656
Volume,0.053763073
volatility_10,0.051969133
Open,0.050185632
BB_lower,0.049351376
RSI_14,0.04563206
