Feature,Importance
volatility_10,0.0903867
MACD_signal,0.06867286
MACD,0.06717868
Low,0.06620289
5_day_ma,0.066069566
BB_upper,0.06473059
Close,0.06297094
Volume,0.057954833
daily_return,0.05781274
BB_lower,0.057588156
Open,0.05491531
High,0.054308165
20_day_std,0.053864766
10_day_ma,0.050079778
volume_change,0.048567064
20_day_ma,0.044179726
RSI_14,0.034517203
