Feature,Importance
10_day_ma,0.08081526
20_day_ma,0.08060039
Low,0.07316038
High,0.070047006
Close,0.06516066
volume_change,0.060580194
BB_lower,0.05985508
BB_upper,0.059785295
5_day_ma,0.059593253
Volume,0.05788905
RSI_14,0.05563659
MACD,0.05418166
daily_return,0.05193117
20_day_std,0.04832278
volatility_10,0.044577576
Open,0.039176464
MACD_signal,0.03868717
