Feature,Importance
Low,0.07325811
volume_change,0.06797126
5_day_ma,0.06508579
Open,0.06455962
20_day_std,0.0644646
10_day_ma,0.064359106
RSI_14,0.062990054
MACD_signal,0.06126632
MACD,0.057563264
BB_upper,0.057239022
BB_lower,0.055663176
volatility_10,0.052882448
daily_return,0.052376978
Close,0.052087095
High,0.05065038
20_day_ma,0.05056942
Volume,0.047013372
