Feature,Importance
Low,0.106228374
Close,0.0870248
volatility_10,0.077795945
MACD_signal,0.0667588
BB_upper,0.065906055
MACD,0.06145066
Volume,0.05637628
20_day_ma,0.056307167
volume_change,0.053383265
5_day_ma,0.051995967
High,0.051325306
BB_lower,0.050355926
10_day_ma,0.049778
daily_return,0.045232996
20_day_std,0.04247996
RSI_14,0.041596092
Open,0.03600445
