Feature,Importance
Low,0.10358372
BB_lower,0.07430013
Volume,0.070004255
Close,0.069241084
5_day_ma,0.060149897
MACD_signal,0.05950434
BB_upper,0.057988875
MACD,0.057792917
daily_return,0.056337364
volatility_10,0.055584457
volume_change,0.05539584
High,0.05186375
20_day_std,0.050158285
RSI_14,0.04985876
10_day_ma,0.046125364
Open,0.045855485
20_day_ma,0.03625548
