Feature,Importance
20_day_ma,0.09264227
BB_upper,0.07361639
10_day_ma,0.07266146
BB_lower,0.06924762
High,0.06700074
Close,0.06424079
RSI_14,0.055158276
Volume,0.054824017
5_day_ma,0.053919546
MACD,0.053895287
Open,0.0530278
volume_change,0.052249953
volatility_10,0.048739046
MACD_signal,0.048384335
Low,0.048043627
20_day_std,0.047967084
daily_return,0.044381753
