Feature,Importance
Open,0.068486094
Low,0.06828741
BB_lower,0.066220604
10_day_ma,0.06274795
MACD,0.061512485
5_day_ma,0.060208794
volatility_10,0.05992629
BB_upper,0.059765592
Volume,0.05814808
RSI_14,0.057842996
volume_change,0.057421047
MACD_signal,0.057220012
20_day_ma,0.056890417
20_day_std,0.056469664
High,0.051805045
daily_return,0.050787497
Close,0.04626004
