Feature,Importance
MACD,0.06565717
Close,0.065396935
Low,0.06518602
20_day_std,0.0649738
20_day_ma,0.062364735
BB_upper,0.062057555
BB_lower,0.061499886
High,0.059868388
volatility_10,0.058761403
5_day_ma,0.058691043
10_day_ma,0.05826386
daily_return,0.05801374
RSI_14,0.05334748
MACD_signal,0.052201826
volume_change,0.051751606
Volume,0.05169847
Open,0.05026604
