Feature,Importance
20_day_std,0.06982306
BB_upper,0.06871076
MACD_signal,0.063615866
BB_lower,0.06355061
High,0.06120376
5_day_ma,0.06016917
Volume,0.05973772
RSI_14,0.05950926
volatility_10,0.05818472
Low,0.057835277
daily_return,0.056764614
MACD,0.05571254
Open,0.05535621
10_day_ma,0.054210417
volume_change,0.052728303
Close,0.052670315
20_day_ma,0.050217386
