Feature,Importance
BB_upper,0.0715824
volatility_10,0.06966096
20_day_ma,0.06542314
Open,0.06227249
Low,0.06188687
RSI_14,0.061073337
20_day_std,0.05901059
daily_return,0.058459044
BB_lower,0.0574522
MACD,0.057446666
10_day_ma,0.055941273
volume_change,0.055244703
MACD_signal,0.05386149
Volume,0.05385536
5_day_ma,0.05342968
High,0.05319691
Close,0.050202835
