Feature,Importance
10_day_ma,0.06572159
Open,0.06476001
BB_lower,0.064545274
MACD,0.06363689
MACD_signal,0.063518554
daily_return,0.06335923
Volume,0.06242103
20_day_std,0.06122446
High,0.058389876
volatility_10,0.057982076
RSI_14,0.056084786
20_day_ma,0.05606068
5_day_ma,0.05488357
Low,0.05454497
volume_change,0.05266528
Close,0.05174199
BB_upper,0.048459683
