Feature,Importance
10_day_ma,0.08730147
Low,0.071456425
Close,0.06849517
Open,0.063951485
MACD,0.061935432
BB_lower,0.06030409
Volume,0.059105445
daily_return,0.058301855
5_day_ma,0.05735639
20_day_ma,0.056966126
BB_upper,0.056517724
volatility_10,0.053010643
MACD_signal,0.05263861
volume_change,0.050638087
High,0.04993757
RSI_14,0.04737874
20_day_std,0.044704758
