Feature,Importance
High,0.077799186
Low,0.06651407
MACD_signal,0.06376261
MACD,0.06273362
Open,0.06021626
volume_change,0.057921182
BB_upper,0.057682674
10_day_ma,0.057524018
5_day_ma,0.05739379
RSI_14,0.057204697
Volume,0.056190226
20_day_std,0.056180656
Close,0.05525959
BB_lower,0.05490578
20_day_ma,0.05439587
volatility_10,0.053569093
daily_return,0.050746694
