Feature,Importance
High,0.06647724
Volume,0.065905735
MACD_signal,0.06513223
Low,0.06503273
Open,0.06398001
Close,0.06347874
10_day_ma,0.06336868
BB_lower,0.063239686
20_day_std,0.059178334
5_day_ma,0.058869194
volatility_10,0.05485427
volume_change,0.05364757
MACD,0.052801713
BB_upper,0.05275499
daily_return,0.052731052
RSI_14,0.050393485
20_day_ma,0.048154388
