Feature,Importance
5_day_ma,0.09907425
Low,0.0761014
High,0.07344537
20_day_ma,0.062694706
Close,0.06071286
MACD_signal,0.06057825
10_day_ma,0.057650447
volatility_10,0.05727984
volume_change,0.056949954
BB_lower,0.055463623
daily_return,0.054426078
20_day_std,0.050690673
BB_upper,0.049196996
Open,0.048218872
MACD,0.04810783
Volume,0.04535432
RSI_14,0.044054583
