Feature,Importance
10_day_ma,0.07767581
Low,0.072002485
20_day_std,0.06575839
RSI_14,0.06405276
5_day_ma,0.06286794
High,0.06266375
BB_lower,0.061642986
volatility_10,0.06005943
MACD_signal,0.05971665
MACD,0.055524655
20_day_ma,0.05525227
volume_change,0.054746296
Open,0.052587513
BB_upper,0.051606394
Close,0.05144545
daily_return,0.050918497
Volume,0.041478753
