Feature,Importance
volume_change,0.06471186
BB_lower,0.064385734
Open,0.064177684
High,0.06334896
20_day_ma,0.061907176
RSI_14,0.06127408
daily_return,0.06070351
MACD_signal,0.059724905
Low,0.05960392
MACD,0.058902018
Close,0.0588778
20_day_std,0.05821456
Volume,0.056594443
5_day_ma,0.05582612
volatility_10,0.05166522
10_day_ma,0.050448455
BB_upper,0.04963354
