Feature,Importance
volume_change,0.06609449
BB_upper,0.06524114
20_day_ma,0.06472942
Open,0.063496634
RSI_14,0.06309054
10_day_ma,0.0619712
BB_lower,0.061318815
Volume,0.060835782
5_day_ma,0.059028238
MACD,0.059022263
Low,0.05743567
MACD_signal,0.057419293
Close,0.056711275
daily_return,0.051435586
volatility_10,0.050986312
20_day_std,0.05095994
High,0.050223425
