Feature,Importance
BB_upper,0.081187315
MACD,0.07542296
Low,0.069937445
20_day_std,0.0679002
MACD_signal,0.063884705
Close,0.061683852
BB_lower,0.06166965
daily_return,0.058271408
volatility_10,0.056972824
High,0.05645049
RSI_14,0.055025123
5_day_ma,0.05452791
10_day_ma,0.0526522
Volume,0.049313094
volume_change,0.04828656
20_day_ma,0.04796534
Open,0.038848896
