Feature,Importance
Low,0.08412984
Close,0.06643423
MACD_signal,0.06564671
High,0.06459535
5_day_ma,0.06444673
volume_change,0.06357036
Open,0.061935022
20_day_std,0.061140276
MACD,0.05986953
daily_return,0.058268238
BB_upper,0.054371856
10_day_ma,0.053178996
BB_lower,0.052946474
RSI_14,0.051600907
Volume,0.05119629
volatility_10,0.04804701
20_day_ma,0.038622197
