Feature,Importance
RSI_14,0.06485204
Open,0.06390639
5_day_ma,0.06371241
Close,0.062218715
BB_upper,0.06034798
BB_lower,0.059683852
10_day_ma,0.059253257
Low,0.059182994
MACD,0.05911227
20_day_ma,0.05858372
daily_return,0.05779742
Volume,0.05691373
High,0.05613982
20_day_std,0.05599744
volatility_10,0.05596277
volume_change,0.055364706
MACD_signal,0.050970446
