Feature,Importance
volatility_10,0.069107436
Open,0.06579199
5_day_ma,0.06507313
Volume,0.064448215
volume_change,0.06122743
20_day_ma,0.06043004
daily_return,0.060145125
MACD,0.05953972
RSI_14,0.057938036
MACD_signal,0.05755913
BB_lower,0.05731752
10_day_ma,0.057270844
High,0.056731116
BB_upper,0.054754097
Close,0.05318168
20_day_std,0.05004293
Low,0.04944156
