Feature,Importance
20_day_ma,0.0729343
High,0.068251096
Close,0.067709886
Open,0.06477262
BB_upper,0.063124
volatility_10,0.062171623
BB_lower,0.059208516
Low,0.057383634
10_day_ma,0.05735319
Volume,0.057319857
MACD_signal,0.056867138
volume_change,0.05542986
20_day_std,0.054619864
RSI_14,0.05375727
MACD,0.053497106
daily_return,0.048782483
5_day_ma,0.04681755
