Feature,Importance
Open,0.08232777
MACD_signal,0.07545815
Low,0.07332825
BB_upper,0.06905548
High,0.06834762
Close,0.067354016
RSI_14,0.06493936
20_day_ma,0.061468307
MACD,0.058585737
5_day_ma,0.05746587
volatility_10,0.05676567
daily_return,0.048794165
volume_change,0.04632195
10_day_ma,0.045814283
Volume,0.04354391
20_day_std,0.042168826
BB_lower,0.03826063
