Feature,Importance
10_day_ma,0.07332784
volatility_10,0.07243108
High,0.071501546
Close,0.07066539
5_day_ma,0.06331904
BB_lower,0.06269221
Volume,0.059975423
Open,0.056502428
MACD,0.055849865
20_day_std,0.05485574
volume_change,0.05362109
daily_return,0.053351138
20_day_ma,0.053306624
Low,0.05270815
MACD_signal,0.05111846
RSI_14,0.04816644
BB_upper,0.04660753
