Feature,Importance
Low,0.07178602
BB_upper,0.06480266
Close,0.06422521
High,0.06412207
BB_lower,0.06346104
20_day_std,0.0625526
Open,0.06139861
20_day_ma,0.06023209
MACD,0.057502467
MACD_signal,0.05582609
5_day_ma,0.055777088
volume_change,0.05530909
daily_return,0.05383014
10_day_ma,0.053187206
RSI_14,0.053174034
volatility_10,0.052322034
Volume,0.050491575
