Feature,Importance
MACD,0.07403425
RSI_14,0.068627246
volatility_10,0.06602301
20_day_std,0.06421392
20_day_ma,0.061023224
Close,0.06052653
volume_change,0.060062077
High,0.05993934
MACD_signal,0.058850158
Open,0.058754057
5_day_ma,0.058013227
Volume,0.057724793
daily_return,0.053710748
BB_upper,0.05014021
10_day_ma,0.050075497
BB_lower,0.049605314
Low,0.04867644
