Feature,Importance
Open,0.06893218
BB_upper,0.06801111
daily_return,0.06720793
volatility_10,0.06617251
Low,0.06498362
20_day_std,0.060690448
BB_lower,0.059855066
High,0.058279146
Close,0.057733044
10_day_ma,0.0575419
volume_change,0.057083145
20_day_ma,0.056845658
MACD,0.054274205
RSI_14,0.053741544
MACD_signal,0.05198192
Volume,0.048582405
5_day_ma,0.048084147
