Feature,Importance
5_day_ma,0.06725456
Low,0.06711736
MACD,0.06582084
Close,0.064128295
RSI_14,0.06369843
BB_upper,0.063061774
High,0.062414747
20_day_std,0.059833992
Volume,0.059251744
10_day_ma,0.058091193
BB_lower,0.057290882
MACD_signal,0.05651473
daily_return,0.054125343
Open,0.0534496
volatility_10,0.052362863
volume_change,0.048732087
20_day_ma,0.046851505
