Feature,Importance
BB_upper,0.072161704
10_day_ma,0.07111247
Open,0.063918166
5_day_ma,0.061842974
20_day_ma,0.05963341
volume_change,0.058387734
volatility_10,0.05796533
MACD,0.05795937
Volume,0.057451315
daily_return,0.056917407
20_day_std,0.056637086
MACD_signal,0.055162936
Low,0.05492107
High,0.054792337
Close,0.05421371
RSI_14,0.053683132
BB_lower,0.05323982
