Feature,Importance
Low,0.06773732
High,0.067252435
BB_lower,0.06522736
20_day_std,0.06279845
MACD_signal,0.062371165
5_day_ma,0.060633473
Open,0.06060694
10_day_ma,0.05926606
Close,0.05859862
BB_upper,0.056673657
Volume,0.055949394
RSI_14,0.055869143
volume_change,0.05585085
daily_return,0.05566184
MACD,0.05412512
20_day_ma,0.053586584
volatility_10,0.04779157
