Feature,Importance
20_day_std,0.071286134
Low,0.07126381
Volume,0.06930058
BB_lower,0.06639751
Close,0.06543949
volume_change,0.06428577
High,0.0641241
MACD_signal,0.063227646
MACD,0.06119733
daily_return,0.06022151
10_day_ma,0.05624864
volatility_10,0.053598013
5_day_ma,0.049650606
20_day_ma,0.04925907
BB_upper,0.04702895
Open,0.04692152
RSI_14,0.040549345
