Feature,Importance
Low,0.076599866
High,0.06953053
volume_change,0.06418188
20_day_std,0.061914776
BB_lower,0.0611656
20_day_ma,0.05988754
MACD_signal,0.059296064
10_day_ma,0.058684085
BB_upper,0.057634328
volatility_10,0.05701175
Open,0.05662037
Volume,0.056101233
daily_return,0.055304635
RSI_14,0.053628214
Close,0.053171452
5_day_ma,0.050903644
MACD,0.04836395
