Feature,Importance
BB_lower,0.08341523
20_day_ma,0.08051935
daily_return,0.075923406
volatility_10,0.063874744
MACD_signal,0.06358947
volume_change,0.061952345
Open,0.059752222
20_day_std,0.058906354
Close,0.05691323
MACD,0.05640446
Low,0.05544868
5_day_ma,0.055021163
Volume,0.05295877
RSI_14,0.04693531
BB_upper,0.044906203
10_day_ma,0.04316074
High,0.040318284
