Feature,Importance
10_day_ma,0.07049434
High,0.06808696
BB_lower,0.06655133
MACD_signal,0.06452194
5_day_ma,0.0642193
RSI_14,0.06227924
20_day_std,0.060855802
Open,0.059511248
Volume,0.057569012
Low,0.05607107
20_day_ma,0.05569492
volume_change,0.05418568
BB_upper,0.05398696
volatility_10,0.053012785
MACD,0.05161738
daily_return,0.050743006
Close,0.050599016
