Feature,Importance
BB_upper,0.07345125
MACD_signal,0.065828085
Low,0.06546315
5_day_ma,0.06481861
High,0.06226394
20_day_std,0.060780898
volume_change,0.05972064
10_day_ma,0.058971684
20_day_ma,0.057953645
volatility_10,0.057713676
RSI_14,0.056044735
daily_return,0.054919608
MACD,0.05443029
Close,0.054168746
Volume,0.05396136
BB_lower,0.04985969
Open,0.049649935
