Feature,Importance
Open,0.06933251
BB_lower,0.06729605
10_day_ma,0.066639684
Volume,0.064933
20_day_ma,0.062708125
volatility_10,0.06188321
20_day_std,0.061520196
MACD_signal,0.058532167
MACD,0.0582558
5_day_ma,0.056663226
BB_upper,0.05490389
High,0.054849103
Low,0.054473694
volume_change,0.052894816
Close,0.05261976
daily_return,0.052545756
RSI_14,0.049948968
