Feature,Importance
BB_lower,0.0662085
20_day_ma,0.0657324
10_day_ma,0.06467494
BB_upper,0.064372666
volatility_10,0.063778386
Volume,0.062700234
MACD_signal,0.061229154
20_day_std,0.059486415
volume_change,0.05876127
5_day_ma,0.057325616
Close,0.055373523
MACD,0.055064734
Low,0.053913463
daily_return,0.0536447
Open,0.053628217
RSI_14,0.053003587
High,0.051102143
