Feature,Importance
High,0.08071419
MACD,0.075502604
Low,0.068503805
5_day_ma,0.06678372
Open,0.06298014
Close,0.06269116
BB_lower,0.06203961
BB_upper,0.061622135
20_day_std,0.060525347
daily_return,0.05858797
volume_change,0.05795344
MACD_signal,0.053695083
Volume,0.04664767
20_day_ma,0.04663125
10_day_ma,0.04627613
volatility_10,0.04476392
RSI_14,0.044081807
