Feature,Importance
BB_lower,0.07017033
Low,0.07004042
20_day_ma,0.06725522
10_day_ma,0.06595007
Open,0.061632365
BB_upper,0.061160892
MACD_signal,0.06055665
Close,0.059908092
High,0.05940013
volatility_10,0.056456435
Volume,0.05372205
volume_change,0.053663697
5_day_ma,0.053651743
20_day_std,0.05301199
daily_return,0.052332368
MACD,0.05224109
RSI_14,0.048846472
