Feature,Importance
5_day_ma,0.07995976
Low,0.06563067
volume_change,0.06329621
10_day_ma,0.06211813
High,0.060773443
MACD_signal,0.060473956
volatility_10,0.060075138
BB_upper,0.058688737
MACD,0.057553396
RSI_14,0.05739769
20_day_ma,0.056034822
daily_return,0.055476405
Open,0.054876056
Volume,0.05478888
BB_lower,0.054190077
Close,0.050667584
20_day_std,0.047999054
