Feature,Importance
5_day_ma,0.084023476
volatility_10,0.066239536
10_day_ma,0.06347664
daily_return,0.063171074
Low,0.06248515
MACD,0.061798867
BB_upper,0.059942927
Close,0.05890731
BB_lower,0.05775321
RSI_14,0.05709947
High,0.056277398
volume_change,0.054724123
Open,0.0546342
Volume,0.053815532
20_day_ma,0.050088968
20_day_std,0.04844161
MACD_signal,0.047120564
