Feature,Importance
BB_upper,0.07635473
BB_lower,0.06492035
High,0.063443705
Low,0.06338723
volume_change,0.062806815
20_day_ma,0.06255245
5_day_ma,0.061906666
10_day_ma,0.061214395
20_day_std,0.06078106
RSI_14,0.057321623
Close,0.054697603
MACD,0.053774387
MACD_signal,0.053148378
daily_return,0.05283368
volatility_10,0.05208815
Volume,0.050762568
Open,0.048006237
