Feature,Importance
MACD_signal,0.067371055
BB_upper,0.06660787
daily_return,0.06501209
20_day_std,0.06288194
10_day_ma,0.061663747
volatility_10,0.061555848
Open,0.060810838
RSI_14,0.06010073
Volume,0.059910707
MACD,0.0564383
High,0.056258008
5_day_ma,0.056163292
Low,0.05483572
BB_lower,0.05454505
20_day_ma,0.05360226
volume_change,0.05276239
Close,0.04948015
