Feature,Importance
20_day_ma,0.066761255
Open,0.06484041
RSI_14,0.06399169
BB_lower,0.062306747
volume_change,0.061390225
5_day_ma,0.06115659
Low,0.060938343
High,0.059669916
daily_return,0.059464186
BB_upper,0.057949603
20_day_std,0.05739627
Close,0.057216663
MACD_signal,0.05701995
Volume,0.054202188
MACD,0.05330965
10_day_ma,0.0511988
volatility_10,0.05118748
