Feature,Importance
Open,0.0746834
Low,0.071709886
BB_upper,0.070349775
High,0.061649688
volatility_10,0.059966832
daily_return,0.058246702
MACD_signal,0.058217388
volume_change,0.05745893
20_day_std,0.05682259
MACD,0.05637906
RSI_14,0.056088563
Volume,0.05604385
BB_lower,0.055975817
20_day_ma,0.053928535
10_day_ma,0.05312365
5_day_ma,0.05102694
Close,0.048328396
