Feature,Importance
volatility_10,0.0733757
MACD,0.072798654
RSI_14,0.0712319
MACD_signal,0.065218866
volume_change,0.06096282
20_day_ma,0.060487352
20_day_std,0.058378782
BB_lower,0.05777652
5_day_ma,0.056461483
BB_upper,0.05588685
Close,0.05586511
Volume,0.0547281
High,0.05264768
Open,0.052114073
10_day_ma,0.051841043
daily_return,0.050844602
Low,0.049380455
