Feature,Importance
Low,0.073315434
High,0.06840422
Close,0.06687246
MACD_signal,0.0659744
MACD,0.06006476
Open,0.058755253
20_day_std,0.058664832
RSI_14,0.05783526
BB_lower,0.057800677
Volume,0.056678336
20_day_ma,0.055953935
volume_change,0.05578963
daily_return,0.055033848
5_day_ma,0.053747874
BB_upper,0.05258136
10_day_ma,0.052351058
volatility_10,0.05017666
