Feature,Importance
20_day_ma,0.0676318
High,0.065940045
RSI_14,0.065200284
Low,0.062134854
MACD,0.062093735
MACD_signal,0.060100682
daily_return,0.059737746
Close,0.059467334
BB_upper,0.05930534
Volume,0.05762138
volatility_10,0.056857657
Open,0.056752224
volume_change,0.055233117
10_day_ma,0.05511877
20_day_std,0.054612454
BB_lower,0.05143595
5_day_ma,0.05075661
