Feature,Importance
Open,0.06928161
10_day_ma,0.06895762
20_day_std,0.0643548
High,0.063753754
Low,0.06288842
BB_upper,0.06106869
BB_lower,0.060968254
20_day_ma,0.058286566
RSI_14,0.058226053
volume_change,0.05669982
5_day_ma,0.05657091
Close,0.05539798
MACD_signal,0.054853607
MACD,0.05447477
volatility_10,0.05174965
daily_return,0.051326804
Volume,0.051140696
