Feature,Importance
10_day_ma,0.08301565
High,0.067220345
5_day_ma,0.06615573
volume_change,0.065909036
RSI_14,0.06317352
daily_return,0.0629129
Low,0.061835606
Open,0.061224557
20_day_ma,0.0594745
20_day_std,0.058545183
volatility_10,0.057849932
MACD,0.054358847
Volume,0.05112765
Close,0.048687156
BB_lower,0.047075797
MACD_signal,0.047023527
BB_upper,0.044410087
