Feature,Importance
BB_lower,0.08123693
20_day_ma,0.07528307
Low,0.064835735
MACD,0.06437112
Close,0.064251766
MACD_signal,0.06217986
Open,0.060369506
Volume,0.059836622
volume_change,0.057934504
daily_return,0.056388713
10_day_ma,0.05615548
High,0.055285174
RSI_14,0.054783486
volatility_10,0.050468087
BB_upper,0.04941405
20_day_std,0.047876593
5_day_ma,0.039329354
