Feature,Importance
Volume,0.071650654
volatility_10,0.068540744
BB_lower,0.0672709
High,0.06456628
Low,0.06177438
10_day_ma,0.0613066
5_day_ma,0.060381632
daily_return,0.058012363
MACD,0.05696257
20_day_std,0.056806576
volume_change,0.056582958
RSI_14,0.056127142
20_day_ma,0.056020577
BB_upper,0.053412117
Open,0.053126685
Close,0.0501568
MACD_signal,0.047301076
