Feature,Importance
Low,0.07863861
volume_change,0.07461172
daily_return,0.066804774
RSI_14,0.06346629
5_day_ma,0.062427804
High,0.061425883
BB_upper,0.059968133
volatility_10,0.059462044
Volume,0.059383888
BB_lower,0.05876723
20_day_std,0.056130446
20_day_ma,0.054583848
Close,0.052250426
10_day_ma,0.049678948
Open,0.049477946
MACD,0.048326097
MACD_signal,0.044595875
