Feature,Importance
BB_upper,0.07457913
Low,0.07327385
BB_lower,0.06520364
Close,0.06287592
High,0.062278874
Open,0.06178473
MACD_signal,0.06075144
10_day_ma,0.05833137
20_day_std,0.05639985
20_day_ma,0.056320142
volume_change,0.056121252
MACD,0.053913593
5_day_ma,0.053847574
RSI_14,0.052931137
volatility_10,0.050860237
Volume,0.050499797
daily_return,0.050027397
