Feature,Importance
10_day_ma,0.06673415
Low,0.0646087
Close,0.06412735
MACD_signal,0.06341296
BB_upper,0.06141455
daily_return,0.060199514
BB_lower,0.060010888
volume_change,0.059847604
RSI_14,0.058399398
MACD,0.05821195
5_day_ma,0.057326477
Open,0.057103395
20_day_ma,0.056635883
Volume,0.055811197
High,0.05316011
volatility_10,0.052187577
20_day_std,0.05080833
