Feature,Importance
BB_upper,0.06878355
20_day_ma,0.06865174
High,0.06497573
10_day_ma,0.062346816
20_day_std,0.0623004
BB_lower,0.060741246
5_day_ma,0.05997548
volume_change,0.059187785
RSI_14,0.05905283
MACD_signal,0.05824065
Open,0.058156293
Volume,0.055486724
MACD,0.054348823
daily_return,0.054324865
Close,0.053588063
volatility_10,0.052072324
Low,0.0477667
