Feature,Importance
volatility_10,0.06886041
volume_change,0.06558844
RSI_14,0.06441992
Low,0.0612616
10_day_ma,0.060620233
Volume,0.058821823
20_day_std,0.058258142
MACD,0.05822965
Open,0.057892803
20_day_ma,0.05750199
Close,0.05746251
High,0.057426866
MACD_signal,0.056120623
daily_return,0.054978367
BB_lower,0.054662038
BB_upper,0.05448397
5_day_ma,0.053410694
