Feature,Importance
Open,0.07417577
10_day_ma,0.06778323
volatility_10,0.06777063
BB_upper,0.06652524
Volume,0.06541279
20_day_ma,0.0627796
Low,0.06258698
MACD,0.061033525
5_day_ma,0.058741845
BB_lower,0.058650814
MACD_signal,0.056273043
RSI_14,0.05350459
volume_change,0.05196778
High,0.05089802
20_day_std,0.049375214
Close,0.046998743
daily_return,0.045522198
