Feature,Importance
10_day_ma,0.07630511
MACD,0.0723641
BB_lower,0.066563904
RSI_14,0.06520569
Close,0.064824305
BB_upper,0.061996303
High,0.060865678
20_day_std,0.057621684
5_day_ma,0.056993358
Open,0.05587299
20_day_ma,0.054252148
Low,0.053808484
MACD_signal,0.053533502
daily_return,0.05272685
Volume,0.04923889
volatility_10,0.048934545
volume_change,0.04889243
