Feature,Importance
High,0.09947095
Low,0.08094679
20_day_std,0.07108375
volatility_10,0.06477753
Open,0.06381663
20_day_ma,0.062467925
volume_change,0.060098674
5_day_ma,0.060088445
Close,0.057600033
Volume,0.053272422
BB_upper,0.051870223
daily_return,0.051124226
MACD,0.047825303
10_day_ma,0.045880906
BB_lower,0.04399127
MACD_signal,0.04297129
RSI_14,0.04271366
