Feature,Importance
volatility_10,0.07255014
RSI_14,0.066779554
volume_change,0.064267576
Open,0.063525334
5_day_ma,0.06348354
High,0.063404
daily_return,0.06241575
MACD,0.06015642
Volume,0.058903523
BB_lower,0.057317525
BB_upper,0.057308104
Low,0.05454274
MACD_signal,0.05394096
Close,0.05266287
20_day_std,0.05205064
20_day_ma,0.049022198
10_day_ma,0.0476691
