Feature,Importance
High,0.07096364
Low,0.06892344
Volume,0.0636215
BB_lower,0.06355883
RSI_14,0.06351339
5_day_ma,0.062477812
10_day_ma,0.06217387
20_day_ma,0.061283536
volatility_10,0.058650002
volume_change,0.05585872
Close,0.055536862
daily_return,0.055210084
20_day_std,0.054009702
BB_upper,0.05389023
MACD,0.052306443
MACD_signal,0.052245967
Open,0.045775987
