Feature,Importance
MACD,0.07980074
MACD_signal,0.0762706
BB_lower,0.063693516
Close,0.062352728
volatility_10,0.061972424
10_day_ma,0.059617314
Low,0.0595215
20_day_std,0.059497837
20_day_ma,0.059351508
daily_return,0.05929609
volume_change,0.058279596
BB_upper,0.05291212
5_day_ma,0.052612085
RSI_14,0.051762924
High,0.04841146
Volume,0.047839988
Open,0.04680746
