Feature,Importance
BB_lower,0.07465719
Close,0.07459786
High,0.074031964
10_day_ma,0.071985364
BB_upper,0.06456895
volume_change,0.06250187
20_day_ma,0.06249146
RSI_14,0.059343442
MACD,0.05904267
20_day_std,0.057107676
5_day_ma,0.055935696
volatility_10,0.055061564
Open,0.05097957
MACD_signal,0.0469659
Low,0.044235367
Volume,0.044083767
daily_return,0.042409673
