Feature,Importance
MACD_signal,0.06702893
10_day_ma,0.06627607
Open,0.0660404
volatility_10,0.06386117
BB_upper,0.062532306
daily_return,0.06089588
Volume,0.05994523
RSI_14,0.059806105
High,0.05944126
20_day_std,0.05752829
BB_lower,0.057438035
MACD,0.056209277
Low,0.054855116
5_day_ma,0.05420959
volume_change,0.052632824
20_day_ma,0.051437937
Close,0.04986159
