Feature,Importance
20_day_ma,0.07820743
RSI_14,0.07168728
High,0.07051755
5_day_ma,0.0662837
20_day_std,0.06376736
MACD,0.0634026
Low,0.059959684
Open,0.05957132
BB_upper,0.05934588
volume_change,0.05811406
volatility_10,0.056949068
10_day_ma,0.055144798
MACD_signal,0.051368613
daily_return,0.050277293
BB_lower,0.04795723
Volume,0.045120336
Close,0.04232584
