Feature,Importance
BB_lower,0.070267946
MACD_signal,0.066903405
20_day_ma,0.06631243
10_day_ma,0.06361107
MACD,0.063535966
High,0.061386805
volume_change,0.060823236
Volume,0.05936116
Low,0.058803037
Close,0.057838786
BB_upper,0.056183938
volatility_10,0.05617899
Open,0.055118937
20_day_std,0.054700036
RSI_14,0.05180622
daily_return,0.049816146
5_day_ma,0.047351938
