Feature,Importance
MACD,0.06594732
20_day_ma,0.065250166
BB_upper,0.06524764
MACD_signal,0.06479989
10_day_ma,0.0625258
Volume,0.060035493
Open,0.059791315
BB_lower,0.05966945
Low,0.05783493
Close,0.057421412
daily_return,0.05728377
5_day_ma,0.056117535
volume_change,0.055971775
RSI_14,0.055411693
20_day_std,0.054504283
High,0.051409308
volatility_10,0.050778214
