Feature,Importance
MACD,0.06846266
20_day_ma,0.06438799
Open,0.06430159
5_day_ma,0.06414993
volume_change,0.061312746
Close,0.060984258
High,0.060721092
BB_upper,0.05943833
RSI_14,0.05892219
daily_return,0.057338092
20_day_std,0.05709612
Low,0.05613155
BB_lower,0.05580683
volatility_10,0.055260666
Volume,0.05509807
MACD_signal,0.051124122
10_day_ma,0.049463782
