Feature,Importance
BB_upper,0.0656853
Close,0.06407831
MACD_signal,0.063490175
Low,0.061185356
5_day_ma,0.060666632
BB_lower,0.060498275
20_day_std,0.059706885
20_day_ma,0.059666958
RSI_14,0.058513504
daily_return,0.058328725
High,0.058116607
volume_change,0.05742808
volatility_10,0.057368476
Volume,0.05601189
MACD,0.055552926
Open,0.05236494
10_day_ma,0.05133696
