Feature,Importance
BB_upper,0.07338662
MACD,0.07284067
5_day_ma,0.07163403
20_day_std,0.07161609
20_day_ma,0.062267043
Low,0.060849514
High,0.06077318
MACD_signal,0.059537757
volume_change,0.05873084
Volume,0.055545557
Close,0.055318855
volatility_10,0.05238122
Open,0.05222028
BB_lower,0.05173188
RSI_14,0.051645994
daily_return,0.051403645
10_day_ma,0.038116835
