Feature,Importance
BB_lower,0.07799058
Low,0.0693045
10_day_ma,0.06730657
20_day_ma,0.06502753
20_day_std,0.063087344
MACD,0.06170476
daily_return,0.06167025
volume_change,0.060228888
Close,0.058387555
BB_upper,0.058298107
RSI_14,0.05528104
volatility_10,0.05473068
Open,0.054092877
5_day_ma,0.053553298
Volume,0.047652293
MACD_signal,0.047625605
High,0.044058103
