Feature,Importance
MACD_signal,0.07486317
BB_upper,0.07286015
20_day_std,0.06831963
10_day_ma,0.067261174
Volume,0.06522227
High,0.06499805
MACD,0.06395773
BB_lower,0.06000003
volatility_10,0.05932113
daily_return,0.058663994
Low,0.056945227
volume_change,0.05338532
20_day_ma,0.05105378
Open,0.050281648
RSI_14,0.047946393
Close,0.046782017
5_day_ma,0.038138248
