Feature,Importance
BB_upper,0.07192411
10_day_ma,0.065829225
20_day_ma,0.06403188
BB_lower,0.062400118
volume_change,0.062252875
RSI_14,0.061516296
Low,0.061319944
Open,0.06116599
Volume,0.057676766
MACD,0.057244252
5_day_ma,0.057093907
20_day_std,0.056743342
volatility_10,0.054702263
Close,0.0537835
MACD_signal,0.053193003
daily_return,0.04974667
High,0.04937596
