Feature,Importance
Low,0.07043031
MACD_signal,0.06698301
BB_upper,0.06415321
volatility_10,0.0625475
5_day_ma,0.061139572
volume_change,0.06068894
BB_lower,0.06013171
High,0.05920409
MACD,0.05890341
10_day_ma,0.05864389
Close,0.056429707
Volume,0.055585135
20_day_ma,0.055452436
RSI_14,0.05487775
daily_return,0.05306423
Open,0.052545488
20_day_std,0.04921966
