Feature,Importance
MACD_signal,0.06990699
5_day_ma,0.06607043
10_day_ma,0.06571285
BB_upper,0.065630406
Low,0.064001225
volatility_10,0.063151754
20_day_std,0.059762154
BB_lower,0.059528217
Close,0.05749566
MACD,0.05747383
Volume,0.056477483
High,0.054595057
RSI_14,0.052848145
20_day_ma,0.05279996
Open,0.05251412
volume_change,0.051236708
daily_return,0.050795
