Feature,Importance
volatility_10,0.09008417
Low,0.069595896
MACD_signal,0.06892707
High,0.063718386
5_day_ma,0.06158144
Close,0.060554605
BB_upper,0.0574882
volume_change,0.05654292
Volume,0.056167264
BB_lower,0.056112625
daily_return,0.055648927
10_day_ma,0.055014554
20_day_std,0.053021885
MACD,0.04979303
Open,0.04922197
20_day_ma,0.048422627
RSI_14,0.048104443
