Feature,Importance
5_day_ma,0.078313835
RSI_14,0.0728867
20_day_ma,0.072590284
High,0.069223404
volatility_10,0.06485002
BB_upper,0.061817393
volume_change,0.06028319
Open,0.060048144
MACD,0.05768569
Low,0.054110967
MACD_signal,0.053756826
daily_return,0.052473333
10_day_ma,0.050361935
Volume,0.05015275
20_day_std,0.049346413
BB_lower,0.04903814
Close,0.043060992
