Feature,Importance
volatility_10,0.07608116
5_day_ma,0.06803026
RSI_14,0.06638314
BB_upper,0.062003024
Open,0.06121734
High,0.06119672
20_day_std,0.0607122
daily_return,0.059901435
Low,0.05894812
10_day_ma,0.057761006
MACD_signal,0.057277896
Volume,0.055846713
MACD,0.055082504
BB_lower,0.054577723
Close,0.04982224
volume_change,0.04892703
20_day_ma,0.04623143
