Feature,Importance
Low,0.06919306
High,0.065959185
20_day_std,0.064617105
BB_upper,0.06339532
MACD_signal,0.062201433
5_day_ma,0.061054375
BB_lower,0.059041716
Close,0.059018478
Volume,0.05859464
20_day_ma,0.058429457
MACD,0.058376867
volume_change,0.055312343
daily_return,0.0551613
10_day_ma,0.054630052
Open,0.053681158
RSI_14,0.053414285
volatility_10,0.047919195
