Feature,Importance
MACD_signal,0.06993712
BB_upper,0.06946111
5_day_ma,0.068735994
20_day_std,0.06866078
BB_lower,0.06774666
volatility_10,0.059354838
Low,0.05825628
High,0.05766305
Volume,0.056637973
MACD,0.055747684
Close,0.055556916
daily_return,0.054908004
20_day_ma,0.054374687
Open,0.053379513
RSI_14,0.052908417
10_day_ma,0.048481476
volume_change,0.04818955
