Feature,Importance
MACD,0.06797731
20_day_std,0.06719319
BB_lower,0.0658994
20_day_ma,0.06523757
volatility_10,0.06347229
Low,0.06336884
High,0.06276002
10_day_ma,0.061336163
Close,0.060369834
volume_change,0.05843849
RSI_14,0.056405254
5_day_ma,0.055057656
Volume,0.05278054
MACD_signal,0.05167214
BB_upper,0.050829
daily_return,0.050581962
Open,0.046620306
