Feature,Importance
MACD_signal,0.08421331
BB_upper,0.07961716
Low,0.07758079
10_day_ma,0.06967291
BB_lower,0.0656072
volatility_10,0.06444308
20_day_ma,0.06096972
20_day_std,0.05831616
5_day_ma,0.05641221
High,0.056249958
volume_change,0.054274254
daily_return,0.052861083
Close,0.046959285
Volume,0.046346262
MACD,0.045320563
RSI_14,0.043133307
Open,0.038022794
