Feature,Importance
20_day_ma,0.078175426
volatility_10,0.06517753
RSI_14,0.06315294
daily_return,0.06252399
20_day_std,0.06247042
5_day_ma,0.062193956
10_day_ma,0.06153369
volume_change,0.061212663
Low,0.060343966
Open,0.058515657
Volume,0.057079077
BB_upper,0.05589062
MACD,0.052053846
BB_lower,0.051275592
Close,0.049840022
MACD_signal,0.049655173
High,0.04890541
