Feature,Importance
Low,0.06887706
MACD,0.06391817
BB_upper,0.062639415
RSI_14,0.062592365
BB_lower,0.060686536
20_day_ma,0.06019884
10_day_ma,0.0594362
Close,0.058905277
5_day_ma,0.058887467
daily_return,0.05834827
Volume,0.057552364
volatility_10,0.0551368
Open,0.054911397
volume_change,0.054878525
High,0.05461345
20_day_std,0.054551546
MACD_signal,0.053866256
