Feature,Importance
Low,0.07295874
BB_lower,0.06809117
BB_upper,0.06387242
High,0.0632892
MACD,0.061913513
Volume,0.06121236
MACD_signal,0.06012401
20_day_std,0.059103485
5_day_ma,0.057789374
20_day_ma,0.057780158
RSI_14,0.057744112
volatility_10,0.057089582
Open,0.055802573
10_day_ma,0.05381461
volume_change,0.052251365
daily_return,0.05129864
Close,0.045864657
