Feature,Importance
20_day_ma,0.08730301
MACD,0.07284683
Low,0.0635905
daily_return,0.061985165
Volume,0.060692355
BB_lower,0.059174094
BB_upper,0.05916789
5_day_ma,0.05716621
volume_change,0.056202076
20_day_std,0.05600404
volatility_10,0.055104505
Open,0.054264948
High,0.053679943
10_day_ma,0.053246748
MACD_signal,0.05106773
RSI_14,0.050737564
Close,0.047766414
