Feature,Importance
BB_lower,0.06936468
Low,0.06625999
RSI_14,0.06572198
20_day_ma,0.06470361
MACD,0.0644797
volatility_10,0.06383155
MACD_signal,0.06328822
daily_return,0.06225673
20_day_std,0.06137086
High,0.05978197
Volume,0.0581412
volume_change,0.054890696
5_day_ma,0.05447406
BB_upper,0.050589457
10_day_ma,0.04972124
Close,0.046178438
Open,0.044945627
