Feature,Importance
10_day_ma,0.07605687
Close,0.0704198
daily_return,0.069852985
volatility_10,0.068781964
20_day_std,0.06811714
MACD_signal,0.06789282
20_day_ma,0.061025273
BB_upper,0.058538698
BB_lower,0.056020316
Open,0.055688083
Volume,0.053568117
MACD,0.053283785
High,0.052277874
volume_change,0.050257437
RSI_14,0.049333446
Low,0.046642344
5_day_ma,0.042243086
