Feature,Importance
BB_upper,0.09293689
Low,0.077787854
20_day_std,0.070506155
RSI_14,0.06966639
High,0.06340065
volatility_10,0.060336232
Open,0.060050745
volume_change,0.05778591
10_day_ma,0.05735213
MACD,0.053478472
20_day_ma,0.052958854
MACD_signal,0.05175221
BB_lower,0.049666326
daily_return,0.049312565
5_day_ma,0.04756266
Close,0.045081537
Volume,0.04036443
