Feature,Importance
Low,0.08140203
10_day_ma,0.075303376
RSI_14,0.07222713
volatility_10,0.06589504
BB_upper,0.06317972
Open,0.05959438
MACD_signal,0.05791463
High,0.05787789
Close,0.05468629
20_day_ma,0.05437315
BB_lower,0.05332079
20_day_std,0.052673504
volume_change,0.052022036
5_day_ma,0.05128655
MACD,0.05090104
Volume,0.04952215
daily_return,0.047820296
