Feature,Importance
10_day_ma,0.07098512
BB_lower,0.0679874
Low,0.06698081
Open,0.062519595
RSI_14,0.059486836
daily_return,0.059036173
20_day_ma,0.05888824
20_day_std,0.058521703
volume_change,0.05788085
MACD,0.056730293
MACD_signal,0.056506276
BB_upper,0.056315742
5_day_ma,0.05542278
Close,0.055204652
Volume,0.05482207
volatility_10,0.05301912
High,0.049692336
