Feature,Importance
Low,0.069505535
Close,0.06214527
5_day_ma,0.061411437
MACD,0.061046537
BB_upper,0.060950648
MACD_signal,0.06023858
RSI_14,0.06008395
Open,0.05984957
10_day_ma,0.05914425
20_day_ma,0.058249265
BB_lower,0.05800454
High,0.05763656
volume_change,0.05709966
Volume,0.05506599
20_day_std,0.053608958
volatility_10,0.053320765
daily_return,0.052638397
