Feature,Importance
High,0.07439478
Close,0.07309349
BB_upper,0.06623946
20_day_ma,0.064587034
BB_lower,0.06414941
Low,0.06409667
10_day_ma,0.058571763
20_day_std,0.05829563
volatility_10,0.05556123
MACD_signal,0.054818287
volume_change,0.05441133
Volume,0.05346766
RSI_14,0.053000256
daily_return,0.052437723
Open,0.05215086
MACD,0.051496863
5_day_ma,0.04922753
