Feature,Importance
5_day_ma,0.080211766
volume_change,0.0679923
Open,0.06619296
MACD,0.063624926
BB_lower,0.062206797
MACD_signal,0.061115332
Close,0.06029907
20_day_std,0.05881221
daily_return,0.058556277
Low,0.05788226
volatility_10,0.057040982
Volume,0.055818196
10_day_ma,0.05448417
High,0.05307328
BB_upper,0.052914552
RSI_14,0.049031142
20_day_ma,0.040743716
