Feature,Importance
Open,0.08868923
Low,0.087584496
MACD_signal,0.08302904
High,0.07885118
BB_upper,0.06409349
volatility_10,0.058271945
5_day_ma,0.058140174
Close,0.05620412
RSI_14,0.053381626
MACD,0.052675888
volume_change,0.05253641
Volume,0.051069897
daily_return,0.04708091
20_day_std,0.046913426
20_day_ma,0.045684777
BB_lower,0.044228546
10_day_ma,0.031564906
