Feature,Importance
20_day_std,0.07476344
Close,0.07033041
Low,0.06352258
High,0.063240804
MACD_signal,0.06295141
BB_lower,0.06277346
BB_upper,0.0622605
Open,0.060817428
5_day_ma,0.06075458
20_day_ma,0.05759375
MACD,0.0528398
10_day_ma,0.05276791
RSI_14,0.05228145
volume_change,0.051996358
Volume,0.051964615
daily_return,0.05081299
volatility_10,0.048328515
