Feature,Importance
daily_return,0.06895882
BB_upper,0.06538186
Volume,0.0642321
20_day_std,0.063275054
Open,0.062431786
High,0.061274722
MACD,0.05927972
10_day_ma,0.05916045
volume_change,0.058577787
RSI_14,0.05720515
volatility_10,0.0568386
Close,0.055980675
5_day_ma,0.055420917
20_day_ma,0.055317353
Low,0.055307277
BB_lower,0.053713556
MACD_signal,0.047644116
