Feature,Importance
10_day_ma,0.07388503
volatility_10,0.07377019
5_day_ma,0.07055661
High,0.06475594
Close,0.06278088
Low,0.061489616
MACD_signal,0.060385063
MACD,0.056614432
BB_upper,0.056572583
Volume,0.055260587
BB_lower,0.05506613
daily_return,0.054764573
Open,0.054693297
20_day_std,0.05230407
volume_change,0.05202869
20_day_ma,0.04769301
RSI_14,0.04737939
