Feature,Importance
5_day_ma,0.07556053
10_day_ma,0.071832314
volume_change,0.07037565
Open,0.06903178
BB_upper,0.068219036
High,0.06270377
Volume,0.059745908
MACD,0.059379175
MACD_signal,0.056874465
RSI_14,0.05613716
BB_lower,0.055759467
daily_return,0.052824065
Close,0.050840076
volatility_10,0.049442153
Low,0.048719827
20_day_ma,0.048111204
20_day_std,0.04444337
