Feature,Importance
Low,0.07136741
MACD,0.070611194
10_day_ma,0.06923068
MACD_signal,0.066271804
daily_return,0.064946935
BB_upper,0.0619779
5_day_ma,0.060207233
RSI_14,0.059258
volatility_10,0.057052642
volume_change,0.056847204
20_day_std,0.056356084
Volume,0.055602573
Open,0.055281494
BB_lower,0.054045692
High,0.048208915
20_day_ma,0.046962336
Close,0.04577192
