Feature,Importance
Low,0.08479765
RSI_14,0.06580865
volatility_10,0.06547911
Open,0.065387
20_day_std,0.064219244
BB_upper,0.06165786
BB_lower,0.061541628
MACD_signal,0.05949821
Volume,0.059378862
volume_change,0.059355047
20_day_ma,0.058953013
High,0.058807928
MACD,0.05834395
daily_return,0.052293107
Close,0.044779215
10_day_ma,0.04296301
5_day_ma,0.03673653
