Feature,Importance
BB_lower,0.070378944
volume_change,0.06753507
BB_upper,0.065909885
5_day_ma,0.06504152
volatility_10,0.06390474
Open,0.060043093
High,0.058026984
Volume,0.057449058
MACD_signal,0.057404015
MACD,0.05730304
20_day_ma,0.057173744
daily_return,0.05509103
10_day_ma,0.054496143
Low,0.05401561
20_day_std,0.05329883
RSI_14,0.0520538
Close,0.050874528
