Feature,Importance
MACD,0.08190434
10_day_ma,0.078165665
daily_return,0.068863235
Low,0.06795681
BB_upper,0.0657658
MACD_signal,0.06524931
5_day_ma,0.063741244
BB_lower,0.06089495
20_day_ma,0.060455102
Close,0.05802572
volume_change,0.054913707
High,0.05151382
Open,0.050425723
20_day_std,0.047813747
RSI_14,0.04405053
Volume,0.04067542
volatility_10,0.039584845
