Feature,Importance
BB_lower,0.07244276
Open,0.06839999
High,0.06636143
5_day_ma,0.06377949
Low,0.059645355
BB_upper,0.058882408
RSI_14,0.058591094
volume_change,0.058334265
volatility_10,0.058218874
20_day_std,0.057571407
MACD_signal,0.05749328
daily_return,0.05719444
MACD,0.05687184
Close,0.055983003
10_day_ma,0.052393638
Volume,0.051944
20_day_ma,0.045892753
