Feature,Importance
5_day_ma,0.06871648
10_day_ma,0.06366204
20_day_ma,0.06339724
High,0.062100895
volatility_10,0.061256453
BB_lower,0.06123001
BB_upper,0.060697146
volume_change,0.06067582
daily_return,0.05866736
Low,0.058537953
MACD_signal,0.058336474
Open,0.05766433
MACD,0.056568176
Volume,0.055587545
Close,0.055377584
20_day_std,0.050569177
RSI_14,0.04695536
