Feature,Importance
BB_upper,0.07005986
Low,0.06314717
MACD,0.06143164
5_day_ma,0.060890272
Volume,0.06042672
20_day_std,0.05943981
High,0.0592502
MACD_signal,0.05917784
RSI_14,0.058734383
10_day_ma,0.058629595
BB_lower,0.057860296
Close,0.05752735
volatility_10,0.056594975
volume_change,0.056299087
daily_return,0.056073885
20_day_ma,0.053212892
Open,0.05124396
