Feature,Importance
5_day_ma,0.078529745
volume_change,0.07164597
Low,0.06958939
daily_return,0.06550014
volatility_10,0.06491167
MACD_signal,0.061543174
MACD,0.06029152
Open,0.057267047
Close,0.05610387
RSI_14,0.055244848
10_day_ma,0.05520773
BB_upper,0.05317149
20_day_ma,0.053071786
20_day_std,0.05205694
Volume,0.051416248
High,0.049043804
BB_lower,0.045404553
