Feature,Importance
20_day_ma,0.11712674
Low,0.08911488
10_day_ma,0.069422215
MACD,0.068342246
Open,0.062032998
BB_upper,0.061346386
High,0.05886576
volatility_10,0.056591496
daily_return,0.055867247
MACD_signal,0.053120498
volume_change,0.049506187
Close,0.0480869
RSI_14,0.04751059
Volume,0.043715417
BB_lower,0.041232955
20_day_std,0.041179787
5_day_ma,0.036937665
