Feature,Importance
High,0.06670119
20_day_ma,0.065039285
RSI_14,0.06355526
volume_change,0.06183896
MACD_signal,0.06161798
daily_return,0.06041408
MACD,0.060345463
Low,0.060117126
10_day_ma,0.060022432
Volume,0.0593542
BB_lower,0.058861587
Open,0.05626304
20_day_std,0.055308152
BB_upper,0.054326136
Close,0.05369155
5_day_ma,0.053567506
volatility_10,0.048975952
