Feature,Importance
20_day_ma,0.07247623
5_day_ma,0.07207018
Open,0.06927066
volatility_10,0.06563959
MACD,0.06409526
BB_upper,0.06359784
daily_return,0.060510956
Volume,0.057773903
BB_lower,0.056266382
20_day_std,0.055911485
High,0.05553572
volume_change,0.05507924
RSI_14,0.053066276
MACD_signal,0.052042443
10_day_ma,0.05187207
Close,0.04758985
Low,0.04720196
