Feature,Importance
Low,0.07136625
Open,0.07040978
BB_upper,0.06432455
volume_change,0.061057232
5_day_ma,0.059930004
20_day_ma,0.059324447
BB_lower,0.05906484
10_day_ma,0.058009885
volatility_10,0.05762983
Volume,0.057005797
High,0.056896362
MACD_signal,0.0555683
daily_return,0.05513089
20_day_std,0.055077106
Close,0.054245353
MACD,0.053946257
RSI_14,0.05101308
