Feature,Importance
High,0.06493779
MACD_signal,0.064592466
Open,0.06392748
daily_return,0.063673764
20_day_std,0.0627835
Volume,0.06270036
10_day_ma,0.062159896
BB_lower,0.061390743
volatility_10,0.05937796
20_day_ma,0.05786204
MACD,0.057047073
5_day_ma,0.056454074
BB_upper,0.056192763
Close,0.05525128
volume_change,0.05189854
RSI_14,0.051081385
Low,0.04866884
