Feature,Importance
Close,0.06574193
BB_upper,0.06489962
volume_change,0.06245256
MACD,0.062421683
Volume,0.062185816
RSI_14,0.062119104
5_day_ma,0.061004143
20_day_ma,0.06019949
MACD_signal,0.060013395
Low,0.05761145
10_day_ma,0.057107557
daily_return,0.056070935
BB_lower,0.055839162
20_day_std,0.055725224
High,0.05469162
volatility_10,0.0535412
Open,0.04837511
