Feature,Importance
BB_lower,0.073114924
MACD,0.066487834
20_day_std,0.06627816
10_day_ma,0.06610417
Open,0.06486743
20_day_ma,0.06344366
volatility_10,0.060734395
volume_change,0.058928907
Volume,0.05861747
BB_upper,0.058459423
Low,0.057057153
MACD_signal,0.054984797
Close,0.052536983
RSI_14,0.05185983
daily_return,0.050649397
High,0.048729923
5_day_ma,0.04714557
