Feature,Importance
20_day_ma,0.074420445
5_day_ma,0.06951737
High,0.06443511
volatility_10,0.06326512
RSI_14,0.061276652
volume_change,0.06069777
10_day_ma,0.058261693
daily_return,0.058249637
Low,0.057917506
20_day_std,0.05748233
MACD,0.057444025
MACD_signal,0.05580226
Volume,0.055542916
Close,0.0543721
BB_lower,0.053453945
BB_upper,0.04992061
Open,0.04794058
