Feature,Importance
Close,0.07102084
volatility_10,0.07066202
Low,0.06923202
RSI_14,0.06542333
volume_change,0.061315574
High,0.059476927
BB_upper,0.05915201
Open,0.05868468
5_day_ma,0.058159888
20_day_ma,0.05598885
MACD_signal,0.054240536
10_day_ma,0.054198027
20_day_std,0.05406118
BB_lower,0.053736288
daily_return,0.053338833
Volume,0.052831713
MACD,0.04847727
