Feature,Importance
5_day_ma,0.06830049
20_day_ma,0.0659164
10_day_ma,0.06471102
High,0.0619962
BB_lower,0.060908485
daily_return,0.060645245
Open,0.06062238
Low,0.060199738
20_day_std,0.05926886
Volume,0.058924146
BB_upper,0.058289368
RSI_14,0.055855833
MACD_signal,0.055008072
volume_change,0.053599995
volatility_10,0.05277106
MACD,0.051564585
Close,0.05141812
