Feature,Importance
Low,0.082795516
Open,0.07077815
volatility_10,0.06855946
High,0.061910614
RSI_14,0.060995262
10_day_ma,0.05977192
MACD,0.057356045
20_day_std,0.057029855
volume_change,0.05664857
Close,0.05625892
BB_upper,0.055915236
daily_return,0.054658648
BB_lower,0.053588342
MACD_signal,0.053066622
Volume,0.05184308
20_day_ma,0.05053966
5_day_ma,0.04828408
