Feature,Importance
BB_upper,0.08482106
volume_change,0.07673904
5_day_ma,0.0716649
10_day_ma,0.06816393
20_day_ma,0.06400784
Low,0.06378268
MACD_signal,0.061448008
20_day_std,0.060503423
MACD,0.060075313
Close,0.059298422
High,0.059000377
RSI_14,0.05581268
volatility_10,0.0502362
daily_return,0.047988873
BB_lower,0.0421106
Volume,0.037186626
Open,0.037160028
