Feature,Importance
MACD,0.06922957
Low,0.06780861
BB_upper,0.066342756
5_day_ma,0.06465399
20_day_ma,0.06281791
20_day_std,0.06261876
MACD_signal,0.059211392
daily_return,0.058620322
volume_change,0.05838919
BB_lower,0.05767956
High,0.057154894
Close,0.056578826
Volume,0.05651486
volatility_10,0.054161705
RSI_14,0.051312283
Open,0.048767187
10_day_ma,0.04813813
