Feature,Importance
Low,0.078995764
High,0.06739756
Open,0.06693143
10_day_ma,0.06466139
20_day_ma,0.06290648
RSI_14,0.061719064
MACD_signal,0.058292177
Volume,0.056768473
BB_upper,0.05624718
BB_lower,0.05560445
20_day_std,0.05485216
volume_change,0.05475251
MACD,0.054411653
daily_return,0.053364415
Close,0.05329078
volatility_10,0.05090834
5_day_ma,0.04889616
