Feature,Importance
Low,0.06903568
volume_change,0.06781145
20_day_std,0.06756272
Close,0.06553863
20_day_ma,0.061385587
BB_upper,0.05983688
10_day_ma,0.059417106
MACD,0.05923567
Volume,0.05832136
Open,0.05782194
MACD_signal,0.057724595
High,0.05636617
BB_lower,0.055653438
daily_return,0.055374313
5_day_ma,0.05204929
volatility_10,0.049991347
RSI_14,0.04687379
