Feature,Importance
Low,0.08263182
Volume,0.072169915
10_day_ma,0.06709942
20_day_ma,0.066956475
Close,0.065015145
MACD_signal,0.06365195
BB_lower,0.062798075
daily_return,0.05709492
MACD,0.056510314
20_day_std,0.05501847
RSI_14,0.05488704
volume_change,0.054133583
BB_upper,0.05290271
5_day_ma,0.05024152
Open,0.048084717
volatility_10,0.047877748
High,0.04292624
