Feature,Importance
10_day_ma,0.069954544
BB_upper,0.06986761
Low,0.06619287
Open,0.06611502
20_day_ma,0.06433576
BB_lower,0.062003683
MACD_signal,0.0591846
5_day_ma,0.05824387
High,0.05790089
Volume,0.056210954
RSI_14,0.05514392
Close,0.054906845
daily_return,0.054350935
MACD,0.053950895
volatility_10,0.05130697
20_day_std,0.050783623
volume_change,0.049547028
