Feature,Importance
BB_lower,0.0678199
Low,0.0667673
20_day_std,0.0654397
10_day_ma,0.06470763
Open,0.063921936
MACD_signal,0.062077098
BB_upper,0.059631735
daily_return,0.059571862
RSI_14,0.059281792
5_day_ma,0.05740216
MACD,0.056212362
20_day_ma,0.055692695
Close,0.05471574
Volume,0.054183923
volatility_10,0.054035977
volume_change,0.050803937
High,0.047734242
