Feature,Importance
MACD,0.07261903
20_day_std,0.0722576
20_day_ma,0.06690949
Low,0.061573442
5_day_ma,0.06031768
10_day_ma,0.060221534
Volume,0.05931726
Open,0.059028134
BB_lower,0.056761254
volume_change,0.05647624
BB_upper,0.05637418
Close,0.054895386
High,0.054430302
volatility_10,0.054051824
RSI_14,0.053367287
daily_return,0.053214952
MACD_signal,0.048184432
