Feature,Importance
Low,0.08550941
High,0.07262919
Close,0.071033515
BB_lower,0.066965766
20_day_std,0.06656467
5_day_ma,0.058987547
10_day_ma,0.058518175
Open,0.058080796
BB_upper,0.05605503
daily_return,0.05510418
MACD_signal,0.053972654
volatility_10,0.052730348
RSI_14,0.050968282
MACD,0.05035469
volume_change,0.04964755
20_day_ma,0.0484069
Volume,0.044471305
