Feature,Importance
RSI_14,0.06763945
5_day_ma,0.067314625
20_day_std,0.06447801
BB_upper,0.063098036
daily_return,0.06261308
10_day_ma,0.06192934
MACD,0.060710564
Low,0.060247112
Volume,0.05920608
High,0.059078183
MACD_signal,0.05880566
volume_change,0.05860216
BB_lower,0.05763611
Open,0.05689855
volatility_10,0.054112725
20_day_ma,0.044523247
Close,0.043107085
