Feature,Importance
BB_upper,0.08356606
MACD,0.07151354
Close,0.06718724
Low,0.06555329
High,0.06315563
MACD_signal,0.060468346
BB_lower,0.06031825
Open,0.060030323
20_day_std,0.058976997
10_day_ma,0.05805227
volatility_10,0.057830542
daily_return,0.054101992
volume_change,0.05308767
5_day_ma,0.048673335
Volume,0.04830454
RSI_14,0.046962835
20_day_ma,0.042217135
