Feature,Importance
MACD,0.06914187
RSI_14,0.06720164
BB_upper,0.06553869
Close,0.06102749
5_day_ma,0.060588427
High,0.059912894
BB_lower,0.059662692
Open,0.059044827
Low,0.057250094
volatility_10,0.057076372
MACD_signal,0.0565987
20_day_ma,0.05641993
10_day_ma,0.056397643
daily_return,0.056091834
Volume,0.055592936
volume_change,0.05134133
20_day_std,0.05111267
