Feature,Importance
BB_upper,0.08242713
MACD,0.074824505
Close,0.07377173
10_day_ma,0.07146762
volatility_10,0.067195155
5_day_ma,0.06413064
High,0.062067557
MACD_signal,0.058581278
RSI_14,0.058537606
daily_return,0.058127213
Open,0.05271845
Volume,0.050369065
Low,0.048251178
volume_change,0.045844786
20_day_ma,0.044601377
20_day_std,0.0440513
BB_lower,0.04303344
