Feature,Importance
Low,0.07130931
MACD,0.066071555
High,0.06211233
Close,0.06206758
BB_upper,0.061584838
20_day_std,0.06075006
5_day_ma,0.060687296
MACD_signal,0.05935454
RSI_14,0.059101015
Open,0.057954874
Volume,0.05779979
10_day_ma,0.055118777
BB_lower,0.055028662
20_day_ma,0.054123722
daily_return,0.053894196
volume_change,0.05184326
volatility_10,0.05119818
