Feature,Importance
BB_upper,0.08567967
MACD,0.0753767
Low,0.07029507
5_day_ma,0.06922856
MACD_signal,0.06843136
Volume,0.062016126
Close,0.06192944
High,0.059102777
20_day_std,0.05725155
volume_change,0.05685844
volatility_10,0.05256806
RSI_14,0.05068344
20_day_ma,0.050170727
BB_lower,0.04900909
10_day_ma,0.046476997
daily_return,0.04449847
Open,0.040423524
