Feature,Importance
BB_lower,0.06870337
High,0.06629993
volatility_10,0.06467042
Open,0.0645904
5_day_ma,0.06334968
volume_change,0.06284635
BB_upper,0.061937857
Low,0.061228916
20_day_ma,0.058193065
Volume,0.057658136
MACD,0.05689862
10_day_ma,0.056192625
daily_return,0.05576397
MACD_signal,0.053513937
20_day_std,0.05188611
Close,0.04989483
RSI_14,0.046371754
