Feature,Importance
BB_upper,0.07279705
Open,0.06892792
daily_return,0.06888011
20_day_ma,0.06505375
Low,0.06475351
20_day_std,0.064006
volatility_10,0.062098417
volume_change,0.05765814
BB_lower,0.056986846
MACD_signal,0.056507785
10_day_ma,0.055143163
Close,0.053841613
High,0.053570904
RSI_14,0.053472232
5_day_ma,0.04978568
MACD,0.048708044
Volume,0.047808845
