Feature,Importance
volatility_10,0.07641157
MACD,0.0763489
5_day_ma,0.075979196
20_day_std,0.07015183
BB_upper,0.06882258
Low,0.06616783
Close,0.063837804
BB_lower,0.05778698
High,0.057000976
volume_change,0.05400575
RSI_14,0.053214923
10_day_ma,0.050967067
MACD_signal,0.049522262
daily_return,0.049187146
Open,0.048684023
Volume,0.048209313
20_day_ma,0.033701915
