Feature,Importance
Open,0.06755772
10_day_ma,0.06676557
20_day_ma,0.06488327
Close,0.063818425
BB_lower,0.06289848
MACD,0.0628172
BB_upper,0.05996347
High,0.059082527
MACD_signal,0.058801297
Volume,0.058150593
volume_change,0.05692882
daily_return,0.055107944
5_day_ma,0.054717295
volatility_10,0.053792085
20_day_std,0.05264081
RSI_14,0.05170954
Low,0.050364945
