Feature,Importance
Low,0.076957166
Open,0.06710282
BB_upper,0.065355904
BB_lower,0.06388414
Close,0.06379549
20_day_std,0.062098436
5_day_ma,0.059027
High,0.058046404
10_day_ma,0.057354957
20_day_ma,0.05722364
MACD,0.05508144
RSI_14,0.054779775
MACD_signal,0.05441256
volume_change,0.053675134
Volume,0.05180544
daily_return,0.04984669
volatility_10,0.04955296
