Feature,Importance
Low,0.07023647
BB_lower,0.064589456
High,0.06376268
MACD_signal,0.063551806
BB_upper,0.06066647
10_day_ma,0.060622398
5_day_ma,0.059481114
MACD,0.058802426
Open,0.058768965
Close,0.058746614
20_day_std,0.058074217
Volume,0.057330538
RSI_14,0.055409405
daily_return,0.054838788
volume_change,0.053679038
20_day_ma,0.051301423
volatility_10,0.050138187
