Feature,Importance
volume_change,0.06737038
5_day_ma,0.065363325
Low,0.06401083
Open,0.06277318
MACD,0.06270391
Close,0.06106708
BB_lower,0.060326014
BB_upper,0.058866892
volatility_10,0.05760597
20_day_std,0.057470493
20_day_ma,0.05678443
RSI_14,0.05566216
High,0.05550663
MACD_signal,0.05398226
Volume,0.053768333
daily_return,0.053554524
10_day_ma,0.053183593
