Feature,Importance
BB_upper,0.07690126
Open,0.068975285
MACD,0.066361435
10_day_ma,0.06420353
volatility_10,0.06396587
MACD_signal,0.06325323
daily_return,0.06283871
20_day_std,0.06258315
Volume,0.060971785
High,0.060293756
volume_change,0.058107816
RSI_14,0.057299536
Close,0.051162455
BB_lower,0.050368868
20_day_ma,0.0477699
Low,0.046815645
5_day_ma,0.03812775
