Feature,Importance
High,0.06640737
BB_upper,0.06309628
Low,0.06209023
RSI_14,0.061705247
20_day_std,0.061472856
Close,0.061027527
Open,0.060362987
MACD,0.06007532
20_day_ma,0.06006708
MACD_signal,0.05936946
daily_return,0.058860883
volume_change,0.058815252
BB_lower,0.055844255
Volume,0.0547901
10_day_ma,0.05251914
volatility_10,0.052054513
5_day_ma,0.05144153
