Feature,Importance
20_day_std,0.0713313
RSI_14,0.068390235
BB_upper,0.06241594
Open,0.062408265
5_day_ma,0.06161594
BB_lower,0.06046286
20_day_ma,0.06032026
Low,0.06013697
daily_return,0.059408426
volume_change,0.05747308
volatility_10,0.057390556
MACD_signal,0.055732835
High,0.055397492
10_day_ma,0.054456994
Volume,0.054162193
MACD,0.053608224
Close,0.045288466
