Feature,Importance
MACD,0.069213025
Close,0.06858691
BB_upper,0.06544152
volatility_10,0.06310747
High,0.06144513
20_day_std,0.060942546
5_day_ma,0.058941606
Open,0.05844385
RSI_14,0.05723622
10_day_ma,0.05661216
Low,0.056582563
BB_lower,0.056434996
Volume,0.05617817
volume_change,0.05494823
20_day_ma,0.054872863
MACD_signal,0.05329613
daily_return,0.047716636
