Feature,Importance
BB_upper,0.06688129
5_day_ma,0.065799944
volatility_10,0.06532693
MACD_signal,0.064509116
20_day_std,0.06389135
Open,0.06290966
High,0.061867375
BB_lower,0.059674926
Low,0.058236364
10_day_ma,0.056958627
Close,0.055605944
daily_return,0.055354115
MACD,0.05534204
RSI_14,0.054404173
volume_change,0.054269418
20_day_ma,0.05166625
Volume,0.047302466
