Feature,Importance
5_day_ma,0.07245314
Low,0.06894851
BB_lower,0.06829523
volume_change,0.06359939
Open,0.062492248
High,0.06189007
BB_upper,0.060466427
volatility_10,0.05903449
20_day_std,0.058739576
Close,0.058674626
Volume,0.05543981
MACD_signal,0.0545399
20_day_ma,0.053277604
RSI_14,0.052122314
10_day_ma,0.050935157
MACD,0.050538518
daily_return,0.048552953
