Feature,Importance
10_day_ma,0.079399176
Low,0.071386136
5_day_ma,0.064580955
MACD,0.064412855
Open,0.061830867
Close,0.060907558
daily_return,0.059966363
BB_lower,0.058914874
20_day_std,0.057003558
Volume,0.05687075
High,0.056452725
20_day_ma,0.054354593
MACD_signal,0.05367758
RSI_14,0.052926145
volume_change,0.052144706
volatility_10,0.04947657
BB_upper,0.045694593
