Feature,Importance
Open,0.07596139
5_day_ma,0.07099447
20_day_ma,0.06982045
10_day_ma,0.06783268
BB_upper,0.06489292
Volume,0.061355818
20_day_std,0.058765043
High,0.058527093
daily_return,0.05838941
MACD_signal,0.05802787
Low,0.05712615
RSI_14,0.056329664
Close,0.052260354
MACD,0.051449053
volatility_10,0.04829823
volume_change,0.046339888
BB_lower,0.043629557
