Feature,Importance
volatility_10,0.07017543
BB_lower,0.06844876
BB_upper,0.066662
Low,0.06546668
MACD,0.06356273
20_day_ma,0.06329672
5_day_ma,0.062465586
Open,0.06166133
Volume,0.060609825
volume_change,0.059214085
MACD_signal,0.056631804
20_day_std,0.0515474
10_day_ma,0.050943367
RSI_14,0.050599527
daily_return,0.0498309
High,0.04980023
Close,0.04908374
