Feature,Importance
MACD,0.06838396
BB_upper,0.06596631
Open,0.065797895
20_day_ma,0.06509408
5_day_ma,0.06459598
Close,0.063784264
volatility_10,0.061198834
daily_return,0.058469176
BB_lower,0.057083964
20_day_std,0.056324907
Low,0.055739935
volume_change,0.055018533
RSI_14,0.054672793
High,0.05413945
MACD_signal,0.052467205
10_day_ma,0.05127911
Volume,0.04998359
