Feature,Importance
5_day_ma,0.065621726
MACD_signal,0.06515703
MACD,0.06353092
Open,0.06156392
BB_upper,0.061244417
volume_change,0.060353186
Low,0.060293052
20_day_std,0.060085073
daily_return,0.059374046
High,0.058761578
volatility_10,0.057292104
Volume,0.056710616
BB_lower,0.056611564
20_day_ma,0.054887984
10_day_ma,0.05390666
RSI_14,0.052723426
Close,0.051882673
