Feature,Importance
Open,0.07932617
volatility_10,0.07746185
volume_change,0.07367125
MACD,0.072599016
5_day_ma,0.07184903
Low,0.06807744
BB_lower,0.062487748
daily_return,0.059928104
RSI_14,0.057633925
10_day_ma,0.050067633
High,0.049197927
Close,0.048126865
BB_upper,0.047541015
MACD_signal,0.047153033
Volume,0.04562221
20_day_std,0.045218956
20_day_ma,0.044037808
