Feature,Importance
BB_upper,0.06707109
Low,0.06466297
20_day_std,0.06420033
High,0.06414127
RSI_14,0.06300157
20_day_ma,0.06250739
Close,0.061279994
BB_lower,0.06060903
10_day_ma,0.060368575
MACD_signal,0.058000505
volatility_10,0.057145253
Volume,0.056338754
volume_change,0.05468246
MACD,0.053644765
5_day_ma,0.053326897
daily_return,0.050471418
Open,0.04854768
