Feature,Importance
MACD_signal,0.06869304
20_day_std,0.06605542
High,0.06396085
10_day_ma,0.06306153
BB_lower,0.06162337
Volume,0.061286077
Low,0.06022449
5_day_ma,0.05921622
RSI_14,0.059209973
MACD,0.05777453
Close,0.057558935
daily_return,0.05581486
BB_upper,0.055487562
volatility_10,0.05432849
Open,0.0529353
volume_change,0.05237244
20_day_ma,0.050396904
