Feature,Importance
MACD_signal,0.06959793
Open,0.065934405
Low,0.06550762
10_day_ma,0.06481669
High,0.063262776
Close,0.063007586
5_day_ma,0.06202699
volatility_10,0.061890114
daily_return,0.05794767
20_day_ma,0.05741771
RSI_14,0.05555336
Volume,0.055425026
BB_lower,0.053976323
BB_upper,0.053834487
volume_change,0.053546984
MACD,0.050264012
20_day_std,0.045990337
