Feature,Importance
BB_upper,0.07232272
BB_lower,0.071197726
daily_return,0.06746785
20_day_ma,0.06715393
volume_change,0.06691413
RSI_14,0.062091593
Volume,0.060575034
20_day_std,0.060446028
Open,0.058906022
MACD_signal,0.05576958
5_day_ma,0.05522839
10_day_ma,0.052883126
volatility_10,0.051502716
MACD,0.05096153
Close,0.05021584
Low,0.050181698
High,0.046182096
