Feature,Importance
Low,0.083630875
Close,0.08005276
BB_upper,0.077312656
Open,0.0754819
High,0.0734686
20_day_std,0.070309855
MACD_signal,0.06360438
daily_return,0.05506696
volume_change,0.052059393
volatility_10,0.050856974
RSI_14,0.0493158
10_day_ma,0.049243983
MACD,0.048706878
BB_lower,0.04475789
20_day_ma,0.043174837
5_day_ma,0.042796303
Volume,0.040159933
