Feature,Importance
Volume,0.070278436
MACD_signal,0.06979701
Close,0.06730998
MACD,0.061847355
20_day_ma,0.06114509
Low,0.060425494
BB_lower,0.05990255
Open,0.05835824
High,0.05805464
20_day_std,0.057915118
10_day_ma,0.05709276
RSI_14,0.055126995
5_day_ma,0.054487336
daily_return,0.054099813
BB_upper,0.053202454
volatility_10,0.05078113
volume_change,0.050175607
