Feature,Importance
High,0.09920104
volatility_10,0.08448937
Close,0.073683314
volume_change,0.066067025
Volume,0.06529563
MACD_signal,0.061834533
Low,0.059046067
20_day_std,0.05896487
MACD,0.0561026
5_day_ma,0.053905465
BB_upper,0.049585328
BB_lower,0.048607595
daily_return,0.048507012
Open,0.046893533
20_day_ma,0.044971198
10_day_ma,0.042139903
RSI_14,0.040705517
