Feature,Importance
Low,0.07597351
Close,0.07566564
MACD_signal,0.072773814
BB_upper,0.06311946
Open,0.06259982
volatility_10,0.060980096
BB_lower,0.060787946
High,0.059663933
RSI_14,0.05718736
MACD,0.05675697
daily_return,0.05665524
5_day_ma,0.05513077
10_day_ma,0.05294157
Volume,0.052096557
volume_change,0.050770372
20_day_std,0.047480352
20_day_ma,0.03941655
