Feature,Importance
Low,0.07005505
Open,0.06771321
MACD_signal,0.0664293
20_day_std,0.06413832
Close,0.06326459
BB_lower,0.062991604
High,0.062231585
10_day_ma,0.060643267
BB_upper,0.056535624
20_day_ma,0.056532603
5_day_ma,0.056322757
Volume,0.05587033
volatility_10,0.05488526
RSI_14,0.05139633
daily_return,0.051295627
MACD,0.050244745
volume_change,0.04944974
