Feature,Importance
5_day_ma,0.07763317
BB_lower,0.06925276
Low,0.067043416
10_day_ma,0.06356042
Open,0.062397182
volume_change,0.05981181
MACD_signal,0.058606625
High,0.058223817
volatility_10,0.057687134
20_day_std,0.056479607
20_day_ma,0.05524071
Close,0.054866865
BB_upper,0.054608624
MACD,0.05246952
Volume,0.051332716
daily_return,0.050856914
RSI_14,0.04992872
