Feature,Importance
BB_lower,0.06631016
20_day_std,0.06559494
daily_return,0.06330755
MACD,0.06277151
Open,0.06274653
RSI_14,0.062134907
Low,0.061378945
BB_upper,0.061120763
20_day_ma,0.059472524
volatility_10,0.05884926
Volume,0.057880603
MACD_signal,0.056721993
volume_change,0.05483407
High,0.05337531
Close,0.053142574
5_day_ma,0.051698003
10_day_ma,0.048660316
