Feature,Importance
High,0.07728889
RSI_14,0.067671426
Open,0.06610098
BB_lower,0.063811734
volume_change,0.061830003
10_day_ma,0.061750766
MACD,0.060198616
20_day_ma,0.060046688
Volume,0.05982479
daily_return,0.056366228
volatility_10,0.055522103
5_day_ma,0.054569338
Low,0.0538306
BB_upper,0.053790852
MACD_signal,0.051734466
20_day_std,0.048051286
Close,0.04761113
