Feature,Importance
Open,0.07539842
volatility_10,0.06966584
20_day_ma,0.06936812
MACD,0.06838418
Low,0.06708333
MACD_signal,0.06701345
Close,0.06292988
Volume,0.06236438
BB_upper,0.062134907
10_day_ma,0.061245374
5_day_ma,0.060429912
High,0.05237253
20_day_std,0.050755534
RSI_14,0.04533812
BB_lower,0.043282486
daily_return,0.042179335
volume_change,0.040054176
