Feature,Importance
Low,0.07252324
MACD,0.07211998
RSI_14,0.06620093
5_day_ma,0.0661672
High,0.063445434
10_day_ma,0.06279962
BB_upper,0.059262104
daily_return,0.058274407
MACD_signal,0.058165297
Open,0.05791576
Close,0.056644414
Volume,0.055461574
20_day_std,0.05492211
volume_change,0.05380096
volatility_10,0.05098457
20_day_ma,0.048107497
BB_lower,0.04320494
