Feature,Importance
BB_lower,0.07322009
MACD,0.06632114
Low,0.06584547
Close,0.06548109
20_day_std,0.06276608
Open,0.060976677
High,0.060675308
volume_change,0.059275415
daily_return,0.05906462
Volume,0.056588203
RSI_14,0.05625395
MACD_signal,0.055380397
volatility_10,0.055236507
20_day_ma,0.055009298
10_day_ma,0.052651685
BB_upper,0.0522338
5_day_ma,0.043020215
