Feature,Importance
20_day_ma,0.074444294
Close,0.074384354
RSI_14,0.069902435
20_day_std,0.06705507
BB_upper,0.06327178
volatility_10,0.063101016
Open,0.059463955
daily_return,0.058020275
Low,0.056928005
5_day_ma,0.055404488
Volume,0.054741
MACD,0.05471848
BB_lower,0.054648854
volume_change,0.053502772
10_day_ma,0.052146383
High,0.04458628
MACD_signal,0.043680575
