Feature,Importance
High,0.06887009
20_day_std,0.067292936
RSI_14,0.06542979
MACD,0.06423762
MACD_signal,0.06411867
BB_lower,0.06357753
Close,0.062886894
volume_change,0.06251613
5_day_ma,0.057885043
BB_upper,0.056822345
daily_return,0.05595327
Low,0.05385296
10_day_ma,0.05360793
20_day_ma,0.052913997
Open,0.052256618
Volume,0.05086313
volatility_10,0.04691508
