Feature,Importance
Low,0.07452453
10_day_ma,0.07081041
RSI_14,0.06451384
High,0.06431342
MACD_signal,0.06425406
Open,0.06325873
volatility_10,0.06005682
Close,0.059311625
Volume,0.057751082
5_day_ma,0.055465598
MACD,0.05496969
volume_change,0.05457838
BB_lower,0.054045975
BB_upper,0.05190023
daily_return,0.051484317
20_day_ma,0.050835945
20_day_std,0.047925368
