Feature,Importance
20_day_ma,0.08590014
Open,0.07236173
MACD_signal,0.06659727
MACD,0.05938874
Low,0.05816783
BB_upper,0.057867333
5_day_ma,0.05773925
20_day_std,0.05717002
Close,0.056629095
Volume,0.05636755
10_day_ma,0.056249812
RSI_14,0.054586
volatility_10,0.05335081
daily_return,0.05319489
BB_lower,0.052886195
High,0.052663945
volume_change,0.048879314
