Feature,Importance
10_day_ma,0.07039687
daily_return,0.065884635
volume_change,0.06448987
BB_lower,0.06444383
20_day_std,0.062130798
RSI_14,0.061584294
volatility_10,0.060499765
20_day_ma,0.05946139
Low,0.059284925
Open,0.05846402
Volume,0.05723447
High,0.05569462
MACD,0.055269912
5_day_ma,0.052701227
BB_upper,0.052407537
MACD_signal,0.05177142
Close,0.048280463
