Feature,Importance
5_day_ma,0.07150216
MACD_signal,0.069457404
High,0.06690573
20_day_ma,0.06633861
BB_lower,0.06576081
BB_upper,0.061907366
RSI_14,0.061559577
volatility_10,0.060224745
Volume,0.0594363
volume_change,0.059024148
daily_return,0.05848322
10_day_ma,0.055465546
MACD,0.054575283
Low,0.053562626
Open,0.0478229
Close,0.04571506
20_day_std,0.04225857
