Feature,Importance
High,0.090160795
BB_lower,0.07021303
Low,0.06600784
5_day_ma,0.06340919
daily_return,0.06250214
volatility_10,0.061092276
MACD_signal,0.060423777
Close,0.058307253
RSI_14,0.058223005
Volume,0.055987675
volume_change,0.05584568
MACD,0.052079875
BB_upper,0.050592463
20_day_ma,0.050289605
20_day_std,0.049855933
Open,0.048658192
10_day_ma,0.046351284
