Feature,Importance
BB_upper,0.075544685
10_day_ma,0.07200951
Low,0.07181108
High,0.070515476
RSI_14,0.06950125
volume_change,0.06531163
20_day_ma,0.06525133
MACD_signal,0.06336221
20_day_std,0.05878886
Close,0.053658184
5_day_ma,0.052401546
MACD,0.051568095
BB_lower,0.050093494
volatility_10,0.04807852
daily_return,0.04700216
Open,0.042667024
Volume,0.042434968
