Feature,Importance
BB_upper,0.06807379
Low,0.065424204
MACD,0.06521359
BB_lower,0.06310057
MACD_signal,0.060075756
High,0.06003421
20_day_std,0.05871861
volume_change,0.057923533
volatility_10,0.057844874
20_day_ma,0.057800554
5_day_ma,0.05763359
daily_return,0.0566448
RSI_14,0.056253042
10_day_ma,0.056211766
Close,0.055975933
Open,0.05418767
Volume,0.04888351
