Feature,Importance
Open,0.0667345
BB_upper,0.06601324
MACD,0.06532924
20_day_ma,0.061252583
daily_return,0.06034264
20_day_std,0.059996054
MACD_signal,0.05999524
5_day_ma,0.059771266
RSI_14,0.05974988
10_day_ma,0.059743434
BB_lower,0.05747754
volatility_10,0.0550939
Volume,0.054334648
volume_change,0.053917754
Low,0.05386266
Close,0.053349286
High,0.053036127
