Feature,Importance
MACD_signal,0.07506696
MACD,0.07400585
Open,0.07234299
BB_upper,0.064603195
10_day_ma,0.061823584
Volume,0.061622538
volatility_10,0.06030832
Low,0.060149044
Close,0.058953878
BB_lower,0.056726966
5_day_ma,0.056245007
High,0.051937394
20_day_ma,0.05039603
daily_return,0.049707986
20_day_std,0.04954424
volume_change,0.049232796
RSI_14,0.047333278
