Feature,Importance
volatility_10,0.087340266
MACD_signal,0.07271163
5_day_ma,0.06740302
BB_upper,0.066640645
Close,0.06592325
MACD,0.06307293
Low,0.059479773
daily_return,0.058460504
Volume,0.057955015
BB_lower,0.054571588
10_day_ma,0.05305163
20_day_std,0.05093666
High,0.050909195
Open,0.050503954
20_day_ma,0.048066184
volume_change,0.047775168
RSI_14,0.045198627
