Feature,Importance
5_day_ma,0.06767324
10_day_ma,0.06689152
volume_change,0.06297007
MACD_signal,0.06170275
20_day_std,0.061503116
MACD,0.061303217
20_day_ma,0.060628343
BB_upper,0.06061392
Close,0.0586397
Open,0.05790398
BB_lower,0.057225667
RSI_14,0.05656078
High,0.054883335
volatility_10,0.0538651
Low,0.05367996
daily_return,0.052685488
Volume,0.05126988
