Feature,Importance
High,0.0738323
daily_return,0.064533465
5_day_ma,0.06375796
volume_change,0.06365739
volatility_10,0.063639134
Close,0.06280711
10_day_ma,0.062004235
MACD,0.06099937
20_day_std,0.060222108
MACD_signal,0.06011735
Low,0.056953732
20_day_ma,0.05495065
BB_upper,0.05331512
RSI_14,0.051471002
Open,0.050313603
BB_lower,0.049002476
Volume,0.048422992
