Feature,Importance
5_day_ma,0.07026997
MACD,0.06673335
MACD_signal,0.06499076
volume_change,0.06446355
Low,0.062656924
BB_upper,0.061650813
RSI_14,0.06061412
20_day_std,0.06046251
Volume,0.060438756
volatility_10,0.05999772
BB_lower,0.055788144
High,0.05521538
Close,0.053126246
20_day_ma,0.052628748
daily_return,0.05202939
Open,0.049786642
10_day_ma,0.04914692
