Feature,Importance
Low,0.066571034
High,0.06569158
5_day_ma,0.06567055
Open,0.0646929
BB_upper,0.06316872
20_day_ma,0.060849633
BB_lower,0.06059587
MACD,0.059883706
RSI_14,0.05705609
daily_return,0.056890074
Close,0.05623458
20_day_std,0.05617717
10_day_ma,0.05603028
Volume,0.05465632
volatility_10,0.054605532
volume_change,0.053365022
MACD_signal,0.047860995
