Feature,Importance
Low,0.07372005
volatility_10,0.069050685
daily_return,0.066868685
BB_upper,0.066527314
Volume,0.062243722
Open,0.060127053
5_day_ma,0.059439104
10_day_ma,0.05837441
BB_lower,0.057460345
RSI_14,0.055427216
High,0.055281717
volume_change,0.05461979
Close,0.054252043
20_day_ma,0.052724
20_day_std,0.05230799
MACD_signal,0.051989954
MACD,0.049585965
