Feature,Importance
Open,0.08282326
Close,0.0715618
Low,0.06427616
volatility_10,0.06310554
High,0.063089155
Volume,0.062005375
10_day_ma,0.061965033
BB_upper,0.06148231
5_day_ma,0.05910159
MACD,0.057633575
RSI_14,0.05547944
MACD_signal,0.054290902
volume_change,0.054205585
daily_return,0.050887726
20_day_ma,0.049446106
BB_lower,0.044465885
20_day_std,0.044180576
