Feature,Importance
RSI_14,0.06966357
Low,0.06916619
BB_lower,0.06869564
volume_change,0.06864908
20_day_ma,0.06541037
High,0.06336001
MACD,0.061101627
Open,0.061028823
Volume,0.05612098
10_day_ma,0.05571741
20_day_std,0.055176612
volatility_10,0.0550496
Close,0.054873053
daily_return,0.050819058
BB_upper,0.050472304
5_day_ma,0.04747986
MACD_signal,0.047215804
