Feature,Importance
20_day_std,0.067106545
Open,0.06574543
20_day_ma,0.06417382
BB_lower,0.0634808
MACD_signal,0.0631336
Low,0.060927894
Volume,0.0603294
RSI_14,0.0598216
5_day_ma,0.058830827
volume_change,0.05819857
Close,0.05781515
volatility_10,0.057651524
MACD,0.05698673
High,0.05443197
BB_upper,0.05234727
daily_return,0.051724643
10_day_ma,0.047294267
