Feature,Importance
BB_upper,0.07044878
MACD_signal,0.06946728
MACD,0.06919054
daily_return,0.06810506
10_day_ma,0.06660399
High,0.061933216
5_day_ma,0.060573194
RSI_14,0.060147405
volatility_10,0.05756547
Volume,0.05645505
20_day_ma,0.05634195
volume_change,0.055788916
Close,0.054956384
Open,0.05038116
20_day_std,0.050360493
Low,0.047896653
BB_lower,0.043784462
