Feature,Importance
MACD,0.070043094
BB_lower,0.066624
MACD_signal,0.06582479
Open,0.06311731
BB_upper,0.061521843
volatility_10,0.06083071
High,0.06074074
10_day_ma,0.05972145
Close,0.059061415
5_day_ma,0.05883869
daily_return,0.057746988
20_day_std,0.056673475
volume_change,0.05634203
20_day_ma,0.054976925
Low,0.05029509
Volume,0.04895374
RSI_14,0.048687737
