Feature,Importance
Low,0.07092009
MACD_signal,0.07069367
MACD,0.065994136
High,0.063225485
Open,0.06260677
RSI_14,0.062160745
BB_upper,0.059954282
20_day_ma,0.059889335
5_day_ma,0.057255358
BB_lower,0.056466337
10_day_ma,0.05569638
20_day_std,0.055285055
volume_change,0.05467713
volatility_10,0.054213807
Close,0.052501924
Volume,0.0496062
daily_return,0.048853252
