Feature,Importance
volatility_10,0.06540276
Open,0.0652305
5_day_ma,0.06476207
BB_lower,0.06451177
daily_return,0.06356036
High,0.06325307
Volume,0.060447577
20_day_ma,0.059381552
volume_change,0.058418814
MACD_signal,0.055748094
Low,0.05570636
Close,0.055237655
BB_upper,0.054454118
MACD,0.054318406
20_day_std,0.053378876
RSI_14,0.053294174
10_day_ma,0.052893903
