Feature,Importance
MACD_signal,0.071255386
MACD,0.06968337
Low,0.06924872
BB_lower,0.06561919
10_day_ma,0.06560524
Open,0.0638442
Volume,0.06356693
High,0.062003493
20_day_ma,0.058701944
daily_return,0.055777848
volume_change,0.055079304
volatility_10,0.05382805
Close,0.05318716
BB_upper,0.05148001
RSI_14,0.047503855
20_day_std,0.046903204
5_day_ma,0.04671202
