Feature,Importance
volume_change,0.06611801
BB_lower,0.06395589
BB_upper,0.063276045
20_day_ma,0.062351614
Low,0.0621537
Open,0.061105236
20_day_std,0.06072849
10_day_ma,0.060157415
RSI_14,0.059199143
daily_return,0.05766185
High,0.057652377
Close,0.057253752
Volume,0.056349877
volatility_10,0.05594678
MACD_signal,0.05427984
MACD,0.05371618
5_day_ma,0.048093744
