Feature,Importance
BB_upper,0.06964123
High,0.065613516
Low,0.06511253
MACD_signal,0.06460315
Close,0.062749326
MACD,0.062024623
BB_lower,0.060895972
20_day_std,0.060807183
10_day_ma,0.05923563
20_day_ma,0.058638293
daily_return,0.056150764
volatility_10,0.054818437
RSI_14,0.0537387
5_day_ma,0.053691555
Open,0.051805146
volume_change,0.051408093
Volume,0.04906583
