Feature,Importance
MACD_signal,0.07248546
BB_lower,0.065651864
High,0.06559159
Low,0.06484552
5_day_ma,0.064464584
volatility_10,0.06270746
20_day_std,0.06083733
Volume,0.058706343
10_day_ma,0.05745698
Close,0.05713849
RSI_14,0.05627606
BB_upper,0.055290744
Open,0.053371683
20_day_ma,0.05294632
volume_change,0.05279288
MACD,0.05028696
daily_return,0.04914972
