Feature,Importance
20_day_std,0.06905923
Volume,0.06770723
RSI_14,0.06506004
Low,0.06469086
5_day_ma,0.06430128
BB_upper,0.062938504
daily_return,0.061387762
MACD_signal,0.06111688
BB_lower,0.05901905
20_day_ma,0.05787267
volatility_10,0.056098104
volume_change,0.055651583
High,0.05565097
Open,0.054296937
MACD,0.05241532
10_day_ma,0.05139837
Close,0.041335195
