Feature,Importance
daily_return,0.07030041
BB_upper,0.06894531
20_day_ma,0.066874444
20_day_std,0.061309747
Close,0.061125357
MACD_signal,0.06080589
BB_lower,0.060681645
High,0.06009552
volatility_10,0.057859175
Low,0.05769565
volume_change,0.05703609
Open,0.056160882
MACD,0.055399653
5_day_ma,0.05316241
10_day_ma,0.05229354
RSI_14,0.052009914
Volume,0.04824437
