Feature,Importance
Open,0.07024016
BB_upper,0.06914261
Low,0.06640639
BB_lower,0.0652679
MACD,0.062742524
volume_change,0.061423495
5_day_ma,0.061143216
daily_return,0.059818838
High,0.05838868
Close,0.056861896
Volume,0.056282803
10_day_ma,0.05571971
20_day_std,0.055167418
volatility_10,0.05440003
RSI_14,0.054000888
20_day_ma,0.046725735
MACD_signal,0.046267692
