Feature,Importance
BB_upper,0.09116483
10_day_ma,0.08849587
20_day_std,0.06920564
High,0.06903521
MACD,0.062406123
Low,0.059954874
volume_change,0.057287294
Close,0.05489298
daily_return,0.05396841
5_day_ma,0.052876122
Volume,0.05237539
BB_lower,0.052313577
RSI_14,0.05100112
Open,0.050001767
volatility_10,0.04995781
MACD_signal,0.044201467
20_day_ma,0.040861554
