Feature,Importance
Low,0.07950045
MACD_signal,0.078774475
MACD,0.07516866
Close,0.0682649
RSI_14,0.06227255
10_day_ma,0.060787078
High,0.059269145
Open,0.057906896
20_day_ma,0.056566805
BB_upper,0.05318528
volume_change,0.052601233
20_day_std,0.052224647
volatility_10,0.05171307
daily_return,0.051687185
Volume,0.05147157
5_day_ma,0.04747044
BB_lower,0.041135687
