Feature,Importance
Low,0.07231119
Close,0.062333714
BB_lower,0.06230572
MACD,0.062162235
High,0.062038876
10_day_ma,0.061911337
20_day_std,0.06184713
volume_change,0.061797008
20_day_ma,0.060515337
MACD_signal,0.058903113
BB_upper,0.05746463
Volume,0.056879755
daily_return,0.05454766
volatility_10,0.054069318
RSI_14,0.052773394
Open,0.050977193
5_day_ma,0.047162365
