Feature,Importance
BB_lower,0.07281107
5_day_ma,0.07088152
MACD,0.06642258
RSI_14,0.06430938
BB_upper,0.064173855
volume_change,0.05992307
20_day_std,0.0589229
Close,0.058170892
Open,0.057884738
Low,0.0569881
10_day_ma,0.056521725
Volume,0.05479436
20_day_ma,0.054309245
daily_return,0.053772945
volatility_10,0.05336664
High,0.048994903
MACD_signal,0.047752056
