Feature,Importance
Close,0.07623101
daily_return,0.0726075
MACD,0.072248355
5_day_ma,0.06483029
volatility_10,0.06465579
10_day_ma,0.061410643
Low,0.059454437
BB_lower,0.059155215
Open,0.05841187
BB_upper,0.05731483
Volume,0.056214616
volume_change,0.055154357
RSI_14,0.054394264
MACD_signal,0.05174647
20_day_std,0.05152417
High,0.045036342
20_day_ma,0.039609816
