Feature,Importance
High,0.08213173
Low,0.075543284
MACD,0.06505951
10_day_ma,0.06454436
volume_change,0.061031863
volatility_10,0.057641815
20_day_ma,0.057234067
MACD_signal,0.057220083
BB_lower,0.055898145
RSI_14,0.05583525
5_day_ma,0.055490546
20_day_std,0.055171303
Close,0.054370977
Volume,0.05416853
daily_return,0.052765984
BB_upper,0.050194055
Open,0.045698605
