Feature,Importance
MACD,0.06827866
20_day_ma,0.06613633
5_day_ma,0.064319
BB_lower,0.06289885
High,0.06285675
Close,0.062440727
20_day_std,0.062294602
BB_upper,0.062172875
10_day_ma,0.06096485
daily_return,0.057891227
MACD_signal,0.05689022
Open,0.055435665
volatility_10,0.05332241
volume_change,0.052516185
RSI_14,0.05244224
Low,0.050967686
Volume,0.04817173
