Feature,Importance
volatility_10,0.074994825
High,0.07396293
Volume,0.06653236
20_day_std,0.066438965
Close,0.06279264
daily_return,0.062216714
volume_change,0.05900012
BB_lower,0.057859942
Low,0.05784185
5_day_ma,0.056698784
MACD,0.05632034
20_day_ma,0.05310823
Open,0.05304526
10_day_ma,0.051457364
BB_upper,0.050896782
MACD_signal,0.048910517
RSI_14,0.047922418
