Feature,Importance
BB_upper,0.071127705
RSI_14,0.06806344
MACD,0.06600181
Close,0.065342054
20_day_ma,0.06215859
volume_change,0.059510484
20_day_std,0.059405982
Volume,0.057176445
Open,0.056518894
10_day_ma,0.056507185
High,0.055215225
daily_return,0.054978102
Low,0.054390267
MACD_signal,0.054027874
BB_lower,0.05402755
volatility_10,0.053071387
5_day_ma,0.052477002
