Feature,Importance
5_day_ma,0.07524563
Open,0.06484795
Low,0.064695716
20_day_ma,0.060191974
MACD_signal,0.059787102
MACD,0.059394054
High,0.05938265
daily_return,0.059017815
BB_lower,0.058961205
10_day_ma,0.058125462
Volume,0.057730615
BB_upper,0.05716835
RSI_14,0.056694143
20_day_std,0.05489249
volatility_10,0.05201231
Close,0.051160503
volume_change,0.050692007
