Feature,Importance
High,0.07379801
Low,0.07120227
10_day_ma,0.06659138
BB_upper,0.06349783
20_day_ma,0.06279004
MACD,0.059429877
daily_return,0.057479378
volume_change,0.05746766
Close,0.056416385
volatility_10,0.055696536
Open,0.05540657
5_day_ma,0.0553803
BB_lower,0.055134166
Volume,0.05358421
RSI_14,0.052893605
MACD_signal,0.051624298
20_day_std,0.051607434
