Feature,Importance
Open,0.07562805
BB_upper,0.074022114
10_day_ma,0.06719981
5_day_ma,0.067114756
Low,0.06551538
High,0.06317365
20_day_ma,0.06200308
MACD_signal,0.0556488
RSI_14,0.05462109
Volume,0.05453221
MACD,0.05435925
20_day_std,0.052759737
daily_return,0.05229709
volatility_10,0.05197531
volume_change,0.051223435
BB_lower,0.049920518
Close,0.04800574
