Feature,Importance
Low,0.06785355
MACD_signal,0.065976106
Open,0.06496183
20_day_std,0.06417111
High,0.06402751
Close,0.063257486
BB_upper,0.06321982
BB_lower,0.060485236
Volume,0.05867025
RSI_14,0.056762062
MACD,0.056455135
5_day_ma,0.05580297
10_day_ma,0.05225079
daily_return,0.052218713
volume_change,0.052074596
20_day_ma,0.05142714
volatility_10,0.050385658
