Feature,Importance
Close,0.07911821
10_day_ma,0.07724744
20_day_std,0.06436591
RSI_14,0.06319317
Low,0.06261384
daily_return,0.062179424
MACD,0.0600618
Open,0.05982949
volatility_10,0.059085857
Volume,0.058921885
High,0.058592804
BB_upper,0.056548957
20_day_ma,0.051518403
5_day_ma,0.050846122
volume_change,0.050157312
MACD_signal,0.04441819
BB_lower,0.041301183
