Feature,Importance
High,0.088858254
10_day_ma,0.07398717
MACD,0.072918005
BB_lower,0.070315205
MACD_signal,0.06919706
volatility_10,0.064420216
Close,0.058604337
20_day_std,0.05799978
20_day_ma,0.05711901
daily_return,0.05709759
5_day_ma,0.056915738
RSI_14,0.056406897
Low,0.04965958
Open,0.047417473
volume_change,0.041515872
Volume,0.041193083
BB_upper,0.036374815
