Feature,Importance
10_day_ma,0.08238158
MACD,0.0730309
Volume,0.069860645
volatility_10,0.06572539
5_day_ma,0.06323987
20_day_std,0.0601739
BB_lower,0.06006953
MACD_signal,0.057533376
20_day_ma,0.056963895
volume_change,0.056065306
RSI_14,0.05329547
daily_return,0.053135153
Open,0.050727677
Close,0.05046824
Low,0.05003399
BB_upper,0.04867876
High,0.048616294
