Feature,Importance
High,0.094356366
Open,0.08273681
BB_lower,0.077588305
MACD,0.0712136
20_day_ma,0.0707759
Volume,0.068434626
Low,0.058597732
volume_change,0.05753925
volatility_10,0.055653866
MACD_signal,0.048992485
RSI_14,0.047798555
Close,0.04751431
daily_return,0.046313014
10_day_ma,0.04628068
20_day_std,0.044362836
5_day_ma,0.042611714
BB_upper,0.039229956
