Feature,Importance
Open,0.075838886
Low,0.071169086
10_day_ma,0.06845689
BB_upper,0.064951986
5_day_ma,0.062160537
20_day_ma,0.0598391
daily_return,0.057630546
Volume,0.0572149
High,0.055537444
volatility_10,0.055224285
Close,0.054780092
MACD,0.054487266
MACD_signal,0.05379443
BB_lower,0.05308559
20_day_std,0.052865125
RSI_14,0.05179128
volume_change,0.051172588
