Feature,Importance
Close,0.0715993
volatility_10,0.06866428
Low,0.06503448
20_day_ma,0.06480766
10_day_ma,0.061366748
BB_upper,0.061364174
High,0.061114524
5_day_ma,0.05976568
20_day_std,0.05883193
MACD_signal,0.058521103
RSI_14,0.057711802
daily_return,0.05752157
Volume,0.056343883
Open,0.054829076
volume_change,0.052602537
BB_lower,0.046386797
MACD,0.043534525
