Feature,Importance
Low,0.07168394
20_day_ma,0.069698766
MACD,0.069102764
MACD_signal,0.06908626
10_day_ma,0.062562555
High,0.06187048
daily_return,0.06123079
volatility_10,0.057026222
20_day_std,0.056637958
RSI_14,0.05660355
BB_lower,0.05575248
volume_change,0.054986715
BB_upper,0.0526183
Close,0.051562104
5_day_ma,0.05046114
Open,0.05000279
Volume,0.049113154
