Feature,Importance
Open,0.06718825
High,0.06354887
BB_lower,0.063426085
20_day_ma,0.062153984
10_day_ma,0.062095862
MACD_signal,0.061187636
Low,0.06069545
Close,0.058567893
Volume,0.05834
BB_upper,0.05770933
20_day_std,0.057585843
MACD,0.056512978
volatility_10,0.05586309
5_day_ma,0.054404188
volume_change,0.054004624
daily_return,0.053757366
RSI_14,0.052958578
