Feature,Importance
Open,0.07164479
BB_upper,0.06480968
20_day_ma,0.06462915
MACD,0.06369667
Low,0.06341618
10_day_ma,0.06140946
Close,0.059548784
BB_lower,0.05792101
volume_change,0.057849992
RSI_14,0.057231497
MACD_signal,0.05704061
Volume,0.05683634
5_day_ma,0.05573766
daily_return,0.054219164
20_day_std,0.052703798
High,0.050797034
volatility_10,0.050508175
