Feature,Importance
RSI_14,0.07197935
20_day_ma,0.06800385
Open,0.06481786
Low,0.06413123
High,0.062534034
5_day_ma,0.061571144
MACD,0.06124831
volatility_10,0.059982963
10_day_ma,0.05996419
MACD_signal,0.059895895
daily_return,0.058944475
BB_upper,0.05474571
Volume,0.05403596
Close,0.050504323
volume_change,0.050200727
20_day_std,0.04919072
BB_lower,0.04824923
