Feature,Importance
Low,0.06542903
MACD_signal,0.06496963
MACD,0.06388083
High,0.06328588
5_day_ma,0.06284149
Open,0.06146312
BB_lower,0.06135792
20_day_std,0.061129373
volume_change,0.061060037
RSI_14,0.056455925
BB_upper,0.056359794
20_day_ma,0.055791236
Close,0.05509929
daily_return,0.05390106
volatility_10,0.053269964
10_day_ma,0.05185488
Volume,0.0518505
