Feature,Importance
Open,0.07166594
10_day_ma,0.06978278
20_day_std,0.061888006
BB_lower,0.061652362
20_day_ma,0.060701363
volume_change,0.060297847
Volume,0.059198823
Low,0.058262356
MACD_signal,0.057655927
MACD,0.057505194
daily_return,0.057224583
volatility_10,0.056575444
High,0.056512337
5_day_ma,0.056028742
RSI_14,0.055296905
BB_upper,0.05190711
Close,0.04784424
