Feature,Importance
BB_upper,0.0776141
RSI_14,0.067053676
20_day_ma,0.06332035
10_day_ma,0.06287847
Low,0.061933134
volatility_10,0.061445918
volume_change,0.06021477
BB_lower,0.0576128
MACD,0.05708081
Volume,0.056766376
Close,0.055974938
20_day_std,0.05565747
Open,0.055137258
daily_return,0.054057937
MACD_signal,0.053403024
5_day_ma,0.05145753
High,0.04839142
