Feature,Importance
Low,0.07469906
BB_upper,0.073451005
Close,0.06987374
20_day_std,0.06504232
BB_lower,0.059927743
High,0.059134644
10_day_ma,0.057411116
volatility_10,0.056594975
5_day_ma,0.05610949
20_day_ma,0.05558778
Open,0.055360775
MACD_signal,0.05520482
volume_change,0.054652467
daily_return,0.054523002
MACD,0.05419918
Volume,0.04945986
RSI_14,0.048768077
