Feature,Importance
RSI_14,0.06916435
Low,0.06845248
20_day_ma,0.06525809
BB_lower,0.064785495
volume_change,0.06445055
MACD,0.0639107
Open,0.058631398
20_day_std,0.058299586
High,0.05822732
Volume,0.056981593
10_day_ma,0.055398352
BB_upper,0.05488147
Close,0.053395074
MACD_signal,0.05321756
daily_return,0.05249082
5_day_ma,0.05147316
volatility_10,0.05098198
