Feature,Importance
20_day_ma,0.06800314
Volume,0.067307256
MACD,0.06431555
Close,0.060695466
BB_lower,0.059567798
MACD_signal,0.059510104
20_day_std,0.058798824
RSI_14,0.058224738
BB_upper,0.05777947
High,0.057552796
Open,0.057502575
volume_change,0.05709963
daily_return,0.056680087
Low,0.055741753
10_day_ma,0.05467001
volatility_10,0.053478215
5_day_ma,0.05307261
