Feature,Importance
High,0.07148688
MACD_signal,0.06820442
20_day_std,0.06647285
5_day_ma,0.06512098
daily_return,0.06469929
volatility_10,0.06454484
10_day_ma,0.06173608
volume_change,0.06165361
Low,0.060362566
BB_upper,0.06000221
Close,0.05768077
20_day_ma,0.05613286
BB_lower,0.05239403
Open,0.052268665
RSI_14,0.05143353
MACD,0.045930795
Volume,0.03987556
