Feature,Importance
Low,0.07174907
10_day_ma,0.0711577
5_day_ma,0.06835669
20_day_ma,0.06786254
volatility_10,0.06432306
BB_lower,0.06284519
daily_return,0.06250185
High,0.059605695
volume_change,0.059461437
MACD,0.05873325
Volume,0.054931015
Close,0.053824514
BB_upper,0.053216055
MACD_signal,0.051314306
Open,0.051087767
20_day_std,0.04739199
RSI_14,0.04163792
