Feature,Importance
MACD,0.07940702
RSI_14,0.07042963
volatility_10,0.06952018
volume_change,0.06895468
Open,0.059601955
daily_return,0.05924502
BB_lower,0.059155155
20_day_ma,0.058488373
20_day_std,0.058027025
Volume,0.057870302
BB_upper,0.056302126
MACD_signal,0.05412252
High,0.053459454
10_day_ma,0.05263961
Close,0.049737167
Low,0.047272123
5_day_ma,0.04576763
