Feature,Importance
daily_return,0.07314921
volume_change,0.06998812
5_day_ma,0.06636799
Low,0.06310108
BB_upper,0.061478913
volatility_10,0.060537722
20_day_std,0.059968576
Volume,0.059411816
RSI_14,0.05884731
High,0.057181336
10_day_ma,0.05633957
Close,0.056191847
MACD,0.05554886
MACD_signal,0.051771645
20_day_ma,0.051544383
BB_lower,0.051273905
Open,0.047297698
