Feature,Importance
MACD,0.09343877
Low,0.07952722
MACD_signal,0.073421285
20_day_std,0.065061554
5_day_ma,0.064252585
volume_change,0.062628776
RSI_14,0.059577532
Volume,0.059484147
volatility_10,0.056140568
Close,0.05599441
10_day_ma,0.055800997
Open,0.04890992
High,0.048733164
BB_lower,0.04863607
BB_upper,0.04371981
20_day_ma,0.043013636
daily_return,0.04165957
