Feature,Importance
volume_change,0.065221965
Open,0.06485502
10_day_ma,0.063592084
Low,0.060810886
volatility_10,0.0602694
5_day_ma,0.059401147
20_day_std,0.059248503
Volume,0.059002854
BB_upper,0.05843907
20_day_ma,0.058408216
High,0.057966117
MACD,0.057691198
daily_return,0.057298433
BB_lower,0.056806963
RSI_14,0.05652164
MACD_signal,0.05358709
Close,0.05087935
