Feature,Importance
MACD,0.068892695
MACD_signal,0.06854667
BB_lower,0.06622869
BB_upper,0.061999317
volatility_10,0.060136806
20_day_std,0.059926637
20_day_ma,0.059884414
daily_return,0.059783928
Low,0.058226313
5_day_ma,0.057691425
Open,0.057656143
High,0.057351597
volume_change,0.05620204
Close,0.055403065
10_day_ma,0.052672487
RSI_14,0.05023988
Volume,0.049157895
