Feature,Importance
BB_lower,0.065229945
RSI_14,0.063766874
20_day_ma,0.06328858
Low,0.062890604
High,0.06284786
Open,0.06283272
MACD,0.061194364
volume_change,0.060564157
Close,0.05865203
20_day_std,0.05806591
10_day_ma,0.055517744
MACD_signal,0.05524488
BB_upper,0.054738313
daily_return,0.054325424
Volume,0.054197397
5_day_ma,0.053480648
volatility_10,0.053162534
