Feature,Importance
Low,0.08569603
Close,0.082173616
5_day_ma,0.08110031
MACD_signal,0.06655456
MACD,0.06239228
volatility_10,0.062089123
Open,0.061208025
daily_return,0.059916053
10_day_ma,0.0572335
20_day_ma,0.05608993
BB_lower,0.053648245
volume_change,0.052406486
Volume,0.05126946
BB_upper,0.04879651
20_day_std,0.045384794
RSI_14,0.038441915
High,0.03559924
