Feature,Importance
BB_upper,0.07698603
MACD,0.07521972
20_day_std,0.07331663
10_day_ma,0.07326272
MACD_signal,0.07326002
Low,0.066025734
High,0.06570757
Volume,0.05861369
BB_lower,0.056898206
Open,0.054985512
volatility_10,0.050384667
volume_change,0.049596384
RSI_14,0.049480334
daily_return,0.048949696
Close,0.048859533
5_day_ma,0.03990125
20_day_ma,0.03855237
