Feature,Importance
Open,0.08146994
MACD_signal,0.07558359
Low,0.07338441
20_day_ma,0.07132418
5_day_ma,0.06936992
daily_return,0.06356044
RSI_14,0.0604481
Close,0.0600132
BB_upper,0.057646934
10_day_ma,0.05684467
volatility_10,0.05446466
BB_lower,0.05085978
MACD,0.050154787
volume_change,0.048577294
High,0.044005085
Volume,0.043335848
20_day_std,0.03895713
