Feature,Importance
High,0.07036373
BB_upper,0.06990063
MACD,0.068089664
20_day_ma,0.066676885
Close,0.06438616
Low,0.062404618
BB_lower,0.06098018
daily_return,0.06035993
Volume,0.059230004
volume_change,0.056273635
10_day_ma,0.0557193
volatility_10,0.054522153
MACD_signal,0.053934783
5_day_ma,0.05254928
RSI_14,0.05054886
20_day_std,0.04915342
Open,0.04490674
