Feature,Importance
volatility_10,0.070559315
volume_change,0.06303458
BB_lower,0.06277994
High,0.062125936
20_day_ma,0.061179385
Volume,0.061034787
Open,0.06022702
Close,0.059579965
MACD,0.059094235
BB_upper,0.058704972
daily_return,0.05850417
5_day_ma,0.05811302
Low,0.057280533
10_day_ma,0.056339994
MACD_signal,0.055889424
20_day_std,0.049241554
RSI_14,0.04631118
