Feature,Importance
5_day_ma,0.07548423
RSI_14,0.070043035
Low,0.0680917
volatility_10,0.06281139
MACD,0.062117327
High,0.06009948
Volume,0.059110776
10_day_ma,0.05838723
volume_change,0.05797068
MACD_signal,0.05698704
BB_lower,0.05696549
daily_return,0.05503205
BB_upper,0.055026263
20_day_std,0.05365949
Close,0.052969426
20_day_ma,0.051970646
Open,0.04327377
