Feature,Importance
20_day_ma,0.077921525
Open,0.07756936
BB_upper,0.07097029
Close,0.06796575
volatility_10,0.0658164
volume_change,0.05903385
MACD_signal,0.058095057
MACD,0.057655055
20_day_std,0.057198588
daily_return,0.05675556
5_day_ma,0.055526063
BB_lower,0.05467023
Low,0.05288283
10_day_ma,0.052403133
RSI_14,0.05168603
Volume,0.046414137
High,0.03743618
