Feature,Importance
Low,0.07544374
BB_lower,0.06617424
MACD_signal,0.06453948
20_day_std,0.06204266
Close,0.061090443
High,0.061035246
10_day_ma,0.06042473
MACD,0.060361005
daily_return,0.0592811
Volume,0.05681497
Open,0.056653954
BB_upper,0.056043033
5_day_ma,0.05503922
20_day_ma,0.052655775
volume_change,0.05181947
RSI_14,0.05127675
volatility_10,0.049304195
