Feature,Importance
Low,0.07137369
High,0.07013707
BB_lower,0.06680368
MACD_signal,0.065060526
volume_change,0.0649363
Open,0.06266302
5_day_ma,0.059138164
10_day_ma,0.058390066
daily_return,0.05810557
RSI_14,0.05529978
BB_upper,0.054581545
Close,0.054081444
volatility_10,0.053813092
Volume,0.05349321
20_day_ma,0.0532488
20_day_std,0.052996755
MACD,0.045877334
