Feature,Importance
20_day_std,0.075953856
High,0.07326053
volatility_10,0.066502854
MACD_signal,0.06323095
10_day_ma,0.06314831
20_day_ma,0.061624542
Close,0.060596112
volume_change,0.058834508
MACD,0.05751904
daily_return,0.057218615
BB_upper,0.056083996
Open,0.05600307
BB_lower,0.0553596
Volume,0.050617173
RSI_14,0.050569423
Low,0.04836945
5_day_ma,0.04510803
