Feature,Importance
Low,0.06943195
BB_lower,0.0672176
20_day_ma,0.062408634
MACD_signal,0.06123161
Volume,0.061148804
10_day_ma,0.06109651
Open,0.059843607
MACD,0.059753653
High,0.05904874
20_day_std,0.05893829
BB_upper,0.058327302
volume_change,0.058191366
volatility_10,0.055295747
daily_return,0.054640498
Close,0.053107366
5_day_ma,0.05277061
RSI_14,0.04754767
