Feature,Importance
20_day_ma,0.07665855
Low,0.07450175
BB_lower,0.06550721
RSI_14,0.06259511
20_day_std,0.06165697
daily_return,0.060996663
Open,0.060661007
BB_upper,0.06050406
MACD,0.059208862
volume_change,0.05722277
volatility_10,0.055921137
Close,0.055319633
High,0.05453726
5_day_ma,0.05055953
10_day_ma,0.049577475
MACD_signal,0.04824999
Volume,0.046322055
