Feature,Importance
MACD,0.069987774
Low,0.066618815
BB_lower,0.06456864
BB_upper,0.06351704
5_day_ma,0.06300322
Open,0.062373433
MACD_signal,0.061201114
20_day_std,0.060027514
High,0.057872806
daily_return,0.057479266
volume_change,0.057416216
10_day_ma,0.05513699
volatility_10,0.055032063
Volume,0.0549015
RSI_14,0.05344259
20_day_ma,0.04927016
Close,0.04815094
