Feature,Importance
volume_change,0.0871312
volatility_10,0.08040017
5_day_ma,0.07952483
MACD,0.07302313
RSI_14,0.065345876
daily_return,0.06401536
10_day_ma,0.056614365
MACD_signal,0.054662436
BB_upper,0.053794235
Open,0.052231964
20_day_std,0.051993106
20_day_ma,0.050808705
Low,0.049833886
High,0.049096007
Close,0.04669149
Volume,0.04587092
BB_lower,0.038962334
