Feature,Importance
volatility_10,0.085382454
RSI_14,0.07110453
MACD,0.071006306
MACD_signal,0.066101395
Volume,0.06469567
20_day_std,0.064661115
Low,0.062588915
volume_change,0.06159262
daily_return,0.057903852
Close,0.057620827
BB_lower,0.057213373
20_day_ma,0.052776933
5_day_ma,0.05274119
Open,0.051778354
BB_upper,0.04747485
10_day_ma,0.043193936
High,0.032163665
