Feature,Importance
Open,0.097670175
10_day_ma,0.086685635
Low,0.077700086
Close,0.0685242
20_day_std,0.06502084
Volume,0.06298466
20_day_ma,0.06095502
BB_upper,0.05614575
MACD_signal,0.05516038
volatility_10,0.051224627
BB_lower,0.048759747
RSI_14,0.04719945
MACD,0.04636011
5_day_ma,0.04514202
daily_return,0.044459432
volume_change,0.043792628
High,0.04221528
