Feature,Importance
MACD_signal,0.07352184
Low,0.07251767
Open,0.07233078
5_day_ma,0.06843313
High,0.06593179
BB_upper,0.061114557
20_day_ma,0.059008602
RSI_14,0.056434087
MACD,0.054432724
Close,0.053911597
20_day_std,0.053277716
volatility_10,0.053026553
Volume,0.052468874
volume_change,0.051801894
daily_return,0.051501244
BB_lower,0.051326003
10_day_ma,0.04896097
