Feature,Importance
RSI_14,0.06750774
MACD,0.06631612
10_day_ma,0.06417849
BB_upper,0.063948624
20_day_ma,0.06316863
volume_change,0.06277045
Volume,0.061713737
5_day_ma,0.06122222
daily_return,0.06030676
20_day_std,0.056662753
Close,0.056359433
High,0.05594073
MACD_signal,0.05569471
Low,0.0550227
Open,0.050235305
volatility_10,0.050100476
BB_lower,0.0488511
