Feature,Importance
10_day_ma,0.07041154
MACD_signal,0.0696436
MACD,0.065941624
5_day_ma,0.063167654
High,0.062003583
daily_return,0.061393417
BB_lower,0.06107457
Close,0.060940977
Low,0.059741344
volume_change,0.057824105
20_day_std,0.057132084
volatility_10,0.05459491
Volume,0.05379449
Open,0.051915012
20_day_ma,0.05173974
RSI_14,0.050546434
BB_upper,0.048134923
