Feature,Importance
volatility_10,0.08751899
Low,0.076855354
BB_lower,0.066202186
MACD_signal,0.065432295
20_day_ma,0.06294507
MACD,0.06173586
5_day_ma,0.06062631
daily_return,0.059662152
volume_change,0.059314348
20_day_std,0.05798201
Volume,0.057675418
Close,0.057083126
BB_upper,0.056767825
10_day_ma,0.047127556
High,0.044741075
Open,0.0394644
RSI_14,0.038866036
