Feature,Importance
5_day_ma,0.068136945
20_day_ma,0.067326404
volatility_10,0.06311094
10_day_ma,0.06269059
High,0.0622461
Low,0.06162016
MACD_signal,0.05965495
MACD,0.05943009
Open,0.057990715
BB_upper,0.056634936
BB_lower,0.056128785
Close,0.056053914
RSI_14,0.055546086
Volume,0.054819982
volume_change,0.05391032
20_day_std,0.05272651
daily_return,0.05197253
