Feature,Importance
MACD,0.06935114
MACD_signal,0.068242595
High,0.066809714
5_day_ma,0.064322665
BB_upper,0.06331949
20_day_std,0.06159339
10_day_ma,0.060204994
Low,0.05949304
volume_change,0.05744035
20_day_ma,0.056240153
RSI_14,0.056218714
Close,0.056135777
Open,0.056068312
BB_lower,0.053049732
Volume,0.052964862
volatility_10,0.05075347
daily_return,0.04779157
