Feature,Importance
Low,0.07197501
20_day_ma,0.06814782
5_day_ma,0.06660981
10_day_ma,0.06515782
MACD_signal,0.063706405
BB_upper,0.06046351
volatility_10,0.060360603
Open,0.059307028
Volume,0.057639968
MACD,0.056456562
BB_lower,0.056245785
20_day_std,0.056202464
volume_change,0.0558443
High,0.053952154
daily_return,0.050603103
Close,0.049653683
RSI_14,0.047673903
