Feature,Importance
5_day_ma,0.073594876
High,0.07224411
Low,0.06892675
Volume,0.06697374
volume_change,0.06627414
BB_lower,0.061263345
BB_upper,0.060670387
10_day_ma,0.06007173
daily_return,0.05845782
20_day_std,0.05740322
Open,0.056541707
MACD_signal,0.05553089
Close,0.05496951
volatility_10,0.04875991
20_day_ma,0.048562635
RSI_14,0.046199262
MACD,0.043555945
