Feature,Importance
Low,0.07806115
volume_change,0.06808558
High,0.068085246
RSI_14,0.065580085
volatility_10,0.06416938
5_day_ma,0.06231499
BB_lower,0.058103785
MACD_signal,0.057606325
10_day_ma,0.056315675
20_day_ma,0.055833343
Open,0.05522791
MACD,0.05452929
20_day_std,0.054499075
Volume,0.053106897
Close,0.052936524
BB_upper,0.04969271
daily_return,0.045852084
