Feature,Importance
MACD,0.06923598
High,0.06835144
20_day_std,0.06529632
volatility_10,0.06524914
volume_change,0.06389203
Low,0.06103651
5_day_ma,0.060470622
MACD_signal,0.060372144
Close,0.060285512
Volume,0.05658369
BB_lower,0.055985715
RSI_14,0.055574857
20_day_ma,0.05411682
BB_upper,0.0533392
daily_return,0.052876834
Open,0.04936203
10_day_ma,0.04797115
