Feature,Importance
Open,0.07591842
volume_change,0.0719555
MACD,0.0643825
Volume,0.062428366
daily_return,0.061729223
BB_upper,0.060128544
High,0.05969672
5_day_ma,0.059275135
volatility_10,0.05884676
MACD_signal,0.05725241
20_day_ma,0.056509554
10_day_ma,0.055504236
20_day_std,0.053123165
Close,0.05179538
RSI_14,0.051606975
BB_lower,0.05058206
Low,0.04926502
