Feature,Importance
10_day_ma,0.06954757
BB_lower,0.06755713
High,0.0660976
MACD_signal,0.06239285
20_day_std,0.061316732
Volume,0.059072766
volatility_10,0.05823843
20_day_ma,0.058058277
Open,0.057204686
RSI_14,0.056764632
daily_return,0.056682922
Close,0.05600957
Low,0.055955667
MACD,0.055905122
BB_upper,0.053426
5_day_ma,0.053107
volume_change,0.05266304
