Feature,Importance
MACD_signal,0.06716927
10_day_ma,0.06699198
BB_lower,0.06574549
volatility_10,0.06389227
Low,0.06334478
5_day_ma,0.06278918
daily_return,0.062465843
MACD,0.062383037
20_day_ma,0.060938317
20_day_std,0.0597052
RSI_14,0.055219848
Open,0.0550236
High,0.053568292
BB_upper,0.051266313
Volume,0.05067737
Close,0.050030656
volume_change,0.04878859
