Feature,Importance
MACD_signal,0.072661646
MACD,0.070704885
BB_lower,0.06722113
Close,0.06565811
volatility_10,0.0642927
volume_change,0.062267262
High,0.061906192
BB_upper,0.05664385
Low,0.056382366
10_day_ma,0.0560189
RSI_14,0.055411104
daily_return,0.054970466
20_day_std,0.054697804
20_day_ma,0.052728936
Volume,0.050199404
5_day_ma,0.049885847
Open,0.04834944
