Feature,Importance
BB_upper,0.0710355
20_day_std,0.06413042
Volume,0.06385483
Open,0.06237894
20_day_ma,0.061920736
BB_lower,0.06148068
RSI_14,0.060797952
daily_return,0.06032846
Close,0.05979134
5_day_ma,0.05935775
volatility_10,0.057375662
MACD_signal,0.055688865
volume_change,0.05527397
Low,0.054453064
High,0.054119527
MACD,0.052108355
10_day_ma,0.045903917
