Feature,Importance
BB_upper,0.06972669
volume_change,0.06860837
Low,0.067946136
daily_return,0.064784646
5_day_ma,0.061589178
High,0.059919734
20_day_ma,0.059914377
volatility_10,0.059636455
MACD,0.059299342
RSI_14,0.057494845
Open,0.057335816
Volume,0.056558993
MACD_signal,0.05358244
BB_lower,0.05180321
20_day_std,0.051748812
10_day_ma,0.05117417
Close,0.048876792
