Feature,Importance
20_day_std,0.066481434
MACD,0.06428664
BB_lower,0.06405193
20_day_ma,0.06282649
5_day_ma,0.06186297
10_day_ma,0.06152261
High,0.060056034
volatility_10,0.059833426
daily_return,0.05824613
RSI_14,0.058056116
BB_upper,0.058017097
volume_change,0.057579037
Volume,0.05683946
Low,0.054524913
Close,0.054196596
MACD_signal,0.05341631
Open,0.048202813
