Feature,Importance
High,0.07683566
Low,0.07088972
10_day_ma,0.06946996
Close,0.068248376
5_day_ma,0.066616125
volume_change,0.05742141
daily_return,0.057287153
volatility_10,0.0563425
BB_upper,0.055675082
BB_lower,0.05506327
MACD_signal,0.05448885
MACD,0.053393632
RSI_14,0.053293753
Open,0.05315934
Volume,0.05236826
20_day_ma,0.051605463
20_day_std,0.047841467
