Feature,Importance
volatility_10,0.07063293
High,0.067788616
volume_change,0.06659737
MACD,0.06646689
20_day_ma,0.06642508
Volume,0.061337862
5_day_ma,0.06089882
BB_lower,0.059760828
10_day_ma,0.05893008
BB_upper,0.057907935
daily_return,0.057730302
Close,0.05587708
Open,0.052707408
RSI_14,0.050569657
20_day_std,0.050314214
MACD_signal,0.050309867
Low,0.045745097
