Feature,Importance
Close,0.06998154
MACD,0.068552114
5_day_ma,0.0672686
volatility_10,0.06686107
20_day_std,0.066129565
Low,0.06601306
RSI_14,0.062323768
BB_lower,0.060652684
BB_upper,0.0596268
volume_change,0.059215337
High,0.0589443
20_day_ma,0.051213354
Volume,0.05098486
daily_return,0.05031333
10_day_ma,0.04909983
Open,0.047444884
MACD_signal,0.04537484
