Feature,Importance
Open,0.063170485
20_day_std,0.06308434
BB_lower,0.06284353
Volume,0.062414534
MACD_signal,0.062142473
20_day_ma,0.06201988
MACD,0.060824413
Low,0.059511818
10_day_ma,0.058969054
BB_upper,0.058291342
volatility_10,0.057724033
High,0.05753468
5_day_ma,0.056311194
volume_change,0.056227416
Close,0.05562668
daily_return,0.05221195
RSI_14,0.051092144
