Feature,Importance
BB_upper,0.0708844
5_day_ma,0.070375375
10_day_ma,0.0643078
MACD,0.063661344
RSI_14,0.0629396
Volume,0.06095022
20_day_std,0.06007447
Low,0.05992519
MACD_signal,0.0599183
volume_change,0.057966378
volatility_10,0.05645769
daily_return,0.054658085
Close,0.054589666
BB_lower,0.05332844
Open,0.053064182
High,0.0513166
20_day_ma,0.045582235
