Feature,Importance
Low,0.07115861
5_day_ma,0.067311026
BB_lower,0.06691925
High,0.06686041
Open,0.065667376
Volume,0.06501304
volume_change,0.062183093
20_day_std,0.061335888
10_day_ma,0.058705244
BB_upper,0.056391984
daily_return,0.055522844
Close,0.055342626
MACD_signal,0.051825006
volatility_10,0.05133614
20_day_ma,0.05097288
RSI_14,0.04951322
MACD,0.04394145
