Feature,Importance
Open,0.07169913
5_day_ma,0.068333216
10_day_ma,0.06619363
High,0.06532275
BB_lower,0.06359628
Low,0.0613994
Close,0.05996855
20_day_ma,0.05816997
MACD_signal,0.05750016
daily_return,0.056146387
BB_upper,0.055641882
RSI_14,0.054477073
Volume,0.053960465
MACD,0.053529646
volume_change,0.053438704
volatility_10,0.05320149
20_day_std,0.047421314
