Feature,Importance
BB_upper,0.085740566
High,0.074481085
10_day_ma,0.07172977
MACD_signal,0.07123934
Open,0.07049976
volatility_10,0.06607543
20_day_std,0.0635423
MACD,0.06319443
Close,0.056281257
Low,0.05314147
5_day_ma,0.052840885
daily_return,0.049899664
volume_change,0.04966525
BB_lower,0.04806313
RSI_14,0.047040697
Volume,0.045136016
20_day_ma,0.031428926
