Feature,Importance
daily_return,0.068768546
5_day_ma,0.066915154
BB_upper,0.06592974
Open,0.06377648
Low,0.06328843
MACD,0.06278333
Volume,0.06156938
High,0.059488434
20_day_std,0.05939575
RSI_14,0.05745743
volatility_10,0.0562875
10_day_ma,0.05512966
volume_change,0.05334094
BB_lower,0.052227587
20_day_ma,0.05219852
Close,0.05125022
MACD_signal,0.050192866
