Feature,Importance
10_day_ma,0.08825158
BB_upper,0.072886154
BB_lower,0.065319955
Open,0.06500034
High,0.06417815
20_day_ma,0.05987909
Low,0.05885521
MACD,0.05813954
Volume,0.057603095
daily_return,0.055224374
MACD_signal,0.054824375
Close,0.054196436
volatility_10,0.053757336
20_day_std,0.05246719
RSI_14,0.050888557
volume_change,0.045252856
5_day_ma,0.04327574
