Feature,Importance
MACD,0.083595134
volatility_10,0.06953983
RSI_14,0.066408046
MACD_signal,0.064918384
BB_upper,0.062352892
Open,0.060833402
Close,0.06017964
Volume,0.05996008
20_day_std,0.05775103
volume_change,0.057289638
20_day_ma,0.056366093
Low,0.05400558
daily_return,0.05211938
High,0.05194426
BB_lower,0.050759662
10_day_ma,0.04699435
5_day_ma,0.044982657
