Feature,Importance
Low,0.075654864
BB_upper,0.07303976
BB_lower,0.07295031
High,0.07185777
volume_change,0.06557727
20_day_ma,0.061626364
volatility_10,0.059908323
MACD_signal,0.057295512
RSI_14,0.056049816
daily_return,0.0553765
Close,0.054764245
Open,0.053747203
5_day_ma,0.0534268
Volume,0.053165097
10_day_ma,0.05011551
MACD,0.049025144
20_day_std,0.036419496
