Feature,Importance
MACD_signal,0.078304246
10_day_ma,0.07649156
MACD,0.07323742
20_day_ma,0.069152534
daily_return,0.068264246
Low,0.06689372
BB_upper,0.06362474
5_day_ma,0.061693646
volume_change,0.055242456
BB_lower,0.053064335
Close,0.052327406
20_day_std,0.050796814
Open,0.05056874
volatility_10,0.050352156
Volume,0.04845673
High,0.046289884
RSI_14,0.03523935
