Feature,Importance
volume_change,0.06774325
Volume,0.06657685
MACD,0.0659561
20_day_ma,0.06573293
BB_upper,0.06337137
10_day_ma,0.063367404
High,0.062264368
MACD_signal,0.06039006
5_day_ma,0.05964144
volatility_10,0.058300715
daily_return,0.0577531
RSI_14,0.05509432
20_day_std,0.054500207
BB_lower,0.054477476
Low,0.052474685
Close,0.051249575
Open,0.041106146
