Feature,Importance
10_day_ma,0.0922166
5_day_ma,0.07958433
Low,0.07348249
volatility_10,0.06027115
Close,0.059776828
High,0.059639174
daily_return,0.057837624
Open,0.057307642
20_day_ma,0.0566785
MACD_signal,0.056065615
Volume,0.055182233
BB_lower,0.049904417
MACD,0.04946915
volume_change,0.048325047
BB_upper,0.04826913
20_day_std,0.04804428
RSI_14,0.047945812
