Feature,Importance
Low,0.08541569
MACD_signal,0.07526212
BB_upper,0.06690582
MACD,0.06415925
BB_lower,0.060653374
20_day_ma,0.06048028
daily_return,0.06040507
Close,0.059606187
volume_change,0.05949361
Open,0.05778259
5_day_ma,0.05538092
20_day_std,0.05435309
RSI_14,0.054068748
Volume,0.051720783
High,0.04932698
volatility_10,0.04819335
10_day_ma,0.036792066
