Feature,Importance
Open,0.09953348
20_day_ma,0.08245061
Close,0.075959474
BB_lower,0.07586127
Low,0.06399736
10_day_ma,0.059926037
daily_return,0.057856165
High,0.054734476
20_day_std,0.054248106
BB_upper,0.053839765
MACD_signal,0.051271006
volume_change,0.04902205
5_day_ma,0.048193738
MACD,0.047771405
Volume,0.047495313
volatility_10,0.043732718
RSI_14,0.034107126
