Feature,Importance
High,0.06843872
20_day_ma,0.06817275
BB_lower,0.0678638
BB_upper,0.06410206
Open,0.062626325
20_day_std,0.062331855
5_day_ma,0.059987564
volume_change,0.058261845
daily_return,0.0578463
Low,0.057469305
Close,0.055826843
RSI_14,0.054971572
volatility_10,0.053944312
Volume,0.053481977
MACD_signal,0.053034116
MACD,0.05101858
10_day_ma,0.050622057
