Feature,Importance
5_day_ma,0.06814661
BB_upper,0.06791798
Open,0.066760056
10_day_ma,0.06337667
daily_return,0.06106355
High,0.060534608
20_day_ma,0.06024821
BB_lower,0.05899958
Low,0.058252823
Volume,0.057476655
20_day_std,0.057367675
MACD,0.054763824
RSI_14,0.054382075
volume_change,0.053808965
volatility_10,0.053415384
Close,0.05181015
MACD_signal,0.05167518
