Feature,Importance
10_day_ma,0.09829924
BB_upper,0.08166588
Low,0.070095845
RSI_14,0.06658664
volume_change,0.05698038
High,0.056261104
20_day_ma,0.055522256
MACD_signal,0.055385873
daily_return,0.054874487
Close,0.054188635
MACD,0.053124238
Open,0.05172215
volatility_10,0.051703766
Volume,0.05122551
20_day_std,0.04982026
BB_lower,0.04741905
5_day_ma,0.045124564
