Feature,Importance
Close,0.07945647
10_day_ma,0.07785181
BB_upper,0.072797775
5_day_ma,0.07210151
RSI_14,0.06985932
Low,0.06513396
volatility_10,0.059750993
daily_return,0.059680358
Open,0.059274964
MACD_signal,0.057819348
High,0.05439815
volume_change,0.053106368
Volume,0.052055396
MACD,0.049036466
20_day_ma,0.043091327
20_day_std,0.0394081
BB_lower,0.035177708
