Feature,Importance
10_day_ma,0.08024931
BB_upper,0.06912518
MACD_signal,0.06750718
BB_lower,0.06687075
MACD,0.06390736
20_day_ma,0.06348277
Low,0.06301165
daily_return,0.06069124
High,0.05980044
volume_change,0.05632124
Close,0.054742802
20_day_std,0.052814692
5_day_ma,0.052122302
Open,0.051733796
RSI_14,0.04914377
volatility_10,0.044663534
Volume,0.04381202
