Feature,Importance
Low,0.06950952
20_day_ma,0.064691015
Open,0.06416102
5_day_ma,0.06410649
MACD_signal,0.06395047
High,0.061995305
daily_return,0.060646232
10_day_ma,0.059845828
RSI_14,0.05885546
BB_upper,0.058584735
volatility_10,0.057750247
Volume,0.057029154
BB_lower,0.056727596
MACD,0.054640852
volume_change,0.051596157
Close,0.05027253
20_day_std,0.045637377
