Feature,Importance
High,0.06822946
BB_lower,0.06533753
MACD,0.063765146
5_day_ma,0.061596394
Volume,0.060001157
RSI_14,0.059771102
10_day_ma,0.05937139
daily_return,0.058945645
20_day_std,0.05890543
volume_change,0.057567004
BB_upper,0.057207614
volatility_10,0.056720644
Close,0.05664517
Open,0.054793175
20_day_ma,0.054231446
Low,0.05357312
MACD_signal,0.053338584
