Feature,Importance
High,0.0781857
Close,0.07242245
20_day_ma,0.06621958
BB_upper,0.0642636
10_day_ma,0.0639995
MACD,0.06347825
MACD_signal,0.06228654
Volume,0.061220247
20_day_std,0.0588957
volatility_10,0.058066785
BB_lower,0.052961368
Open,0.05213088
volume_change,0.051675502
RSI_14,0.049556386
daily_return,0.04867705
5_day_ma,0.04817758
Low,0.047782816
