Feature,Importance
Low,0.09086561
Open,0.075078815
BB_lower,0.06848464
volume_change,0.06774688
High,0.06577569
10_day_ma,0.062397577
MACD_signal,0.058026776
daily_return,0.055054724
5_day_ma,0.054724917
BB_upper,0.053322803
MACD,0.051892683
20_day_std,0.051826343
20_day_ma,0.050610427
Close,0.049934275
RSI_14,0.04846994
volatility_10,0.04805132
Volume,0.047736593
