Feature,Importance
5_day_ma,0.06654358
20_day_ma,0.06635929
Close,0.065953024
High,0.06461301
MACD,0.06428788
BB_lower,0.06377277
BB_upper,0.05992423
20_day_std,0.058897227
Low,0.057088897
Open,0.056501605
volatility_10,0.056013472
Volume,0.05541821
volume_change,0.054856557
RSI_14,0.05476119
daily_return,0.054285
10_day_ma,0.05189311
MACD_signal,0.048831034
