Feature,Importance
Low,0.07802716
5_day_ma,0.068526745
MACD,0.06740087
20_day_ma,0.06635703
Volume,0.064076
volume_change,0.063622735
daily_return,0.06276459
20_day_std,0.05889297
RSI_14,0.05831987
10_day_ma,0.056301955
BB_upper,0.055805806
High,0.05510376
MACD_signal,0.053062025
Open,0.05252297
BB_lower,0.04838521
volatility_10,0.046002638
Close,0.04482769
