Feature,Importance
Open,0.070787
10_day_ma,0.06505518
5_day_ma,0.0647121
Low,0.06183271
BB_upper,0.060775597
High,0.0602618
20_day_ma,0.0602216
MACD,0.058470935
volatility_10,0.058440894
daily_return,0.05842364
MACD_signal,0.05795701
20_day_std,0.057389103
Volume,0.056998186
RSI_14,0.055264298
BB_lower,0.052256413
Close,0.051309623
volume_change,0.049843933
