Feature,Importance
5_day_ma,0.08139121
MACD,0.06785174
RSI_14,0.066270724
Close,0.06310689
volatility_10,0.06274587
High,0.06205208
20_day_std,0.060894355
20_day_ma,0.060343757
BB_upper,0.058430735
Low,0.058224235
volume_change,0.056390256
daily_return,0.055829592
Open,0.05161999
MACD_signal,0.051313367
10_day_ma,0.051113952
Volume,0.046523076
BB_lower,0.045898184
