Feature,Importance
Low,0.07726418
Volume,0.06831976
BB_upper,0.06493256
5_day_ma,0.064365424
High,0.064319454
BB_lower,0.06292608
Open,0.05987726
volatility_10,0.059667375
RSI_14,0.05941941
daily_return,0.057372946
MACD_signal,0.056770083
volume_change,0.05666365
20_day_std,0.055237267
10_day_ma,0.055149414
MACD,0.047783352
20_day_ma,0.046504527
Close,0.04342723
