Feature,Importance
10_day_ma,0.07840564
20_day_std,0.07425575
MACD_signal,0.06888162
High,0.06687466
Close,0.063861705
RSI_14,0.06353959
BB_lower,0.059409123
daily_return,0.059330415
Volume,0.05804395
20_day_ma,0.05733808
volume_change,0.05719378
MACD,0.056095805
volatility_10,0.05608961
Low,0.053924877
Open,0.053710025
5_day_ma,0.04741462
BB_upper,0.025630826
