Feature,Importance
10_day_ma,0.069096096
20_day_std,0.064217046
RSI_14,0.062883414
MACD,0.062106427
5_day_ma,0.0611433
BB_upper,0.059982665
Close,0.059477184
daily_return,0.059456658
20_day_ma,0.059346877
MACD_signal,0.058424816
High,0.057207838
volume_change,0.05679422
Low,0.056210108
BB_lower,0.055924438
Volume,0.05550726
Open,0.05337132
volatility_10,0.048850328
