Feature,Importance
Low,0.09108671
BB_lower,0.075466365
High,0.07102381
20_day_std,0.06698187
5_day_ma,0.06683411
volume_change,0.0654502
Volume,0.060574982
MACD_signal,0.0582201
BB_upper,0.057839468
Open,0.05659489
10_day_ma,0.055756822
Close,0.05502347
daily_return,0.049508847
20_day_ma,0.047982387
volatility_10,0.044850912
RSI_14,0.041591853
MACD,0.035213288
