Feature,Importance
20_day_ma,0.07117854
High,0.06860005
Open,0.06844701
Close,0.06750846
RSI_14,0.06334801
Low,0.06172453
5_day_ma,0.06119073
volatility_10,0.06109616
BB_lower,0.05828102
10_day_ma,0.05660597
BB_upper,0.056098398
daily_return,0.053638402
Volume,0.053084396
MACD,0.052026022
20_day_std,0.05103158
MACD_signal,0.04849357
volume_change,0.047647104
