Feature,Importance
10_day_ma,0.070874274
daily_return,0.06478975
20_day_ma,0.06478562
Close,0.061728932
Volume,0.06058463
volatility_10,0.060025197
MACD,0.059722606
BB_upper,0.05962385
Open,0.059276562
BB_lower,0.058309574
Low,0.05823622
High,0.056194235
volume_change,0.054896023
20_day_std,0.05402925
RSI_14,0.05362105
MACD_signal,0.052019503
5_day_ma,0.05128273
