Feature,Importance
20_day_std,0.06433159
20_day_ma,0.06328371
MACD,0.062975265
5_day_ma,0.061804984
daily_return,0.061588433
Low,0.060779434
BB_lower,0.06026359
volume_change,0.060073756
10_day_ma,0.05966321
volatility_10,0.059181776
BB_upper,0.059130568
High,0.05881608
Open,0.058181714
Volume,0.05741253
RSI_14,0.054306213
MACD_signal,0.051682755
Close,0.04652443
