Feature,Importance
10_day_ma,0.072520666
MACD_signal,0.06501762
20_day_std,0.06269001
BB_lower,0.06233455
20_day_ma,0.062249724
volatility_10,0.060691148
Volume,0.060483817
MACD,0.06028123
Low,0.05986854
BB_upper,0.057260532
daily_return,0.056014746
High,0.05520553
Open,0.054494567
5_day_ma,0.054168485
volume_change,0.05250975
RSI_14,0.052373666
Close,0.05183539
