Feature,Importance
Open,0.06955158
BB_upper,0.069480635
20_day_std,0.06756607
MACD_signal,0.066053376
5_day_ma,0.062155366
daily_return,0.06145809
MACD,0.05956934
RSI_14,0.058231786
High,0.056907073
volume_change,0.0560992
Close,0.055905275
Volume,0.055127073
BB_lower,0.053812392
20_day_ma,0.052962355
10_day_ma,0.052316334
volatility_10,0.051631548
Low,0.05117256
