Feature,Importance
MACD,0.06955463
MACD_signal,0.06694769
Low,0.06610006
volume_change,0.06414616
RSI_14,0.06270735
5_day_ma,0.062253427
Close,0.06133534
20_day_std,0.060829286
BB_lower,0.058867052
Open,0.057581138
10_day_ma,0.057101354
volatility_10,0.055573314
High,0.05345478
BB_upper,0.05203715
daily_return,0.051979136
Volume,0.05185089
20_day_ma,0.047681298
