Feature,Importance
Low,0.087541796
5_day_ma,0.071701735
20_day_ma,0.07074616
MACD,0.06528032
Open,0.061233178
volume_change,0.06069773
10_day_ma,0.060236298
Close,0.057554796
RSI_14,0.05721004
High,0.055181418
BB_upper,0.053582806
volatility_10,0.053451072
MACD_signal,0.05235522
Volume,0.050505143
20_day_std,0.04937387
BB_lower,0.049025554
daily_return,0.044322863
