Feature,Importance
volatility_10,0.09327737
BB_upper,0.08212281
MACD,0.07616849
MACD_signal,0.07353402
RSI_14,0.07227264
20_day_std,0.06887775
High,0.06681131
Close,0.06491507
Volume,0.05728332
volume_change,0.053753093
Low,0.051425632
daily_return,0.04735637
20_day_ma,0.047190253
Open,0.045265917
10_day_ma,0.039691508
BB_lower,0.037701394
5_day_ma,0.022353083
