Feature,Importance
20_day_ma,0.07175836
Close,0.06990627
volume_change,0.06529435
BB_upper,0.06275107
Low,0.06261335
MACD,0.062425967
BB_lower,0.06144727
5_day_ma,0.05994998
RSI_14,0.0593936
20_day_std,0.057545807
MACD_signal,0.057190455
High,0.054643385
daily_return,0.05280507
10_day_ma,0.052573323
volatility_10,0.05153603
Volume,0.04918475
Open,0.048980974
