Feature,Importance
20_day_ma,0.085600615
MACD,0.06940461
BB_lower,0.06901723
5_day_ma,0.06871004
High,0.065438196
10_day_ma,0.06186046
Close,0.06070459
Low,0.059313953
daily_return,0.056690812
BB_upper,0.05390149
20_day_std,0.053627156
Volume,0.053032402
RSI_14,0.051118862
volatility_10,0.049874548
volume_change,0.048508346
Open,0.048309334
MACD_signal,0.044887405
