Feature,Importance
RSI_14,0.068277374
BB_upper,0.06792072
High,0.067155465
volume_change,0.066777684
Close,0.06614918
Volume,0.0648449
20_day_std,0.058257587
daily_return,0.0571828
MACD,0.055927213
5_day_ma,0.055087555
volatility_10,0.05490797
10_day_ma,0.054293226
BB_lower,0.054172862
MACD_signal,0.054099396
20_day_ma,0.053555734
Low,0.052527618
Open,0.048862804
