Feature,Importance
20_day_ma,0.09027467
RSI_14,0.07528323
Low,0.0691544
volume_change,0.068105005
High,0.06425814
20_day_std,0.06317846
daily_return,0.059996277
5_day_ma,0.059885707
Close,0.0585506
BB_lower,0.055662762
10_day_ma,0.050566703
MACD_signal,0.050018784
MACD,0.0497597
volatility_10,0.048575778
BB_upper,0.04827725
Open,0.046609756
Volume,0.04184282
