Feature,Importance
BB_upper,0.0744489
Low,0.07369405
MACD_signal,0.06535586
20_day_ma,0.06206565
5_day_ma,0.06137069
20_day_std,0.059173197
Open,0.059172455
10_day_ma,0.059021883
daily_return,0.058224473
MACD,0.057649698
volatility_10,0.055612046
High,0.055273797
Close,0.052625176
Volume,0.05210079
volume_change,0.052002534
RSI_14,0.051864557
BB_lower,0.05034424
