Feature,Importance
BB_upper,0.069880866
Open,0.06679224
5_day_ma,0.064992346
daily_return,0.06467673
10_day_ma,0.06327305
Low,0.062325247
Volume,0.06201001
MACD,0.06178735
volatility_10,0.060046345
20_day_std,0.059263166
High,0.05711757
volume_change,0.055634886
RSI_14,0.05400678
MACD_signal,0.051391628
Close,0.049916837
BB_lower,0.049745232
20_day_ma,0.047139682
