Feature,Importance
MACD_signal,0.09889635
Open,0.0814027
Low,0.07979054
Close,0.07831657
5_day_ma,0.073133156
BB_upper,0.058566682
High,0.05699842
volume_change,0.056702822
MACD,0.056222115
volatility_10,0.05340873
BB_lower,0.05188866
RSI_14,0.049174808
daily_return,0.04862878
Volume,0.047225982
10_day_ma,0.041161317
20_day_ma,0.034819957
20_day_std,0.033662368
