Feature,Importance
10_day_ma,0.07585913
BB_upper,0.06710056
Low,0.06679972
RSI_14,0.06332893
Close,0.06299133
volume_change,0.062219027
20_day_ma,0.062196627
High,0.060398065
Open,0.05792185
MACD,0.05756451
daily_return,0.055551283
5_day_ma,0.054525588
MACD_signal,0.05395285
Volume,0.053580258
volatility_10,0.05258952
BB_lower,0.05152082
20_day_std,0.04189989
