Feature,Importance
Low,0.078982145
BB_upper,0.07533271
High,0.06922131
Close,0.06820758
10_day_ma,0.06481358
volatility_10,0.05917966
20_day_ma,0.056343533
RSI_14,0.055077076
Volume,0.05444778
Open,0.05425051
MACD_signal,0.05412272
BB_lower,0.05388186
5_day_ma,0.05373717
volume_change,0.053706616
daily_return,0.05044387
MACD,0.049586
20_day_std,0.048665892
