Feature,Importance
BB_lower,0.08601484
BB_upper,0.07719789
Low,0.074641556
20_day_ma,0.0691088
Volume,0.06798809
volume_change,0.061968222
volatility_10,0.059898872
daily_return,0.058438905
High,0.056885358
10_day_ma,0.05514575
RSI_14,0.054339122
MACD,0.05013703
5_day_ma,0.0488775
20_day_std,0.0481632
Open,0.044889927
MACD_signal,0.044276845
Close,0.04202806
