Feature,Importance
Low,0.07409215
5_day_ma,0.07111364
High,0.06890373
RSI_14,0.06835001
BB_upper,0.067628756
20_day_ma,0.06510458
MACD_signal,0.06470526
20_day_std,0.06207157
volume_change,0.05756711
10_day_ma,0.05745566
daily_return,0.05739687
MACD,0.051485077
volatility_10,0.051066563
Volume,0.049464367
Open,0.045717612
BB_lower,0.04496406
Close,0.04291291
