Feature,Importance
High,0.07879044
5_day_ma,0.07697371
Open,0.07333555
20_day_ma,0.06751635
volatility_10,0.063995615
Low,0.062770054
Close,0.061360925
BB_upper,0.059999723
Volume,0.05730651
volume_change,0.053348783
BB_lower,0.052998774
10_day_ma,0.05204428
MACD,0.04967453
MACD_signal,0.04941084
20_day_std,0.048925553
daily_return,0.048570383
RSI_14,0.042977944
