Feature,Importance
20_day_ma,0.078247435
10_day_ma,0.06967101
High,0.06822953
BB_upper,0.06821947
20_day_std,0.061963066
RSI_14,0.059354775
5_day_ma,0.05899404
Open,0.05898819
Volume,0.057863515
BB_lower,0.05703202
volume_change,0.05587222
daily_return,0.054170243
volatility_10,0.052686483
MACD_signal,0.051919617
Low,0.04992871
Close,0.049221475
MACD,0.047638178
