Feature,Importance
BB_lower,0.086703084
High,0.07723158
20_day_ma,0.07243559
5_day_ma,0.06994653
BB_upper,0.069355346
RSI_14,0.06645243
Low,0.06270904
20_day_std,0.05569771
Volume,0.0553791
Close,0.054467306
Open,0.052785218
volume_change,0.05194673
volatility_10,0.04960483
daily_return,0.04848511
MACD,0.0465972
MACD_signal,0.041258648
10_day_ma,0.038944535
