Feature,Importance
5_day_ma,0.06574538
MACD_signal,0.06552296
20_day_std,0.06415539
RSI_14,0.063828595
MACD,0.06330415
High,0.062048394
20_day_ma,0.06000238
daily_return,0.059980944
10_day_ma,0.059377752
volume_change,0.058453023
BB_upper,0.05842856
Volume,0.057664182
volatility_10,0.05578974
Open,0.05559012
BB_lower,0.05411299
Low,0.050399885
Close,0.045595597
