Feature,Importance
BB_upper,0.07804423
Low,0.0778244
volume_change,0.0660006
RSI_14,0.065612
High,0.06385257
20_day_ma,0.06208098
MACD_signal,0.06138224
10_day_ma,0.06090155
5_day_ma,0.05922406
Open,0.0581378
MACD,0.057477076
20_day_std,0.053971633
Close,0.04952876
BB_lower,0.048296276
volatility_10,0.04704194
daily_return,0.04605703
Volume,0.044566914
