Feature,Importance
Open,0.065277465
5_day_ma,0.06512337
BB_lower,0.06493331
RSI_14,0.062128715
20_day_ma,0.061485227
Close,0.060917422
Low,0.060596533
10_day_ma,0.059751723
MACD_signal,0.058032263
volatility_10,0.057878155
High,0.0573363
daily_return,0.056713875
volume_change,0.056667577
MACD,0.05650225
20_day_std,0.0532557
Volume,0.05255191
BB_upper,0.05084825
