Feature,Importance
volume_change,0.06367503
RSI_14,0.06344547
High,0.061610498
BB_lower,0.061432507
20_day_ma,0.061333314
Open,0.060071383
Close,0.05959605
MACD,0.05939517
Low,0.05938644
20_day_std,0.05877478
5_day_ma,0.058516525
daily_return,0.058034025
MACD_signal,0.056458645
Volume,0.055570893
10_day_ma,0.05537032
volatility_10,0.053776953
BB_upper,0.053551946
