Feature,Importance
20_day_ma,0.08158816
5_day_ma,0.06899057
10_day_ma,0.06776754
volume_change,0.06646612
Low,0.06524831
Volume,0.064489186
volatility_10,0.060064703
BB_lower,0.056575455
20_day_std,0.05657342
BB_upper,0.055951383
daily_return,0.055714764
RSI_14,0.05512622
High,0.053225804
MACD,0.051631317
Open,0.0495498
Close,0.04679942
MACD_signal,0.04423782
