Feature,Importance
5_day_ma,0.07871946
20_day_ma,0.07087783
RSI_14,0.06770973
BB_lower,0.066484205
MACD_signal,0.061937887
daily_return,0.058127757
Low,0.057983052
volume_change,0.057316482
20_day_std,0.05573064
BB_upper,0.05561045
Volume,0.055438485
Open,0.055152077
MACD,0.055002175
volatility_10,0.054694556
10_day_ma,0.050843988
Close,0.050040923
High,0.048330262
