Feature,Importance
Low,0.06762089
Close,0.063263215
BB_upper,0.06284859
High,0.06250507
5_day_ma,0.062437776
Volume,0.061343677
Open,0.06059557
20_day_ma,0.060486864
MACD,0.05957317
20_day_std,0.05902779
MACD_signal,0.05822002
BB_lower,0.05773002
daily_return,0.056631017
volume_change,0.056576986
RSI_14,0.05154653
volatility_10,0.050797
10_day_ma,0.048795816
