Feature,Importance
5_day_ma,0.07132888
Open,0.070301935
volume_change,0.06764601
MACD,0.0674902
BB_lower,0.062607445
Low,0.05987622
volatility_10,0.057277564
RSI_14,0.05714499
BB_upper,0.056603096
20_day_ma,0.05649924
Close,0.0556472
Volume,0.05561843
daily_return,0.05489458
High,0.053386036
MACD_signal,0.051979154
20_day_std,0.051120214
10_day_ma,0.05057888
