Feature,Importance
Low,0.0838713
20_day_std,0.06837768
RSI_14,0.06615546
BB_lower,0.06269583
20_day_ma,0.061854847
MACD_signal,0.061032265
5_day_ma,0.06033111
MACD,0.057964522
volatility_10,0.05789977
10_day_ma,0.057244107
High,0.05570543
Volume,0.054461762
BB_upper,0.05400815
volume_change,0.053752884
Open,0.053110145
daily_return,0.04951773
Close,0.042016998
