Feature,Importance
Open,0.07104102
5_day_ma,0.06780614
BB_lower,0.065449506
20_day_ma,0.06533849
10_day_ma,0.064982116
MACD_signal,0.063952245
Low,0.060136884
MACD,0.05855864
RSI_14,0.057557475
Volume,0.055639032
daily_return,0.055499975
BB_upper,0.05490763
High,0.05434791
volatility_10,0.053703114
20_day_std,0.053458754
volume_change,0.049768396
Close,0.047852755
