Feature,Importance
BB_upper,0.07052828
Low,0.06639235
BB_lower,0.06517217
daily_return,0.06407404
RSI_14,0.0629679
volume_change,0.06057179
Volume,0.06023244
5_day_ma,0.059707157
20_day_ma,0.056999814
20_day_std,0.056103654
MACD_signal,0.055992857
Open,0.055923305
volatility_10,0.055330332
High,0.054366894
MACD,0.053478554
10_day_ma,0.051983587
Close,0.05017491
