Feature,Importance
MACD,0.06871928
High,0.06818306
10_day_ma,0.066181116
BB_lower,0.062689394
20_day_ma,0.061847653
RSI_14,0.061774407
20_day_std,0.061301496
MACD_signal,0.057096817
volume_change,0.056454048
Low,0.056184962
BB_upper,0.055993944
5_day_ma,0.055649463
Open,0.055056047
Close,0.05484664
daily_return,0.054298867
Volume,0.053399876
volatility_10,0.050322976
