Feature,Importance
5_day_ma,0.076125816
MACD_signal,0.071619175
High,0.07067696
BB_upper,0.062323514
Close,0.05886423
Open,0.058177598
volatility_10,0.057910085
20_day_ma,0.057377912
volume_change,0.056747492
BB_lower,0.0560908
daily_return,0.055792905
Low,0.05520947
20_day_std,0.0551083
MACD,0.054563712
10_day_ma,0.052278124
RSI_14,0.05214466
Volume,0.04898921
