Feature,Importance
Low,0.0709493
Close,0.06760907
10_day_ma,0.06638075
20_day_ma,0.06555048
Open,0.06536135
BB_lower,0.064937994
RSI_14,0.060546603
20_day_std,0.059985954
MACD,0.05832735
BB_upper,0.057100397
Volume,0.056479465
volume_change,0.055678856
High,0.053772874
volatility_10,0.052233014
5_day_ma,0.0495408
MACD_signal,0.049103957
daily_return,0.04644183
