Feature,Importance
10_day_ma,0.077960774
MACD_signal,0.07318642
BB_upper,0.070408374
RSI_14,0.06664463
volatility_10,0.065444596
Open,0.064115964
Close,0.060949773
daily_return,0.060879674
Volume,0.05825325
volume_change,0.05820495
High,0.05516866
MACD,0.05463583
5_day_ma,0.0521659
BB_lower,0.050228845
Low,0.048523124
20_day_std,0.044225972
20_day_ma,0.03900324
