Feature,Importance
BB_lower,0.069809295
High,0.06887643
BB_upper,0.06716448
volatility_10,0.061601654
volume_change,0.06125628
Close,0.059863195
RSI_14,0.05943849
Low,0.058891837
Open,0.058686122
daily_return,0.05863858
MACD_signal,0.057181466
20_day_std,0.054559257
10_day_ma,0.054224927
20_day_ma,0.053520963
Volume,0.053242113
5_day_ma,0.05263124
MACD,0.050413694
