Feature,Importance
Low,0.087237515
High,0.06719981
20_day_ma,0.06666538
RSI_14,0.06509035
daily_return,0.062143903
20_day_std,0.061165437
MACD_signal,0.060449183
volume_change,0.060399223
MACD,0.05932529
BB_lower,0.05907318
5_day_ma,0.057758875
Volume,0.054775108
volatility_10,0.053422265
BB_upper,0.0528952
10_day_ma,0.04857403
Close,0.044628363
Open,0.039196957
