Feature,Importance
10_day_ma,0.07426255
MACD_signal,0.07174346
MACD,0.069314875
High,0.06750456
BB_upper,0.066747926
20_day_ma,0.065226145
BB_lower,0.06142284
Volume,0.060492773
volume_change,0.057245545
daily_return,0.056466877
Open,0.055432837
20_day_std,0.05429063
volatility_10,0.05404584
RSI_14,0.053906985
Low,0.050239973
Close,0.045214724
5_day_ma,0.036441457
