Feature,Importance
BB_upper,0.068687536
MACD,0.06474215
BB_lower,0.06296591
20_day_std,0.062562294
High,0.06236709
Low,0.060683545
Open,0.05996625
Volume,0.05961403
MACD_signal,0.059089344
10_day_ma,0.058889747
volatility_10,0.05812814
volume_change,0.057804022
RSI_14,0.054423146
20_day_ma,0.054360162
5_day_ma,0.053833984
daily_return,0.05101838
Close,0.050864354
