Feature,Importance
RSI_14,0.08142484
10_day_ma,0.06892553
Close,0.06803187
High,0.06482044
Low,0.06143026
5_day_ma,0.061273668
BB_lower,0.058950488
BB_upper,0.058009192
volatility_10,0.05592651
daily_return,0.055336285
volume_change,0.054692145
20_day_ma,0.054351352
Volume,0.053750876
MACD_signal,0.053288292
Open,0.05143746
MACD,0.0495182
20_day_std,0.048832513
