Feature,Importance
MACD_signal,0.08089975
10_day_ma,0.07077632
Open,0.07047149
MACD,0.06869272
volatility_10,0.06242505
Close,0.061024632
20_day_std,0.058075294
daily_return,0.057601888
Low,0.056581046
RSI_14,0.05597413
BB_lower,0.0554715
volume_change,0.054430664
20_day_ma,0.054182544
BB_upper,0.052482173
5_day_ma,0.05246968
Volume,0.046799596
High,0.04164154
