Feature,Importance
20_day_ma,0.0712629
20_day_std,0.064033225
BB_lower,0.06385645
MACD_signal,0.063615
MACD,0.0620628
volume_change,0.06136709
RSI_14,0.06047114
High,0.06022612
daily_return,0.060175855
Open,0.05890015
Close,0.05850081
volatility_10,0.05837689
Volume,0.0557028
BB_upper,0.05303547
10_day_ma,0.05189671
5_day_ma,0.049982205
Low,0.046534345
