Feature,Importance
BB_upper,0.06831511
MACD_signal,0.06729625
MACD,0.06304904
5_day_ma,0.06281723
volume_change,0.0622384
Open,0.061614603
BB_lower,0.05990596
Low,0.059843536
volatility_10,0.059440743
10_day_ma,0.05886961
Volume,0.056744024
RSI_14,0.056523953
20_day_std,0.055695508
High,0.054636933
daily_return,0.05410973
Close,0.05148278
20_day_ma,0.047416564
