Feature,Importance
BB_lower,0.06762083
BB_upper,0.0672589
volume_change,0.064990126
20_day_ma,0.063760154
volatility_10,0.06341031
High,0.06149411
Volume,0.060953923
5_day_ma,0.059381902
Open,0.05934675
MACD,0.058782015
daily_return,0.05802058
10_day_ma,0.057152405
Close,0.054269966
Low,0.053928975
20_day_std,0.05247764
RSI_14,0.049461015
MACD_signal,0.04769032
