Feature,Importance
BB_upper,0.08610396
20_day_std,0.06927146
Open,0.065993346
20_day_ma,0.064125754
Low,0.062412374
BB_lower,0.06032075
5_day_ma,0.058001064
10_day_ma,0.05772613
volume_change,0.05720234
daily_return,0.056999724
Close,0.055789378
High,0.054854766
RSI_14,0.051996518
volatility_10,0.051732775
MACD,0.050010186
MACD_signal,0.049351465
Volume,0.048108034
