Feature,Importance
20_day_ma,0.07223609
BB_upper,0.06580876
volatility_10,0.065393366
MACD_signal,0.06378058
daily_return,0.062791474
20_day_std,0.061549675
RSI_14,0.060235187
MACD,0.058688466
BB_lower,0.058558192
Volume,0.057910904
Open,0.057529774
5_day_ma,0.057278402
volume_change,0.054259848
Low,0.05418614
10_day_ma,0.052223068
Close,0.0502093
High,0.04736075
