Feature,Importance
Volume,0.07127213
20_day_ma,0.07083628
BB_lower,0.06682444
5_day_ma,0.06669247
Low,0.06630456
High,0.06521058
Open,0.062470436
MACD,0.060101707
10_day_ma,0.059416153
volatility_10,0.05931952
Close,0.05817468
BB_upper,0.055809297
20_day_std,0.049146153
RSI_14,0.049066454
volume_change,0.04883986
MACD_signal,0.046232622
daily_return,0.044282682
