Feature,Importance
BB_upper,0.07818634
MACD_signal,0.07259268
MACD,0.06664777
volatility_10,0.06506626
BB_lower,0.06371254
10_day_ma,0.06255766
High,0.05982673
5_day_ma,0.058956575
Low,0.057094064
20_day_std,0.05686562
daily_return,0.055870716
Volume,0.055278294
Open,0.052184932
RSI_14,0.051823292
volume_change,0.050569084
Close,0.04777419
20_day_ma,0.044993177
