Feature,Importance
Low,0.070757926
MACD_signal,0.07018501
BB_upper,0.06926647
Volume,0.062197853
RSI_14,0.061627366
volume_change,0.061453566
5_day_ma,0.05981902
20_day_std,0.05927093
20_day_ma,0.058118973
Close,0.058042277
Open,0.056845043
High,0.05536809
10_day_ma,0.053988617
volatility_10,0.053002022
BB_lower,0.051395796
MACD,0.050313134
daily_return,0.048347984
