Feature,Importance
High,0.07689847
Low,0.072054565
BB_lower,0.068268806
Open,0.067319825
Close,0.06450094
volume_change,0.062378276
10_day_ma,0.060844027
5_day_ma,0.060617317
20_day_ma,0.058384947
MACD_signal,0.05585352
volatility_10,0.05471711
20_day_std,0.054461055
RSI_14,0.050823305
daily_return,0.049633022
BB_upper,0.04889057
Volume,0.04784987
MACD,0.046504308
