Feature,Importance
BB_upper,0.07741582
Open,0.07572458
BB_lower,0.071144335
High,0.06479491
Low,0.061224096
RSI_14,0.057978537
daily_return,0.057316132
20_day_std,0.057135735
Close,0.056280505
20_day_ma,0.05588795
volume_change,0.05434116
MACD_signal,0.054076135
5_day_ma,0.053625602
MACD,0.053312074
Volume,0.05166422
10_day_ma,0.051073667
volatility_10,0.04700455
