Feature,Importance
Low,0.08334859
High,0.08012193
Open,0.07475002
volatility_10,0.06085023
5_day_ma,0.060463678
MACD,0.057351913
Volume,0.057243653
Close,0.056044243
10_day_ma,0.055787094
BB_upper,0.05576142
20_day_std,0.05413896
volume_change,0.053351015
daily_return,0.052014396
RSI_14,0.051943187
20_day_ma,0.05104146
MACD_signal,0.049795102
BB_lower,0.045993157
