Feature,Importance
Low,0.08509485
Close,0.06983456
High,0.068863064
daily_return,0.06487306
20_day_ma,0.0595819
MACD,0.059449513
MACD_signal,0.058780983
10_day_ma,0.05802976
20_day_std,0.057313636
Volume,0.054757364
volatility_10,0.054444373
volume_change,0.054290168
BB_upper,0.053175453
5_day_ma,0.05281607
Open,0.050868496
BB_lower,0.049885534
RSI_14,0.04794126
