Feature,Importance
Open,0.09296227
Low,0.081360854
High,0.07772066
BB_upper,0.07302494
Close,0.0684296
MACD,0.06593624
BB_lower,0.062152475
MACD_signal,0.06115902
Volume,0.058984596
20_day_ma,0.05300101
5_day_ma,0.051663443
volatility_10,0.05142241
10_day_ma,0.046131432
daily_return,0.041861165
RSI_14,0.03968554
volume_change,0.038800906
20_day_std,0.03570349
