Feature,Importance
BB_lower,0.07695192
10_day_ma,0.07261691
High,0.0710598
Low,0.068000406
BB_upper,0.066689275
20_day_ma,0.065643996
20_day_std,0.062459882
Open,0.05831145
RSI_14,0.057530235
Volume,0.05585584
MACD,0.054437388
daily_return,0.051193584
volume_change,0.05051871
Close,0.0489701
volatility_10,0.048241094
MACD_signal,0.04623307
5_day_ma,0.04528629
