Feature,Importance
volume_change,0.07847034
BB_upper,0.07786984
daily_return,0.06934901
10_day_ma,0.06579837
volatility_10,0.06484275
Low,0.0622244
BB_lower,0.061670825
Volume,0.05697496
Open,0.0559667
20_day_std,0.053085584
MACD,0.052911982
5_day_ma,0.05290995
RSI_14,0.051161446
High,0.05008104
Close,0.04987049
20_day_ma,0.049625743
MACD_signal,0.047186613
