Feature,Importance
Close,0.08538709
Open,0.065052055
Low,0.06486396
High,0.064843565
BB_lower,0.06397789
10_day_ma,0.062330116
MACD_signal,0.060273957
20_day_std,0.059949823
MACD,0.05543992
BB_upper,0.054933056
5_day_ma,0.054540157
daily_return,0.05353952
volatility_10,0.052429732
20_day_ma,0.051171355
volume_change,0.050590653
RSI_14,0.05044646
Volume,0.050230652
