Feature,Importance
10_day_ma,0.075498536
Open,0.07294574
BB_lower,0.06562854
Low,0.06481785
MACD,0.06446798
BB_upper,0.060686126
RSI_14,0.05936965
High,0.057357673
5_day_ma,0.056847543
daily_return,0.05536469
20_day_ma,0.054838907
volume_change,0.05480528
Volume,0.05372421
volatility_10,0.052248023
20_day_std,0.052012715
Close,0.050384752
MACD_signal,0.049001865
