Feature,Importance
MACD,0.07051708
20_day_ma,0.06663781
Close,0.06392463
Volume,0.061210047
10_day_ma,0.061163172
Open,0.060427777
BB_upper,0.060182482
20_day_std,0.060054343
volume_change,0.0585427
RSI_14,0.057645824
Low,0.057555083
volatility_10,0.056543767
MACD_signal,0.054902576
daily_return,0.05424517
5_day_ma,0.05362377
BB_lower,0.05321512
High,0.04960872
