Feature,Importance
BB_upper,0.0685273
MACD_signal,0.06783165
Close,0.06629744
Low,0.06466728
5_day_ma,0.063477084
volume_change,0.06244839
20_day_std,0.061799355
volatility_10,0.059831988
High,0.058081094
MACD,0.05743243
20_day_ma,0.057339445
RSI_14,0.055613402
daily_return,0.055030007
Open,0.054393496
BB_lower,0.05308778
Volume,0.0516177
10_day_ma,0.042524185
