Feature,Importance
Low,0.071794346
BB_lower,0.066075
BB_upper,0.065879785
MACD_signal,0.0656653
5_day_ma,0.0632356
Open,0.062100228
RSI_14,0.060201578
volume_change,0.060062278
volatility_10,0.0577923
20_day_std,0.056947734
daily_return,0.056059636
Volume,0.055747595
20_day_ma,0.05557036
MACD,0.055356234
10_day_ma,0.053033292
High,0.04943633
Close,0.045042407
